id,rank,arabic,transliteration,root,category,part_of_speech_en,verb_form,occurrences,chapter,section,lesson,meaning_en,meaning_bn,meaning_ur,meaning_hi,meaning_in,meaning_tr,meaning_fa,meaning_fr,example_verse,url
wp_76b1ab38,1,وَ,wa,,particle,Conjunction (Ḥarf ʿAṭf),,9594,1,1,1,and,এবং / আর,اور,और,dan,ve,و,et,68:5,https://quranicwords.vercel.app/quran-words/wa-76b1ab38.html
wp_3f4796b5,2,لِ,li,,particle,Preposition (Ḥarf Jarr),,3847,1,1,1,for / to,জন্য / প্রতি,کے لیے / کو,के लिए / को,untuk / bagi,için / e,برای,pour / à,20:41,https://quranicwords.vercel.app/quran-words/li-3f4796b5.html
wp_ad950693,3,مِنْ,min,,particle,Preposition (Ḥarf Jarr),,3226,1,1,1,from / of,থেকে / হতে,سے,से / में से,dari,den / dan,از,de / parmi,74:51,https://quranicwords.vercel.app/quran-words/min-ad950693.html
wp_9e5df3a7,4,فَ,fa,,particle,Resumption particle,,3001,1,1,1,so / then,অতঃপর / সুতরাং,پس / تو,तो / फिर,maka,artık / böylece,پس,alors,37:127,https://quranicwords.vercel.app/quran-words/fa-9e5df3a7.html
wn_d17c1e23,5,اللَّه,Allāh,أ-ل-ه,noun,Proper noun,,2699,3,1,1,Allah,আল্লাহ,اللہ,अल्लाह,Allah,Allah,الله,Allâh,112:2,https://quranicwords.vercel.app/quran-words/allah-d17c1e23.html
wp_a0e75129,6,بِ,bi,,particle,Preposition (Ḥarf Jarr),,2544,1,1,1,with / by / in,দ্বারা / সাথে,سے / ساتھ,से / साथ,dengan,ile,با / به,avec / par,26:133,https://quranicwords.vercel.app/quran-words/bi-a0e75129.html
wp_7c539d8f,7,لَا,lā,,particle,Negative particle (Ḥarf Nafy),,1742,1,1,2,no / do not,না / নেই,نہیں / نہ,नहीं,tidak / jangan,hayır / değil,نه / نباید,Non / ne pas,2:2,https://quranicwords.vercel.app/quran-words/la-7c539d8f.html
wp_281d759c,8,فِي,fī,,particle,Preposition (Ḥarf Jarr),,1701,1,1,2,in,মধ্যে,میں,में,di / dalam,içinde,در,dans / en,38:38,https://quranicwords.vercel.app/quran-words/fi-281d759c.html
wp_b12105ce,9,إِنَّ,inna,,particle,Accusative particle (Ḥarf Naṣb),,1682,1,1,2,Indeed,নিশ্চয়ই,بے شک,बेशक,sesungguhnya,şüphesiz,همانا,Certes,37:4,https://quranicwords.vercel.app/quran-words/inna-b12105ce.html
wv_00a65124,10,قَالَ,qāla,ق-و-ل,verb,,Form I,1618,2,1,1,said,বললো,کہا,कहा,berkata,dedi,گفت,a dit / ont dit,20:19,https://quranicwords.vercel.app/quran-words/qala-00a65124.html
wn_9a9272c2,11,مَا,mā,,noun,Relative pronoun (Ism Mawṣūl),,1592,1,1,2,what / that which,যা / কী,جو / کیا,जो / क्या,apa / yang,şey / ne,آنچه / چه,ce que / quoi,53:12,https://quranicwords.vercel.app/quran-words/ma-9a9272c2.html
wn_f23becd8,12,ٱلَّذِي,alladhī,,noun,Relative pronoun (Ism Mawṣūl),,1468,1,1,2,who / which,যে / যারা,جو / جنہوں نے,जो / जिन्होंने,yang,o kimse ki / onlar ki,کسی که / کسانی که,Celui qui / ceux qui,53:33,https://quranicwords.vercel.app/quran-words/alladhi-f23becd8.html
wp_91252c85,13,عَلَىٰ,ʿalā,,particle,Preposition (Ḥarf Jarr),,1444,1,1,3,on / upon / against,উপর / বিরুদ্ধে,پر / کے خلاف,पर,atas,üzerine / karşı,بر,sur / contre,54:13,https://quranicwords.vercel.app/quran-words/ala-91252c85.html
wv_04785d3e,14,كَانَ,kāna,ك-و-ن,verb,,Form I,1358,2,1,1,were / used / are,ছিলো,تھے / ہو,थे / हो,adalah,ise,هست,était,12:7,https://quranicwords.vercel.app/quran-words/kana-04785d3e.html
wn_92ab5be2,15,ذَٰلِكَ,dhālika,,noun,Demonstrative (Ism Ishārah),,1058,1,1,3,that,ঐ,وہ / یہ,वो / ये,itu / ini,o / bu,آن / این,cela / ce,79:30,https://quranicwords.vercel.app/quran-words/dhalika-92ab5be2.html
wn_e6ca2b31,16,رَبّ,rabb,ر-ب-ب,noun,Noun (Ism),,975,3,1,1,Lord,রব,رب,रब,Tuhan,Rabbi,پروردگار,Maître,7:122,https://quranicwords.vercel.app/quran-words/rabb-e6ca2b31.html
wp_5b3e2ac4,17,مَا,mā,,particle,Negative particle (Ḥarf Nafy),,973,1,1,3,not,না,نہیں,नहीं,tidak,değil,نیست,ne pas,26:199,https://quranicwords.vercel.app/quran-words/ma-5b3e2ac4.html
wn_987bc509,18,هُمْ,hum,,noun,Pronoun (Ḍamīr),,906,1,1,3,they,তারা,وہ,वो,mereka,onlar,آنان,ils / eux,51:18,https://quranicwords.vercel.app/quran-words/hum-987bc509.html
wn_09cc1a4a,19,مَنْ,man,,noun,Relative pronoun (Ism Mawṣūl),,871,1,1,3,who / whoever,যে / কে,جو / کون,जो / कौन,siapa,kim / kimse,هر که / چه کسی,qui / quiconque,79:37,https://quranicwords.vercel.app/quran-words/man-09cc1a4a.html
wp_0528da8b,20,إِلَىٰ,ilā,,particle,Preposition (Ḥarf Jarr),,742,1,1,4,to / towards,দিকে / প্রতি,کی طرف,तक,kepada / ke,e / doğru,به,vers / à,43:14,https://quranicwords.vercel.app/quran-words/ila-0528da8b.html
wp_87b6990c,21,إِنْ,in,,particle,Conditional particle (Ḥarf Sharṭ),,703,1,1,4,if / Not,যদি / না,اگر / نہیں,अगर / नहीं,jika / tidak,eğer,اگر,si,26:205,https://quranicwords.vercel.app/quran-words/in-87b6990c.html
wp_28fe52fc,22,إِلَّا,illā,,particle,Restriction particle (Ḥaṣr),,659,1,1,4,except / but,ছাড়া / ব্যতীত,مگر / سوائے,सिवाय / मगर,kecuali,ancak,جز / مگر,sauf,26:99,https://quranicwords.vercel.app/quran-words/illa-28fe52fc.html
wp_10d71f6c,23,أَنْ,an,,particle,Subordinating particle,,616,1,1,4,that / to,যে / যেন,کہ,कि,bahwa / untuk,ki,که,que / de,74:15,https://quranicwords.vercel.app/quran-words/an-10d71f6c.html
wv_00b43df3,24,ءَامَنَ,ʾāmana,أ-م-ن,verb,,Form IV,537,2,1,1,believe,ঈমান এনেছে,ایمان لائے,ईमान लाए,beriman,inanan,ایمان آوردند / ایمان آورده اید / ایمان آورده اند,ont accepté la foi,3:99,https://quranicwords.vercel.app/quran-words/amana-00b43df3.html
wn_5e8f8ff4,25,أَ,a,,noun,Interrogative (Istifhām),,507,1,1,4,Is it,কি,کیا,क्या,apakah,mı,آیا,Est-ce que,37:86,https://quranicwords.vercel.app/quran-words/a-5e8f8ff4.html
wn_17eaae9d,26,هُوَ,huwa,,noun,Pronoun (Ḍamīr),,481,1,1,5,He / it,সে / তিনি,وہ,वो,Dia,O,او,Il / Lui,26:79,https://quranicwords.vercel.app/quran-words/huwa-17eaae9d.html
wn_fb5adb18,27,يَوْم,yawm,ي-و-م,noun,Noun (Ism),,475,3,1,1,Day,দিন,دن,दिन,hari,gün,روز,Jour,1:4,https://quranicwords.vercel.app/quran-words/yawm-fb5adb18.html
wp_614fc402,28,عَنْ,ʿan,,particle,Preposition (Ḥarf Jarr),,465,1,1,5,about / from,সম্পর্কে / থেকে,کے بارے میں / سے,के बारे में / से,tentang / dari,hakkında / den,درباره / از,au sujet de / de,15:51,https://quranicwords.vercel.app/quran-words/an-614fc402.html
wn_b159606a,29,أَرْض,arḍ,أ-ر-ض,noun,Noun (Ism),,461,3,1,1,earth,পৃথিবীর,زمین,ज़मीन,bumi,yeri / yerde,زمین,terre,11:64,https://quranicwords.vercel.app/quran-words/ard-b159606a.html
wp_3080192b,30,قَدْ,qad,,particle,Particle of certainty,,406,1,1,5,certainly / already,অবশ্যই,تحقیق,तहक़ीक़,sungguh,muhakkak,به راستی,Certes / déjà,40:48,https://quranicwords.vercel.app/quran-words/qad-3080192b.html
wn_47d9c7bc,31,إِذَا,idhā,,noun,Time adverb (Ẓarf Zamān),,383,1,1,5,when,যখন,جب,जब,apabila / ketika,zaman,هنگامی که,quand,53:1,https://quranicwords.vercel.app/quran-words/idha-47d9c7bc.html
wn_528c9eed,32,قَوْم,qawm,ق-و-م,noun,Noun (Ism),,383,3,1,1,people,জাতি / সম্প্রদায়,قوم,उन लोगों / क़ौम,kaum,kavmi,گروه / قوم,gens / peuple,15:62,https://quranicwords.vercel.app/quran-words/qawm-528c9eed.html
wn_e8c05fbb,33,آيَة,āyah,أ-ي-ي,noun,Noun (Ism),,382,3,1,2,sign / Verses,নিদর্শন,آیات / نشانی,आयात / निशानी,ayat-ayat / tanda-tanda,ayetler,نشانه ای / آیات,Versets / signe,26:128,https://quranicwords.vercel.app/quran-words/ayah-e8c05fbb.html
wv_f458b080,34,عَلِمَ,ʿalima,ع-ل-م,verb,,Form I,382,2,1,1,know / knew,জেনেছো,جان لیا / جانتا ہے,जान लिया / जानता है,mengetahui,bildi,دانست,a su,50:4,https://quranicwords.vercel.app/quran-words/alima-f458b080.html
wp_7c3ec1af,35,أَنَّ,anna,,particle,Accusative particle (Ḥarf Naṣb),,362,1,1,5,that,যে,کہ,कि,bahwa,ki,که,que,104:3,https://quranicwords.vercel.app/quran-words/anna-7c3ec1af.html
wp_a83c79b1,36,يَا,yā,,particle,Vocative (Nidāʾ),,361,1,1,6,O,হে,اے,ऐ,wahai,ey,ای,Ô,73:1,https://quranicwords.vercel.app/quran-words/ya-a83c79b1.html
wn_4335a408,37,كُلّ,kull,ك-ل-ل,noun,Noun (Ism),,359,3,1,2,every / all,প্রত্যেক / সব,ہر,हर,segala / tiap-tiap / setiap,her,هر,chaque / toute,38:37,https://quranicwords.vercel.app/quran-words/kull-4335a408.html
wv_670557db,38,جَعَلَ,jaʿala,ج-ع-ل,verb,,Form I,340,2,1,1,made,বানিয়েছি,بنایا / بنائے,बनाया / बनाए,menjadikan,yaptı,قرارداد,a fait / avons fait,71:19,https://quranicwords.vercel.app/quran-words/jaala-670557db.html
wp_eaf8b726,39,ثُمَّ,thumma,,particle,Conjunction (Ḥarf ʿAṭf),,338,1,1,6,then,তারপর,پھر,फिर,kemudian,sonra,سپس,puis,26:81,https://quranicwords.vercel.app/quran-words/thumma-eaf8b726.html
wn_ace6bd38,40,رَسُول,rasūl,ر-س-ل,noun,Noun (Ism),,332,3,1,2,Messenger,রাসূল,رسول,रसूल,Rasul,elçi,پیامبر,Messager,26:107,https://quranicwords.vercel.app/quran-words/rasul-ace6bd38.html
wn_101a3e5d,41,عَذاب,ʿadhāb,ع-ذ-ب,noun,Noun (Ism),,322,3,1,2,punishment,শাস্তি,عذاب,अज़ाब,azab / siksaan,azab,عذاب,châtiment,37:9,https://quranicwords.vercel.app/quran-words/adhab-101a3e5d.html
wn_22840c70,42,سَماء,samāʾ,س-م-و,noun,Noun (Ism),,310,3,1,2,heavens / sky,আকাশ,آسمان,आसमान,langit,gökleri,آسمان,cieux / ciel,71:15,https://quranicwords.vercel.app/quran-words/sama-22840c70.html
wn_96d79c50,43,إِذْ,idh,,noun,Time adverb (Ẓarf Zamān),,309,1,1,6,when,যখন,جب,जब,ketika,hani / o zaman,هنگامی که / آنگاه که,quand,74:33,https://quranicwords.vercel.app/quran-words/idh-96d79c50.html
wn_13329554,44,نَفْس,nafs,ن-ف-س,noun,Noun (Ism),,295,3,1,3,soul,ব্যক্তি,نفس / شخص,नफ़्स,jiwa / seseorang / diri,can,کسی,âme,81:14,https://quranicwords.vercel.app/quran-words/nafs-13329554.html
wv_b7bb1bd4,45,كَفَرَ,kafara,ك-ف-ر,verb,,Form I,289,2,1,2,disbelieve,অস্বীকার করেছে / অবিশ্বাস করেছে,کفر کیا,कुफ़्र किया,kafir,inkar eden,کفر ورزیدند / کافر شدند,ont mécru,70:36,https://quranicwords.vercel.app/quran-words/kafara-b7bb1bd4.html
wp_2fda84d8,46,كَ,ka,,particle,Preposition (Ḥarf Jarr),,287,1,1,6,like / as,মতো,کی طرح,की तरह,seperti,gibi,مانند,comme,68:35,https://quranicwords.vercel.app/quran-words/ka-2fda84d8.html
wn_066488ec,47,شَىْء,shāʾ,ش-ي-أ,noun,Noun (Ism),,283,3,1,3,thing,কিছু,چیز / بھی,चीज़ / भी,sesuatu,şey,چیزی,chose / quoi que ce soit,19:89,https://quranicwords.vercel.app/quran-words/sha-066488ec.html
wp_08440823,48,أَوْ,aw,,particle,Conjunction (Ḥarf ʿAṭf),,280,1,1,6,or,অথবা,یا,या,atau,veya,یا,ou,77:6,https://quranicwords.vercel.app/quran-words/aw-08440823.html
wv_1ec1eabc,49,جَآءَ,jaʾāʾa,ج-ي-أ,verb,,Form I,278,2,1,2,came / comes,আসলো / আসবে,آگیا,आ गया,datang,gelince,بیاید,est arrivé,15:61,https://quranicwords.vercel.app/quran-words/jaaa-1ec1eabc.html
wv_562814cb,50,عَمِلَ,ʿamila,ع-م-ل,verb,,Form I,276,2,1,2,did / do,কাজ করেছে,عمل کیے / عمل کئے,अमल किए,beramal / berbuat / kerjakan,yapanlar,کردند,ont fait / a fait,5:69,https://quranicwords.vercel.app/quran-words/amila-562814cb.html
wv_7a8c3881,51,ءَاتَىٰ,ʾātā,أ-ت-ي,verb,,Form IV,271,2,1,2,gave / were given,দেয়া হয়েছে,دی,दिए गए / दी,diberi,verdik / verilen,دادیم,ont reçu / avons donné,2:251,https://quranicwords.vercel.app/quran-words/ata-7a8c3881.html
wv_b10d2e10,52,رَءَا,raʾā,ر-أ-ي,verb,,Form I,271,2,1,2,saw / see,দেখবে / দেখলো,دیکھا,देखा / देखेंगे,melihat,gördükleri,ببینند / دید,a vu / verront,53:13,https://quranicwords.vercel.app/quran-words/raa-b10d2e10.html
wn_6082d2ba,53,بَيْن,bayn,ب-ي-ن,noun,Noun (Ism),,266,3,1,3,between,মাঝে,درمیان,दर्मियान,antara,arasında / arasını,میان,entre / avant / devant,86:7,https://quranicwords.vercel.app/quran-words/bayn-6082d2ba.html
wv_98678a73,54,أَتَىٰ,atā,أ-ت-ي,verb,,Form I,264,2,1,3,came / come,আসলো,آئے,आए,datang,geldi,رسیدند,est venu / sont venus,20:60,https://quranicwords.vercel.app/quran-words/ata-98678a73.html
wn_81178dc6,55,كِتاب,kitāb,ك-ت-ب,noun,Noun (Ism),,260,3,1,3,Book,কিতাব,کتاب,किताब,Kitab,Kitap / Kitabı,کتاب,Livre,41:3,https://quranicwords.vercel.app/quran-words/kitab-81178dc6.html
wn_64fda340,56,حَقّ,ḥaqq,ح-ق-ق,noun,Noun (Ism),,247,3,1,3,truth / true,সত্য,حق / سچا,हक़ / सच्चा,benar,gerçek,حق,vérité,4:122,https://quranicwords.vercel.app/quran-words/haqq-64fda340.html
wn_4cab2485,57,قَبْل,qabl,ق-ب-ل,noun,Noun (Ism),,242,3,1,4,before,পূর্ব,اس سے پہلے,इससे पहले,sebelum,önce,پیش,auparavant,56:45,https://quranicwords.vercel.app/quran-words/qabl-4cab2485.html
wn_a49d2ab8,58,ناس,nās,أ-ن-س,noun,Noun (Ism),,241,3,1,4,people / mankind,মানুষ,لوگ,लोग,manusia,insanlar,مردم,gens,44:11,https://quranicwords.vercel.app/quran-words/nas-a49d2ab8.html
wv_f64af36b,59,شَآءَ,shaʾāʾa,ش-ي-أ,verb,,Form I,236,2,1,3,wills / willed,ইচ্ছে করতেন,چاہتا / چاہے,चाहे / चाहता,menghendaki,dileseydi / dilerse,می خواست / خواهد,veut / avait voulu,74:55,https://quranicwords.vercel.app/quran-words/shaaa-f64af36b.html
wn_297772b8,60,أَيّ,ayy,أ-ي-ي,noun,Noun (Ism),,215,3,1,4,what,কোন,کون سا / کون سی,कौन सा / कौन सी,manakah,hangi,کدام یک,lequel / quelle,80:18,https://quranicwords.vercel.app/quran-words/ayy-297772b8.html
wn_980506cc,61,مُؤْمِن,muʾmin,أ-م-ن,noun,Active participle (Ism Fāʿil),,202,3,1,4,believers,মু'মিন,مومن / ایمان لانے والے,मोमिन / ईमान लाने वाले,orang-orang yang beriman / orang-orang mukmin,mü'min,مؤمنان,croyants,37:29,https://quranicwords.vercel.app/quran-words/mumin-980506cc.html
wp_ea356fa1,62,لَوْ,law,,particle,Conditional particle (Ḥarf Sharṭ),,201,1,1,7,if,যদি,اگر,अगर,seandainya,eğer / keşke,اگر,Si,56:76,https://quranicwords.vercel.app/quran-words/law-ea356fa1.html
wn_eda0704b,63,بَعْد,baʿd,ب-ع-د,noun,Noun (Ism),,199,3,1,4,after,পর,بعد,बाद,sesudah,sonra,بعد,après,38:88,https://quranicwords.vercel.app/quran-words/bad-eda0704b.html
wn_10264649,64,عِند,ʿind,ع-ن-د,noun,Noun (Ism),,197,3,1,5,with / near / from,কাছে / নিকট,پاس / نزدیک,पास / नज़दीक,disisi / di sisi,yanında / katında,نزد,auprès / chez,68:34,https://quranicwords.vercel.app/quran-words/ind-10264649.html
wv_4c85b76b,65,خَلَقَ,khalaqa,خ-ل-ق,verb,,Form I,184,2,1,3,created,সৃষ্টি করেছেন / সৃষ্টি করেছি,پیدا کیا,पैदा किया,menciptakan,yarattı,آفرید,a créé / avons créé,55:3,https://quranicwords.vercel.app/quran-words/khalaqa-4c85b76b.html
wv_767353d2,66,أَنزَلَ,anzala,ن-ز-ل,verb,,Form IV,183,2,1,3,sent down / revealed,অবতীর্ণ করেছেন / অবতীর্ণ করা হয়েছে,نازل کی,नाज़िल किया / उतारा,diturunkan / menurunkan,indirdi / indirilen,فروفرستاد,a fait descendre / a été descendu / avons fait descendre,42:17,https://quranicwords.vercel.app/quran-words/anzala-767353d2.html
wn_7dd43445,67,خَيْر,khayr,خ-ي-ر,noun,Noun (Ism),,178,3,1,5,better / best / good,উত্তম,بہتر,बेहतर,lebih baik / kebaikan,daha hayırlıdır,بهتر,meilleur / bien,87:17,https://quranicwords.vercel.app/quran-words/khayr-7dd43445.html
wn_b042b597,68,سَبِيل,sabīl,س-ب-ل,noun,Noun (Ism),,176,3,1,5,way,পথ,راستے / راستہ,रास्ते / रास्ता,jalan,yol,راه,voie / cause,6:55,https://quranicwords.vercel.app/quran-words/sabil-b042b597.html
wv_882821b0,69,كَذَّبَ,kadhdhaba,ك-ذ-ب,verb,,Form II,176,2,1,3,denied,মিথ্যারোপ করেছিলো / মিথ্যারোপ করেছে,جھٹلایا,झुठलाया,mendustakan,yalanladı / yalanlayan,تکذیب کردند / دروغ انگاشتند,ont démenti,75:32,https://quranicwords.vercel.app/quran-words/kadhdhaba-882821b0.html
wv_ebda2f43,70,دَعَا,daʿā,د-ع-و,verb,,Form I,170,2,1,4,call,ডাকে,پکارتے ہیں / پکارا,पुकारते हैं,berdoa / menyeru,yalvarırlar,بخوانند,invoquent / sont appelés,30:33,https://quranicwords.vercel.app/quran-words/daa-ebda2f43.html
wn_cfc75a93,71,أَمْر,amr,أ-م-ر,noun,Noun (Ism),,166,3,1,5,matter / Command,নির্দেশ,حکم,हुक्म,urusan / perkara / perintah,iş,فرمان / کار,affaire / ordre,79:5,https://quranicwords.vercel.app/quran-words/amr-cfc75a93.html
wv_bc2ae729,72,ٱتَّقَىٰ,attaqā,و-ق-ي,verb,,Form VIII,166,2,1,4,fear,ভয় করে,تقوی کیا,तक़वा किया,bertakwa,korunan,پرهیزکاری کردند / پرهیزکاری کند,ont craint avec piété,16:128,https://quranicwords.vercel.app/quran-words/attaqa-bc2ae729.html
wn_ca5b1dd5,73,مَعَ,maʿa,,noun,Place adverb (Ẓarf Makān),,164,1,1,7,with,সাথে,ساتھ,साथ,bersama,ile / beraber,با / همراه,avec,74:45,https://quranicwords.vercel.app/quran-words/maa-ca5b1dd5.html
wn_e7b30e02,74,عَلِيم,ʿalīm,ع-ل-م,noun,Noun (Ism),,163,3,1,5,All-Knower / All-Knowing,সর্বজ্ঞ / খুব অবহিত / সবকিছু জানেন,جاننے والا / علم والا,ख़ूब जानने वाला / ख़ूब इल्म वाला,Maha Mengetahui,bilendir / bilir,دانا,parfaitement savant / Celui qui sait tout,4:70,https://quranicwords.vercel.app/quran-words/alim-e7b30e02.html
wn_d1f11f0c,75,بَعْض,baʿḍ,ب-ع-ض,noun,Noun (Ism),,157,3,1,6,others / some,অপরের,بعض,बाज़,sebagian,kısmı,برخی,certains / partie,3:34,https://quranicwords.vercel.app/quran-words/bad-d1f11f0c.html
wn_41806ee2,76,ذُو,dhū,,noun,Noun (Ism),,156,3,1,6,Possessor,সম্পন্ন,والے / والا,अक़्ल वाले,mempunyai,sahibi,دارای,possesseur,51:58,https://quranicwords.vercel.app/quran-words/dhu-41806ee2.html
wn_449e4994,77,كافِر,kāfir,ك-ف-ر,noun,Active participle (Ism Fāʿil),,156,3,1,6,disbelievers,কাফের,کافر,काफ़िर,orang-orang kafir / orang-orang yang kafir,kafirler,کافران,mécréants,7:76,https://quranicwords.vercel.app/quran-words/kafir-449e4994.html
wn_e9551a08,78,آخِر,ākhir,أ-خ-ر,noun,Noun (Ism),,155,3,1,6,Hereafter / Last,আখিরাতের / আখেরাতের,آخرت,आख़िरत / आख़िरी दिन,akhirat,ahiret,آخرت / واپسین,au-delà / Dernier,75:21,https://quranicwords.vercel.app/quran-words/akhir-e9551a08.html
wn_d9b52a31,79,لَمَّا,lammā,,noun,Time adverb (Ẓarf Zamān),,154,1,1,7,when,যখন,جب,जब,ketika,zaman,هنگامی که,quand,69:11,https://quranicwords.vercel.app/quran-words/lamma-d9b52a31.html
wn_6a8fbf22,80,جَنَّة,jannah,ج-ن-ن,noun,Noun (Ism),,147,3,1,6,Gardens / Paradise,জান্নাতে,جنت / باغات,बाग़ात / जन्नत,surga,cennet,بهشت,jardins à hautes herbes / Paradis,37:43,https://quranicwords.vercel.app/quran-words/jannah-6a8fbf22.html
wn_95fee760,81,غَيْر,ghayr,غ-ي-ر,noun,Noun (Ism),,147,3,1,7,other than / without,নয় / ছাড়া,سوا / نہیں,ना,selain / bukan,başka,جز,non / autre,51:36,https://quranicwords.vercel.app/quran-words/ghayr-95fee760.html
wn_abe92721,82,إِلٰه,ilāh,أ-ل-ه,noun,Noun (Ism),,147,3,1,7,god,ইলাহ,الہ,इलाह,Tuhan,tanrı,الهی,dieu,26:29,https://quranicwords.vercel.app/quran-words/ilah-abe92721.html
wn_70eaa3f6,83,نار,nār,ن-و-ر,noun,Noun (Ism),,145,3,1,7,Fire,আগুন,آگ,आग,neraka / api,ateş,آتش,Feu,101:11,https://quranicwords.vercel.app/quran-words/nar-70eaa3f6.html
wn_9a5513db,84,دُون,dūn,د-و-ن,noun,Noun (Ism),,144,3,1,7,besides,ছাড়া / বাদ,سوا,सिवाय / सिवाए,selain,başka,جز / جای,en-dehors,71:25,https://quranicwords.vercel.app/quran-words/dun-9a5513db.html
wv_3c9c88e0,85,هَدَىٰ,hadā,ه-د-ي,verb,,Form I,144,2,1,4,guided,পথ দেখিয়েছেন,ہدایت دی / ہدایت بخشی,हिदायत दी,memberi petunjuk,doğru yola iletti,راه نمود,a guidé / a ensuite guidé,20:50,https://quranicwords.vercel.app/quran-words/hada-3c9c88e0.html
wp_3a3ed653,86,حَتَّىٰ,ḥattā,,particle,Preposition (Ḥarf Jarr),,142,1,1,7,until,যতক্ষণ না / পর্যন্ত,یہاں تک کہ,यहाँ तक कि,sampai / hingga,kadar,تا,jusqu’à-ce que,15:99,https://quranicwords.vercel.app/quran-words/hatta-3a3ed653.html
wv_838a5f98,87,أَرَادَ,arāda,ر-و-د,verb,,Form IV,139,2,1,4,intend,ইচ্ছে করেন / চায়,ارادہ کیا,इरादा किया,menghendaki,istese,بخواهد,veut,2:26,https://quranicwords.vercel.app/quran-words/arada-838a5f98.html
wp_7d996b31,88,أَمْ,am,,particle,Conjunction (Ḥarf ʿAṭf),,137,1,1,7,or,নাকি,یا,या,ataukah,yoksa,یا,ou bien,56:59,https://quranicwords.vercel.app/quran-words/am-7d996b31.html
wn_26c7ddb0,89,مُوسَى,mūsā,,noun,Proper noun,,136,3,1,7,Musa,মূসা,موسیٰ,मूसा,Musa,Musa,موسی,Moïse,7:122,https://quranicwords.vercel.app/quran-words/musa-26c7ddb0.html
wv_c71e7179,90,ٱتَّبَعَ,attabaʿa,ت-ب-ع,verb,,Form VIII,136,2,1,4,follow,অনুসরণ করে,پیروی کی / پیروی کرے,पैरवी की / पैरवी करे,mengikuti,uyan / uydular,پیروی کردند,ont suivi / suit,30:29,https://quranicwords.vercel.app/quran-words/attabaa-c71e7179.html
wn_30a3ed64,91,أَنْتُمْ,antum,,noun,Pronoun (Ḍamīr),,135,1,1,8,you,তোমরা,تم,तुम,kamu,siz,شما,vous,37:54,https://quranicwords.vercel.app/quran-words/antum-30a3ed64.html
wn_113ae4a5,92,قَلْب,qalb,ق-ل-ب,noun,Noun (Ism),,132,3,1,8,hearts,অন্তরসমূহ,دل,दिल,hati,kalbleri,دل ها,cœurs,15:12,https://quranicwords.vercel.app/quran-words/qalb-113ae4a5.html
wn_8c7c255d,93,عَبْد,ʿabd,ع-ب-د,noun,Noun (Ism),,131,3,1,8,slave,দাস,بندے / بندوں,बन्दे / बन्दा,hamba,kul,بندگان / بندۂ,esclave,16:75,https://quranicwords.vercel.app/quran-words/abd-8c7c255d.html
wp_283da847,94,لَٰكِنَّ,lākinna,,particle,Accusative particle (Ḥarf Naṣb),,130,1,1,8,but,কিন্তু,لیکن,लेकिन,tetapi,fakat,ولی,Mais,19:38,https://quranicwords.vercel.app/quran-words/lakinna-283da847.html
wv_4255696c,95,أَرْسَلَ,arsala,ر-س-ل,verb,,Form IV,130,2,1,5,sent,পাঠিয়েছি,بھیجا,भेजा,telah mengutus,gönderdik,فرستادیم,avons envoyé,48:28,https://quranicwords.vercel.app/quran-words/arsala-4255696c.html
wn_cc930a4b,96,ظالِم,ẓālim,ظ-ل-م,noun,Active participle (Ism Fāʿil),,129,3,1,8,wrongdoers,সীমালঙ্ঘনকারী,ظالم,ज़ालिम,orang-orang yang zalim / orang-orang yang dzalim,zalim,ستمکاران,injustes,21:14,https://quranicwords.vercel.app/quran-words/zalim-cc930a4b.html
wp_7e43b752,97,لَعَلَّ,laʿalla,,particle,Accusative particle (Ḥarf Naṣb),,129,1,1,8,Perhaps,সম্ভবত,شاید,शायद,barangkali,belki,شاید,Peut-être,42:17,https://quranicwords.vercel.app/quran-words/laalla-7e43b752.html
wn_994d7189,98,أَهْل,ahl,أ-ه-ل,noun,Noun (Ism),,127,3,1,8,People,আহলি,اہل / والوں,अहले किताब,ahli / penduduk,halkı / ehli,اهل,gens,5:65,https://quranicwords.vercel.app/quran-words/ahl-994d7189.html
wp_9e0e363f,99,بَلْ,bal,,particle,Retraction particle (Iḍrāb),,127,1,1,8,But,বরং,بلکہ,बल्कि,bahkan / tetapi,bilakis,بلکه,Plutôt,75:20,https://quranicwords.vercel.app/quran-words/bal-9e0e363f.html
wv_1df44b78,100,أَخَذَ,akhadha,أ-خ-ذ,verb,,Form I,127,2,1,5,took / seized,নিয়েছিলাম,لیا,लिया,mengambil,almıştı,گرفت,avons pris / a pris,7:154,https://quranicwords.vercel.app/quran-words/akhadha-1df44b78.html
wv_726d9aa4,101,ٱتَّخَذَ,attakhadha,أ-خ-ذ,verb,,Form VIII,124,2,1,5,took / take,গ্রহণ করেছে,بنا لیا / بنالیا,बना लिया,mengambil,edindi,گرفت,ont pris / a pris,18:61,https://quranicwords.vercel.app/quran-words/attakhadha-726d9aa4.html
wv_b5341e95,102,عَبَدَ,ʿabada,ع-ب-د,verb,,Form I,122,2,1,5,worship,ইবাদাত করেছ,بندگی کی,इबादत की,penyembah,tapanlar,می‌پرستید,avez adoré,109:4,https://quranicwords.vercel.app/quran-words/abada-b5341e95.html
wn_8aa64d78,103,يَد,yad,ي-د-ي,noun,Noun (Ism),,120,3,1,8,before / hands,হাত,آگے / ہاتھ,हाथ / पहले,hadapan / tangan,eli,دست,avant / mains,7:57,https://quranicwords.vercel.app/quran-words/yad-8aa64d78.html
wn_fcecbe77,104,مُبِين,mubīn,ب-ي-ن,noun,Active participle (Ism Fāʿil),,119,3,1,9,clear,সুস্পষ্ট,کھلم کھلا / کھلی,खुल्लम-खुल्ला / वाज़ेह,nyata,apaçık,آشکار,clair,26:195,https://quranicwords.vercel.app/quran-words/mubin-fcecbe77.html
wn_eb9f77e8,105,رَحِيم,raḥīm,ر-ح-م,noun,Noun (Ism),,116,3,1,9,Most Merciful,পরম দয়ালু / মেহেরবান,رحیم / مہربان,निहायत रहम करने वाला,Maha Penyayang,esirgeyendir,مهربان,très miséricordieux,41:32,https://quranicwords.vercel.app/quran-words/rahim-eb9f77e8.html
wn_8a33979c,106,دُنْيا,dunyā,د-ن-و,noun,Noun (Ism),,115,3,1,9,world,পার্থিব / দুনিয়ার,دنیا,दुनिया,dunia,dünya,دنیا,ici-bas,79:38,https://quranicwords.vercel.app/quran-words/dunya-8a33979c.html
wn_44328b7a,107,رَحْمَة,raḥmah,ر-ح-م,noun,Noun (Ism),,114,3,1,9,mercy,অনুগ্রহ / দয়া,رحمت,रहमत,rahmat,rahmet,رحمت,miséricorde,21:107,https://quranicwords.vercel.app/quran-words/rahmah-44328b7a.html
wv_1b711d15,108,ظَلَمَ,ẓalama,ظ-ل-م,verb,,Form I,110,2,1,5,wronged,সীমালঙ্ঘন করেছে / সীমালঙ্ঘন করেছিলো,ظلم کیا,ज़ुल्म किया,zalim,zulmeden,ستم کردند,ont fait injustice,2:231,https://quranicwords.vercel.app/quran-words/zalama-1b711d15.html
wn_5e950ac9,109,عَظِيم,ʿaẓīm,ع-ظ-م,noun,Noun (Ism),,107,3,1,9,great,মহা / বিরাট,بڑا / بڑی / بڑے,बहुत बड़ा / बहुत बड़ी,besar,büyük,بزرگ,immense,37:107,https://quranicwords.vercel.app/quran-words/azim-5e950ac9.html
wp_d0c7488e,110,لَنْ,lan,,particle,Negative particle (Ḥarf Nafy),,106,1,1,8,will never,কখনো না,ہرگز نہیں,हरगिज़ नहीं,tidak akan,asla,هرگز,jamais,22:73,https://quranicwords.vercel.app/quran-words/lan-d0c7488e.html
wv_5017b263,111,وَجَدَ,wajada,و-ج-د,verb,,Form I,106,2,1,6,found,পেয়েছি / পেলো,پایا,पाया,dapati / mendapatkan,buldu,یافت,avons trouvé / a trouvé,18:93,https://quranicwords.vercel.app/quran-words/wajada-5017b263.html
wv_ddf0a703,112,سَأَلَ,saʾala,س-أ-ل,verb,,Form I,106,2,1,6,asked,চেয়েছ,سوال کیا,पूछी जाएगी,ditanya,istedikleri,از آنها درخواست می شد,A demandé,4:153,https://quranicwords.vercel.app/quran-words/saala-ddf0a703.html
wn_3911e02d,113,أَجْر,ajr,أ-ج-ر,noun,Noun (Ism),,105,3,1,10,reward / payment,পুরস্কার / পারিশ্রমিক / প্রতিফল,اجر,अजर,pahala / upah,mükafat / ücret,پاداشی / مزدی,compensation,4:67,https://quranicwords.vercel.app/quran-words/ajr-3911e02d.html
wn_be3aba79,114,عِلْم,ʿilm,ع-ل-م,noun,Noun (Ism),,105,3,1,10,knowledge,জ্ঞান,علم,इल्म,pengetahuan / ilmu,bilgi / ilim,دانش / علم,savoir,53:35,https://quranicwords.vercel.app/quran-words/ilm-be3aba79.html
wn_e7ae09b8,115,عَزِيز,ʿazīz,ع-ز-ز,noun,Noun (Ism),,101,3,1,10,All-Mighty,পরাক্রমশালী,زبردست,बहुत ज़बरदस्त,Maha Perkasa,aziz,پیروزمند,Parfaitement Fort,48:19,https://quranicwords.vercel.app/quran-words/aziz-e7ae09b8.html
wv_b2039839,116,أَخْرَجَ,akhraja,خ-ر-ج,verb,,Form IV,99,2,1,6,brought forth / bring forth,বের করেছেন,نکالا / نکالے گئے,निकाला / निकाले गए,keluarkan / mengeluarkan / diusir,çıkardı,بیرون آورد,a fait sortir,2:22,https://quranicwords.vercel.app/quran-words/akhraja-b2039839.html
wn_76312283,117,حَكِيم,ḥakīm,ح-ك-م,noun,Noun (Ism),,97,3,1,10,All-Wise,প্রজ্ঞাময় / মহাবিজ্ঞ,حکمت والا,ख़ूब हिकमत वाला / बहुत हिकमत वाला,Maha Bijaksana,hüküm ve hikmet sahibidir,سنجیده کار,parfaitement sage,15:25,https://quranicwords.vercel.app/quran-words/hakim-76312283.html
wp_b314d79c,118,هَلْ,hal,,particle,Interrogative (Istifhām),,93,1,1,9,Is / Does,কি,کیا,क्या,apakah,mı,آیا,Est-ce que,55:60,https://quranicwords.vercel.app/quran-words/hal-b314d79c.html
wv_c19b5598,119,أَكَلَ,akala,أ-ك-ل,verb,,Form I,93,2,1,6,ate,উভয়ে খেলো,کھا گیا,खा जाए,keduanya memakan,onu yemiş,بخورد,a ensuite mangé,12:17,https://quranicwords.vercel.app/quran-words/akala-c19b5598.html
wn_62aaeae1,120,دِين,dīn,د-ي-ن,noun,Noun (Ism),,92,3,1,10,religion / Judgment,দ্বীন,دین,दीन / बदले,agama / pembalasan,din / ceza,دین,religion / Jugement avec Rétribution,110:2,https://quranicwords.vercel.app/quran-words/din-62aaeae1.html
wn_a01df28a,121,قَوْل,qawl,ق-و-ل,noun,Verbal noun (Maṣdar),,92,3,2,1,word / speech,কথা,بات,बात,perkataan,söz,سخن / فرمان,parole,36:58,https://quranicwords.vercel.app/quran-words/qawl-a01df28a.html
wn_549a9405,122,غَفُور,ghafūr,غ-ف-ر,noun,Noun (Ism),,91,3,2,1,Oft-Forgiving,ক্ষমাশীল,بخشنے والا / غفور,बहुत बख़्शने वाला,Maha Pengampun,bağışlayandır,آمرزنده / آمرزندۂ,très pardonneur,41:32,https://quranicwords.vercel.app/quran-words/ghafur-549a9405.html
wv_e270972b,123,لَيْسَ,laysa,ل-ي-س,verb,,Form I,89,2,1,6,is not / are not / not is,নেই,نہیں,नहीं,tidak ada / tidaklah / bukan,yoktur / değildir / olmayan,نیست,n’est pas / n’y a pas,53:39,https://quranicwords.vercel.app/quran-words/laysa-e270972b.html
wn_06535294,124,شَيْطان,shayṭān,ش-ط-ن,noun,Proper noun,,88,3,2,1,Shaitaan / devils,শয়তান,شیطان,शैतान,syaitan,şeytan,شیطان,diable,81:25,https://quranicwords.vercel.app/quran-words/shaytan-06535294.html
wn_cd55808b,125,مَثَل,mathal,م-ث-ل,noun,Noun (Ism),,88,3,2,1,example,দৃষ্টান্ত / উপমা,مثال,मिसाल,perumpamaan,durumu,مَثَلی / حالت,exemple,43:8,https://quranicwords.vercel.app/quran-words/mathal-cd55808b.html
wn_da9f125c,126,مَلَك,malak,م-ل-ك,noun,Noun (Ism),,88,3,2,1,Angels,ফেরেশতা,فرشتے / فرشتوں,फ़रिश्ते / फ़रिश्तों,Malaikat,melekler,فرشتگان,anges,43:60,https://quranicwords.vercel.app/quran-words/malak-da9f125c.html
wv_7159bf7c,127,فَعَلَ,faʿala,ف-ع-ل,verb,,Form I,88,2,1,7,did,করে,کیا,किया,berbuat,yaptı,کرد,ont fait / font,21:63,https://quranicwords.vercel.app/quran-words/faala-7159bf7c.html
wv_44c523bb,128,نَظَرَ,naẓara,ن-ظ-ر,verb,,Form I,87,2,1,7,glanced,তাকাল,دیکھا,देखा,memandang,baktı,می نگرد,a ensuite regardé,37:88,https://quranicwords.vercel.app/quran-words/nazara-44c523bb.html
wn_3b1e8e92,129,نَحْنُ,naḥnu,,noun,Pronoun (Ḍamīr),,86,1,1,9,we,আমরা,ہم,हम,kami,biz,ما,nous,26:138,https://quranicwords.vercel.app/quran-words/nahnu-3b1e8e92.html
wn_7ec248d1,130,وَلِيّ,waliyy,و-ل-ي,noun,Noun (Ism),,86,3,2,2,protector / allies,অভিভাবক / বন্ধু,دوست,दोस्त,pelindung / pemimpin / penolong,dost,دوستان,allié,42:31,https://quranicwords.vercel.app/quran-words/waliyy-7ec248d1.html
wn_8718ac34,131,مال,māl,م-و-ل,noun,Noun (Ism),,86,3,2,2,wealth,ধনসম্পদ,مال,माल,harta,mal,مال,richesse,74:12,https://quranicwords.vercel.app/quran-words/mal-8718ac34.html
wn_1bafa5ba,132,هُدًى,hudanā,ه-د-ي,noun,Noun (Ism),,85,3,2,2,guidance,পথনির্দেশ,ہدایت,हिदायत,petunjuk,hidayet,هدایت,guidance,27:2,https://quranicwords.vercel.app/quran-words/hudana-1bafa5ba.html
wn_be7a2109,133,فَضْل,faḍl,ف-ض-ل,noun,Noun (Ism),,84,3,2,2,Bounty,অনুগ্রহ,فضل,फ़ज़ल,karunia,lutuf,بخشش,faveur,44:57,https://quranicwords.vercel.app/quran-words/fadl-be7a2109.html
wn_f7c4ee5d,134,لَيْل,layl,ل-ي-ل,noun,Noun (Ism),,84,3,2,2,night,রাত,رات,रात,malam,gece,شب,nuit,44:23,https://quranicwords.vercel.app/quran-words/layl-f7c4ee5d.html
wv_82c00ac6,135,ذَكَرَ,dhakara,ذ-ك-ر,verb,,Form I,84,2,1,7,is mentioned,উল্লেখ করা হয় / স্মরণ করে,ذکر کیا جاتا ہے / ذکر کیا گیا,ज़िक्र किया जाता है,disebut / mengingat,anıldığı,یاد شده است,est mentionné / a été mentionné,22:35,https://quranicwords.vercel.app/quran-words/dhakara-82c00ac6.html
wn_4952a7a8,136,كَيْف,kayf,ك-ي-ف,noun,Noun (Ism),,83,3,2,3,how,কেমন,کس طرح,किस तरह / कैसा,bagaimana,nasıl,چگونه,comment,74:19,https://quranicwords.vercel.app/quran-words/kayf-4952a7a8.html
wn_540e4fea,137,صَلاة,ṣalāh,ص-ل-و,noun,Noun (Ism),,83,3,2,3,prayer,সালাত,نماز,नमाज़,sholat,namazı,نماز,prière,8:3,https://quranicwords.vercel.app/quran-words/salah-540e4fea.html
wv_4c74aa32,138,قَتَلَ,qatala,ق-ت-ل,verb,,Form I,83,2,1,7,killed,নিহত হয়,قتل کیا / مارے گئے,क़त्ल कर दिया,dibunuh / membunuh,kahrolası,بکشد,ont été tués,17:33,https://quranicwords.vercel.app/quran-words/qatala-4c74aa32.html
wv_5536bfac,139,خَافَ,khāfa,خ-و-ف,verb,,Form I,83,2,1,7,fear,ভয় কর,خوف ہو / ڈرو / ڈرے,ख़ौफ़ हो / डरे,takut / khawatir,korkarsanız / korkan,بترسد / ترسیدید,avez peur / a eu peur / a peur,11:103,https://quranicwords.vercel.app/quran-words/khafa-5536bfac.html
wn_2fb13775,140,أَوَّل,awwal,أ-و-ل,noun,Noun (Ism),,82,3,2,3,former / first,প্রথম / পূর্ববর্তীদের,پہلوں / پہلی / پہلے,पहलों / पहली,pertama,ilk,پیشینیان / نخستین,premiers / première,77:16,https://quranicwords.vercel.app/quran-words/awwal-2fb13775.html
wn_01b43788,141,أَنْتَ,anta,,noun,Pronoun (Ḍamīr),,81,1,1,9,you,তুমি,تو / آپ,तू / आप,Engkau,sen,تو,Toi / tu,35:23,https://quranicwords.vercel.app/quran-words/anta-01b43788.html
wn_1f9dda43,142,أَكْثَر,akthar,ك-ث-ر,noun,Noun (Ism),,80,3,2,3,most / more,অধিকাংশ,اکثر / زیادہ,अक्सर / ज़्यादा,kebanyakan / lebih banyak,çoğu / daha çok,بیشتر,plupart / plus,37:71,https://quranicwords.vercel.app/quran-words/akthar-1f9dda43.html
wn_87c57d60,143,بُنَىّ,bunā,ب-ن-ي,noun,Noun (Ism),,80,3,2,3,Children / sons,বনী,بنی / بیٹوں / بیٹے,बनी इस्राईल / बेटों,Bani / anak-anak,oğullar,بنی / فرزندان / پسران,enfants / fils,26:197,https://quranicwords.vercel.app/quran-words/buna-87c57d60.html
wv_cc30127d,144,رَجَعَ,rajaʿa,ر-ج-ع,verb,,Form I,79,2,1,8,return,প্রত্যাবর্তন করলো,پلٹے / لوٹے,पलटा,kembali,bunun üzerine döndü,باز گشت,Est donc retourné,63:8,https://quranicwords.vercel.app/quran-words/rajaa-cc30127d.html
wn_1c51e11c,145,أَصْحاب,aṣḥāb,ص-ح-ب,noun,Noun (Ism),,78,3,2,4,companions,অধিবাসী,والے / ساتھی / والوں,साथी,penghuni / kaum,halkı / adamları,همدمان / اهل,compagnons,74:39,https://quranicwords.vercel.app/quran-words/ashab-1c51e11c.html
wv_3bceaeaf,146,تَوَلَّىٰ,tawallā,و-ل-ي,verb,,Form V,78,2,1,8,turned away / turn away,মুখ ফিরায়,منہ موڑ جائیں,मुँह मोड़ लिया,berpaling,dönerlerse,روی گردانید,s’est détourné / se détournent,53:33,https://quranicwords.vercel.app/quran-words/tawalla-3bceaeaf.html
wv_cf19a1da,147,سَمِعَ,samiʿa,س-م-ع,verb,,Form I,78,2,1,8,hear,শুনলাম / শুনেছি,سنا,सुना,mendengar,işitti,شنیدیم,avons entendu,68:51,https://quranicwords.vercel.app/quran-words/samia-cf19a1da.html
wn_2a08aa56,148,جَهَنَّم,jahannam,,noun,Proper noun,,77,3,2,4,Hell,জাহান্নাম,جہنم,जहन्नम,neraka jahanam / neraka Jahannam,cehennem,دوزخ,Enfer,14:29,https://quranicwords.vercel.app/quran-words/jahannam-2a08aa56.html
wv_be9f6b41,149,أَمَرَ,amara,أ-م-ر,verb,,Form I,77,2,1,8,am commanded / have been commanded,আদেশ করা হয়েছে / আদিষ্ট হয়েছি / নির্দেশ দিয়েছেন,حکم دیا,हुक्म दिया,diperintah,emrolundum,فرمان یافته ام,ai reçu l’ordre / a ordonné,39:11,https://quranicwords.vercel.app/quran-words/amara-be9f6b41.html
wn_18abf1f0,150,ذِكْر,dhikr,ذ-ك-ر,noun,Verbal noun (Maṣdar),,76,3,2,4,Reminder / remembrance,উপদেশ / স্মরণ,ذکر / نصیحت,ज़िक्र / नसीहत,peringatan / mengingat,Zikir,پندی / یاد,rappel,38:87,https://quranicwords.vercel.app/quran-words/dhikr-18abf1f0.html
wn_64428fd1,151,زَوْج,zawj,ز-و-ج,noun,Noun (Ism),,76,3,2,4,pairs / wives,জোড়া,جوڑے,जोड़े / बीवियाँ,berpasangan / isteri-isteri,eşler,همسرانی,épouses / types,78:8,https://quranicwords.vercel.app/quran-words/zawj-64428fd1.html
wn_72b19012,152,حَياة,ḥayāh,ح-ي-ي,noun,Noun (Ism),,76,3,2,4,life,জীবন,زندگی,ज़िन्दगी,kehidupan,hayatı,زندگانی,vie,2:179,https://quranicwords.vercel.app/quran-words/hayah-72b19012.html
wv_1ca4c131,153,دَخَلَ,dakhala,د-خ-ل,verb,,Form I,76,2,1,8,entered,প্রবেশ করলো,داخل ہوئے,दाख़िल हुए,masuk,girdi,داخل شدند,sont entrés / est entré,3:37,https://quranicwords.vercel.app/quran-words/dakhala-1ca4c131.html
wn_35ee9e15,154,مِثْل,mithl,م-ث-ل,noun,Noun (Ism),,75,3,2,5,like / similar,মতো / অনুরূপ,مانند,मानिन्द,seperti,gibi,مانند,semblable,23:81,https://quranicwords.vercel.app/quran-words/mithl-35ee9e15.html
wn_7ecffae0,155,نَبِيّ,nabiyy,ن-ب-أ,noun,Noun (Ism),,75,3,2,5,Prophet,নাবী,نبی,नबी / नबियों,Nabi,peygamber,پیامبر,Prophète,37:112,https://quranicwords.vercel.app/quran-words/nabiyy-7ecffae0.html
wn_a71a8a21,156,أَخ,akh,أ-خ-و,noun,Noun (Ism),,75,3,2,5,brother,ভাই,بھائی,भाई,saudara,kardeşleri,برادر,frère,12:77,https://quranicwords.vercel.app/quran-words/akh-a71a8a21.html
wp_75561bb6,157,لَوْلَا,lawlā,,particle,Exhortation particle,,75,1,1,9,Why not,কেন না,اگر نہ ہوتا / کیوں نہیں,क्यों नहीं,sekiranya tidak / mengapa tidak,olmasaydı / değil miydi,اگر نبود / چرا,Pourquoi ne pas,68:28,https://quranicwords.vercel.app/quran-words/lawla-75561bb6.html
wn_0a3e6724,158,فِرْعَوْن,firʿawn,,noun,Proper noun,,74,3,2,5,Firaun,ফিরআউন,فرعون,फ़िरऔन,Fir'aun,Fir'avn,فرعون,Pharaon,85:18,https://quranicwords.vercel.app/quran-words/firawn-0a3e6724.html
wn_171c381d,159,صالِح,ṣāliḥ,ص-ل-ح,noun,Active participle (Ism Fāʿil),,74,3,2,5,righteous,সৎ,اچھے / صالح / نیک,नेक / सालेह,orang-orang yang saleh / kebajikan,iyi,شایستگان,vertueux / action vertueuse,21:72,https://quranicwords.vercel.app/quran-words/salih-171c381d.html
wn_8f067fe5,160,أَحَد,aḥad,أ-ح-د,noun,Noun (Ism),,74,3,2,6,anyone,কাউকে / কেউ,کسی ایک,किसी एक,seseorang,hiç kimse,هیچ کس / کسی,ce soit,90:5,https://quranicwords.vercel.app/quran-words/ahad-8f067fe5.html
wn_f0b5336d,161,خالِد,khālid,خ-ل-د,noun,Active participle (Ism Fāʿil),,74,3,2,6,abide forever / abiding forever,চিরস্থায়ী হবে,ہمیشہ رہنے والے,हमेशा रहने वाले,kekal,sürekli kalacaklardır / ebedi kalacaklardır,جاودانه,éternellement restants,23:11,https://quranicwords.vercel.app/quran-words/khalid-f0b5336d.html
wn_8f21b16a,162,عالَم,ʿālam,ع-ل-م,noun,Noun (Ism),,73,3,2,6,worlds,বিশ্বজগতের,العالمین / تمام جہانوں / جہان والوں,तमाम जहानों / तमाम जहान वालों / आलमीन,semesta alam,alemlerin,جهانیان,toutes les générations de chaque créature,1:2,https://quranicwords.vercel.app/quran-words/alam-8f21b16a.html
wv_c4887285,163,جَزَىٰ,jazā,ج-ز-ي,verb,,Form I,73,2,1,9,recompense / reward,প্রতিফল দিই,بدلہ دیتے ہیں / جزا دیتے ہیں,बदला देते हैं,memberi balasan / diberi balasan,cezalandırırız / mükafatlandırırız,پاداش می دهیم / کیفر می دهیم,récompensons-Nous sans diminution,7:41,https://quranicwords.vercel.app/quran-words/jaza-c4887285.html
wn_388e3cfc,164,أَلِيم,alīm,أ-ل-م,noun,Noun (Ism),,72,3,2,6,painful,নিদারুণ / যন্ত্রণাদায়ক,دردناک,दर्दनाक,pedih,acıklı,دردناک,douloureux,84:24,https://quranicwords.vercel.app/quran-words/alim-388e3cfc.html
wn_e92e93c4,165,وَجْه,wajh,و-ج-ه,noun,Noun (Ism),,72,3,2,6,face,চেহারা,چہرے,चेहरे / चेहरा,wajah,yüzler / yüzü,چهره هایی,Visage,2:115,https://quranicwords.vercel.app/quran-words/wajh-e92e93c4.html
wv_4826e197,166,أَوْحَىٰٓ,awḥā,و-ح-ي,verb,,Form IV,72,2,1,9,inspired / revealed,ওহী করা হয়েছে / ওহী করেছি,وحی کی,वही की,wahyukan,vahyettik,وحی فرستادیم,avons révélé / a été révélé,16:68,https://quranicwords.vercel.app/quran-words/awha-4826e197.html
wv_aa446bfc,167,أَطَاعَ,aṭāʿa,ط-و-ع,verb,,Form IV,72,2,1,9,obey,মানলাম / আনুগত্য করতাম / আনুগত্য করেছি,اطاعت کی / اطاعت کرتے,इताअत की / इताअत करते,mentaati,ita'at ettik / ita'at etseydik,فرمان بردیم / فرمان می بردیم,avons obéi / ayons obéi,23:34,https://quranicwords.vercel.app/quran-words/ataa-aa446bfc.html
wn_87df02d6,168,بَيِّنَة,bayyinah,ب-ي-ن,noun,Noun (Ism),,71,3,2,7,clear,সুস্পষ্ট,روشن,वाज़ेह,nyata,açık açık / açık deliller,نشانه های روشن,clairs / preuve claire / preuves claires,24:1,https://quranicwords.vercel.app/quran-words/bayyinah-87df02d6.html
wn_a91764f4,169,عَمَل,ʿamal,ع-م-ل,noun,Noun (Ism),,71,3,2,7,deed / work,কাজ,عمل / اعمال,अमल,perbuatan / pekerjaan / amal,amel,کار / کرداری,action,18:7,https://quranicwords.vercel.app/quran-words/amal-a91764f4.html
wn_d40cfa88,170,إِنسان,insān,أ-ن-س,noun,Noun (Ism),,71,3,2,7,man,মানুষ,انسان,इन्सान,manusia,insan,انسان / آدمی,humain,55:3,https://quranicwords.vercel.app/quran-words/insan-d40cfa88.html
wv_c3ab3798,171,أَلْقَىٰ,alqā,ل-ق-ي,verb,,Form IV,71,2,1,9,threw,ছুঁড়লো,ڈالا / ڈالے,डाला,melemparkan,attı,انداخت,a jeté,22:52,https://quranicwords.vercel.app/quran-words/alqa-c3ab3798.html
wv_eb1ab82a,172,أَشْرَكَ,ashraka,ش-ر-ك,verb,,Form IV,71,2,1,9,associate / polytheists,শিরক করেছে / শিরক করেছিলো,شرک کیا,शिर्क किया,mempersekutukan / musyrik,ortak koşan,شرک ورزیدند,ont associé,39:65,https://quranicwords.vercel.app/quran-words/ashraka-eb1ab82a.html
wn_01781d10,173,قَلِيل,qalīl,ق-ل-ل,noun,Noun (Ism),,70,3,2,7,little / few,সামান্য,تھوڑے,बहुत थोड़ा,sedikit,az,اندک,peu,53:34,https://quranicwords.vercel.app/quran-words/qalil-01781d10.html
wn_3e448ca2,174,قُرْءان,qurʾān,ق-ر-أ,noun,Proper noun,,70,3,2,7,Quran,কুরআন,قرآن,क़ुरआन,Al Qur'an / Al-Qur'an,Kur'an,قرآن,Coran,85:21,https://quranicwords.vercel.app/quran-words/quran-3e448ca2.html
wn_6c296e0b,175,قِيامَة,qīmah,ق-و-م,noun,Noun (Ism),,70,3,2,8,Resurrection,ক্বিয়ামাতের / কিয়ামাতের,قیامت,क़यामत,kiamat,kıyamet,رستاخیز,Résurrection,75:1,https://quranicwords.vercel.app/quran-words/qimah-6c296e0b.html
wn_ea138623,176,آخَر,ākhar,أ-خ-ر,noun,Noun (Ism),,70,3,2,8,another / others,অন্য,دوسری / دوسرے / دوسرا,दूसरी / दूसरे / दूसरा,lain,başka,دیگر,autre,44:28,https://quranicwords.vercel.app/quran-words/akhar-ea138623.html
wv_f19cfb0c,177,وَعَدَ,waʿada,و-ع-د,verb,,Form I,70,2,1,10,promised,প্রতিশ্রুতি দিয়েছেন / প্রতিশ্রুতি দেয়া হয়েছে,وعدہ کیا,वादा किया / वादा किए गए,dijanjikan / menjanjikan,va'detmiştir,وعده داده است,a promis,19:61,https://quranicwords.vercel.app/quran-words/waada-f19cfb0c.html
wn_99f3d788,178,إِبْراهِيم,ibrāhīm,,noun,Proper noun,,69,3,2,8,Ibrahim,ইবরাহীম,ابراہیم,इब्राहीम,Ibrahim,İbrahim,ابراهیم,Abraham,37:109,https://quranicwords.vercel.app/quran-words/ibrahim-99f3d788.html
wn_ae2b86bd,179,أَنَا,anā,,noun,Pronoun (Ḍamīr),,68,1,1,9,I,আমি,میں,मैं,aku,ben,من,je / Moi,26:114,https://quranicwords.vercel.app/quran-words/ana-ae2b86bd.html
wv_9bad3da8,180,أَنفَقَ,anfaqa,ن-ف-ق,verb,,Form IV,68,2,1,10,spend / spent,খরচ করে / ব্যয় করে,خرچ کیا / خرچ کرتے ہیں,ख़र्च किया,belanjakan / menafkahkan,harcadıkları,انفاق کردند / هزینه کرده اند,ont dépensé / dépensent / dépensez,25:67,https://quranicwords.vercel.app/quran-words/anfaqa-9bad3da8.html
wn_264909ec,181,يَمِين,yamīn,ي-م-ن,noun,Noun (Ism),,65,3,2,8,right / oaths,ডান,دائیں ہاتھ / دائیں جانب / دائیں طرف,क़समें / दाऐं जानिब,kanan / sumpah,sağ,راست,droite / serment,34:15,https://quranicwords.vercel.app/quran-words/yamin-264909ec.html
wn_2d99d8e5,182,بَيْت,bayt,ب-ي-ت,noun,Noun (Ism),,65,3,2,8,House,ঘর,گھر,घर,rumah,evler,خانه,maison,3:96,https://quranicwords.vercel.app/quran-words/bayt-2d99d8e5.html
wv_4e5bc56b,183,غَفَرَ,ghafara,غ-ف-ر,verb,,Form I,65,2,1,10,forgave,ক্ষমা করলেন,بخش دیا,पस बख़्श दिया,mengampuni,affederse,آمرزید,a donc pardonné,28:16,https://quranicwords.vercel.app/quran-words/ghafara-4e5bc56b.html
wn_117d16e0,184,أُمَّة,ummah,أ-م-م,noun,Noun (Ism),,64,3,2,9,nation / community,জাতি,امت,उम्मत,ummat / umat,ümmet,امّتی / امتی,communauté,15:5,https://quranicwords.vercel.app/quran-words/ummah-117d16e0.html
wn_3998abc6,185,آباء,ābāʾ,أ-ب-و,noun,Noun (Ism),,64,3,2,9,fathers,পিতাদের,باپوں,अपने शौहरों के बापों,ayah-ayah,babaları,پدران,pères,24:31,https://quranicwords.vercel.app/quran-words/aba-3998abc6.html
wv_25c8bcda,186,أَضَلَّ,aḍalla,ض-ل-ل,verb,,Form IV,64,2,1,10,have led astray / will cause to be lost,পথভ্রষ্ট করেছে,بھٹکا دیا / گمراہ کردیا / گمراہ کیا,गुमराह कर दिया / भटका दिया,menyesatkan,boşa çıkarmıştır / saptırdığı,گمراه کردند / گمراه کرده,a égaré / ont égaré / rendra perdues,14:36,https://quranicwords.vercel.app/quran-words/adalla-25c8bcda.html
wv_39f0e9df,187,أَصَابَ,aṣāba,ص-و-ب,verb,,Form IV,64,2,1,10,befalls,আপতিত হয়েছিলো,پہنچے,पहुँचे,menimpanya,başlarına gelen,آنگاه برسد به آن,frappe,22:11,https://quranicwords.vercel.app/quran-words/asaba-39f0e9df.html
wv_4ea0b9d1,188,أَحْبَبْ,aḥbab,ح-ب-ب,verb,,Form IV,64,2,2,1,love,ভালবাসো,نے ترجیح دی,पसंद करें आप,cintai,sevdiğin,برگزیدم,ai préféré,28:56,https://quranicwords.vercel.app/quran-words/ahbab-4ea0b9d1.html
wn_75615a0d,189,هِيَ,hiya,,noun,Pronoun (Ḍamīr),,63,1,1,10,She / it,সে,وہ,वो,dia,o,او,elle,12:26,https://quranicwords.vercel.app/quran-words/hiya-75615a0d.html
wn_975c46ae,190,كَثِير,kathīr,ك-ث-ر,noun,Noun (Ism),,63,3,2,9,many / much,অনেক,بہت,बहुत,kebanyakan,çok / çoğu,بسیار,beaucoup,25:38,https://quranicwords.vercel.app/quran-words/kathir-975c46ae.html
wn_e6a7f0f4,191,ماء,māʾ,م-و-ه,noun,Noun (Ism),,63,3,2,9,water,পানি,پانی,पानी,air,su,آب,eau,78:14,https://quranicwords.vercel.app/quran-words/ma-e6a7f0f4.html
wn_fe798d7b,192,ابْن,abn,ب-ن-ي,noun,Noun (Ism),,63,3,2,9,son,পুত্র,ابن / بیٹے,ईसा इब्ने मरियम,putera / anak,oğlu,پسر,fils / compagnon,19:34,https://quranicwords.vercel.app/quran-words/abn-fe798d7b.html
wv_48842967,193,تَابَ,tāba,ت-و-ب,verb,,Form I,63,2,2,1,repent / turned,তওবা করে / ক্ষমা করলেন,مہربان ہوا / توبہ کی,तौबा की / मेहरबान हुआ,bertaubat / menerima taubat,tevbe eden,توبه کردند,se sont repentis,2:160,https://quranicwords.vercel.app/quran-words/taba-48842967.html
wn_7857cd25,194,صالِحَة,ṣāliḥah,ص-ل-ح,noun,Active participle (Ism Fāʿil),,62,3,2,10,righteous deeds / good deeds,সৎ,اچھے,नेक,kebajikan,iyi işler,کارهای شایسته,actions vertueuses,29:9,https://quranicwords.vercel.app/quran-words/salihah-7857cd25.html
wv_66f8d0e7,195,نَزَّلَ,nazzala,ن-ز-ل,verb,,Form II,62,2,2,1,sent down / revealed,অবতীর্ণ করেছেন,نازل کی,नाज़िल किया / नाज़िल की,menurunkan / diturunkan,indirdi / indirilmeli,فروفرستاد,a fait descendre en étapes / avons fait descendre en étapes,25:1,https://quranicwords.vercel.app/quran-words/nazzala-66f8d0e7.html
wv_d68b9690,196,كَسَبَ,kasaba,ك-س-ب,verb,,Form I,62,2,2,1,earned,অর্জন করেছে / কামাই করেছে,کمائی کی / کمایا,कमाई की / कमाया,usahakan / kerjakan,kazandıkları,کرده است,a acquis / ont acquis / ont acquit,52:21,https://quranicwords.vercel.app/quran-words/kasaba-d68b9690.html
wv_0ccc8480,197,تَلَىٰ,talā,ت-ل-و,verb,,Form I,61,2,2,1,are recited,পাঠ করা হয়,پڑھی جاتی ہیں,पढ़ी जाती हैं,dibacakan,okunduğu,خوانده شود,sont récitées,8:2,https://quranicwords.vercel.app/quran-words/tala-0ccc8480.html
wv_2afed9e0,198,رَزَقَ,razaqa,ر-ز-ق,verb,,Form I,61,2,2,2,are provided,আমাদের রিযক দেওয়া হয়েছিল,رزق دیئے جائیں گے,दिए गए,diberi rezki,rızıklandırıldıklarında,روزی داده شدیم,avons été approvisionnés,2:25,https://quranicwords.vercel.app/quran-words/razaqa-2afed9e0.html
wn_6e7d84ae,199,صادِق,ṣādiq,ص-د-ق,noun,Active participle (Ism Fāʿil),,59,3,2,10,truthful,সত্যবাদী,سچے / سچوں,सच्चे / सच्चों,orang-orang yang benar,doğru,راست گویان / راستگویان,véridiques,56:87,https://quranicwords.vercel.app/quran-words/sadiq-6e7d84ae.html
wn_faa0c7e8,200,نِساء,nisāʾ,ن-س-و,noun,Noun (Ism),,59,3,2,10,women,নারী / স্ত্রীলোকদের,عورتوں / عورتیں,औरतों / औरतें,perempuan / wanita-wanita,kadınlar,زنان,femmes,3:42,https://quranicwords.vercel.app/quran-words/nisa-faa0c7e8.html
wv_2bca27a9,201,نَصَرَ,naṣara,ن-ص-ر,verb,,Form I,59,2,2,2,helped,সাহায্য করেছে,مدد دی,मदद की,memberi pertolongan,yardım ettiler,نصرت کردند,ont aidé contre des ennemis,9:40,https://quranicwords.vercel.app/quran-words/nasara-2bca27a9.html
wv_e6a69bc0,202,قَضَىٰ,qaḍā,ق-ض-ي,verb,,Form I,59,2,2,2,decreed,মীমাংসা হয়ে যাবে,فیصلہ کردیا جائے گا,फ़ैसला कर दिया जाएगा,diputuskan,hükmedilir,حکم کند,a décidé,6:2,https://quranicwords.vercel.app/quran-words/qada-e6a69bc0.html
wn_1bc1f304,203,نَذِير,nadhīr,ن-ذ-ر,noun,Noun (Ism),,58,3,2,10,warner,সতর্ককারী,ڈرانے والا,डराने वाला,pemberi peringatan,uyarıcı,بیم دهنده,avertisseur,35:23,https://quranicwords.vercel.app/quran-words/nadhir-1bc1f304.html
wn_b7b85027,204,سَيِّئَة,sayyiʾah,س-و-أ,noun,Noun (Ism),,58,3,2,10,evil,মন্দ,برائی / برے,बुराई / बुराइयों / बुरे,kejahatan,kötülük,بدی,mal / mauvaises œuvres / mauvaises choses,16:34,https://quranicwords.vercel.app/quran-words/sayyiah-b7b85027.html
wv_1540974c,205,صَبَرَ,ṣabara,ص-ب-ر,verb,,Form I,58,2,2,2,patient,ধৈর্য ধরেছে,صبر کیا,सब्र किया,bersabar,sabreden / sabrettiler,صبر کردند / شکیبایی کردند,ont enduré,42:43,https://quranicwords.vercel.app/quran-words/sabara-1540974c.html
wn_026b30ac,206,قَرْيَة,qaryah,ق-ر-ي,noun,Noun (Ism),,57,3,3,1,town / cities,জনপদ,بستی,बस्तियाँ / बस्ती / बस्तियों,negeri,kent,آبادی,village,18:77,https://quranicwords.vercel.app/quran-words/qaryah-026b30ac.html
wn_9c021e8e,207,رَحْمٰن,raḥmān,ر-ح-م,noun,Noun (Ism),,57,3,3,1,Most Gracious,দয়াময়,رحمن,रहमान,Maha Pengasih,Rahman,مهر گستر,Extrêmement Miséricordieux en Son Essence,55:1,https://quranicwords.vercel.app/quran-words/rahman-9c021e8e.html
wn_c878aa97,208,عَيْن,ʿayn,ع-ي-ن,noun,Noun (Ism),,57,3,3,1,spring / eyes,ঝর্ণা,چشموں,चश्मे / चश्मों,mata,göze,چشم,source / yeux,88:12,https://quranicwords.vercel.app/quran-words/ayn-c878aa97.html
wn_d6ccd854,209,نَهار,nahār,ن-ه-ر,noun,Noun (Ism),,57,3,3,1,day,দিনকে / দিনের,دن,दिन,siang,gündüz,روز,jour,10:50,https://quranicwords.vercel.app/quran-words/nahar-d6ccd854.html
wv_c51ab0ed,210,جَرَيْ,jaray,ج-ر-ي,verb,,Form I,57,2,2,2,sail,সেগুলো চলে,چلتی ہے,ले चलती हैं,meluncur,yürüttüğü,روان شدند,naviguent,10:22,https://quranicwords.vercel.app/quran-words/jaray-c51ab0ed.html
wn_8192a9b3,211,شَدِيد,shadīd,ش-د-د,noun,Noun (Ism),,56,3,3,1,severe,কঠোর / কঠিন,سخت / شدید,सख़्त / शदीद,sangat,çetin / şiddetli,سخت,sévère,33:11,https://quranicwords.vercel.app/quran-words/shadid-8192a9b3.html
wn_aef22ac2,212,شَهِيد,shahīd,ش-ه-د,noun,Noun (Ism),,56,3,3,2,Witness,সাক্ষী,گواہ,गवाह,menjadi saksi,şahid,گواه,témoin,85:9,https://quranicwords.vercel.app/quran-words/shahid-aef22ac2.html
wn_d6893518,213,وَلَد,walad,و-ل-د,noun,Noun (Ism),,56,3,3,2,son / child,সন্তান,اولاد / بیٹا / بچہ,औलाद,anak,çocuk / çocuğu,فرزندی,fils / enfant,19:88,https://quranicwords.vercel.app/quran-words/walad-d6893518.html
wv_1e3b93fc,214,مَسَّ,massa,م-س-س,verb,,Form I,56,2,2,3,touches / touched,স্পর্শ করে,پہنچتی ہے / پہنچی / چھو جاتی ہے,पहुँचती है / पहुँचता है,menimpa,dokunduğu / dokunmuştu,برسد,touche / a touché,70:20,https://quranicwords.vercel.app/quran-words/massa-1e3b93fc.html
wn_13e6b9da,215,رِزْق,rizq,ر-ز-ق,noun,Noun (Ism),,55,3,3,2,provision,জীবিকা,رزق,रिज़्क़,rezeki / rezki / rizki,rızık / rızkı,روزی,approvisionnement,37:41,https://quranicwords.vercel.app/quran-words/rizq-13e6b9da.html
wv_9ebeb6d8,216,ضَرَبَ,ḍaraba,ض-ر-ب,verb,,Form I,55,2,2,3,sets forth,পেশ করেন,بیان کی,बयान की,membuat,misal verir,زد,a mis en avant,14:24,https://quranicwords.vercel.app/quran-words/daraba-9ebeb6d8.html
wn_80646b8c,217,نَهَر,nahar,ن-ه-ر,noun,Noun (Ism),,54,3,3,2,rivers,ঝর্ণাসমূহ / ঝর্ণাধারাসমূহ,نہریں,नहरें,sungai-sungai,ırmaklar,جوی ها,rivières,71:12,https://quranicwords.vercel.app/quran-words/nahar-80646b8c.html
wv_1a9570f9,218,أَقَامَ,aqāma,ق-و-م,verb,,Form IV,54,2,2,3,establish,প্রতিষ্ঠা করে,قائم کرتے ہیں / قائم کریں,क़ायम की / क़ायम करते हैं / क़ायम करें,mendirikan,kılarlar,برپا داشتند,accomplissent,5:12,https://quranicwords.vercel.app/quran-words/aqama-1a9570f9.html
wv_6efd46c7,219,قَٰتَلَ,qātala,ق-ت-ل,verb,,Form III,54,2,2,3,fought,যুদ্ধ করেছে,جنگ کی,जंग की,berperang,savaşanlar,با شما جنگیدند,ont combattu,3:195,https://quranicwords.vercel.app/quran-words/qatala-6efd46c7.html
wn_d883bf26,220,جَمِيع,jamīʿ,ج-م-ع,noun,Noun (Ism),,53,3,3,2,all,সকলকে,سب / سارے کا سارا,सब के सब,semuanya / seluruhnya,hepsi,همگی,tous,17:103,https://quranicwords.vercel.app/quran-words/jami-d883bf26.html
wv_3c3968d9,221,خَرَجَ,kharaja,خ-ر-ج,verb,,Form I,53,2,2,3,start forth / went out,বের হও / বের হয়েছিলো / বের হলো,نکلو / نکلے / نکلا,निकल गए / निकला / निकले,keluar,çıkarsan / çıktı,بیرون روند / بیرون روی,sont sortis / est donc sorti / sortes,2:149,https://quranicwords.vercel.app/quran-words/kharaja-3c3968d9.html
wv_414cf1db,222,ضَلَّ,ḍalla,ض-ل-ل,verb,,Form I,53,2,2,4,lost,পথভ্রষ্ট হয়েছে,بھٹک گیا / بھٹک گئے,भटक गया,sesat,sapan,گمراه شد,s’est égaré / se sont égarés,17:67,https://quranicwords.vercel.app/quran-words/dalla-414cf1db.html
wn_76d0a9e5,223,خَلْق,khalq,خ-ل-ق,noun,Noun (Ism),,52,3,3,3,creation,সৃষ্টি,پیدائش / تخلیق,तख़लीक़ / पैदाइश,ciptaan / makhluk,yaratmağa,آفرینش / آفریدن,création,79:27,https://quranicwords.vercel.app/quran-words/khalq-76d0a9e5.html
wn_b09c6bfa,224,أَجَل,ajal,أ-ج-ل,noun,Noun (Ism),,52,3,3,3,term,কাল / সময়,وقت,वक़्त,waktu,süre,سرآمد / مدتی,terme,7:135,https://quranicwords.vercel.app/quran-words/ajal-b09c6bfa.html
wn_f8dddc2b,225,مُجْرِم,mujrim,ج-ر-م,noun,Active participle (Ism Fāʿil),,52,3,3,3,criminals,অপরাধী,مجرم,मुजरिम,orang-orang yang berdosa,suçlu,بزهکاران,criminels,77:46,https://quranicwords.vercel.app/quran-words/mujrim-f8dddc2b.html
wv_ed67f836,226,بَعَثَ,baʿatha,ب-ع-ث,verb,,Form I,52,2,2,4,sent / raised,পাঠিয়েছি / পাঠিয়েছেন / পাঠালাম,بھیجا,भेजा,mengutus / telah mengangkat,gönderdi,برانگیخت / فرستادیم,avons envoyé / a envoyé / a ensuite envoyé,62:2,https://quranicwords.vercel.app/quran-words/baatha-ed67f836.html
wn_2c2a0fd6,227,تَحْت,taḥt,ت-ح-ت,noun,Noun (Ism),,51,3,3,3,under / beneath,নিচ,نیچے,नीचे,di bawah,altında,زیر,sous,20:6,https://quranicwords.vercel.app/quran-words/taht-2c2a0fd6.html
wn_838c9594,228,بَصِير,baṣīr,ب-ص-ر,noun,Noun (Ism),,51,3,3,3,All-Seer,সব দেখেন,دیکھنے والا,ख़ूब देखने वाला,Maha Melihat,görmektedir / görendir,بینا,parfaitement voyant,20:35,https://quranicwords.vercel.app/quran-words/basir-838c9594.html
wv_10dfd764,229,تَذَكَّرَ,tadhakkara,ذ-ك-ر,verb,,Form V,51,2,2,4,receives admonition,শিক্ষা নিতে,نصیحت لینا چاہتا تھا,चौंक पड़ते हैं,ingat,düşünürler,پند پذیرد,se rappelle,35:37,https://quranicwords.vercel.app/quran-words/tadhakkara-10dfd764.html
wv_66de5541,230,أَحْيَا,aḥyā,ح-ي-ي,verb,,Form IV,51,2,2,4,gives life,অতপর জীবিত করেন,زندہ کیا,ज़िन्दा किया,menghidupkan / maka,diriltti,زنده ساخت,a ensuite donné vie,53:44,https://quranicwords.vercel.app/quran-words/ahya-66de5541.html
wv_fb436f13,231,أَهْلَكَ,ahlaka,ه-ل-ك,verb,,Form IV,51,2,2,4,destroyed,ধ্বংস করেছি,ہلاک کیں / ہلاک کردیا / ہلاک کیا,हलाक कीं / हलाक कर दिया,telah binasakan / telah Kami binasakan / telah membinasakan,helak ettik / yok ettik,هلاک کردیم / هلاک ساختیم,avons détruit / avons-Nous détruit,53:50,https://quranicwords.vercel.app/quran-words/ahlaka-fb436f13.html
wn_00aadc6d,232,سُوء,sūʾ,س-و-أ,noun,Noun (Ism),,50,3,3,4,evil,মন্দ / নিকৃষ্ট,برا / برے,बुरा / बुरे,seburuk-buruk,kötü,بدی,mal,27:11,https://quranicwords.vercel.app/quran-words/su-00aadc6d.html
wn_82a99686,233,مَوْت,mawt,م-و-ت,noun,Noun (Ism),,50,3,3,4,death,মৃত্যু,موت,मौत,kematian,ölüm,مرگ,mort,25:3,https://quranicwords.vercel.app/quran-words/mawt-82a99686.html
wn_d1b85f51,234,عَدُوّ,ʿaduww,ع-د-و,noun,Noun (Ism),,50,3,3,4,enemy / enemies,শত্রু,دشمن,दुश्मन,musuh,düşman,دشمن,ennemi,43:62,https://quranicwords.vercel.app/quran-words/aduww-d1b85f51.html
wn_db3eba21,235,نِعْمَة,niʿmah,ن-ع-م,noun,Noun (Ism),,50,3,3,4,Favor,অনুগ্রহ,نعمت,नेअमत,nikmat,ni'metini,نعمت,bienfait,16:83,https://quranicwords.vercel.app/quran-words/nimah-db3eba21.html
wv_1e668db1,236,ٱفْتَرَىٰ,aftarā,ف-ر-ي,verb,,Form VIII,50,2,2,5,invents / invented,রচনা করে,گھڑ لے / گھڑ لیا,गढ़ ले / गढ़ लिया,mengada-adakan,uyduran / onu uydurdu,بر بندد,a inventé,6:21,https://quranicwords.vercel.app/quran-words/aftara-1e668db1.html
wn_72f49440,237,مُتَّقي,muttaqy,و-ق-ي,noun,Active participle (Ism Fāʿil),,49,3,3,4,righteous,মুত্তাকীদের / মুত্তাকীরা,متقی لوگ / تقوی والوں,मुत्तक़ी लोग,orang-orang yang bertakwa,muttakiler,پرهیزکاران,pieux,15:45,https://quranicwords.vercel.app/quran-words/muttaqy-72f49440.html
wn_79f1cbb6,238,أَعْلَم,aʿlam,ع-ل-م,noun,Noun (Ism),,49,3,3,5,most knowing / knows best,খুব জানেন,زیادہ جانتا / خوب جانتا,ज़्यादा जानता / ख़ूब जानता,lebih mengetahui,daha iyi bilir,داناتر,plus connaisseur / plus savant,84:23,https://quranicwords.vercel.app/quran-words/alam-79f1cbb6.html
wn_a0b68a7a,239,وَعْد,waʿd,و-ع-د,noun,Noun (Ism),,49,3,3,5,promise,প্রতিশ্রুতি,وعدہ,वादा,janji,va'di,وعدۂ / وعده,promesse,17:108,https://quranicwords.vercel.app/quran-words/wad-a0b68a7a.html
wn_e91e2efa,240,غَيْب,ghayb,غ-ي-ب,noun,Noun (Ism),,49,3,3,5,unseen,অদৃশ্যের,غیب,ग़ैब,gaib,gayb,غیب / نهان,inaperçu,35:38,https://quranicwords.vercel.app/quran-words/ghayb-e91e2efa.html
wv_56304863,241,زَادَ,zāda,ز-ي-د,verb,,Form I,49,2,2,5,increased,বেশি দিয়েছেন,اضافہ کرتا ہے,ज़्यादा दी है,menambah,onun artırdı,وافزوده,a fait croître,2:247,https://quranicwords.vercel.app/quran-words/zada-56304863.html
wv_81ef818d,242,عَقَلُ,ʿaqalu,ع-ق-ل,verb,,Form I,49,2,2,5,use reason / understand,জ্ঞান রাখে,عقل رکھتی ہو / عقل سے کام لو,अक़्ल रखते हैं / अक़्ल से काम लो,kalian menggunakan akal / berakal,aklını kullanan,خرد می ورزند / خرد ورزید / خرد بورزید,raisonnent / raisonniez / raisonnerez,29:35,https://quranicwords.vercel.app/quran-words/aqalu-81ef818d.html
wv_f6a39d0b,243,كَتَبَ,kataba,ك-ت-ب,verb,,Form I,49,2,2,5,has decreed,ফরজ করা হয়েছে,لکھ دی,लिख दिया,diwajibkan / telah menetapkan,yazmıştır,نوشته است,a prescrit / a été prescrit,6:12,https://quranicwords.vercel.app/quran-words/kataba-f6a39d0b.html
wn_48a7d88a,244,بَصَر,baṣar,ب-ص-ر,noun,Noun (Ism),,48,3,3,5,vision / sight / eyes,চোখ,نگاہ / آنکھیں,आँखें / निगाहें,penglihatan / pandangan,göz,چشم,vue,75:7,https://quranicwords.vercel.app/quran-words/basar-48a7d88a.html
wn_75358335,245,مُلْك,mulk,م-ل-ك,noun,Noun (Ism),,48,3,3,5,dominion / kingdom,সার্বভৌমত্ব / রাজত্ব,بادشاہت,बादशाहत,kerajaan,mülk,فرمانروایی,règne / souveraineté,24:42,https://quranicwords.vercel.app/quran-words/mulk-75358335.html
wn_7fe5ad69,246,ساعَة,sāʿah,س-و-ع,noun,Noun (Ism),,48,3,3,6,Hour,ক্বিয়ামাত / কিয়ামত,قیامت / گھڑی,क़यामत / घड़ी,hari kiamat / sesaat,sa'at,رستاخیز,Heure / portion de temps,54:1,https://quranicwords.vercel.app/quran-words/saah-7fe5ad69.html
wn_f3825074,247,دار,dār,د-و-ر,noun,Noun (Ism),,48,3,3,6,home,ঘর,گھر,घर,rumah / tempat,yurdu,سرای,demeure,6:127,https://quranicwords.vercel.app/quran-words/dar-f3825074.html
wn_e4c348cc,248,سَمِيع,samīʿ,س-م-ع,noun,Noun (Ism),,47,3,3,6,All-Hearer / All-Hearing,সবকিছু শুনেন / সব শুনেন,سننے والا,ख़ूब सुनने वाला,Maha Mendengar,işitendir,شنوای,Celui qui entend tout / parfaitement entendeur / parfaitement audient,22:75,https://quranicwords.vercel.app/quran-words/sami-e4c348cc.html
wv_bdfe71cb,249,ظَنَّ,ẓanna,ظ-ن-ن,verb,,Form I,47,2,2,5,thought,ধারণা করেছিলে,گمان کیا,गुमान किया,menyangka / mengira,sandılar,گمان برد,ont pensé,84:14,https://quranicwords.vercel.app/quran-words/zanna-bdfe71cb.html
wn_63d80f69,250,أَب,ab,أ-ب-و,noun,Noun (Ism),,46,3,3,6,father,পিতা,باپ,बाप,bapak,babası,ابی لهب,père,12:78,https://quranicwords.vercel.app/quran-words/ab-63d80f69.html
wv_714542c9,251,نَبَّأَ,nabbaʾa,ن-ب-أ,verb,,Form II,46,2,2,6,informed,বলে দেয়,خبر دی,ख़बर दे दी,ia memberitakan,haber verdi,خبر داده می شود,a informé,66:3,https://quranicwords.vercel.app/quran-words/nabbaa-714542c9.html
wv_c29c4d82,252,شَكَرَ,shakara,ش-ك-ر,verb,,Form I,46,2,2,6,grateful,কৃতজ্ঞ হও,شکر ادا کرے,शुक्र किया,bersyukur,şükreden,سپاس گزارد,a été reconnaissant / êtes reconnaissants,54:35,https://quranicwords.vercel.app/quran-words/shakara-c29c4d82.html
wn_051fca7b,253,خَبِير,khabīr,خ-ب-ر,noun,Noun (Ism),,45,3,3,6,All-Aware,খুব অবহিত,خبر رکھنے والا / باخبر,ख़ूब ख़बर रखने वाला / ख़ूब बाख़बर,Maha Mengetahui,haber almaktadır / haber alandır,آگاه,parfaitement connaisseur,11:1,https://quranicwords.vercel.app/quran-words/khabir-051fca7b.html
wn_3045676f,254,إِيمان,īmān,أ-م-ن,noun,Verbal noun (Maṣdar),,45,3,3,7,faith,ঈমান,ایمان,ईमान,keimanan,iman,ایمان,foi,3:173,https://quranicwords.vercel.app/quran-words/iman-3045676f.html
wn_4fcd2866,255,قَدِير,qadīr,ق-د-ر,noun,Noun (Ism),,45,3,3,7,All-Powerful,সর্বশক্তিমান / ক্ষমতাবান,قدرت رکھنے والا / قادر,ख़ूब क़ुदरत रखने वाला / बहुत क़ुदरत रखने वाला,Maha Kuasa,kadirdir,تواناست,parfaitement capable,11:4,https://quranicwords.vercel.app/quran-words/qadir-4fcd2866.html
wn_99c50db0,256,صِراط,ṣirāṭ,ص-ر-ط,noun,Noun (Ism),,45,3,3,7,path / way,পথ,راستے / راستہ,तरफ़ रास्ते / रास्ता,jalan,yol,راه,chemin,3:51,https://quranicwords.vercel.app/quran-words/sirat-99c50db0.html
wv_96280695,257,يَذَرَ,yadhara,و-ذ-ر,verb,,Form I,45,2,2,6,leave / forsake,রেখে যায়,چھوڑ دیتے ہو / چھوڑ جاتے ہیں / چھوڑ دیتے ہیں,छोड़ देते हो / छोड़ जाते हैं / छोड़ देते हैं,meninggalkan,bırakıyorsunuz,بر جای می گذارند,laissent / laissez,75:21,https://quranicwords.vercel.app/quran-words/yadhara-96280695.html
wv_c9041189,258,حَكَمَ,ḥakama,ح-ك-م,verb,,Form I,45,2,2,6,judge,ফয়সালা কর,فیصلہ کرو,फ़ैसला कर चुका है,memutuskan,hükmettiğiniz,داوری کرده است,a jugé,4:58,https://quranicwords.vercel.app/quran-words/hakama-c9041189.html
wn_6f4cf8f0,259,صَدْر,ṣadr,ص-د-ر,noun,Noun (Ism),,44,3,3,7,breasts,অন্তরসমূহের,سینوں,सीनों,dada,göğüslerin,سینه ها,poitrines,114:5,https://quranicwords.vercel.app/quran-words/sadr-6f4cf8f0.html
wn_99bee912,260,مُشْرِك,mushrik,ش-ر-ك,noun,Active participle (Ism Fāʿil),,44,3,3,7,polytheists,মুশরিকদের,مشرک,मुशरिकीन / मुशरिकों,orang-orang musyrik,ortak koşanlar,مشرکان,associateurs,15:94,https://quranicwords.vercel.app/quran-words/mushrik-99bee912.html
wv_45bb9ef6,261,نَادَىٰ,nādā,ن-د-ي,verb,,Form III,44,2,2,6,called,ডেকেছিলো,پکارا / پکاریں گے,पुकारा / पुकारेंगे,berseru / menyeru,seslendi,ندا کرد,a appelé / appelleront,19:3,https://quranicwords.vercel.app/quran-words/nada-45bb9ef6.html
wv_76fe5633,262,مَلَكَتْ,malakat,م-ل-ك,verb,,Form I,44,2,2,7,possess,মালিক হয়েছে / মালিক করেছে,مالک ہوئے / مالک ہیں,मालिक हुए / मालिक हैं,memiliki / dimiliki,altında bulunan,مالک شده است,possèdent,23:6,https://quranicwords.vercel.app/quran-words/malakat-76fe5633.html
wv_9a339129,263,شَهِدَ,shahida,ش-ه-د,verb,,Form I,44,2,2,7,testify,সাক্ষ্য দিবে,گواہی دی,गवाही दी / गवाही देंगे,menjadi saksi / menyaksikan,şahidlik ettiler,گواهی دهند / گواهی دادند / گواهی دهد,témoigne,41:20,https://quranicwords.vercel.app/quran-words/shahida-9a339129.html
wv_9e8b0a25,264,حَسِبَ,ḥasiba,ح-س-ب,verb,,Form I,44,2,2,7,think,মনে করেছে / মনে করেছো,خیال کیا / سمجھ رکھا ہے / سمجھا,गुमान किया,mengira,sandılar / sandınız,پنداشته اید,ont pensé,29:4,https://quranicwords.vercel.app/quran-words/hasiba-9e8b0a25.html
wv_c7dcd7af,265,أَنذَرَ,andhara,ن-ذ-ر,verb,,Form IV,44,2,2,7,are warned,সতর্ক করা হয়েছে,خبر دار کیے گئے,डराए गए,di beri peringatan,uyarıldıkları,به آن بیم داده شدند,ont été avertis,46:3,https://quranicwords.vercel.app/quran-words/andhara-c7dcd7af.html
wn_0aa831ad,266,إِسْرائِيل,isrāʾīl,,noun,Proper noun,,43,3,3,8,Israel,ইসরাঈলের / ইসরাঈলকে,اسرائیل,बनी इस्राईल,Israil,İsrail,اسرائیل,Israël,26:197,https://quranicwords.vercel.app/quran-words/israil-0aa831ad.html
wn_684f6265,267,حَمْد,ḥamd,ح-م-د,noun,Noun (Ism),,43,3,3,8,All praise,সব প্রশংসা / সকল প্রশংসা,سب تعریف,सब तारीफ़,segala puji,hamd,ستایش,Tous les compliments,27:93,https://quranicwords.vercel.app/quran-words/hamd-684f6265.html
wn_d5b5f6ba,268,نُوح,nūḥ,,noun,Proper noun,,43,3,3,8,Nuh,নূহের / নূহকে,نوح,नूह,Nuh,Nuh,نوح,Noé,26:105,https://quranicwords.vercel.app/quran-words/nuh-d5b5f6ba.html
wn_f287ec13,269,نُور,nūr,ن-و-ر,noun,Noun (Ism),,43,3,3,8,light,আলো,نور / روشنی,नूर,cahaya,nur,روشنی / نوری,lumière,71:16,https://quranicwords.vercel.app/quran-words/nur-f287ec13.html
wn_0b42a79e,270,جَزاء,jazāʾ,ج-ز-ي,noun,Noun (Ism),,42,3,3,8,recompense / reward,প্রতিফল / পুরস্কার / প্রতিদান,بدلہ,बदला,balasan,cezası,سزای / پاداش,récompense non-diminuée,78:26,https://quranicwords.vercel.app/quran-words/jaza-0b42a79e.html
wn_d08bc914,271,سَلام,salām,س-ل-م,noun,Noun (Ism),,42,3,3,9,Peace,সালাম / শান্তি,سلام,सलाम,selamat / kesejahteraan,selam,سلام,Paix,36:58,https://quranicwords.vercel.app/quran-words/salam-d08bc914.html
wn_e308d1d0,272,كَلِمَة,kalimah,ك-ل-م,noun,Noun (Ism),,42,3,3,9,word,বাণী,بات,बात,kalimat,söz,سخن,parole,43:28,https://quranicwords.vercel.app/quran-words/kalimah-e308d1d0.html
wp_919337f2,273,سَوْفَ,sawfa,,particle,Future particle,,42,1,1,10,will,শীঘ্রই,عنقریب,अनक़रीब,kelak,yakında,به زودی,Bientôt,53:40,https://quranicwords.vercel.app/quran-words/sawfa-919337f2.html
wv_24e4f4c4,274,أُدْخِلَ,udkhila,د-خ-ل,verb,,Form IV,42,2,2,7,admitted,প্রবেশ করানো হবে,داخل کئے جائیں گے,दाख़िल कर दिया गया,dimasukkan,sokuldular,داخل شدند,est mis à entrer,3:185,https://quranicwords.vercel.app/quran-words/udkhila-24e4f4c4.html
wv_5e7505a4,275,ٱسْتَطَاعَ,astaṭāʿa,ط-و-ع,verb,,Form X,42,2,2,8,are able / can,পারো / সমর্থ হও,استطاعت رکھتے ہو / استطاعت رکھتا ہے,इस्तिताअत रखते हो,sanggup,gücü yeten,توانید,êtes capables,55:33,https://quranicwords.vercel.app/quran-words/astataa-5e7505a4.html
wv_b0d3c5b2,276,سَبَّحَ,sabbaḥa,س-ب-ح,verb,,Form II,42,2,2,8,Glorifies,তসবীহ করে,تسبیح کی ہے,तस्बीह की है,bertasbih,tesbih eder,به پاکی می ستاید,Déclare La Perfection,57:1,https://quranicwords.vercel.app/quran-words/sabbaha-b0d3c5b2.html
wn_4011a09f,277,فَوْق,fawq,ف-و-ق,noun,Noun (Ism),,41,3,3,9,over / above,উপর,اوپر,ऊपर,di atas / diatas,üstünde / üstüne,بالای / فراز,au-dessus,6:18,https://quranicwords.vercel.app/quran-words/fawq-4011a09f.html
wn_b3fba3aa,278,بَحْر,baḥr,ب-ح-ر,noun,Noun (Ism),,41,3,3,9,sea,সাগরের / সমুদ্রের,سمندر,समुन्दर,laut,deniz,دریا,mer,24:40,https://quranicwords.vercel.app/quran-words/bahr-b3fba3aa.html
wn_b6d72512,279,سُبْحان,subḥān,س-ب-ح,noun,Noun (Ism),,41,3,3,9,Glory be,পবিত্র,پاک,पाक,Maha Suci,şanı yücedir,پاک,Perfection,37:159,https://quranicwords.vercel.app/quran-words/subhan-b6d72512.html
wv_523e89b0,280,حَمَلَ,ḥamala,ح-م-ل,verb,,Form I,41,2,2,8,carried,আরোহণ করিয়েছিলাম,اٹھایا / سوار کیا,सवार किया / उठाया,bawa,taşıdıklarımız,برداشتیم,avons porté,36:41,https://quranicwords.vercel.app/quran-words/hamala-523e89b0.html
wv_6e525dbc,281,عَلَّمَ,ʿallama,ع-ل-م,verb,,Form II,41,2,2,8,taught,শিখিয়েছেন,سکھایا,सिखाया / सिखाए गए,mengajarkan / telah diajar,öğretti,آموخت,a enseigné,55:2,https://quranicwords.vercel.app/quran-words/allama-6e525dbc.html
wv_84bcefb1,282,عَذَّبَ,ʿadhdhaba,ع-ذ-ب,verb,,Form II,41,2,2,8,punished,শাস্তি দিলেন,عذاب دیا,अज़ाब दिया,mengazab,azab etti,وعذاب کرد,a châtié,9:26,https://quranicwords.vercel.app/quran-words/adhdhaba-84bcefb1.html
wn_1d0153f1,283,شَرِيك,sharīk,ش-ر-ك,noun,Noun (Ism),,40,3,3,10,partners,অংশীদার / শরিক,شریک,शरीक,sekutu,ortağı / ortaklar,شریکانی,associés,7:190,https://quranicwords.vercel.app/quran-words/sharik-1d0153f1.html
wn_a8dd882f,284,كَبِير,kabīr,ك-ب-ر,noun,Noun (Ism),,40,3,3,10,great,বড় / মহা,بڑا / بڑی,बहुत बड़ा / बहुत बड़ी,besar,büyük,بزرگ,grand,17:43,https://quranicwords.vercel.app/quran-words/kabir-a8dd882f.html
wn_b9cbc241,285,وَيْل,wayl,,noun,Noun (Ism),,40,3,3,10,woe,দুর্ভোগ / ধ্বংস,ہلاکت,हलाकत,kecelakaan / celakalah,vay haline,وای,malheur,107:4,https://quranicwords.vercel.app/quran-words/wayl-b9cbc241.html
wp_de436714,286,كَأَنَّ,kaʾanna,,particle,Accusative particle (Ḥarf Naṣb),,40,1,1,10,as if,যেন,گویا,गोया कि,seakan-akan,sanki,گویی,comme si,45:8,https://quranicwords.vercel.app/quran-words/kaanna-de436714.html
wv_274872c8,287,تَوَكَّلْ,tawakkal,و-ك-ل,verb,,Form V,40,2,2,9,put my trust / put our trust,নির্ভর করেছি / নির্ভর করছি / ভরসা করেছি,توکل کیا / نے بھروسہ کیا,तवक्कल किया / तवक्कुल किया,bertawakkal / bertawakal,dayandım / güvendim,توکل کردم / توکل کردیم,ai placé ma confiance / avons placé notre confiance,9:129,https://quranicwords.vercel.app/quran-words/tawakkal-274872c8.html
wv_2ce03568,288,تَرَكَ,taraka,ت-ر-ك,verb,,Form I,40,2,2,9,left,ছেড়ে গেছে,چھوڑا / چھوڑ جائیں,छोड़ जाऐं / छोड़ा / बाक़ी रखा,tinggalkan / meninggalkan,bıraktık,بر جای نهاده است,avons laissés / a laissé / ont laissé,4:33,https://quranicwords.vercel.app/quran-words/taraka-2ce03568.html
wv_4a2045c1,289,أَرَيْ,aray,ر-أ-ي,verb,,Form IV,40,2,2,9,show,দেখাই আমরা,دکھائیں,दिखा दें,perhatikan,gösteriyorduk,می نمایانیم,avons montré,6:75,https://quranicwords.vercel.app/quran-words/aray-4a2045c1.html
wv_6618b7f1,290,ٱهْتَدَىٰ,ahtadā,ه-د-ي,verb,,Form VIII,40,2,2,9,accept guidance / accepts guidance / guided,সৎপথ অবলম্বন করেছে,ہدایت پائی / ہدایت پا گیا / ہدایت پاگئے,हिदायत पाई / हिदायत पा गया / हिदायत पा गए,mendapat petunjuk,yola gelen,راه یافت / هدایت یافته اند,est guidé,47:17,https://quranicwords.vercel.app/quran-words/ahtada-6618b7f1.html
wv_8cce80ad,291,خَشِىَ,khashiā,خ-ش-ي,verb,,Form I,40,2,2,9,feared / fears,ভয় করে,ڈر گیا تھا,डरा,takut,korkan,بترسد,a craint,50:33,https://quranicwords.vercel.app/quran-words/khashia-8cce80ad.html
wv_a0e233c6,292,بِئْسَ,biʾsa,ب-أ-س,verb,,Form I,40,2,2,10,wretched,কত নিকৃষ্ট / অতি নিকৃষ্ট,کتنا برا ہے,कितना बुरा है / कितनी बुरी है,seburuk-buruk / amat buruk,ne kötü,بد,comme est mauvais,14:29,https://quranicwords.vercel.app/quran-words/bisa-a0e233c6.html
wv_b757a63e,293,بَلَغَ,balagha,ب-ل-غ,verb,,Form I,40,2,2,10,reach,পৌঁছে,پہنچا,पहुँचा / पहुँचें,sampai,erişince,رسید / برسند,a atteint / ont atteint,24:59,https://quranicwords.vercel.app/quran-words/balagha-b757a63e.html
wv_f0b09595,294,ٱسْتَغْفَرَ,astaghfara,غ-ف-ر,verb,,Form X,40,2,2,10,asked forgiveness,ক্ষমা চাইত,بخشش مانگتا,बख़्शिश माँगते,maka,bağışlanma dileseler,آمرزش خواست,a ensuite demandé pardon,38:24,https://quranicwords.vercel.app/quran-words/astaghfara-f0b09595.html
wv_f511a3a7,295,ٱسْتَكْبَرَ,astakbara,ك-ب-ر,verb,,Form X,40,2,2,10,were arrogant,অহংকার করেছিলো,تکبر کیا,तकब्बुर किया,menyombongkan diri,büyüklük taslayan / büyüklük tasladılar,تکبر ورزید,ont été orgueilleux / sont devenus orgueilleux,7:76,https://quranicwords.vercel.app/quran-words/astakbara-f511a3a7.html
wn_9ea8f76c,296,اسْم,asm,س-م-و,noun,Noun (Ism),,39,3,3,10,name,নাম,نام,नाम,nama,adı / isimler,نام,Nom,87:1,https://quranicwords.vercel.app/quran-words/asm-9ea8f76c.html
wn_cb017063,297,جَبَل,jabal,ج-ب-ل,noun,Noun (Ism),,39,3,3,10,mountains,পাহাড়গুলো,پہاڑ,पहाड़,gunung-gunung,dağlar,کوه ها,montagnes,24:43,https://quranicwords.vercel.app/quran-words/jabal-cb017063.html
wn_dd6665d3,298,حِساب,ḥisāb,ح-س-ب,noun,Verbal noun (Maṣdar),,39,3,4,1,account,হিসাব,حساب,हिसाब,perhitungan,hesabı / hesap,حساب / شمار,Dénombrement,78:27,https://quranicwords.vercel.app/quran-words/hisab-dd6665d3.html
wn_ece308e2,299,مُسْلِم,muslim,س-ل-م,noun,Active participle (Ism Fāʿil),,39,3,4,1,Muslims,মুসলমান / আত্মসমর্পণকারী,مسلمان,फ़रमाबरदार / मुसलमान,orang-orang yang berserah diri,müslüman,مسلمان,musulmans / soumis,15:2,https://quranicwords.vercel.app/quran-words/muslim-ece308e2.html
wp_1b2ee54c,300,أَلَا,alā,,particle,Attention particle (Tanbīh),,39,1,1,10,Behold,জেনে রাখ,خبردار,ख़बरदार,ingatlah,iyi bilin ki,آگاه باشید,Sans doute,7:131,https://quranicwords.vercel.app/quran-words/ala-1b2ee54c.html
wv_3bb85999,301,مَّاتَ,mmāta,م-و-ت,verb,,Form I,39,2,2,10,die / are dead,মরে গেছে / মরে যাব,مرگئے / مرجائیں گے,मर गए / मर जाऐंगे,mati,öldüğümüz / ölenler,مردند / بمیریم,sont morts / serons morts,3:158,https://quranicwords.vercel.app/quran-words/mmata-3bb85999.html
wv_b5fedb76,302,حَرَّمَ,ḥarrama,ح-ر-م,verb,,Form II,39,2,3,1,forbidden,নিষিদ্ধ করেছেন,حرام کی,हराम किया / हराम की,mengharamkan / diharamkan,haram etti,حرام کرده است / حرام شده است / حرام ساخته است,a interdit / a rendu interdit,7:33,https://quranicwords.vercel.app/quran-words/harrama-b5fedb76.html
wn_284c1dee,303,مُحْسِن,muḥsin,ح-س-ن,noun,Active participle (Ism Fāʿil),,38,3,4,1,good-doers,সৎকর্মশীলদের,احسان کرنے والوں / محسنین,एहसान करने वालों / मोहसिनीन,orang-orang yang berbuat baik / orang-orang yang berbuat kebaikan,güzel davrananları,نیکو کاران / نیکوکاران,bienfaiteurs,16:128,https://quranicwords.vercel.app/quran-words/muhsin-284c1dee.html
wn_4a779a19,304,ضَلال,ḍalāl,ض-ل-ل,noun,Noun (Ism),,38,3,4,1,error,বিভ্রান্তির,گمراہی,गुमराही,kesesatan,sapıklık,گمراهی,égarement,36:24,https://quranicwords.vercel.app/quran-words/dalal-4a779a19.html
wn_cc2c37fe,305,مَعْرُوف,maʿrūf,ع-ر-ف,noun,Passive participle (Ism Mafʿūl),,38,3,4,1,kind / right,সদ্ভাবে / সৎকাজের,بھلی / اچھی / بھلائی,भली / भलाई / भले तरीक़े,baik,güzel,پسندیده,convenable,2:263,https://quranicwords.vercel.app/quran-words/maruf-cc2c37fe.html
wn_e26df6eb,306,مَيِّت,mayyit,م-و-ت,noun,Noun (Ism),,38,3,4,2,dead,মৃত,مردہ / مردوں,मुर्दों / मुर्दा / मुर्दे,mati,ölüler,مردگان / مرده,mort,16:21,https://quranicwords.vercel.app/quran-words/mayyit-e26df6eb.html
wv_25ee2cca,307,بُشِّرَ,bushshira,ب-ش-ر,verb,,Form II,38,2,3,1,is given good news,সুখবর দেয়া হয়,خوش خبری دی جاتی ہے,ख़ुशख़बरी दी जाती है,dikabarkan,müjdelendiği,مژده داده شود,reçoit bonne nouvelle,16:58,https://quranicwords.vercel.app/quran-words/bushshira-25ee2cca.html
wv_c6eaa00c,308,رَّضِىَ,rraḍiā,ر-ض-و,verb,,Form I,38,2,3,1,are pleased / is pleased / satisfied,সন্তুষ্ট হয়েছে,راضی ہوگئے / راضی ہوگیا,राज़ी हो गए / राज़ी हो गया,rela / ridha,razı olmuştur / da razı olmuşlardır,خشنود شدند,sont devenus satisfaits / Est devenu satisfait,9:100,https://quranicwords.vercel.app/quran-words/rradia-c6eaa00c.html
wn_1cc443df,309,سُلْطان,sulṭān,س-ل-ط,noun,Noun (Ism),,37,3,4,2,authority,প্রমাণ,دلیل / زور,दलील / ज़ोर,kekuasaan,delil / yetki,دلیلی / حجتی,preuve autoritaire / autorité,37:156,https://quranicwords.vercel.app/quran-words/sultan-1cc443df.html
wn_35f8864e,310,مُسْتَقِيم,mustaqīm,ق-و-م,noun,Active participle (Ism Fāʿil),,37,3,4,2,straight,সরল সঠিক / সরল-সঠিক,سیدھے / سیدھا,सीधे / सीधा,lurus,doğru,راست,droit,4:68,https://quranicwords.vercel.app/quran-words/mustaqim-35f8864e.html
wn_8cf21d99,311,بَشَر,bashar,ب-ش-ر,noun,Noun (Ism),,37,3,4,2,man,একজন মানুষ,انسان,इन्सान,manusia,insan,آدمی,humain,23:34,https://quranicwords.vercel.app/quran-words/bashar-8cf21d99.html
wn_c4371bf4,312,ذَنب,dhanb,ذ-ن-ب,noun,Noun (Ism),,37,3,4,2,sin,অভিযোগ,گناہ,गुनाह,dosa,günahları,گناه,crime / péchés,81:9,https://quranicwords.vercel.app/quran-words/dhanb-c4371bf4.html
wn_dfad5b00,313,كُفْر,kufr,ك-ف-ر,noun,Noun (Ism),,37,3,4,3,disbelief,অবিশ্বাস,کفر,कुफ़्र,kekafiran,inkarı,کفر,mécréance,14:28,https://quranicwords.vercel.app/quran-words/kufr-dfad5b00.html
wn_f80b853a,314,فاسِق,fāsiq,ف-س-ق,noun,Active participle (Ism Fāʿil),,37,3,4,3,defiantly disobedient,সত্যত্যাগী,فاسق / نافرمان,फ़ासिक़,orang-orang yang fasik / orang-orang fasik,yoldan çıkan / yoldan çıkmış,نافرمان,immoraux,43:54,https://quranicwords.vercel.app/quran-words/fasiq-f80b853a.html
wv_19cf20e7,315,حَشَرَ,ḥashara,ح-ش-ر,verb,,Form I,37,2,3,1,are gathered,একত্র করা হবে,اکٹھا کر لاتے,इकट्ठा कर लाते,dikumpulkan / mengumpulkan,araya toplandığı,محشور شوند,a ensuite assemblé,46:6,https://quranicwords.vercel.app/quran-words/hashara-19cf20e7.html
wv_3e9b9fcb,316,يَحْزُن,yaḥzun,ح-ز-ن,verb,,Form I,37,2,3,1,will grieve,দুঃখিত হবে,غمگین ہوں گے / غمگین ہونگے,ग़मगीन होंगे,bersedih hati,üzülmeyeceklerdir / üzülecek,اندوهگین می شوند,seront tristes,43:68,https://quranicwords.vercel.app/quran-words/yahzun-3e9b9fcb.html
wv_753bb09e,317,صَدَّ,ṣadda,ص-د-د,verb,,Form I,37,2,3,2,turn away / hinder,বাধা দিয়েছে / বাধা দেয়,روکا,रोका,menghalang-halangi / menghalangi,engel olanlar / engel oldular,بازداشتند / باز داشتند,se sont détournés / ont ensuite bloqué,47:1,https://quranicwords.vercel.app/quran-words/sadda-753bb09e.html
wv_ff34d95e,318,نَجَّىٰ,najjā,ن-ج-و,verb,,Form II,37,2,3,2,saved,রক্ষা করলাম / উদ্ধার করেছিলাম,نجات دی,निजात दी,selamatkan,kurtardık,نجات دادیم,avons sauvé,44:30,https://quranicwords.vercel.app/quran-words/najja-ff34d95e.html
wn_3539fb45,319,أَحْسَن,aḥsan,ح-س-ن,noun,Noun (Ism),,36,3,4,3,best / better,উত্তম,زیادہ اچھا / بہترین,ज़्यादा अच्छा / बेहतरीन,lebih baik / sebaik-baik,en güzel / daha güzel,نیکوتر,meilleur,95:4,https://quranicwords.vercel.app/quran-words/ahsan-3539fb45.html
wv_ed3df04a,320,رَدَّ,radda,ر-د-د,verb,,Form I,36,2,3,2,returned,ফেরত দেয়া হয়েছে,لوٹائے جائیں گے / پھیر دیا,फेर दिया / लौटा दी गई है / लौटाए जाते हैं,dikembalikan,geri verilmiş,باز گرداند شده است,ont été rendues / seront retournés,14:9,https://quranicwords.vercel.app/quran-words/radda-ed3df04a.html
wv_fa8ef53d,321,ذاقُ,dhāqu,ذ-و-ق,verb,,Form I,36,2,3,2,tasted,স্বাদ নিয়েছে,چکھا,चखा,merasakan,taddı,چشیدند,ont goûté / ont donc goûté,59:15,https://quranicwords.vercel.app/quran-words/dhaqu-fa8ef53d.html
wn_17e84279,322,مُرْسَل,mursal,ر-س-ل,noun,Passive participle (Ism Mafʿūl),,35,3,4,3,Messengers,রাসূলদের,رسولوں,रसूलों,para Rasul,elçiler,پیامبران / فرستادگان,Messagers,26:123,https://quranicwords.vercel.app/quran-words/mursal-17e84279.html
wn_6a59a34f,323,أُمّ,umm,أ-م-م,noun,Noun (Ism),,35,3,4,3,mother,মায়ের / মূল,ماں / اصل,मूसा की माँ,ibu / ummul,ana,اصل / مادر,partie principale / mère,28:10,https://quranicwords.vercel.app/quran-words/umm-6a59a34f.html
wn_a1442ced,324,مَتاع,matāʿ,م-ت-ع,noun,Noun (Ism),,35,3,4,4,enjoyment / provision,ভোগসামগ্রী,سامان,सामान / फ़ायदा उठाना,kesenangan,geçimi,بهره,biens,16:117,https://quranicwords.vercel.app/quran-words/mata-a1442ced.html
wn_bbfd04ed,325,إِثْم,ithm,أ-ث-م,noun,Noun (Ism),,35,3,4,4,sin,পাপ,گناہ,गुनाह,dosa,günah,گناه,péché,4:50,https://quranicwords.vercel.app/quran-words/ithm-bbfd04ed.html
wn_ec2be04b,326,حِين,ḥīn,ح-ي-ن,noun,Noun (Ism),,35,3,4,4,time / when,যখন,وقت,जिस वक़्त / वक़्त तक,ketika,zaman / süreye,مدتی / وقتی که,moment / temps,37:174,https://quranicwords.vercel.app/quran-words/hin-ec2be04b.html
wn_f775d16f,327,نَصِير,naṣīr,ن-ص-ر,noun,Noun (Ism),,35,3,4,4,any helper / helpers,সাহায্যকারী,مددگار,मददगार,penolong,yardımcı,یاوری,fort aideur contre les ennemis / aideurs contre les ennemis,2:107,https://quranicwords.vercel.app/quran-words/nasir-f775d16f.html
wv_075ab2ec,328,ٱخْتَلَفَ,akhtalafa,خ-ل-ف,verb,,Form VIII,35,2,3,2,differed,মতভেদ করেছিল,اختلاف کیا,इख़्तिलाफ़ किया,berselisih / perselisihkan,ayrılığa düşen,اختلاف کردند,ont été en désaccord,19:37,https://quranicwords.vercel.app/quran-words/akhtalafa-075ab2ec.html
wv_0ea0c45f,329,ٱسْتَوَىٰ,astawā,س-و-ي,verb,,Form VIII,35,2,3,3,established,সমাসীন হন,مستوی ہوا,बुलन्द हुआ,menuju,istiva etti,قرار گرفت,s’est établi,13:2,https://quranicwords.vercel.app/quran-words/astawa-0ea0c45f.html
wv_6099a552,330,سَجَدَ,sajada,س-ج-د,verb,,Form I,35,2,3,3,prostrated,সিজদা করলো,سجدہ کیا,सजदा किया,bersujud,secde ettiler,سجده کردند,se sont donc prosternés / se sont ensuite prosternés / se sont prosternés,15:30,https://quranicwords.vercel.app/quran-words/sajada-6099a552.html
wv_99572ef6,331,ذَهَبَ,dhahaba,ذ-ه-ب,verb,,Form I,35,2,3,3,went / Have gone,কেটে গেছে,چلا گیا,चला गया,pergi,gidince / gitti,برفت,Sont parties,75:33,https://quranicwords.vercel.app/quran-words/dhahaba-99572ef6.html
wv_d0399eb5,332,بَيَّنُ,bayyanu,ب-ي-ن,verb,,Form II,35,2,3,3,have made clear,বর্ণনা করেছি,بیان کردیا,वाज़ेह कर दीं,menerangkan,açıkladık,بیان کردیم,avons rendu clairs,57:17,https://quranicwords.vercel.app/quran-words/bayyanu-d0399eb5.html
wv_f54d50f2,333,نَسِىَ,nasiā,ن-س-ي,verb,,Form I,35,2,3,3,forgot,ভুলে গিয়েছে,بھول گئے / بھول گیا,भूल गए / भूल गया,lupa,unuttu,فراموش کردند,ont oublié / a oublié,20:115,https://quranicwords.vercel.app/quran-words/nasia-f54d50f2.html
wn_6ff3c43f,334,مَرْيَم,maryam,,noun,Proper noun,,34,3,4,4,Maryam,মারইয়ামের,مریم,ईसा इब्ने मरियम / मसीह इब्ने मरियम,Maryam,Meryem,مریم,Marie,4:156,https://quranicwords.vercel.app/quran-words/maryam-6ff3c43f.html
wn_a283c033,335,فِتْنَة,fitnah,ف-ت-ن,noun,Noun (Ism),,34,3,4,5,trial / oppression,পরীক্ষা / বিপর্যয়,فتنہ / آزمائش,फ़ितना / आज़माइश,fitnah,fitne,فتنه / آزمایشی,grande épreuve,54:27,https://quranicwords.vercel.app/quran-words/fitnah-a283c033.html
wn_cc4d74c9,336,آلاء,ālāʾ,أ-ل-و,noun,Noun (Ism),,34,3,4,5,favors,অনুগ্রহকে / অনুগ্রহ সমূহকে,نعمتوں,नेअमतों,ni'mat,ni'metlerini,نعمت,bienfaits,55:13,https://quranicwords.vercel.app/quran-words/ala-cc4d74c9.html
wv_7a7e35f9,337,ٱبْتَغَىٰ,abtaghā,ب-غ-ي,verb,,Form VIII,34,2,3,4,seeks,কামনা করে,تلاش کرے,चाहा,ia mencari,ararsa,بجوید,cherche,23:7,https://quranicwords.vercel.app/quran-words/abtagha-7a7e35f9.html
wn_18297d7f,338,حَرام,ḥarām,ح-ر-م,noun,Noun (Ism),,33,3,4,5,Al-Haraam / sacred,হারাম,حرام,हराम,Haram,haram,الحرام,Al-Ḥarâm / sacré,2:149,https://quranicwords.vercel.app/quran-words/haram-18297d7f.html
wn_658b46c9,339,شَمْس,shams,ش-م-س,noun,Noun (Ism),,33,3,4,5,sun,সূর্য,سورج,सूरज,matahari,güneş,آفتاب,soleil,55:5,https://quranicwords.vercel.app/quran-words/shams-658b46c9.html
wn_9b48bde8,340,فَرِيق,farīq,ف-ر-ق,noun,Noun (Ism),,33,3,4,5,party / group,একদল,گروہ,गिरोह,segolongan,grup / kısmını,گروهی,groupe,2:100,https://quranicwords.vercel.app/quran-words/fariq-9b48bde8.html
wn_b67cb631,341,كَذِب,kadhib,ك-ذ-ب,noun,Noun (Ism),,33,3,4,6,lie,মিথ্যা,جھوٹ,झूठ,kedustaan / kebohongan,yalan,دروغ,mensonge,23:38,https://quranicwords.vercel.app/quran-words/kadhib-b67cb631.html
wn_bb9d9330,342,نَعَم,naʿam,ن-ع-م,noun,Noun (Ism),,33,3,4,6,cattle,গবাদিপশু,مویشی,मवेशियों / मवेशी,binatang ternak,hayvanlar,دام ها / چهارپایان,bétail,42:11,https://quranicwords.vercel.app/quran-words/naam-bb9d9330.html
wp_56618f49,343,كَلَّا,kallā,,particle,Aversion particle,,33,1,1,10,By no means,কখনও না,ہرگز نہیں,हरगिज़ नहीं,sekali-kali tidak,hayır,هرگز چنین نیست,"Non, pas du tout",70:15,https://quranicwords.vercel.app/quran-words/kalla-56618f49.html
wv_299f8504,344,قَامَ,qāma,ق-و-م,verb,,Form I,33,2,3,4,stand / stood up,উঠে,کھڑے ہوتے ہیں,खड़े होते हैं,berdiri,dikilip kalırlar,برخیزند,se mettent debout,2:20,https://quranicwords.vercel.app/quran-words/qama-299f8504.html
wn_1773fe6f,345,خاسِر,khāsir,خ-س-ر,noun,Active participle (Ism Fāʿil),,32,3,4,6,losers,ক্ষতিগ্রস্ত,خسارہ پانے والے,ख़सारा पाने वाले / ख़सारा पाने वालों,orang-orang yang rugi / orang-orang yang merugi,ziyana uğrayanlar,زیانکاران / زیان کاران اند,perdants,3:149,https://quranicwords.vercel.app/quran-words/khasir-1773fe6f.html
wn_2fc1f773,346,زَكاة,zakāh,ز-ك-و,noun,Noun (Ism),,32,3,4,6,zakah,যাকাত / জাকাত,زکوۃ,ज़कात,zakat,zekatı,زکات,don charitable,30:39,https://quranicwords.vercel.app/quran-words/zakah-2fc1f773.html
wn_342357fb,347,كاذِب,kādhib,ك-ذ-ب,noun,Active participle (Ism Fāʿil),,32,3,4,6,liars,মিথ্যাবাদী,جھوٹوں / جھوٹے / جھوٹا,झूठे / झूठों / झूठा,orang-orang yang berdusta,yalancı,دروغگوی / دروغ گویان,menteurs,26:223,https://quranicwords.vercel.app/quran-words/kadhib-342357fb.html
wn_d57ca55a,348,ذُرِّيَّة,dhurriyyah,ذ-ر-ر,noun,Noun (Ism),,32,3,4,7,offspring / descendants,বংশধর,اولاد,औलाद,keturunan,nesil / çocuklar,فرزندانی / اولاد,descendants,3:38,https://quranicwords.vercel.app/quran-words/dhurriyyah-d57ca55a.html
wn_fede4f02,349,عاقِبَة,ʿāqibah,ع-ق-ب,noun,Noun (Ism),,32,3,4,7,end,পরিণাম,انجام,अंजाम,akibat,sonu,سرانجام / فرجام,fin / résultat,37:73,https://quranicwords.vercel.app/quran-words/aqibah-fede4f02.html
wv_6a201b4e,350,أَعْرَضَ,aʿraḍa,ع-ر-ض,verb,,Form IV,32,2,3,4,turns away / turn away,মুখ ফিরিয়ে নেয় / বিমুখ হবে / মুখ ফিরায়,روگردانی کی,ऐराज़ किया / ऐराज़ करता है,berpaling,yüz çeviren / yüz çevirirlerse / yüz çevirirse,روبگرداند / روی بگرداند,se détourne,20:100,https://quranicwords.vercel.app/quran-words/arada-6a201b4e.html
wv_81beb920,351,كَفَىٰ,kafā,ك-ف-ي,verb,,Form I,32,2,3,4,sufficient,যথেষ্ট,کافی ہے,काफ़ी है,cukuplah,yeter,کافی است / همین بس که,est suffisant,4:70,https://quranicwords.vercel.app/quran-words/kafa-81beb920.html
wv_bdb5ae00,352,نَهَىٰ,nahā,ن-ه-ي,verb,,Form I,32,2,3,4,were forbidden,নিষেধ করা হয়েছিল / নিষেধ করা হয়েছে,روکے گئے / روکا گیا ہوں,रोके गए थे / रोका गया हूँ,dilarang,men'olundum,نهی شده اند,ont reçu l’interdiction / ont été interdits,6:28,https://quranicwords.vercel.app/quran-words/naha-bdb5ae00.html
wn_61356c4e,353,واحِدَة,wāḥidah,و-ح-د,noun,Noun (Ism),,31,3,4,7,one / single,একই / একটি,ہی / ایک,ही,satu,tek,یگانه,seul,54:50,https://quranicwords.vercel.app/quran-words/wahidah-61356c4e.html
wn_93094e09,354,حَسَنَة,ḥasanah,ح-س-ن,noun,Noun (Ism),,31,3,4,7,good,কল্যাণ / উত্তম,بھلائی / اچھا,भलाई / अच्छा,kebaikan,iyilik / güzel,نیکو / نیکی,bien / bon,16:122,https://quranicwords.vercel.app/quran-words/hasanah-93094e09.html
wn_c731fd23,355,أَشَدّ,ashadd,ش-د-د,noun,Noun (Ism),,31,3,4,7,stronger / mightier,অধিকতর,زیادہ شدید / زیادہ سخت,ज़्यादा शदीद / ज़्यादा सख़्त,sangat / lebih,daha,سخت تر,plus fort / plus sévères,37:11,https://quranicwords.vercel.app/quran-words/ashadd-c731fd23.html
wn_d196a876,356,حَيْث,ḥayth,ح-ي-ث,noun,Noun (Ism),,31,3,4,8,where,যেখান,جہاں,जहाँ,dimana / arah,nerede / yerde,هر جا که / جایی که / آنجا که,où,7:182,https://quranicwords.vercel.app/quran-words/hayth-d196a876.html
wp_1c7f219d,357,إِذًا,idhanā,,particle,Answer particle,,31,1,2,1,then / in that case,তাহলে / তখন,تب,तब,kalau begitu,o takdirde,در آن صورت,alors,53:22,https://quranicwords.vercel.app/quran-words/idhana-1c7f219d.html
wv_0475336c,358,نَفَعَ,nafaʿa,ن-ف-ع,verb,,Form I,31,2,3,5,benefits,কল্যাণকর হয়,فائدہ دے,फ़ायदा दे,berguna,yarar verirse,سود دهد,profite,87:9,https://quranicwords.vercel.app/quran-words/nafaa-0475336c.html
wn_0a09e637,359,حُكْم,ḥukm,ح-ك-م,noun,Noun (Ism),,30,3,4,8,judgment / wisdom / decision,প্রজ্ঞা,حکم / فیصلہ,हुक्म / हिकमत,hikmah,hüküm,حکم,sagesse / jugement,5:50,https://quranicwords.vercel.app/quran-words/hukm-0a09e637.html
wn_7bae634c,360,شَرّ,sharr,ش-ر-ر,noun,Noun (Ism),,30,3,4,8,evil / worst,অনিষ্ট / নিকৃষ্ট,شر / بدترین,शर / बदतरीन,kejahatan,şer,گزند / بدترین,mal / pires,113:2,https://quranicwords.vercel.app/quran-words/sharr-7bae634c.html
wn_7eba1659,361,قُوَّة,quwwah,ق-و-ي,noun,Noun (Ism),,30,3,4,8,strength / power,শক্তি,قوت,क़ुव्वत,kekuatan,kuvvet,نیرو / توانایی,puissance,27:33,https://quranicwords.vercel.app/quran-words/quwwah-7eba1659.html
wn_c5043e2d,362,كَرِيم,karīm,ك-ر-م,noun,Noun (Ism),,30,3,4,8,noble,সম্মানজনক / সম্মানিত,عزت والا / معزز,इज़्ज़त वाला / मुअज़्ज़िज़,mulia,güzel / değerli,ارجمند / نیکو,honorable,44:26,https://quranicwords.vercel.app/quran-words/karim-c5043e2d.html
wn_c61795a4,363,عاد,ʿād,ع-د-و,noun,Proper noun,,30,3,4,9,Aad,আদ,عاد,आद,kaum 'Ad / melampaui batas,Ad,عاد,ʿÂd,53:50,https://quranicwords.vercel.app/quran-words/ad-c61795a4.html
wn_d3fcbc90,364,مَلَأ,malaʾ,م-ل-أ,noun,Noun (Ism),,30,3,4,9,chiefs,প্রধান ব্যক্তিরা / প্রধানরা / সভাসদবৃন্দ,سردار,सरदारों,pemuka-pemuka / pembesar-pembesar,ileri gelenler,مهتران / بزرگان,notables,11:38,https://quranicwords.vercel.app/quran-words/mala-d3fcbc90.html
wn_dd81959a,365,واحِد,wāḥid,و-ح-د,noun,Noun (Ism),,30,3,4,9,One,এক,ایک / ہی,ही,satu / Maha Esa,tek,یگانه / یگانۂ,Seul / Unique,16:22,https://quranicwords.vercel.app/quran-words/wahid-dd81959a.html
wn_e2dceccb,366,طَيِّبَة,ṭayyibah,ط-ي-ب,noun,Noun (Ism),,30,3,4,9,good,পবিত্র,پاکیزہ,पाकीज़ा,baik,güzel,پاکیزه,bonnes choses,2:172,https://quranicwords.vercel.app/quran-words/tayyibah-e2dceccb.html
wv_87b66e8e,367,وَلَّىٰ,wallā,و-ل-ي,verb,,Form II,30,2,3,5,turn,ফিরে পালালো,پھرگئے,गए,berpaling,döndüler,روی بگردانند,se retournent / s’est détourné,30:52,https://quranicwords.vercel.app/quran-words/walla-87b66e8e.html
wv_b85c353e,368,لَبِثَ,labitha,ل-ب-ث,verb,,Form I,30,2,3,5,remained,অবস্থান করেছ,ٹھہرا / ٹھہرے,ठहरे / ठहरा रहा,tinggal / berdiam,kaldı,درنگ کردند,sont restés,29:14,https://quranicwords.vercel.app/quran-words/labitha-b85c353e.html
wv_be784017,369,عَسَىٰٓ,ʿasā,ع-س-ي,verb,,Form I,30,2,3,5,perhaps / may be,হয়তো / আশা করা যায় / সম্ভবতঃ,امید ہے,उम्मीद है / हो सकता है,mudah-mudahan / boleh jadi,belki / umulur ki,امید است,se peut,28:9,https://quranicwords.vercel.app/quran-words/asa-be784017.html
wv_dce2ad9b,370,سَآءَ,saʾāʾa,س-و-أ,verb,,Form I,30,2,3,5,evil,নিকৃষ্ট,کتنا برا ہے,कितना बुरा है,amat buruk,ne kötü,بد,est mauvais,9:9,https://quranicwords.vercel.app/quran-words/saaa-dce2ad9b.html
wn_0aba45ff,371,نَبَأ,nabaʾ,ن-ب-أ,noun,Noun (Ism),,29,3,4,9,news,সংবাদ,خبر,ख़बर,berita,haberi,خبر,information,26:69,https://quranicwords.vercel.app/quran-words/naba-0aba45ff.html
wn_5fcbde02,372,جُند,jund,ج-ن-د,noun,Noun (Ism),,29,3,4,10,hosts,সৈন্য,لشکر,लश्कर,bala tentara,askerleri,سپاهی,troupes / soldats,48:7,https://quranicwords.vercel.app/quran-words/jund-5fcbde02.html
wn_76320d8e,373,رِيح,rīḥ,ر-و-ح,noun,Noun (Ism),,29,3,4,10,wind,বাতাস,ہوا,हवा,angin,rüzgar,باد,vent,30:51,https://quranicwords.vercel.app/quran-words/rih-76320d8e.html
wn_81590b4c,374,عَهْد,ʿahd,ع-ه-د,noun,Noun (Ism),,29,3,4,10,covenant / promise,অঙ্গীকার / প্রতিশ্রুতি,عہد,अहद,janji,söz,پیمان,pacte,7:102,https://quranicwords.vercel.app/quran-words/ahd-81590b4c.html
wn_86159f27,375,رَجُل,rajul,ر-ج-ل,noun,Noun (Ism),,29,3,4,10,man / two men,এক ব্যক্তি,شخص,मर्द / शख़्स,seorang laki-laki,adam,مردی,homme,6:9,https://quranicwords.vercel.app/quran-words/rajul-86159f27.html
wn_89f5de9a,376,عَرْش,ʿarsh,ع-ر-ش,noun,Noun (Ism),,29,3,4,10,Throne,আরশের,عرش,अर्श,Arsy / Arasy,Arş,عرش,Trône,69:17,https://quranicwords.vercel.app/quran-words/arsh-89f5de9a.html
wv_82ed5cdd,377,أَبْصَرَ,abṣara,ب-ص-ر,verb,,Form IV,29,2,3,6,have seen,দেখবে,دیکھ لیا,देख लिया,melihat,gördük,دیدیم,avons vu,32:12,https://quranicwords.vercel.app/quran-words/absara-82ed5cdd.html
wn_288f0729,378,رِجال,rijāl,ر-ج-ل,noun,Noun (Ism),,28,3,5,1,men,পুরুষ,مرد / لوگ,मर्द,laki-laki,erkekler,مردان,hommes,38:62,https://quranicwords.vercel.app/quran-words/rijal-288f0729.html
wn_2899817b,379,مَصِير,maṣīr,ص-ي-ر,noun,Noun (Ism),,28,3,5,1,destination / final return,প্রত্যাবর্তন,ٹھکانہ / لوٹنا,लौटना / लौटने की जगह / ठिकाना,tempat kembali,dönüş,باز گشت / فرجامی,destination,4:115,https://quranicwords.vercel.app/quran-words/masir-2899817b.html
wn_38ee1c33,380,مَسْجِد,masjid,س-ج-د,noun,Noun (Ism),,28,3,5,1,Al-Masjid,মাসজিদ / মসজিদে,مسجد,मस्जिदे,Masjid,Mescid-i,مسجد,mosquée,8:34,https://quranicwords.vercel.app/quran-words/masjid-38ee1c33.html
wn_690ec1ac,381,أَبَدًا,abadanā,أ-ب-د,noun,Noun (Ism),,28,3,5,1,ever,কখনও / চিরকাল,کبھی بھی / ہمیشہ ہمیشہ,कभी भी / हमेशा-हमेशा,selama-lamanya,asla / ebedi,همیشه / هیچ گاه,jamais / toujours,2:95,https://quranicwords.vercel.app/quran-words/abadana-690ec1ac.html
wn_8e089490,382,مَغْفِرَة,maghfirah,غ-ف-ر,noun,Noun (Ism),,28,3,5,1,forgiveness,ক্ষমা,بخشش,बख़्शिश,ampunan,mağfiret / bağışlama / bağışlanma,آمرزش,pardon,22:50,https://quranicwords.vercel.app/quran-words/maghfirah-8e089490.html
wn_910fa753,383,مُؤْمِنَة,muʾminah,أ-م-ن,noun,Active participle (Ism Fāʿil),,28,3,5,2,believing,মু'মিন,مومن,मोमिन,beriman,inanan / inanmış,زنان با ایمان,croyantes,33:50,https://quranicwords.vercel.app/quran-words/muminah-910fa753.html
wn_9584b8d8,384,حَدِيث,ḥadīth,ح-د-ث,noun,Noun (Ism),,28,3,5,2,statement / narration,কথা / বৃত্তান্ত,بات,बात / ख़बर,pembicaraan / cerita,haberi / söz,سخن / داستان,récit / nouvelle parole,77:50,https://quranicwords.vercel.app/quran-words/hadith-9584b8d8.html
wn_de352578,385,أَنَّىٰ,annā,,noun,Interrogative (Istifhām),,28,1,2,1,How / From where,কোথা থেকে,کیسے / کہاں سے,कैसे / कहाँ से,bagaimana / dari mana,nasıl / nereden,چگونه / از کجا,Comment,44:13,https://quranicwords.vercel.app/quran-words/anna-de352578.html
wn_ff90978f,386,سِحْر,siḥr,س-ح-ر,noun,Noun (Ism),,28,3,5,2,magic,জাদু,جادو,जादू,sihir,büyüdür / büyüden,جادو,magie,37:15,https://quranicwords.vercel.app/quran-words/sihr-ff90978f.html
wv_4b5857ee,387,ٱسْتَجَابَ,astajāba,ج-و-ب,verb,,Form X,28,2,3,6,responded,সাড়া দিয়েছিলাম / সাড়া দিলাম / সাড়া দিলেন,دعا قبول کرلی / لبیک کہا,दुआ क़ुबूल कर ली,memperkenankan,de kabul ettik,پاسخ دادیم / پذیر فت,avons donc répondu,12:34,https://quranicwords.vercel.app/quran-words/astajaba-4b5857ee.html
wv_5f7396e6,388,أَصْبَحَ,aṣbaḥa,ص-ب-ح,verb,,Form IV,28,2,3,6,became,হয়ে গেল,ہوگئے / ہوگیا,सुबह की / हो गए,jadilah,kaldılar,گردید,sont donc devenus,5:30,https://quranicwords.vercel.app/quran-words/asbaha-5f7396e6.html
wv_afbc94e9,389,أَصْلَحَ,aṣlaḥa,ص-ل-ح,verb,,Form IV,28,2,3,6,reform,সংশোধন করেছে,اصلاح کرلی / اصلاح کی,इस्लाह कर ली / इस्लाह कर ले,mengadakan perbaikan,uslananlar / uslanırsa,واصلاح کرد,corrige / se sont corrigés,24:5,https://quranicwords.vercel.app/quran-words/aslaha-afbc94e9.html
wv_ee360106,390,رَحِمَ,raḥima,ر-ح-م,verb,,Form I,28,2,3,6,has mercy,দয়া করবেন,رحم کرے,रहम करे,diberi rahmat,acıdığı,بر او رحم کند,fait miséricorde,44:42,https://quranicwords.vercel.app/quran-words/rahima-ee360106.html
wv_f135f285,391,أَغْنَتْ,aghnat,غ-ن-ي,verb,,Form IV,28,2,3,7,avail,অভাবমুক্ত করবেন,بےپرواہ کردے گی,काम आता,akan memberi kecukupan,kendisine yeter,بی نیاز می گرداند,enrichira,12:68,https://quranicwords.vercel.app/quran-words/aghnat-f135f285.html
wn_402dde09,392,غافِل,ghāfil,غ-ف-ل,noun,Active participle (Ism Fāʿil),,27,3,5,2,heedless / unaware,উদাসীন / অমনোযোগী,غافل,ग़ाफ़िल,orang-orang yang lalai,gafil,بی خبران,inattentifs / inavertis,7:136,https://quranicwords.vercel.app/quran-words/ghafil-402dde09.html
wn_620a8dcd,393,مُنافِق,munāfiq,ن-ف-ق,noun,Active participle (Ism Fāʿil),,27,3,5,2,hypocrites / hypocrite men,মুনাফিকরা / মুনাফিকদেরকে,منافق,मुनाफ़िक़,orang-orang munafik,münafıklar,منافقان / مردان منافق,hypocrites,9:101,https://quranicwords.vercel.app/quran-words/munafiq-620a8dcd.html
wn_7ee11308,394,يُوسُف,yūsuf,,noun,Proper noun,,27,3,5,3,Yusuf,ইউসুফ,یوسف,यूसुफ़,Yusuf,Yusuf,یوسف,Josef,12:7,https://quranicwords.vercel.app/quran-words/yusuf-7ee11308.html
wn_7f2916a2,395,قَمَر,qamar,ق-م-ر,noun,Noun (Ism),,27,3,5,3,moon,চাঁদ,چاند,चाँद,bulan,ay,ماه,lune,75:8,https://quranicwords.vercel.app/quran-words/qamar-7f2916a2.html
wn_94cfcf5a,396,لُوط,lūṭ,,noun,Proper noun,,27,3,5,3,Lut,লূতের / লুতের,لوط,लूत,Lut,Lut,لوط,Lot,22:43,https://quranicwords.vercel.app/quran-words/lut-94cfcf5a.html
wn_a9985fd8,397,سَواء,sawāʾ,س-و-ي,noun,Noun (Ism),,27,3,5,3,equal / same,সমান,برابر / سیدھے,बराबर,sama,birdir,یکسان,uniformité / égaux / égal,8:58,https://quranicwords.vercel.app/quran-words/sawa-a9985fd8.html
wn_f6e16072,398,مَكان,makān,ك-و-ن,noun,Noun (Ism),,27,3,5,3,place / position,জায়গা,جگہ,जगह,tempat,yerine / yere,جای,endroit,19:22,https://quranicwords.vercel.app/quran-words/makan-f6e16072.html
wn_f7460178,399,باب,bāb,ب-و-ب,noun,Noun (Ism),,27,3,5,4,gate,দরজা,دروازے / دروازوں,दरवाज़े / दरवाज़ों,pintu,kapıdan,دروازه / دری,porte,15:44,https://quranicwords.vercel.app/quran-words/bab-f7460178.html
wn_fa7de923,400,هُنَّ,hunna,,noun,Pronoun (Ḍamīr),,27,1,2,1,they,তারা,وہ,वो,mereka,onlar,آنان,elles,58:2,https://quranicwords.vercel.app/quran-words/hunna-fa7de923.html
wv_883d89ca,401,قَدَّمَ,qaddama,ق-د-م,verb,,Form II,27,2,3,7,have sent forth,আগে পাঠিয়েছে,آگے بھیجا,आगे भेजा,kerjakan,yaptıkları,پیش فرستاده است,ont mis en avant / a mis en avant,22:10,https://quranicwords.vercel.app/quran-words/qaddama-883d89ca.html
wv_89a4e250,402,عَصَىٰ,ʿaṣā,ع-ص-ي,verb,,Form I,27,2,3,7,disobeyed,অবাধ্য হই,نافرمانی کی,नाफ़रमानी की,mendurhakai,karşı geldi,نافرمانی کرد / نافرمانی کنم,ont désobéi,79:21,https://quranicwords.vercel.app/quran-words/asa-89a4e250.html
wv_8de7a426,403,جَٰهَدَ,jāhada,ج-ه-د,verb,,Form III,27,2,3,7,strove / strive,জিহাদ করেছে,جہاد کیا,जिहाद किया,berjihad,cihad eden / savaştılar,جهاد کردند / جهاد نمودند,ont lutté,9:88,https://quranicwords.vercel.app/quran-words/jahada-8de7a426.html
wv_a9248df1,404,أَفْلَحَ,aflaḥa,ف-ل-ح,verb,,Form IV,27,2,3,7,successful,সফল হবে,فلاح پا گیا,फ़लाह पा गया,beruntung,başarmıştır,رستگار شد,est devenu victorieux,23:1,https://quranicwords.vercel.app/quran-words/aflaha-a9248df1.html
wv_ba74d326,405,عَفَا,ʿafā,ع-ف-و,verb,,Form I,27,2,3,8,forgave,ক্ষমা করেছেন / মাফ করেছেন,معاف کردیا / درگزر کیا,दरगुज़र किया,memaafkan,affetmiştir / affetti,درگذشت / در گذشت,a pardonné sans châtier / pardonne sans châtier,2:187,https://quranicwords.vercel.app/quran-words/afa-ba74d326.html
wn_0d050608,406,امْرَأَت,amraʾat,م-ر-أ,noun,Noun (Ism),,26,3,5,4,wife / woman / two women,স্ত্রী,بیوی / عورت,औरत / बीवी,isteri / seorang wanita,karısı / kadın,زن,femme,3:35,https://quranicwords.vercel.app/quran-words/amraat-0d050608.html
wn_33887fda,407,قَرِيب,qarīb,ق-ر-ب,noun,Noun (Ism),,26,3,5,4,near,আসন্ন / নিকটবর্তী / নিকটে,قریب,क़रीब,dekat,yakın,نزدیک,proche,70:7,https://quranicwords.vercel.app/quran-words/qarib-33887fda.html
wn_5ad44ca5,408,جَحِيم,jaḥīm,ج-ح-م,noun,Noun (Ism),,26,3,5,4,Hellfire,জাহান্নামের,جہنم,जहन्नम,neraka,cehennem,دوزخ,Feu Ardent,56:94,https://quranicwords.vercel.app/quran-words/jahim-5ad44ca5.html
wn_5bf24dbd,409,مَاذَا,mādhā,,noun,Interrogative (Istifhām),,26,1,2,1,what,কী,کیا,क्या,apa,ne,چه چیز,que,27:28,https://quranicwords.vercel.app/quran-words/madha-5bf24dbd.html
wn_758a77ea,410,باطِل,bāṭil,ب-ط-ل,noun,Active participle (Ism Fāʿil),,26,3,5,4,falsehood,অসত্য,باطل,बातिल,batil / bathil,batıl,باطل,faux / vain,8:8,https://quranicwords.vercel.app/quran-words/batil-758a77ea.html
wn_9f6229f2,411,خَوْف,khawf,خ-و-ف,noun,Noun (Ism),,26,3,5,5,fear,ভয়,خوف,ख़ौफ़,ketakutan / rasa takut / kekhawatiran,korku,ترس,peur,106:4,https://quranicwords.vercel.app/quran-words/khawf-9f6229f2.html
wn_a89581ff,412,شَهادَة,shahādah,ش-ه-د,noun,Noun (Ism),,26,3,5,5,testimony / witnessed / seen,দৃশ্যের / সাক্ষ্য,حاضر / گواہی,हाज़िर / गवाही,nyata / kesaksian / nampak,görüleni / görüneni / şahidliği,آشکار / گواهی,témoignage / ce qui est témoigné,24:4,https://quranicwords.vercel.app/quran-words/shahadah-a89581ff.html
wn_c88818d3,413,أَجْمَع,ajmaʿ,ج-م-ع,noun,Noun (Ism),,26,3,5,5,all,সবাইকে / সকলকেই,سب کے سب,सब के सब / सबके सबको,semuanya,hepsini / hepinizi,همگی,tous ensembles,15:92,https://quranicwords.vercel.app/quran-words/ajma-c88818d3.html
wn_d3aed5d6,414,كَيْد,kayd,ك-ي-د,noun,Noun (Ism),,26,3,5,5,plot / plan,ষড়যন্ত্র / কৌশল,چال,चाल,tipu daya / tipu-daya,tuzak / tuzağı,نیرنگ / ترفند,complot,86:15,https://quranicwords.vercel.app/quran-words/kayd-d3aed5d6.html
wn_d3b7fe44,415,ثَمُود,thamūd,,noun,Proper noun,,26,3,5,5,Thamud,সামুদ / সামূদের,ثمود,समूद,Tsamud,Semud,ثمود,Thamoûd,26:141,https://quranicwords.vercel.app/quran-words/thamud-d3b7fe44.html
wn_f22c7a8c,416,آل,āl,أ-و-ل,noun,Noun (Ism),,26,3,5,6,family / people,বংশধর / সম্প্রদায়ের,آل,आले फ़िरऔन / आले लूत,keluarga,ailesi,خاندان / کسان,famille / gens,15:61,https://quranicwords.vercel.app/quran-words/al-f22c7a8c.html
wv_8865a7cb,417,زَيَّنَ,zayyana,ز-ي-ن,verb,,Form II,26,2,3,8,made fair-seeming,শোভন করেছিলো,خوب صورت بنادیا,मुज़य्यन कर दिया / मुज़य्यन कर दिए / मुज़य्यन कर दी गई,menjadikan memandang baik / dijadikan memandang baik,süslü gösterildi,آراست,a été enjolivé / a enjolivé / avons enjolivé,8:48,https://quranicwords.vercel.app/quran-words/zayyana-8865a7cb.html
wn_028f6143,418,مِيثاق,mīthāq,و-ث-ق,noun,Noun (Ism),,25,3,5,6,covenant / treaty,অঙ্গীকার / প্রতিশ্রুতি,پختہ عہد,पुख़्ता अहद,perjanjian,söz / andlaşma bulunan,پیمان,engagement / alliance,4:21,https://quranicwords.vercel.app/quran-words/mithaq-028f6143.html
wn_2e90b145,419,لِسان,lisān,ل-س-ن,noun,Noun (Ism),,25,3,5,6,tongue / language,ভাষা,زبان,ज़बान,lisan,dili,زبان,langage / langue,16:103,https://quranicwords.vercel.app/quran-words/lisan-2e90b145.html
wn_3cc263f2,420,آدَم,ādam,أ-د-م,noun,Proper noun,,25,3,5,6,Adam,আদমের,آدم,आदम,Adam,Adem,آدم,Adam,2:37,https://quranicwords.vercel.app/quran-words/adam-3cc263f2.html
wn_5ea369f6,421,بَعِيد,baʿīd,ب-ع-د,noun,Noun (Ism),,25,3,5,6,far,বহুদূরে / দূরবর্তী,دور,दूर,jauh,uzak,دور,lointain,50:31,https://quranicwords.vercel.app/quran-words/baid-5ea369f6.html
wn_a5c63c04,422,عِيسَى,ʿīsā,,noun,Proper noun,,25,3,5,7,Isa,ঈসা,عیسیٰ,ईसा,Isa,Îsa,عیسی,Jésus,19:34,https://quranicwords.vercel.app/quran-words/isa-a5c63c04.html
wn_a7f28f3c,423,جُناح,junāḥ,ج-ن-ح,noun,Noun (Ism),,25,3,5,7,blame / sin,পাপ,گناہ,गुनाह,berdosa,günah,گناهی,péché,2:158,https://quranicwords.vercel.app/quran-words/junah-a7f28f3c.html
wn_d498926b,424,بَأْس,baʾs,ب-أ-س,noun,Noun (Ism),,25,3,5,7,might / punishment,শক্তি / শাস্তি,زور / عذاب,अज़ाब / जंग,kekuatan / siksaan,savaş,آسیب,force de combat,27:33,https://quranicwords.vercel.app/quran-words/bas-d498926b.html
wv_555a4713,425,قَدَرَ,qadara,ق-د-ر,verb,,Form I,25,2,3,8,is restricted,ক্ষমতাবান,اندازہ کیا,अंदाज़ा किया,ditentukan,biçimlendirdik,باز اندازه گرفتیم,a été déterminée,65:7,https://quranicwords.vercel.app/quran-words/qadara-555a4713.html
wv_55f63041,426,بَغَىٰ,baghā,ب-غ-ي,verb,,Form I,25,2,3,8,has wronged,উদ্ধত্য প্রকাশ করলো,زیادتی کرے,ज़्यादती करे,berbuat aniaya,azgınlık etti,تجاوز کرد,a cherché à transgresser,38:22,https://quranicwords.vercel.app/quran-words/bagha-55f63041.html
wv_b48601eb,427,خَلَا,khalā,خ-ل-و,verb,,Form I,25,2,3,8,passed away,অতীত হয়েছে / গত হয়েছে,گزر چکے / گزر چکیں,गुज़र चुके / गुज़र चुकीं,telah berlalu,gelip geçti / gelip geçen / yalnız kaldıkları,گذشته است / گذشتند,sont passés / sont passées / est passée,33:62,https://quranicwords.vercel.app/quran-words/khala-b48601eb.html
wv_c1154a7d,428,جادَلُ,jādalu,ج-د-ل,verb,,Form III,25,2,3,9,argue,ঝগড়া করেছ,جھگڑا کیا,झगड़ा किया,berdebat,savundunuz,دفاع کرده اید,argumentent,4:109,https://quranicwords.vercel.app/quran-words/jadalu-c1154a7d.html
wv_ea5ac5d7,429,يَشْعُرُ,yashʿuru,ش-ع-ر,verb,,Form I,25,2,3,9,perceive,অনুভব করো,شعور سے کام لو,शऊर रखते,menyadari,düşünürseniz,در یابید,remarquerez,26:113,https://quranicwords.vercel.app/quran-words/yashuru-ea5ac5d7.html
wn_1b50e2a5,430,أُنثَى,unthā,أ-ن-ث,noun,Noun (Ism),,24,3,5,7,female,নারী,عورت / مادہ,औरत / मादा,perempuan,kadın,زن,femelle / femme,4:117,https://quranicwords.vercel.app/quran-words/untha-1b50e2a5.html
wn_3e0cbd1f,431,حَيّ,ḥayy,ح-ي-ي,noun,Noun (Ism),,24,3,5,7,living / alive,জীবিত / জীবন্ত / চিরঞ্জীব,زندہ,ज़िन्दा,hidup,diri,زنده,vivant,77:26,https://quranicwords.vercel.app/quran-words/hayy-3e0cbd1f.html
wn_482062f3,432,غَنِيّ,ghaniyy,غ-ن-ي,noun,Noun (Ism),,24,3,5,8,Free of need / Self-sufficient / rich,অভাবমুক্ত,بےنیاز,बहुत बेनियाज़ / ग़नी,Maha Kaya / orang-orang kaya,zengin,بی نیاز,Celui qui suffit à Lui-même / libre de besoins / riches,31:12,https://quranicwords.vercel.app/quran-words/ghaniyy-482062f3.html
wn_6e0e0102,433,إِيَّا,iyyā,,noun,Pronoun (Ḍamīr),,24,1,2,1,Alone,শুধু তাঁকেই,صرف,सिर्फ़ उसी की,hanya,yalnız,تنها,Lui seul,6:41,https://quranicwords.vercel.app/quran-words/iyya-6e0e0102.html
wn_ace82cd1,434,طَعام,ṭaʿām,ط-ع-م,noun,Noun (Ism),,24,3,5,8,food / feeding,খাবার / খাদ্য,کھانا / کھانے,खाना,makanan / memberi makan,yemek / yiyecek,خوراک / طعام,nourriture / fait de nourrir,44:44,https://quranicwords.vercel.app/quran-words/taam-ace82cd1.html
wn_b91ca86d,435,وَراء,warāʾ,و-ر-ي,noun,Noun (Ism),,24,3,5,8,behind / beyond,পিছন,پیچھے / علاوہ,पीछे / अलावा,belakang,ardına,پشت,derrière / au-delà,84:10,https://quranicwords.vercel.app/quran-words/wara-b91ca86d.html
wn_d3b5ea48,436,لِقاء,liqāʾ,ل-ق-ي,noun,Verbal noun (Maṣdar),,24,3,5,8,meeting,সাক্ষাত / সাক্ষাৎ,ملاقات,मुलाक़ात,pertemuan / perjumpaan,karşılaşmayı / kavuşmayı,دیدار,rencontre,29:5,https://quranicwords.vercel.app/quran-words/liqa-d3b5ea48.html
wn_dd9edf6b,437,طائِفَة,ṭāʾifah,ط-و-ف,noun,Noun (Ism),,24,3,5,8,group / party,একদল,گروہ,गिरोह,segolongan,grup,گروهی / دو گروه,groupe,4:81,https://quranicwords.vercel.app/quran-words/taifah-dd9edf6b.html
wn_f33af448,438,وَكِيل,wakīl,و-ك-ل,noun,Noun (Ism),,24,3,5,9,Guardian / Disposer of affairs,কর্মবিধায়ক,کارساز / کار ساز,कारसाज़ / निगरान,pelindung / penjaga,vekil,کارساز / نگاهبان / نگهبان,gestionnaire des affaires / gestionnaire témoin,17:65,https://quranicwords.vercel.app/quran-words/wakil-f33af448.html
wn_f8c991fa,439,أَكْبَر,akbar,ك-ب-ر,noun,Noun (Ism),,24,3,5,9,greater / greatest,অনেক বড়,زیادہ بڑا / سب سے بڑا,ज़्यादा बड़ा,lebih besar,daha büyük,بزرگ تر,plus grand,68:33,https://quranicwords.vercel.app/quran-words/akbar-f8c991fa.html
wv_191e2c01,440,كَادَ,kāda,ك-و-د,verb,,Form I,24,2,3,9,almost / were about,উপক্রম হয়েছিলো / প্রচেষ্টায় ক্রুটি রাখেনি / প্রায়,قریب تھا,क़रीब था / क़रीब थे कि,hampir,neredeyse,نزدیک بود,ont été proches / as été proche,37:56,https://quranicwords.vercel.app/quran-words/kada-191e2c01.html
wv_aafa24bd,441,تَوَفَّىٰ,tawaffā,و-ف-ي,verb,,Form V,24,2,3,9,dies,মারা যায়,فوت کیا جاتا ہے,फ़ौत कर लिए जाते हैं,diwafatkan / mewafatkan,ölen,جانشان گرفته می شود,sont amenés à mourir,40:67,https://quranicwords.vercel.app/quran-words/tawaffa-aafa24bd.html
wn_2b2e5fac,442,فُلْك,fulk,ف-ل-ك,noun,Noun (Ism),,23,3,5,9,ship,নৌকার / নৌযান,کشتی,कश्ती / कश्तियों / कश्तियाँ,perahu / bahtera,gemi,کشتی,bateau / arche,37:140,https://quranicwords.vercel.app/quran-words/fulk-2b2e5fac.html
wn_32383d43,443,مِسْكِين,miskīn,س-ك-ن,noun,Noun (Ism),,23,3,5,9,needy / poor,অভাবগ্রস্তদের,مسکین,मिसकीन / मिस्कीनों,orang-orang miskin,yoksullara / yoksula / yoksulu,بینوا,nécessiteux,76:8,https://quranicwords.vercel.app/quran-words/miskin-32383d43.html
wn_3cb966ea,444,ظُلُمَة,ẓulumah,ظ-ل-م,noun,Noun (Ism),,23,3,5,9,darkness,অন্ধকারসমূহ,اندھیروں / اندھیرے,अँधेरों / अंधेरों,kegelapan,karanlıklar,تاریکی ها,ténèbres,2:17,https://quranicwords.vercel.app/quran-words/zulumah-3cb966ea.html
wn_48816a59,445,قَرْن,qarn,ق-ر-ن,noun,Noun (Ism),,23,3,5,10,generation,মানবগোষ্ঠী,بستیوں / قوموں,उम्मतें / क़ौमें,kurun / ummat-ummat,nesil,نسل های,génération,23:31,https://quranicwords.vercel.app/quran-words/qarn-48816a59.html
wn_84759412,446,يَتِيم,yatīm,ي-ت-م,noun,Noun (Ism),,23,3,5,10,orphan,ইয়াতীমদের / ইয়াতীমের,یتیم,यतीम,anak yatim,yetimlere,یتیم,orphelin,90:15,https://quranicwords.vercel.app/quran-words/yatim-84759412.html
wn_8a592391,447,ساجِد,sājid,س-ج-د,noun,Active participle (Ism Fāʿil),,23,3,5,10,prostrating,সিজদাকারী / সিজদায়,سجدہ کرتے ہوئے / سجدہ کرنے والوں,सजदा करते हुए / सजदा करने वालों,bersujud,secdeye / secde ederek,سجده کنان / سجده کنندگان,prosternés / ceux qui se prosternent,25:64,https://quranicwords.vercel.app/quran-words/sajid-8a592391.html
wn_a4ea3d3c,448,ذِكْرَى,dhikrā,ذ-ك-ر,noun,Noun (Ism),,23,3,5,10,reminder,উপদেশ,نصیحت,नसीहत / याद दिहानी,peringatan / pelajaran,öğüt,پندی,rappel,6:69,https://quranicwords.vercel.app/quran-words/dhikra-a4ea3d3c.html
wn_c0b79629,449,سَبْع,sabʿ,س-ب-ع,noun,Noun (Ism),,23,3,5,10,seven,সাত,سات,सात,tujuh,yedi,هفت,sept,78:12,https://quranicwords.vercel.app/quran-words/sab-c0b79629.html
wp_da469b5f,450,إِمَّا,immā,,particle,Explanation particle,,23,1,2,2,Either / Whether,হয়,خواہ,या तो,adakalanya,ya,یا,soit,20:65,https://quranicwords.vercel.app/quran-words/imma-da469b5f.html
wv_5838f67e,451,بَدَّلَ,baddala,ب-د-ل,verb,,Form II,23,2,3,9,changed,পরিবর্তন করল,بدل دیا,बदल डाला / बदल दिया,ganti,değiştirdiler / değiştirirse,دگر گون کردند,ont changé,7:162,https://quranicwords.vercel.app/quran-words/baddala-5838f67e.html
wv_7d202a62,452,لَعَنَ,laʿana,ل-ع-ن,verb,,Form I,23,2,3,10,cursed,অভিশপ্ত,لعنت کی,लानत किए गए / लानत की,dikutuk / mengutuk,la'net etmiştir,لعنت شدند / لعنت کرد,a maudit,4:47,https://quranicwords.vercel.app/quran-words/laana-7d202a62.html
wv_96108dff,453,فَتَنُ,fatanu,ف-ت-ن,verb,,Form I,23,2,3,10,tried,পরীক্ষা করেছি,آزمایا / آزمائش میں ڈالے گئے,आज़माया / आज़माइश में डाला / आज़माइश में डाले गए,telah menguji,sınadık / denedik,آزمودیم,avons mis en grande épreuve,44:17,https://quranicwords.vercel.app/quran-words/fatanu-96108dff.html
wv_9c284cdc,454,أَذِنَ,adhina,أ-ذ-ن,verb,,Form I,23,2,3,10,has listened / permits,অনুমতি দিবেন / নির্দেশ পালন করবে,اجازت دے,इजाज़त दे / कान लगाए हुए है,memberi izin / ia patuh,izin verdiği / dinlediği,اجازه داده است / اجازه دهد / فرمان بَرَد,a permis / a été permis / écoutera,84:2,https://quranicwords.vercel.app/quran-words/adhina-9c284cdc.html
wv_de46f4db,455,أَنجَىٰ,anjā,ن-ج-و,verb,,Form IV,23,2,3,10,saved,উদ্ধার করলাম,نجات دی,निजात दी,selamatkan,kurtardık,نجات دادیم,avons sauvé,7:165,https://quranicwords.vercel.app/quran-words/anja-de46f4db.html
wn_45096af9,456,خَلْف,khalf,خ-ل-ف,noun,Noun (Ism),,22,5,1,1,successors,উত্তরপুরুষরা,نااہل وارث,नाख़ल्फ़,pengganti,yerlerine geçip,جانشینانی,successeurs,19:59,https://quranicwords.vercel.app/quran-words/khalf-45096af9.html
wn_6a6d2acd,457,نَصْر,naṣr,ن-ص-ر,noun,Noun (Ism),,22,5,1,1,help / victory,সাহায্য,مدد,मदद,pertolongan / menolong,yardım,یاری,aide contre les ennemis / aide contre l’ennemi,21:43,https://quranicwords.vercel.app/quran-words/nasr-6a6d2acd.html
wn_7e477979,458,لَدَىٰ,ladā,,noun,Place adverb (Ẓarf Makān),,22,1,2,2,with,কাছে / নিকট,پاس,पास,di sisi,yanında,نزد,auprès,50:23,https://quranicwords.vercel.app/quran-words/lada-7e477979.html
wn_97528034,459,ساحِر,sāḥir,س-ح-ر,noun,Active participle (Ism Fāʿil),,22,5,1,1,magician,জাদুকর / যাদুকর,جادوگر,जादूगर,ahli-ahli sihir / tukang sihir,büyücü,جادوگر,magicien,7:112,https://quranicwords.vercel.app/quran-words/sahir-97528034.html
wn_b153b7b4,460,سَمْع,samʿ,س-م-ع,noun,Noun (Ism),,22,5,1,1,hearing,কান / শুনতে / শ্রবণশক্তিসমূহ,کان / سننے / سماعت,कान / सुनने,pendengaran / mendengar,kulak / işitme,شنوایی / شنیدن,ouïe,26:212,https://quranicwords.vercel.app/quran-words/sam-b153b7b4.html
wn_bad3db36,461,دُعاء,duʿāʾ,د-ع-و,noun,Noun (Ism),,22,5,1,1,call / prayer / supplication,আহবান / দু'আ,دعا / پکار,दुआ / पुकार,doa / seruan,du'ayı / çağrıyı,درخواست / دعوت,appel / invocation / supplication,21:45,https://quranicwords.vercel.app/quran-words/dua-bad3db36.html
wn_bf4f4ef0,462,مَأْوَى,maʾwā,أ-و-ي,noun,Noun (Ism),,22,5,1,2,refuge,বসবাসের / বাসস্থান,ٹھکانہ ہوگی,ठिकाना,tempat tinggal,barınağı,جایگاه اوست,refuge,79:39,https://quranicwords.vercel.app/quran-words/mawa-bf4f4ef0.html
wn_cb80335b,463,جِنّ,jinn,ج-ن-ن,noun,Noun (Ism),,22,5,1,2,jinn,জিনদের,جنوں,जिन्नों,jin,cin,جن,djinns,51:56,https://quranicwords.vercel.app/quran-words/jinn-cb80335b.html
wn_f2d500ac,464,بَرّ,barr,ب-ر-ر,noun,Noun (Ism),,22,5,1,2,land / righteous,স্থলের,خشکی,ख़ुश्की,darat / orang-orang yang baik,iyiler / karanın,خشکی,terre / gens de bien,17:68,https://quranicwords.vercel.app/quran-words/barr-f2d500ac.html
wp_df3384ce,465,بَلَىٰ,balā,,particle,Answer particle,,22,1,2,2,Yes indeed,হ্যাঁ,کیوں نہیں,क्यों नहीं,benar,evet,آری,Si,36:81,https://quranicwords.vercel.app/quran-words/bala-df3384ce.html
wv_2e4af30f,466,أَسْلَمَ,aslama,س-ل-م,verb,,Form IV,22,2,3,10,submit,আত্মসমর্পণ করছি,اسلام لائے,फ़रमाबरदार हो गया / सुपुर्द कर दिया,menyerahkan / masuk Islam,teslim oldum,اسلام آورده ایم,se sont soumis / se soumet,3:20,https://quranicwords.vercel.app/quran-words/aslama-2e4af30f.html
wv_6d5846b5,467,وَهَبَ,wahaba,و-ه-ب,verb,,Form I,22,4,1,1,bestowed / granted,দান করলাম,عطا کیا,अता किया / अता किए,anugerahkan,armağan ettik / hediye ettik,عطا کردیم / بخشیدیم,avons offert,19:49,https://quranicwords.vercel.app/quran-words/wahaba-6d5846b5.html
wv_824b7e81,468,رَفَعَ,rafaʿa,ر-ف-ع,verb,,Form I,22,4,1,1,raised,উন্নীত করেছেন,بلند کیا / اٹھایا,बुलन्द किया / उठाया,meninggikan / angkat / tinggikan,yükseltti / kaldırmıştık,بالا برد,a élevé / avons élevé,79:28,https://quranicwords.vercel.app/quran-words/rafaa-824b7e81.html
wv_9c4e94c1,469,جَمَعَ,jamaʿa,ج-م-ع,verb,,Form I,22,4,1,1,are joined,জমা করেছে,جمع کیا,जमा किया,mengumpulkan / dikumpulkan,araya getirildi,جمع شوند,a assemblé,75:9,https://quranicwords.vercel.app/quran-words/jamaa-9c4e94c1.html
wv_ab01adb9,470,يَرْجُوا۟,yarjū,ر-ج-و,verb,,Form I,22,4,1,1,hope / hoping,কামনা করে / প্রত্যাশা করে,امید رکھتا / امید رکھتے ہیں,उम्मीद रखता / उम्मीद रखते हैं,mengharap,umarlar / umuyor,امید دارند,espère / espérant,33:21,https://quranicwords.vercel.app/quran-words/yarju-ab01adb9.html
wv_da1eddb7,471,مَكَرَ,makara,م-ك-ر,verb,,Form I,22,4,1,1,plotted / planned,চক্রান্ত করেছিলো,چال چلی / چالیں چلیں,चाल चली,membuat tipu daya,tuzak kurdular,نیرنگ زدند,ont rusé,13:42,https://quranicwords.vercel.app/quran-words/makara-da1eddb7.html
wv_dfce1598,472,أَذَاقَ,adhāqa,ذ-و-ق,verb,,Form IV,22,4,1,2,cause men to taste,আস্বাদন করাই,چکھاتے ہیں,चखाते हैं,rasakan,taddırdığımız,بچشانیم,faisons goûter,30:36,https://quranicwords.vercel.app/quran-words/adhaqa-dfce1598.html
wv_faba221e,473,سَخَّرَ,sakhkhara,س-خ-ر,verb,,Form II,22,4,1,2,subjected,অধীন করেছেন / অধীন করে দিয়েছেন,مسخر کیا,मुसख़्खर किया / मुसख़्ख़र किया,menundukkan,boyun eğdirdi / emrinize verdi,رام کرد,a rendu soumis,45:12,https://quranicwords.vercel.app/quran-words/sakhkhara-faba221e.html
wn_080e3c15,474,ظَنّ,ẓann,ظ-ن-ن,noun,Noun (Ism),,21,5,1,2,assumption,অনুমান / ধারণা,گمان,गुमान,persangkaan / dugaan,zan,گمان,supposition,38:27,https://quranicwords.vercel.app/quran-words/zann-080e3c15.html
wn_093fd992,475,نَصِيب,naṣīb,ن-ص-ب,noun,Noun (Ism),,21,5,1,2,portion / share,অংশ,حصہ,हिस्सा,bagian,pay,بهره ای / سهمی,part,4:118,https://quranicwords.vercel.app/quran-words/nasib-093fd992.html
wn_1d63a3c0,476,أَعْمَى,aʿmā,ع-م-ي,noun,Noun (Ism),,21,5,1,3,blind,অন্ধ,اندھا / اندھوں / اندھے,अँधा / अँधे / अँधों,buta,kör,نابینا / کور,aveugle,2:18,https://quranicwords.vercel.app/quran-words/ama-1d63a3c0.html
wn_39543a24,477,حَسَن,ḥasan,ح-س-ن,noun,Noun (Ism),,21,5,1,3,good,উত্তম,اچھا / حسنہ,अच्छा,baik,güzel,نیکو,bon,16:67,https://quranicwords.vercel.app/quran-words/hasan-39543a24.html
wn_7413951e,478,مُفْسِد,mufsid,ف-س-د,noun,Active participle (Ism Fāʿil),,21,5,1,3,corrupters / spreading corruption,বিপর্যয় সৃষ্টিকারী,فساد کرنے والوں / فساد کرنے والے / مفسد بن کر,फ़साद करने वालों / फ़साद करने वाले / मुफ़सिद बनकर,orang-orang yang membuat kerusakan / orang-orang yang berbuat kerusakan,bozguncuları,تبهکاران,semeurs de corruption,18:94,https://quranicwords.vercel.app/quran-words/mufsid-7413951e.html
wn_b3ab8a2c,479,شَهْر,shahr,ش-ه-ر,noun,Noun (Ism),,21,5,1,3,month,মাস,مہینے,महीने / माह,bulan,ay,ماه,mois,5:2,https://quranicwords.vercel.app/quran-words/shahr-b3ab8a2c.html
wn_da2c7d72,480,رُوح,rūḥ,ر-و-ح,noun,Noun (Ism),,21,5,1,3,Spirit / inspiration / soul,রূহ / রুহ,روح / وحی,रूह,roh / Ruhul,Ruh,روح,esprit / Inspiration divine,26:193,https://quranicwords.vercel.app/quran-words/ruh-da2c7d72.html
wn_dd61f6ed,481,كَم,kam,,noun,Noun (Ism),,21,5,1,4,how many,কত,کتنی ہی / کتنے ہی,कितनी ही / कितने ही,berapa banyak,nice,چه بسیار / چقدر,combien,36:31,https://quranicwords.vercel.app/quran-words/kam-dd61f6ed.html
wn_e245c0c1,482,مُسَمًّى,musammanā,س-م-و,noun,Passive participle (Ism Mafʿūl),,21,5,1,4,appointed / specified,নির্দিষ্ট,مقرر,मुक़र्रर,ditentukan / tertentu,belirli / belirtilmiş / belli,معین,déterminé,22:33,https://quranicwords.vercel.app/quran-words/musammana-e245c0c1.html
wn_e8bc1fd3,483,شاهِد,shāhid,ش-ه-د,noun,Active participle (Ism Fāʿil),,21,5,1,4,witness,সাক্ষীদাতাদের,گواہ,गवाह,menjadi saksi,şahid,گواه,témoin,48:8,https://quranicwords.vercel.app/quran-words/shahid-e8bc1fd3.html
wn_fdc0db1d,484,مُكَذِّب,mukadhdhib,ك-ذ-ب,noun,Active participle (Ism Fāʿil),,21,5,1,4,deniers,মিথ্যারোপকারীদের,جھٹلانے والوں,झुठलाने वालों,orang-orang yang mendustakan,yalanlayanların / yalanlayıcıları,تکذیب کنندگان / دروغ انگاران,ceux qui démentent / ceux qui démentissent,69:49,https://quranicwords.vercel.app/quran-words/mukadhdhib-fdc0db1d.html
wv_02026388,485,اسْتُهْزِئَ,astuhziʾa,ه-ز-أ,verb,,Form X,21,4,1,2,were mocked,বিদ্রুপ করা হয়েছে,مذاق اڑایا گیا,मज़ाक़ उड़ाया गया,telah diperolok-olok,alay edildi,ریشخند شده اند,a été fait moquerie,6:10,https://quranicwords.vercel.app/quran-words/astuhzia-02026388.html
wv_53c8af8b,486,أَحْسَنَ,aḥsana,ح-س-ن,verb,,Form IV,21,4,1,2,do good / made good,অতি উত্তম করেছেন,احسان کیا / اچھا کیا,अच्छा किया / एहसान किया,berbuat baik / membaguskan,güzel yaptı,نیکو ساخت / نیکو کاری کردند,ont fait du bien / a fait du bien / a bien fait,53:31,https://quranicwords.vercel.app/quran-words/ahsana-53c8af8b.html
wv_8ed1f361,487,كَتَمَ,katama,ك-ت-م,verb,,Form I,21,4,1,2,concealed,গোপন করে,چھپائے,छुपाए,menyembunyikan,gizleyen,پنهان دارد,essaye de cacher,2:140,https://quranicwords.vercel.app/quran-words/katama-8ed1f361.html
wv_969237e6,488,أَمَاتَ,amāta,م-و-ت,verb,,Form IV,21,4,1,3,causes death,মারেন,موت دی,मौत दी,mematikannya,kendisini öldürüp,بمیراند,a ensuite fait mourir,53:44,https://quranicwords.vercel.app/quran-words/amata-969237e6.html
wv_a0b4e9d9,489,وَضَعَ,waḍaʿa,و-ض-ع,verb,,Form I,21,4,1,3,be placed / delivered,উপস্হিত করা হবে,جنم دیا / رکھ دی جائے گی,जन्म दिया,diletakkan,atmadık mı,نهاده شود,sera posé,39:69,https://quranicwords.vercel.app/quran-words/wadaa-a0b4e9d9.html
wv_d4532bda,490,مَشَ,masha,م-ش-ي,verb,,Form I,21,4,1,3,walk,চলে,چل پڑے,चल पड़ते हैं,berjalan,yürürler,راه روند,marchent,2:20,https://quranicwords.vercel.app/quran-words/masha-d4532bda.html
wv_f7352b81,491,ٱشْتَرَىٰ,ashtarā,ش-ر-ي,verb,,Form VIII,21,4,1,3,bought / purchased,কিনেছে,بیچ ڈالا / خرید لی,बेच डाला / ख़रीद लिया / ख़रीद ली,membeli / menukar,satın alan,فروختند / خریدند,ont acheté / a acheté,12:21,https://quranicwords.vercel.app/quran-words/ashtara-f7352b81.html
wn_2b5b1bb5,492,حِزْب,ḥizb,ح-ز-ب,noun,Noun (Ism),,20,5,1,4,party / companies / confederates,দল,گروہ,गिरोह,golongan,hizbidir,احزاب / حزب / گروه ها,groupes / groupe uni,5:56,https://quranicwords.vercel.app/quran-words/hizb-2b5b1bb5.html
wn_3a6092de,493,مَرَّة,marrah,م-ر-ر,noun,Noun (Ism),,20,5,1,5,time / twice,বার,بار / مرتبہ,बार,kali,defa / kez,بار,fois,36:79,https://quranicwords.vercel.app/quran-words/marrah-3a6092de.html
wn_4346fe64,494,عِقاب,ʿiqāb,ع-ق-ب,noun,Noun (Ism),,20,5,1,5,penalty / punishment,শাস্তিদানে / দন্ডদানে,سزا دینے والا,सज़ा वाला,siksa,cezası / azabı,کیفر,punition,41:43,https://quranicwords.vercel.app/quran-words/iqab-4346fe64.html
wn_60128061,495,حَمِيم,ḥamīm,ح-م-م,noun,Noun (Ism),,20,5,1,5,scalding water / boiling water,ফুটন্ত পানি,کھولتے پانی / ولی دوست,खौलते पानी / गहरा दोस्त,air yang sangat panas,kaynar su / sıcak,آب جوشان / آبی جوشان,eau bouillante,56:93,https://quranicwords.vercel.app/quran-words/hamim-60128061.html
wn_753dbdde,496,ظُلْم,ẓulm,ظ-ل-م,noun,Noun (Ism),,20,5,1,5,injustice,অত্যাচার / অন্যায়ভাবে,ظلم,ज़ुल्म,kezaliman / aniaya,zulüm / zulmetmek,ستم,injustice,3:108,https://quranicwords.vercel.app/quran-words/zulm-753dbdde.html
wn_da5c7710,497,حِكْمَة,ḥikmah,ح-ك-م,noun,Noun (Ism),,20,5,1,5,wisdom,প্রজ্ঞা / হিকমত,حکمت,हिकमत,hikmah,hikmet,حکمت,sagesse,3:48,https://quranicwords.vercel.app/quran-words/hikmah-da5c7710.html
wn_de38de63,498,صابِر,ṣābir,ص-ب-ر,noun,Active participle (Ism Fāʿil),,20,5,1,6,patient / steadfast,ধৈর্যশীল,صبر کرنے والوں / صبر کرنے والے,सब्र करने वालों / सब्र करने वाले,orang-orang yang sabar,sabreden,شکیبایان,endurants,18:69,https://quranicwords.vercel.app/quran-words/sabir-de38de63.html
wn_ef77f869,499,هارُون,hārūn,,noun,Proper noun,,20,5,1,6,Harun,হারূনের / হারুনকে / হারুনের,ہارون,हारून,Harun,Harun,هارون,Aaron,20:30,https://quranicwords.vercel.app/quran-words/harun-ef77f869.html
wv_1dda0db6,500,حَقَّ,ḥaqqa,ح-ق-ق,verb,,Form I,20,4,1,3,proved true,অবধারিত হয়েছে,حق ہوگئی / سچ ہوگئی,साबित हो गई / सच होगई,telah pasti / berhak,hak oldu,سزاوار گشت,est devenue obligatoire / est devenu mérité,36:7,https://quranicwords.vercel.app/quran-words/haqqa-1dda0db6.html
wv_1f64d60b,501,أَعَدَّ,aʿadda,ع-د-د,verb,,Form IV,20,4,1,4,has prepared,প্রস্তুত করে রেখেছেন / প্রস্তুত রেখেছেন,تیار کیا / تیار کی گئی ہے,तैयार कर रखा है / तैयार की गई है,menyediakan / disediakan,hazırlamıştır / hazırlanmış,آماده کرده است / آماده شده است / آماده ساخته است,a préparé / a été préparé,76:31,https://quranicwords.vercel.app/quran-words/aadda-1f64d60b.html
wv_218db3dc,502,أَقْسَمُ,aqsamu,ق-س-م,verb,,Form IV,20,4,1,4,swear / swore,শপথ করে,قسمیں کھائیں / قسم کھائی / قسمیں کھاتے ہیں,क़समें खाईं,bersumpah,yemin ettiler,سوگند خوردند,ont juré / jurent,16:38,https://quranicwords.vercel.app/quran-words/aqsamu-218db3dc.html
wv_254538c7,503,كَلَّمَ,kallama,ك-ل-م,verb,,Form II,20,4,1,4,spoke,কথা বলা যেতো,کلام کیا,कलाम किया,bercakap-cakap dengannya,konuşmuştu,سخن گفت,a parlé,2:253,https://quranicwords.vercel.app/quran-words/kallama-254538c7.html
wv_302d830c,504,أَنشَأَ,anshaʾa,ن-ش-أ,verb,,Form IV,20,4,1,4,produced,সৃষ্টি করেছি / সৃষ্টি করেছেন,اٹھایا,उठाईं / पैदा किए,tumbuhkan / menumbuhkan,yetiştirdik / yarattık,پدید آوردیم,avons créé / a créé,23:78,https://quranicwords.vercel.app/quran-words/anshaa-302d830c.html
wv_6dea74e3,505,عَرَفَ,ʿarafa,ع-ر-ف,verb,,Form I,20,4,1,4,recognized,উপলব্ধি করেছে,پہچان لیا,पहचान लिया,ketahui,bildikleri,شناختند,ont reconnu,5:83,https://quranicwords.vercel.app/quran-words/arafa-6dea74e3.html
wv_8e99a639,506,أَمِنَ,amina,أ-م-ن,verb,,Form I,20,4,1,5,are secure / do you feel secure,নিরাপদ হও,امن میں آجاؤ / بےخوف ہوگئے,अमन में आ जाओ / बेख़ौफ़ हो गए,merasa aman,emin misiniz / güvene kavuştuğunuz,ایمن شده اید / ایمن شدید,êtes en sécurité,2:239,https://quranicwords.vercel.app/quran-words/amina-8e99a639.html
wv_b033c261,507,بَلَوْ,balaw,ب-ل-و,verb,,Form I,20,4,1,5,tried,পরীক্ষা করেছিলাম,آزمایا,आज़माया,telah menguji,bela verdiğimiz,آزموده بودیم,avons testé sévèrement et visiblement,68:17,https://quranicwords.vercel.app/quran-words/balaw-b033c261.html
wv_cc34f9b4,508,أَحَلَّ,aḥalla,ح-ل-ل,verb,,Form IV,20,4,1,5,Are made lawful,বৈধ করা হয়েছে,حلال کیا گیا,हलाल किया गया,dihalalkan / menghalalkan,helal kılındı,حلال شده است,a été rendu autorisé,5:4,https://quranicwords.vercel.app/quran-words/ahalla-cc34f9b4.html
wv_d15b2b25,509,قَصَّ,qaṣṣa,ق-ص-ص,verb,,Form I,20,4,1,5,have related,উল্লেখ করেছি,بیان کیا,बयान किया,ceritakan,anlattık,باز گفت,avons raconté,40:78,https://quranicwords.vercel.app/quran-words/qassa-d15b2b25.html
wv_d6c6d24e,510,سَعَىٰ,saʿā,س-ع-ي,verb,,Form I,20,4,1,5,strives / strove,চেষ্টা করে,کوشش کی / کوشش کرے,कोशिश की / कोशिश करे,berusaha,çalışan,بکو شد,met de l’effort / ont mis de l’effort,53:39,https://quranicwords.vercel.app/quran-words/saa-d6c6d24e.html
wv_ffed929e,511,سَبَقَ,sabaqa,س-ب-ق,verb,,Form I,20,4,1,6,preceded,অতীতে সিদ্ধান্ত করা হতো,گزر چکی,गुज़र चुकी / पहले हो चुकी,terdahulu / telah lewat,geçmiş,پیشی گرفته,a précédé,8:68,https://quranicwords.vercel.app/quran-words/sabaqa-ffed929e.html
wn_04044741,512,مَكْر,makr,م-ك-ر,noun,Noun (Ism),,19,5,1,6,plot / plan,ষড়যন্ত্র / চক্রান্ত / পরিকল্পনা,چال / تدبیر,चाल / तदबीर,tipu daya / rencana / tipu-daya,tuzak / tuzağından,نیرنگ / مکر,ruse,35:43,https://quranicwords.vercel.app/quran-words/makr-04044741.html
wn_4df469ef,513,فَوْز,fawz,ف-و-ز,noun,Noun (Ism),,19,5,1,6,success,সাফল্য,کامیابی,कामयाबी,keuntungan / kemenangan,başarı,کامیابی,réussite,4:73,https://quranicwords.vercel.app/quran-words/fawz-4df469ef.html
wn_54da6504,514,مُصَدِّق,muṣaddiq,ص-د-ق,noun,Active participle (Ism Fāʿil),,19,5,1,6,confirming,সত্যায়নকারী,تصدیق کرنے والی / تصدیق کرنے والا,तसदीक़ करने वाला / तसदीक़ करने वाली / तस्दीक़ करने वाला,membenarkan,doğrulayan / doğrulayıcı,تصدیق کننده,confirmateur,3:3,https://quranicwords.vercel.app/quran-words/musaddiq-54da6504.html
wn_687aaaef,515,مُعْرِض,muʿriḍ,ع-ر-ض,noun,Active participle (Ism Fāʿil),,19,5,1,7,turn away / turning away / averse,মুখ ফিরিয়ে নেয় / উপেক্ষাকারী,اعراض برتنے والے / منہ موڑنے والے,ऐराज़ करने वाले,orang-orang yang berpaling,yüz çeviriyorlar / yüz çevirirler / yüz çevirmektedirler,روگردان اند,gens qui se détournent,38:68,https://quranicwords.vercel.app/quran-words/murid-687aaaef.html
wn_75e46eff,516,أَقْرَب,aqrab,ق-ر-ب,noun,Noun (Ism),,19,5,1,7,nearer / near relatives,নিকটতর,زیادہ قریب / رشتہ دار,ज़्यादा क़रीब,lebih dekat,akrabanın,نزدیک تر,plus proche / proches,56:85,https://quranicwords.vercel.app/quran-words/aqrab-75e46eff.html
wn_798d42a7,517,شَجَرَة,shajarah,ش-ج-ر,noun,Noun (Ism),,19,5,1,7,tree,গাছ,درخت,दरख़्त,pohon,ağacı / ağaca / ağaç,درخت,arbre,44:43,https://quranicwords.vercel.app/quran-words/shajarah-798d42a7.html
wn_c958ae29,518,زِينَة,zīnah,ز-ي-ن,noun,Noun (Ism),,19,5,1,7,adornment,শোভা,زینت,ज़ीनत,perhiasan,süs,آرایش / زیور,ornement,18:7,https://quranicwords.vercel.app/quran-words/zinah-c958ae29.html
wn_de863944,519,طَيْر,ṭayr,ط-ي-ر,noun,Noun (Ism),,19,5,1,7,birds,পাখি,پرندوں / پرندے,परिन्दे / परिन्दों,burung,kuş,مرغان / پرنده,oiseaux,105:3,https://quranicwords.vercel.app/quran-words/tayr-de863944.html
wn_f9f24258,520,ضُرّ,ḍurr,ض-ر-ر,noun,Noun (Ism),,19,5,1,8,adversity / hardship / affliction,দুঃখ-দৈন্য / দুঃখ কষ্ট / দুঃখদৈন্য,تکلیف,तकलीफ़ / तक्लीफ़,bahaya / bencana,zarar / darlık / sıkıntı,سختی / رنج / گزندی,dommage,21:84,https://quranicwords.vercel.app/quran-words/durr-f9f24258.html
wv_3d835bae,521,يَضُرَّ,yaḍurra,ض-ر-ر,verb,,Form I,19,4,1,6,harm,ক্ষতি করতে পারে,نقصان دیتے ہیں,नुक़्सान देते हैं,memberi mudarat,zarar verebiliyorlar,زیان می زنند؟,font du mal,26:73,https://quranicwords.vercel.app/quran-words/yadurra-3d835bae.html
wv_8f1d471a,522,اسْتَعْجَلَ,astaʿjala,ع-ج-ل,verb,,Form X,19,4,1,6,were asking it to be hastened,তাড়াতাড়ি চেয়েছিলে,جلدی مچا رہے ہو,जल्दी मचा रहे थे,minta disegerakan,sizin acele gelmesini istediğinizdir,به شتاب می طلبند,avez cherché d’être hâté,46:24,https://quranicwords.vercel.app/quran-words/astajala-8f1d471a.html
wv_b0262c2d,523,يَفْقَهُ,yafqahu,ف-ق-ه,verb,,Form I,19,4,1,6,understand,বুঝে,سمجھتے / سمجھیں,समझते / समझें,memahami / mengerti,anlasınlar,بفهمند,comprennent,6:98,https://quranicwords.vercel.app/quran-words/yafqahu-b0262c2d.html
wv_d7395cd0,524,نَفَخَ,nafakha,ن-ف-خ,verb,,Form I,19,4,1,6,breathed / be blown / is blown,ফুঁ দেওয়া হবে / ফুঁ দেয়া হবে,پھونک ماری جائے گی / پھونک دوں / پھونک دیا,फ़ूँका जाएगा / फूँक दिया / फूँक दूँ,ditiup / tiupkan,üflenir / üflendi,دمیده شود / دمیدم / دمیدیم,sera soufflé / aurai soufflé / avons donc soufflé,32:9,https://quranicwords.vercel.app/quran-words/nafakha-d7395cd0.html
wn_0ad6af1e,525,دَرَجَة,darajah,د-ر-ج,noun,Noun (Ism),,18,5,1,8,degrees / ranks,মর্যাদায় / মর্যাদাসমূহ,درجات / درجے,दरजात / दर्जे,derajat,dereceler,درجات,niveaux,3:163,https://quranicwords.vercel.app/quran-words/darajah-0ad6af1e.html
wn_1a38ea29,526,مَوْلَى,mawlā,و-ل-ي,noun,Noun (Ism),,18,5,1,8,Protector / relation,অভিভাবক,عزیز / مددگار,दोस्त / मौला,pelindung / kawan karib,dost,یاور,allié / Souteneur,47:11,https://quranicwords.vercel.app/quran-words/mawla-1a38ea29.html
wn_3f48e476,527,أُذُن,udhun,أ-ذ-ن,noun,Noun (Ism),,18,5,1,8,ear,কান,کان,कान,telinga / apa yang didengarnya,kulakları,گوش,oreille,69:12,https://quranicwords.vercel.app/quran-words/udhun-3f48e476.html
wn_47712347,528,ذَكَر,dhakar,ذ-ك-ر,noun,Noun (Ism),,18,5,1,8,male,পুরুষ / পুত্রসমূহ,مرد / لڑکے / نر,मर्द / लड़के / नर,laki-laki,erkeği / erkek,مرد / نر / پسر,mâle / homme,4:124,https://quranicwords.vercel.app/quran-words/dhakar-47712347.html
wn_55699fc7,529,مُهْتَدي,muhtady,ه-د-ي,noun,Active participle (Ism Fāʿil),,18,5,1,9,guided,সঠিক পথপ্রাপ্ত / সৎপথ প্রাপ্ত,ہدایت پانے والے / ہدایت یافتہ / ہدایت پانے والوں,हिदायत याफ़्ता / हिदायत पाने वाले / हिदायत पाने वालों,orang-orang yang mendapat petunjuk,doğru yolda olduklarını / doğru yolu bulanlar,راه یافتگان / هدایت یافتگان,gens guidés,43:37,https://quranicwords.vercel.app/quran-words/muhtady-55699fc7.html
wn_5fac3d57,530,تَوْراة,tawrāh,,noun,Proper noun,,18,5,1,9,Taurat,তাওরাত,تورات,तौरात,Taurat,Tevrat,تورات,Thora,3:48,https://quranicwords.vercel.app/quran-words/tawrah-5fac3d57.html
wn_8f78180c,531,رَيْب,rayb,ر-ي-ب,noun,Noun (Ism),,18,5,1,9,doubt,সন্দেহ,شک,नहीं कोई शक,keraguan,şüphe / kuşku,تردیدی,doute,2:2,https://quranicwords.vercel.app/quran-words/rayb-8f78180c.html
wn_94114af6,532,مُنكَر,munkar,ن-ك-ر,noun,Passive participle (Ism Mafʿūl),,18,5,1,9,wrong / evil,অসৎ কাজ,برائی,बुराई,mungkar,edepsizce şeyler,کار ناشایست / کار ناپسند,blâmable,3:104,https://quranicwords.vercel.app/quran-words/munkar-94114af6.html
wn_a1adb884,533,دابَّة,dābbah,د-ب-ب,noun,Noun (Ism),,18,5,1,9,creature,জীবজন্তু,جاندار / جانوروں,जानदार,binatang,canlı,جنبنده ای / جنبندگان,animal terrestre / animaux terrestres,29:60,https://quranicwords.vercel.app/quran-words/dabbah-a1adb884.html
wn_b73550ba,534,دُبُر,dubur,د-ب-ر,noun,Noun (Ism),,18,5,1,10,back,পিঠসমূহ,پچھلی طرف / پیٹھیں / پیٹھوں,पुश्तें / पीछे,belakang,arkalarına,پشت,dos / derrière,12:27,https://quranicwords.vercel.app/quran-words/dubur-b73550ba.html
wn_cdd71f6c,535,عالِم,ʿālim,ع-ل-م,noun,Active participle (Ism Fāʿil),,18,5,1,10,Knower,খুব অবহিত,جاننے والا / جاننے والے,जानने वाला / तरफ़ जानने वाले,mengetahui,bilen / bilir,دانندۂ / دانای,Connaisseur,13:9,https://quranicwords.vercel.app/quran-words/alim-cdd71f6c.html
wn_cfa9c1bb,536,رَأْس,raʾs,ر-أ-س,noun,Noun (Ism),,18,5,1,10,head,মাথা,سر,सर,kepala,ana,سر,capitaux,19:4,https://quranicwords.vercel.app/quran-words/ras-cfa9c1bb.html
wn_e33985c8,537,إِنس,ins,أ-ن-س,noun,Noun (Ism),,18,5,1,10,men / mankind / any man,মানুষ,انسانوں,इन्सानों,manusia,insan,آدمی / انس,humains,27:17,https://quranicwords.vercel.app/quran-words/ins-e33985c8.html
wv_2acb923c,538,أَمْسَكَ,amsaka,م-س-ك,verb,,Form IV,18,4,1,7,catch,ধরে আনবে,تھام لیا,रोक रखें,ia tangkap,tutacak olursa,بازدارد,capturent,5:4,https://quranicwords.vercel.app/quran-words/amsaka-2acb923c.html
wv_418a29cc,539,أَسَرَّ,asarra,س-ر-ر,verb,,Form IV,18,4,1,7,confided,গোপন করতো,چپکے چپکے کی / چھپائیں گے / چھپایا,चुपके-चुपके की / छुपाऐंगे,merahasiakan,açığa vururlar,به راز نهادم,ont caché,66:3,https://quranicwords.vercel.app/quran-words/asarra-418a29cc.html
wv_438369db,540,ذُكِّرَ,dhukkira,ذ-ك-ر,verb,,Form II,18,4,1,7,are reminded / were reminded / is reminded,উপদেশ দেয়া হয়েছিলো,نصیحت کیا گیا / نصیحت کیے جاتے ہیں / نصیحت کیے گئے تھے,नसीहत किए गए थे / नसीहत किए जाते हैं / नसीहत किया गया,diperingatkan / diberi peringatan,hatırlatılan / öğütlenen,پند داده شده اند / پند داده شوند,ont été rappelés / sont rappelés,37:13,https://quranicwords.vercel.app/quran-words/dhukkira-438369db.html
wv_6db04db8,541,عَادَ,ʿāda,ع-و-د,verb,,Form I,18,4,1,7,return,পুনরাবৃত্তি করবে,اعادہ کرے گا,दोबारा करें,kembali,daha dönersek,باز گردد,retournerons / répète,23:107,https://quranicwords.vercel.app/quran-words/ada-6db04db8.html
wv_7471068d,542,وَفَّىٰ,waffā,و-ف-ي,verb,,Form II,18,4,1,7,be paid in full,পূর্ণ করে দিলেন,پورا پورا دیا جائے گا,पूरा-पूरा दिया जाएगा,dicukupkan,tam görür,تمام داده شود,sera pleinement récompensée,39:70,https://quranicwords.vercel.app/quran-words/waffa-7471068d.html
wv_7667dd27,543,أُخْفِيَ,ukhfiya,خ-ف-ي,verb,,Form IV,18,4,1,8,conceal,গোপন কর,چھپاتے ہو,छुपाया,disembunyikan,saklandığını,نهفته شده است,a été caché,60:1,https://quranicwords.vercel.app/quran-words/ukhfiya-7667dd27.html
wv_831ff367,544,نِعْمَ,niʿma,ن-ع-م,verb,,Form I,18,4,1,8,Excellent,কত উত্তম,کتنا اچھا,कितना अच्छा है,sebaik-baik,ne güzel,نیکو / خوب,comme est bon,18:31,https://quranicwords.vercel.app/quran-words/nima-831ff367.html
wv_9af4a9e9,545,تَبَيَّنَ,tabayyana,ب-ي-ن,verb,,Form V,18,4,1,8,became clear / become clear,সুস্পষ্ট হয়েছে,واضح ہوگیا / واضح ہوگئی,वाज़ेह हो गया / वाज़ेह हो गई,menjadi jelas / telah jelas / telah nyata,anlaşıldı ki,روشن شد,soit devenue claire / est devenu clair,2:259,https://quranicwords.vercel.app/quran-words/tabayyana-9af4a9e9.html
wv_be5c1e75,546,مَتَّعْ,mattaʿ,م-ت-ع,verb,,Form II,18,4,1,8,gave enjoyment,উপকরণ দিয়েছি,فائدہ دیا,फ़ायदा दिया,beri kesenangan,faydalandırdığımız,بهره مند ساختیم,avons donné de la jouissance,43:29,https://quranicwords.vercel.app/quran-words/matta-be5c1e75.html
wv_d0ae996a,547,أَوْفَىٰ,awfā,و-ف-ي,verb,,Form IV,18,4,1,8,fulfills,পুর্ণ করবে,پورا کرے,पूरा करे,menepati,tutarsa,وفا کند,accomplit,3:76,https://quranicwords.vercel.app/quran-words/awfa-d0ae996a.html
wv_eaae164a,548,أُعِيدُ,uʿīdu,ع-و-د,verb,,Form IV,18,4,1,9,be returned,ফিরিয়ে দেওয়া হবে,لوٹا دیئے جائیں گے,लौटा दिए जाऐंगे,dikembalikan,geri çevrilirler,باز گرد دانیده شوند,seront retournés,32:20,https://quranicwords.vercel.app/quran-words/uidu-eaae164a.html
wn_2750d3c9,549,حَوْل,ḥawl,ح-و-ل,noun,Noun (Ism),,17,5,1,10,around,এক বছর,آس پاس,इर्द-गिर्द,dua tahun,iki yıl,اطراف,année,19:68,https://quranicwords.vercel.app/quran-words/hawl-2750d3c9.html
wn_27f6b0e8,550,نَعِيم,naʿīm,ن-ع-م,noun,Noun (Ism),,17,5,2,1,Delight / bliss / Pleasure,সুখকর,نعمتوں,नेअमतों वाले / नेअमतों वाली,kenikmatan / kesenangan,ni'met,پر نعمت,délice,70:38,https://quranicwords.vercel.app/quran-words/naim-27f6b0e8.html
wn_2c0fc055,551,ثَمَرَة,thamarah,ث-م-ر,noun,Noun (Ism),,17,5,2,1,fruits,ফলমূল / ফল-মূলসমূহ / ফলসমূহ,پھلوں,फल,buah-buahan,meyvalar,میوه ها / محصولات,fruits,16:67,https://quranicwords.vercel.app/quran-words/thamarah-2c0fc055.html
wn_4518cad7,552,حُسْنَى,ḥusnā,ح-س-ن,noun,Noun (Ism),,17,5,2,1,best / good / most beautiful,উত্তম / কল্যাণ / সুন্দর,بھلائی / اچھے اچھے,भलाई / अच्छे-अच्छे,baik,en güzel / güzellik,نیکوتر / نیکی,meilleure / Meilleurs,10:26,https://quranicwords.vercel.app/quran-words/husna-4518cad7.html
wn_6bc6703c,553,بَطْن,baṭn,ب-ط-ن,noun,Noun (Ism),,17,5,2,1,wombs / bellies,পেটের,پیٹوں,पेटों,perut,karınları,شکم ها,ventres,16:78,https://quranicwords.vercel.app/quran-words/batn-6bc6703c.html
wn_70fef0b0,554,بِنْت,bint,ب-ن-ي,noun,Noun (Ism),,17,5,2,1,daughters,কন্যাদেরকে / কন্যাসমূহ / মেয়েদের,بیٹیاں,बेटियाँ,anak-anak perempuan,kızlar,دختران,filles,43:16,https://quranicwords.vercel.app/quran-words/bint-70fef0b0.html
wn_893c12cb,555,سُلَيْمان,sulaymān,,noun,Proper noun,,17,5,2,2,Sulaiman,সুলায়মান,سلیمان,सुलैमान / सुलेमान,Sulaiman / Sulaeman,Süleyman,سلیمان,Salomon,38:30,https://quranicwords.vercel.app/quran-words/sulayman-893c12cb.html
wn_9014ebea,556,قائِم,qāʾim,ق-و-م,noun,Active participle (Ism Fāʿil),,17,5,2,2,standing,দাঁড়িয়ে,قائم,क़ायम / खड़े,berdiri,ayakta,ایستاده,debout,3:39,https://quranicwords.vercel.app/quran-words/qaim-9014ebea.html
wn_cdd494c5,557,فاحِشَة,fāḥishah,ف-ح-ش,noun,Noun (Ism),,17,5,2,2,immorality / immoralities,অশ্লীল কাজ,بےحیائی,बेहयाई,perbuatan keji,kötülük / çirkin işlerden,کار زشت / کاری زشت,immoralité,17:32,https://quranicwords.vercel.app/quran-words/fahishah-cdd494c5.html
wn_d2e71889,558,أَهْواء,ahwāʾ,ه-و-ي,noun,Noun (Ism),,17,5,2,2,desires,খেয়ালখুশির,خواہشات,ख़्वाहिशात,hawa nafsu,keyiflerine,هوس های,désirs,6:150,https://quranicwords.vercel.app/quran-words/ahwa-d2e71889.html
wn_db1ecb5a,559,إِسْحاق,isḥāq,,noun,Proper noun,,17,5,2,2,Ishaq,ইসহাক,اسحاق,इसहाक़ / इस्हाक़,Ishaq / Ishak,İshak,اسحق / اسحاق,Isaac,21:72,https://quranicwords.vercel.app/quran-words/ishaq-db1ecb5a.html
wn_e5592a67,560,تَقْوَى,taqwā,و-ق-ي,noun,Noun (Ism),,17,5,2,3,righteousness / piety,তাকওয়ার / তাক্বওয়া,تقوی,तक़वा / तक़्वा,takwa,takva,پرهیزکاری / تقوای,piété,9:109,https://quranicwords.vercel.app/quran-words/taqwa-e5592a67.html
wn_eb9dba3e,561,حَمِيد,ḥamīd,ح-م-د,noun,Noun (Ism),,17,5,2,3,Praiseworthy,প্রশংসিত,تعریف والا / تعریف والے,ख़ूब तारीफ़ वाला / बहुत तारीफ़ वाला / ख़ूब तारीफ़ वाले,Maha Terpuji,övülmüştür / övgüye layıktır,ستوده,Celui qui reçoit tous les compliments / Quelqu’un qui reçoit beaucoup de compliments,14:8,https://quranicwords.vercel.app/quran-words/hamid-eb9dba3e.html
wn_ef99d15b,562,تُراب,turāb,ت-ر-ب,noun,Noun (Ism),,17,5,2,3,dust,মাটি,مٹی,मिट्टी,tanah / debu,toprak,خاک,poussière,37:16,https://quranicwords.vercel.app/quran-words/turab-ef99d15b.html
wn_f6737ba2,563,تَأْوِيل,taʾwīl,أ-و-ل,noun,Verbal noun (Maṣdar),,17,5,2,3,interpretation,ব্যাখ্যা / ব্যখ্যা,انجام کے اعتبار / تعبیر,हक़ीक़त / अंजाम के ऐतबार,tabir / kesudahan / ta'wil,sonuç bakımından,تعبیر,explication / résultat,12:101,https://quranicwords.vercel.app/quran-words/tawil-f6737ba2.html
wv_09ac11a2,564,فَصَّلَ,faṣṣala,ف-ص-ل,verb,,Form II,17,4,1,9,explained in detail / have made clear,বিশদ বর্ণনা করেছি আমরা,کھول کر بیان کی گئی ہیں,खोल कर बयान कर दीं / खोल कर बयान की गईं,telah menjelaskan / dijelaskan,genişçe açıkladık,به تفصیل بیان کردیم,avons expliqué en détail / ont été expliqués en détail,6:119,https://quranicwords.vercel.app/quran-words/fassala-09ac11a2.html
wv_137e6b90,565,فَضَّلَ,faḍḍala,ف-ض-ل,verb,,Form II,17,4,1,9,preferred / bestowed,শ্রেষ্ঠত্ব দিয়েছেন / মর্যাদা দিয়েছি,فضیلت دی,फ़ज़ीलत दी,melebihkan,üstün kıldık / üstün kılmıştır,برتری داده است / برتری دادیم,a favorisé / avons favorisé,6:86,https://quranicwords.vercel.app/quran-words/faddala-137e6b90.html
wv_429e12e6,566,أَنْعَمَ,anʿama,ن-ع-م,verb,,Form IV,17,4,1,9,bestowed,অনুগ্রহ করেছেন,انعام کیا,इनाम किया / इनाम की,anugerahkan,ni'met verdiği / ni'metlendirdim,ارزانی داشتم,a donné des bienfaits / ai donné,2:47,https://quranicwords.vercel.app/quran-words/anama-429e12e6.html
wv_499a5577,567,كَرِهَ,kariha,ك-ر-ه,verb,,Form I,17,4,1,9,dislike / hate,অপছন্দ করে,ناپسند کریں / ناپسند کیا,नापसंद करें / नापसंद किया,benci / tidak menyukai,hoşlanmasa / hoşlanmadılar,خوش ندارند / ناخوش داشتند,déteste / ont détesté,10:82,https://quranicwords.vercel.app/quran-words/kariha-499a5577.html
wv_67e249ec,568,وَدَّ,wadda,و-د-د,verb,,Form I,17,4,1,10,wish,কামনা করে,چاہتے ہیں,चाहते हैं,ingin,isterler / istediler ki,دوست دارند / دوست داشتند,Aimeraient / Aurait aimé,68:9,https://quranicwords.vercel.app/quran-words/wadda-67e249ec.html
wv_74b1ccef,569,يَتَفَكَّرُ,yatafakkaru,ف-ك-ر,verb,,Form V,17,4,1,10,reflect / ponder,চিন্তা ভাবনা করে / চিন্তা-ভাবনা করে,غور و فکر کرتی ہو / غور و فکر کریں,ग़ौरो फ़िक्र करते हैं / ग़ौरो फ़िक्र करें / ग़ौरो फ़िक्र करो,berfikir / memikirkan,düşünen / düşünürler,می اندیشند,méditent / méditiez,16:44,https://quranicwords.vercel.app/quran-words/yatafakkaru-74b1ccef.html
wv_e4dee28a,570,أَحَاطَ,aḥāṭa,ح-و-ط,verb,,Form IV,17,4,1,10,encompassed,ঘিরে রেখেছেন / পরিবেষ্টন করে রেখেছেন,گھیر رکھا ہے / گھیر لیا گیا,घेर रखा है,meliputi / diliputi,kuşatmıştır,آگاهی یافته ام,a enveloppé,18:91,https://quranicwords.vercel.app/quran-words/ahata-e4dee28a.html
wv_eae0ac2e,571,أُغْرِقُ,ughriqu,غ-ر-ق,verb,,Form IV,17,4,1,10,drowned,ডুবিয়ে দিলাম / ডুবিয়ে দিয়েছিলাম,غرق کردیا,ग़र्क़ कर दिया,tenggelamkan,boğduk / boğmuştuk,غرق کردیم / غرق ساختیم / غرق گردانیدیم,avons noyé,26:66,https://quranicwords.vercel.app/quran-words/ughriqu-eae0ac2e.html
wv_fb0dcfb7,572,ٱنقَلَبَ,anqalaba,ق-ل-ب,verb,,Form VII,17,4,1,10,returned,ফিরে যাবে / ফিরে যেতো,لوٹ جاؤ گے,पलट कर जाते,kembali,döndükleri,بازمی گشتند,retournaient,83:31,https://quranicwords.vercel.app/quran-words/anqalaba-fb0dcfb7.html
wn_2b272368,573,فُؤاد,fuʾād,ف-أ-د,noun,Noun (Ism),,16,5,2,3,heart / feelings,অন্তর / হৃদয়,دل,दिल,hati,gönül,دل,cœur,53:11,https://quranicwords.vercel.app/quran-words/fuad-2b272368.html
wn_5edde435,574,سُنَّة,sunnah,س-ن-ن,noun,Noun (Ism),,16,5,2,4,way,অনুসৃত রীতি / বিধান,طریقہ / سنت,तरीक़ा,sunnah / ketetapan,kanunu,روش / سنّت / شیوۂ,manière de se comporter / manières de se comporter,15:13,https://quranicwords.vercel.app/quran-words/sunnah-5edde435.html
wn_678270cc,575,قُرْبَى,qurbā,ق-ر-ب,noun,Noun (Ism),,16,5,2,4,relatives / near of kin,নৈকট্য,رشتہ دار,क़राबतदार,kerabat,akraba,خویشاوندان,relation familiale / proche,4:8,https://quranicwords.vercel.app/quran-words/qurba-678270cc.html
wn_6c3f9f97,576,هُمَا,humā,,noun,Pronoun (Ḍamīr),,16,1,2,2,they both,তারা দু'জনে,وہ دونوں,वो दोनों,keduanya,ikisi,آن دو,ils,9:40,https://quranicwords.vercel.app/quran-words/huma-6c3f9f97.html
wn_7e90f564,577,أَظْلَم,aẓlam,ظ-ل-م,noun,Noun (Ism),,16,5,2,4,more unjust / more wrong,বড় সীমালঙ্ঘনকারী / অধিক সীমালঙ্ঘনকারী,زیادہ بڑا ظالم,बड़ा ज़ालिम,lebih zalim,daha zalim,ستمکارتر / ستمکار تر,plus injuste,53:52,https://quranicwords.vercel.app/quran-words/azlam-7e90f564.html
wn_965fadb9,578,أَلْباب,albāb,ل-ب-ب,noun,Noun (Ism),,16,5,2,4,understanding,বোধ,عقل,अक़्ल वाले / अक़्ल वालों के लिए / ऐ अक़्ल वालो,akal / pikiran,sağduyu / akıl,خردمندان,intellects,40:54,https://quranicwords.vercel.app/quran-words/albab-965fadb9.html
wn_aa757848,579,داوُد,dāwud,,noun,Proper noun,,16,5,2,4,Dawood,দাউদ / দাঊদকে,داؤد,दाऊद,Daud,Davud,داوود,David,38:17,https://quranicwords.vercel.app/quran-words/dawud-aa757848.html
wn_aa93a410,580,آمِن,āmin,أ-م-ن,noun,Active participle (Ism Fāʿil),,16,5,2,5,secure / safe,নিরাপদ,امن سے رہنے والے / امن والا,अमन वाला / अमन से रहने वाले,aman,güven içinde / güvenli,ایمن,gens en sécurité,15:46,https://quranicwords.vercel.app/quran-words/amin-aa93a410.html
wn_ae75ee6b,581,طَيِّب,ṭayyib,ط-ي-ب,noun,Noun (Ism),,16,5,2,5,good,পবিত্র,پاک,पाक,baik,temiz,پاک,bien / bonne,8:69,https://quranicwords.vercel.app/quran-words/tayyib-ae75ee6b.html
wn_c03a34e0,582,يَعْقُوب,yaʿqūb,,noun,Proper noun,,16,5,2,5,Yaqub,ইয়াকুবের / ইয়াকুবকে,یعقوب,याक़ूब,Yaqub / Ya'kub,Ya'kub,یعقوب,Jacob,19:6,https://quranicwords.vercel.app/quran-words/yaqub-c03a34e0.html
wn_d492e9d4,583,سَعِير,saʿīr,س-ع-ر,noun,Noun (Ism),,16,5,2,5,Blaze / Blazing Fire,জাহান্নামের,بھڑکتی ہوئی آگ / بھڑکتی آگ / دوزخ,भड़कती आग / भड़कती हुई आग,neraka yang menyala-nyala / api yang menyala-nyala,alevli bir ateş,آتشی افروخته / آتش برافروخته,chaleur ardente,84:12,https://quranicwords.vercel.app/quran-words/sair-d492e9d4.html
wn_fc0af6f5,584,مِيزان,mīzān,و-ز-ن,noun,Noun (Ism),,16,5,2,5,balance / weight,ওজন,میزان / تول,तौल / मीज़ान,timbangan / neraca,tartıyı / ölçüyü,ترازو,balance / mesure du poids,55:7,https://quranicwords.vercel.app/quran-words/mizan-fc0af6f5.html
wv_03c5d428,585,هَاجَرَ,hājara,ه-ج-ر,verb,,Form III,16,4,2,1,emigrated,হিজরত করেছে,ہجرت کی,हिजरत की,berhijrah,hicret eden / hicret ettiler,هجرت کردند,ont émigré,59:9,https://quranicwords.vercel.app/quran-words/hajara-03c5d428.html
wv_300cc194,586,ٱنتَهَىٰ,antahā,ن-ه-ي,verb,,Form VIII,16,4,2,1,cease,বিরত হয়,باز آجائیں,बाज़ आ जाऐं,berhenti,son verirlerse,باز ایستند,arrêtent,2:192,https://quranicwords.vercel.app/quran-words/antaha-300cc194.html
wv_3b58cd1a,587,قَرَأَ,qaraʾa,ق-ر-أ,verb,,Form I,16,4,2,1,is recited,তিলাওয়াত করা হয়,پڑھا جائے,पढ़ता,dibacakan / membaca,okuduğun / okunduğu,بخوانی / خوانده شود,est récité / récites,84:21,https://quranicwords.vercel.app/quran-words/qaraa-3b58cd1a.html
wv_4bb73d90,588,أَنۢبَتَ,anbata,ن-ب-ت,verb,,Form IV,16,4,2,1,caused to grow / grows / made to grow,উৎপন্ন করেছি,اگائے / اگائی,उगाए / उगाया,tumbuhkan,bitirdik,رویانیدیم,avons fait pousser / avons ensuite fait pousser,80:27,https://quranicwords.vercel.app/quran-words/anbata-4bb73d90.html
wv_865c6ae4,589,مَنَّ,manna,م-ن-ن,verb,,Form I,16,4,2,1,conferred favor,অনুগ্রহ করেছেন,احسان کیا,एहसान किया,telah melimpahkan karunia,lutfetti,منت نهاد / منّت نهاد / نعمت ارزانی داشتیم,a donné de la faveur / a ensuite placé de la faveur,52:27,https://quranicwords.vercel.app/quran-words/manna-865c6ae4.html
wv_8ae0dfd1,590,وَقَىٰ,waqā,و-ق-ي,verb,,Form I,16,4,2,2,protected,বাঁচালেন,بچا لیا,पस बचा लिया,melindungi,onu korudu,نگهداشت,a donc protégé,40:45,https://quranicwords.vercel.app/quran-words/waqa-8ae0dfd1.html
wv_95f62b41,591,سَارَ,sāra,س-ي-ر,verb,,Form I,16,4,2,2,was traveling,যাত্রা করলো,لے چلے,ले चला,berjalan dimalam hari,yola çıkınca,برد,a voyagé,28:29,https://quranicwords.vercel.app/quran-words/sara-95f62b41.html
wv_aefca8d0,592,أُفِكَ,ufika,أ-ف-ك,verb,,Form I,16,4,2,2,is deluded,বিমুখ হয়েছে,پھرایا جائے,फेरा गया,dipalingkan,çevrilen,منحرف شده است,a été trompé,51:9,https://quranicwords.vercel.app/quran-words/ufika-aefca8d0.html
wv_b5558080,593,خَسِرَ,khasira,خ-س-ر,verb,,Form I,16,4,2,2,lost,ক্ষতিগ্রস্ত করেছে / ক্ষতিগ্রস্ত হয়েছে / ক্ষতি করেছে,نقصان اٹھایا / خسارے میں ڈالا / نقصان میں ڈالا,ख़सारे में डाला,merugikan,ziyana sokan,زیان زدند / زیان کردند,ont perdu,6:140,https://quranicwords.vercel.app/quran-words/khasira-b5558080.html
wv_b794adf6,594,فَرِحَ,fariḥa,ف-ر-ح,verb,,Form I,16,4,2,2,rejoice,উৎফুল্ল হয়,خوش ہوگئے / خوش ہوجاتے ہیں,ख़ुश हो गए / ख़ुश होते हैं,bergembira,sevindiler,خوشحال شدند,se réjouissent / se sont réjouis,30:36,https://quranicwords.vercel.app/quran-words/fariha-b794adf6.html
wv_cc9d88d0,595,قَدَّرَ,qaddara,ق-د-ر,verb,,Form II,16,4,2,3,determined / plotted / have decreed,সিদ্ধান্ত নিল,اندازہ کیا / تقدیر مقرر کی اس کی,अंदाज़ा किया,menentukan / menetapkan,ölçtü biçti,سنجیده / اندازه گیری کرد / مقرر کردیم,a décidé / avons déterminé / a déterminé,41:10,https://quranicwords.vercel.app/quran-words/qaddara-cc9d88d0.html
wv_d8a3043c,596,ٱسْتَمَعَ,astamaʿa,س-م-ع,verb,,Form VIII,16,4,2,3,listened,মনযোগসহ শুনেছে,غور سے سنا,ग़ौर से सुना,mendengarkan,dinledikleri,گوش می نهند,ont écouté attentivement,72:1,https://quranicwords.vercel.app/quran-words/astamaa-d8a3043c.html
wv_da06801d,597,أَتَمَّ,atamma,ت-م-م,verb,,Form IV,16,4,2,3,complete,পূর্ণ করো,نے تمام کردی,तमाम कर दी,cukupkan,tamamladım,تمام کردم,ai accompli,28:27,https://quranicwords.vercel.app/quran-words/atamma-da06801d.html
wv_dcc1b72c,598,بَسَطَ,basaṭa,ب-س-ط,verb,,Form I,16,4,2,3,extends,প্রচুর দিতেন,نے پھیلایا,खोल दे,melapangkan,bollaştırsaydı,بگشایی,étendait,42:27,https://quranicwords.vercel.app/quran-words/basata-dcc1b72c.html
wv_e79d573f,599,فَتَحَ,fataḥa,ف-ت-ح,verb,,Form I,16,4,2,3,opened,খুলে দিই / খুলে দেওয়া হবে,کھول دیئے جائیں گے,खोल दिए,bukakan,açılır,گشوده شود / گشودیم,seront ouvertes / avons ouvert,15:14,https://quranicwords.vercel.app/quran-words/fataha-e79d573f.html
wn_137e15f7,600,نَصْرانِيّ,naṣrāniyy,ن-ص-ر,noun,Proper noun,,15,5,2,6,Christians,খ্রিষ্টান,عیسائی / نصاری,नसारा / नस्रानी,Nasrani,hıristiyan,مسیحی,Chrétiens,2:135,https://quranicwords.vercel.app/quran-words/nasraniyy-137e15f7.html
wn_1cfa966c,601,مُسْرِف,musrif,س-ر-ف,noun,Active participle (Ism Fāʿil),,15,5,2,6,transgressor / transgressing,সীমালংঘনকারী / সীমালঙ্ঘনকারী,حد سے بڑھنے والوں,हद से बढ़ने वालों / इसराफ़ करने वालों / हद से बढ़ने वाले,orang-orang yang melampaui batas,aşırı giden / israf edenleri,اسرافکار / اسراف کنندگان,excessifs / gaspilleurs / quelqu’un d’excessif,40:34,https://quranicwords.vercel.app/quran-words/musrif-1cfa966c.html
wn_41a5a59a,602,شَكّ,shakk,ش-ك-ك,noun,Noun (Ism),,15,5,2,6,doubt,সন্দেহের,شک,अलबत्ता शक में,keraguan / keragu-raguan,kuşku / şüphe,شکی,doute,44:9,https://quranicwords.vercel.app/quran-words/shakk-41a5a59a.html
wn_4d413a6a,603,صَبْر,ṣabr,ص-ب-ر,noun,Noun (Ism),,15,5,2,6,patience,ধৈর্য,صبر,सब्र,kesabaran / bersabar,sabır,شکیبایی / صبری,endurance,70:5,https://quranicwords.vercel.app/quran-words/sabr-4d413a6a.html
wn_7139c5a1,604,حَرَج,ḥaraj,ح-ر-ج,noun,Noun (Ism),,15,5,2,6,any blame / any discomfort,অপরাধ / কোন দোষ,تنگی / حرج / گناہ,तंगी / गुनाह / हर्ज,keberatan / berdosa / kesempitan,güçlük,گناهی,péché / difficulté,9:91,https://quranicwords.vercel.app/quran-words/haraj-7139c5a1.html
wn_86cf3b9f,605,مُنذِر,mundhir,ن-ذ-ر,noun,Active participle (Ism Fāʿil),,15,5,2,7,warner,সতর্ককারী,ڈرانے والے / ڈرانے والا,डराने वाले,pemberi peringatan / orang-orang yang memberi peringatan,uyarıcı,بیم دهندگان / بیم دهنده ای,avertisseur,79:45,https://quranicwords.vercel.app/quran-words/mundhir-86cf3b9f.html
wn_8f3dd978,606,مِلَّة,millah,م-ل-ل,noun,Noun (Ism),,15,5,2,7,religion,পন্থা,طریقے / طریقہ / ملت,मिल्लत / तरीक़े / दीन,agama,dinine,آیین,religion,3:95,https://quranicwords.vercel.app/quran-words/millah-8f3dd978.html
wn_95c53a12,607,بُشْرَى,bushrā,ب-ش-ر,noun,Noun (Ism),,15,5,2,7,glad tidings,সুসংবাদ,خوشخبری / خوش خبری,ख़ुशख़बरी,kabar gembira / berita gembira,müjde,مژده,bonne nouvelle,25:22,https://quranicwords.vercel.app/quran-words/bushra-95c53a12.html
wn_9b6eaf02,608,تَنزِيل,tanzīl,ن-ز-ل,noun,Verbal noun (Maṣdar),,15,5,2,7,Revelation,অবতীর্ণ করা / অবতরণ,نازل کردہ / نازل کرنا,नाज़िल करदा / नाज़िल करना,diturunkan / turunnya,indirilmiştir / indirilişi,فروفرستادن,descente en étapes,56:80,https://quranicwords.vercel.app/quran-words/tanzil-9b6eaf02.html
wn_a2045137,609,حَلِيم,ḥalīm,ح-ل-م,noun,Noun (Ism),,15,5,2,7,Most Forbearing / All-Forbearing,সহনশীল,بردبار / حلم والا,बहुत बुर्दबार / बहुत हिल्म वाला,Maha Penyantun,halimdir,بردبار,très indulgent,22:59,https://quranicwords.vercel.app/quran-words/halim-a2045137.html
wn_a85cd317,610,رِجْل,rijl,ر-ج-ل,noun,Noun (Ism),,15,5,2,8,feet,দু'পায়ের,اپنے دو پاؤں,दो पाँव,dua kakinya,ayakları,دوپای,deux pieds,7:195,https://quranicwords.vercel.app/quran-words/rijl-a85cd317.html
wn_b18c4160,611,بَلاغ,balāgh,ب-ل-غ,noun,Noun (Ism),,15,5,2,8,conveyance,পৌঁছান / প্রচার করা,پہنچا دینا / پہنچانا,पहुँचा देना / पहुँचाना,penyampaian,duyurmaktır / duyurmaktan,رساندن / رسانیدن,transmission,36:17,https://quranicwords.vercel.app/quran-words/balagh-b18c4160.html
wn_b7494a52,612,يَسِير,yasīr,ي-س-ر,noun,Noun (Ism),,15,5,2,8,easy,সহজ,آسان,बहुत आसान,mudah,kolaydır,آسان,facile,74:10,https://quranicwords.vercel.app/quran-words/yasir-b7494a52.html
wn_cdd463fe,613,كُلَّما,kullamā,ك-ل-ل,noun,Noun (Ism),,15,5,2,8,Every time / Whenever,যখনই,کبھی,कभी,setiap,her / ne zaman,هر گاه,Chaque fois qu’,22:22,https://quranicwords.vercel.app/quran-words/kullama-cdd463fe.html
wn_d0df8488,614,مَلِك,malik,م-ل-ك,noun,Noun (Ism),,15,5,2,8,king,অধিপতি / রাজা,بادشاہ,बादशाह,raja,Kral,پادشاه / فرمانروای,roi,18:79,https://quranicwords.vercel.app/quran-words/malik-d0df8488.html
wn_fa2afa9a,615,قِسْط,qisṭ,ق-س-ط,noun,Noun (Ism),,15,5,2,9,justice,ন্যায়ের,انصاف والے,इन्साफ़ वाले,benar,adalet,دادگری,justice,21:47,https://quranicwords.vercel.app/quran-words/qist-fa2afa9a.html
wv_008ceb2d,616,أُوذِيَ,ūdhiya,أ-ذ-ي,verb,,Form IV,15,4,2,4,were harmed,কষ্ট দিয়েছিলো,اذیت دیے گئے,अज़ियत दिए गए,disakiti,bize işkence edildi,آزار دیدند,avons reçus de la nuisance,6:34,https://quranicwords.vercel.app/quran-words/udhiya-008ceb2d.html
wv_4aae2ce1,617,غَرَّ,gharra,غ-ر-ر,verb,,Form I,15,4,2,4,deluded,ধোঁকা দিয়েছে,دھوکے میں ڈال دیا,धोखे में डाल दिया है,menipu,aldatmış,فریفته است,A trompé,8:49,https://quranicwords.vercel.app/quran-words/gharra-4aae2ce1.html
wv_4f20a23a,618,وَعَظْ,waʿaẓ,و-ع-ظ,verb,,Form I,15,4,2,4,are admonished,উপদেশ দিচ্ছিলো,نصیحت کی جاتی ہے,नसीहत की जाती है,diajar,öğütlenen,پند داده می شود,est conseillé de manière émouvante,58:3,https://quranicwords.vercel.app/quran-words/waaz-4f20a23a.html
wv_5900985d,619,أَفْسَدُ,afsadu,ف-س-د,verb,,Form IV,15,4,2,4,spread corruption,বিপর্যয় সৃষ্টি করবে / বিপর্যয় সৃষ্টি করে,فساد کرتے ہیں,फ़साद करते हैं,membuat kerusakan,bozgunculuk yapan,فساد می کنند,sèment la corruption / semaient la corruption,13:25,https://quranicwords.vercel.app/quran-words/afsadu-5900985d.html
wv_80d7124b,620,سَكَنَ,sakana,س-ك-ن,verb,,Form I,15,4,2,4,dwell,বসবাস করছিলে,رہتے ہو,ठहरे रहे,bertempat tinggal,barınan,آرام جای گیرد,habite avec tranquillité,65:6,https://quranicwords.vercel.app/quran-words/sakana-80d7124b.html
wv_87eb426c,621,غَلَبُ,ghalabu,غ-ل-ب,verb,,Form I,15,4,2,5,overcame,পরাজিত হয়েছে,غالب آئے,ग़ालिब आ गई,telah mengalahkan,galib gelmiştir,مغلوب شدند,ont surpassé,2:249,https://quranicwords.vercel.app/quran-words/ghalabu-87eb426c.html
wv_8848ec05,622,أَخَّرَ,akhkhara,أ-خ-ر,verb,,Form II,15,4,2,5,delay,পিছনে ছেড়েছে,ٹال دیں,पीछे छोड़ा,akhirkan,geciktirsek,برجای نهاده است,a remis à plus tard,11:8,https://quranicwords.vercel.app/quran-words/akhkhara-8848ec05.html
wv_a0b02af3,623,صَنَعُ,ṣanaʿu,ص-ن-ع,verb,,Form I,15,4,2,5,did,করেছে / বানিয়েছে,کیا,किया / बनाया,perbuat,onların yaptıkları,ساخته اند,ont fabriqué / ont œuvré,11:16,https://quranicwords.vercel.app/quran-words/sanau-a0b02af3.html
wv_a321b2b1,624,ٱعْتَدَىٰ,aʿtadā,ع-د-و,verb,,Form VIII,15,4,2,5,transgressed,বাড়াবাড়ি করবে,زیادتی کرے / زیادتی کی,ज़्यादती करे,melampaui batas,haddi aşarsa,از اندازه بگذرد,transgresse la loi,2:65,https://quranicwords.vercel.app/quran-words/atada-a321b2b1.html
wv_ae57622a,625,أَغْنَىٰ,aghnā,غ-ن-ي,verb,,Form I,15,4,2,5,enriches,অভাব দূর করেন,غنی کردیا,ग़नी कर दिया,memberi kecukupan,zengin eden,بی نیاز کرد,a enrichi,53:48,https://quranicwords.vercel.app/quran-words/aghna-ae57622a.html
wv_c569e9c0,626,شَرِبَ,shariba,ش-ر-ب,verb,,Form I,15,4,2,6,drank,পান করবে,پیا,पिया,meminum,hepsi içtiler,بنو شد,boit,2:249,https://quranicwords.vercel.app/quran-words/shariba-c569e9c0.html
wv_cf4e3808,627,صَدَقَ,ṣadaqa,ص-د-ق,verb,,Form I,15,4,2,6,are true,সত্য বলেছে,سچ کہا / سچ فرمایا,सच कहा / सच फ़रमाया,benar,demek doğru söylemiş,راست گفت,ont dit la vérité / A dit la vérité / ont été véridiques,2:177,https://quranicwords.vercel.app/quran-words/sadaqa-cf4e3808.html
wv_e0f34c07,628,أَتْبَعَ,atbaʿa,ت-ب-ع,verb,,Form IV,15,4,2,6,followed / follows,অনুসরণ করলো,پیروی کی / پیچھا کرتا ہے اس کا,पीछे लगाया / पीछा करता है उसका,mengikuti,tuttu,درپی گرفت,a suivi / ont été suivis / suivra,18:89,https://quranicwords.vercel.app/quran-words/atbaa-e0f34c07.html
wv_f4530def,629,يُبْدِيَ,yubdiya,ب-د-و,verb,,Form IV,15,4,2,6,reveal / disclose,প্রকাশ কর,ظاہر کرتے ہو / ظاہر کرو گے,ज़ाहिर करते हो / ज़ाहिर करो,melahirkan,açığa vurduğunuz,آشکار می کنید / آشکار کنید,révélez,5:99,https://quranicwords.vercel.app/quran-words/yubdiya-f4530def.html
wn_00a715ee,630,لَعْنَة,laʿnah,ل-ع-ن,noun,Noun (Ism),,14,5,2,9,curse,অভিশাপ,لعنت,लानत,kutukan,la'net,لعنت,malédiction,3:87,https://quranicwords.vercel.app/quran-words/lanah-00a715ee.html
wn_08cd7a17,631,ضالّ,ḍāll,ض-ل-ل,noun,Active participle (Ism Fāʿil),,14,5,2,9,astray,পথভ্রষ্ট,گمراہ,गुमराह,orang-orang yang sesat,sapık,گمراهان,égarés,37:69,https://quranicwords.vercel.app/quran-words/dall-08cd7a17.html
wn_10a74fee,632,ظِلّ,ẓill,ظ-ل-ل,noun,Noun (Ism),,14,5,2,9,shade / shadow,ছায়া,سائے / سایوں,साये / सायों,naungan / tempat yang teduh,gölge,سایه,ombre,4:57,https://quranicwords.vercel.app/quran-words/zill-10a74fee.html
wn_14805ec0,633,خاشِع,khāshiʿ,خ-ش-ع,noun,Active participle (Ism Fāʿil),,14,5,2,9,humbled / humbly submissive,অবনত,خشوع کرنے والے,ख़ुशूअ करने वाले,tertunduk,saygılıdırlar,حالی که فروتنان اند,humbles,79:9,https://quranicwords.vercel.app/quran-words/khashi-14805ec0.html
wn_16d2a0da,634,عَدْل,ʿadl,ع-د-ل,noun,Noun (Ism),,14,5,2,10,just,বিনিময়,بدلہ / عدل,बदला,keadilan / tebusan,adil / fidye,برابر,justice / compensation égale,65:2,https://quranicwords.vercel.app/quran-words/adl-16d2a0da.html
wn_1b93e7cb,635,غَضَب,ghaḍab,غ-ض-ب,noun,Noun (Ism),,14,5,2,10,wrath / anger,রাগ,غضب / غصہ,ग़ज़ब,kemurkaan,gazab,خشم,colère,42:16,https://quranicwords.vercel.app/quran-words/ghadab-1b93e7cb.html
wn_4bce7608,636,قادِر,qādir,ق-د-ر,noun,Active participle (Ism Fāʿil),,14,5,2,10,Able,সক্ষম,قادر,क़ादिर,berkuasa,kadirdir,تواناست,capable,6:37,https://quranicwords.vercel.app/quran-words/qadir-4bce7608.html
wn_4bda894e,637,بَلَد,balad,ب-ل-د,noun,Noun (Ism),,14,5,2,10,city / land / cities,নগরের,شہر / ملکوں,शहर,negeri,şehri,سرزمین,région,2:126,https://quranicwords.vercel.app/quran-words/balad-4bda894e.html
wn_582cc3c4,638,شاكِر,shākir,ش-ك-ر,noun,Active participle (Ism Fāʿil),,14,5,2,10,grateful / thankful / All-Appreciative,কৃতজ্ঞদের / মূল্যদানকারী / শোকরকারীদেরকে,شکر کرنے والوں / شکر گزار / قدر دان,शुक्र करने वालों / क़द्रदान / शुक्र गुज़ार,orang-orang yang bersyukur / Maha Mensyukuri,şükredenlerden / şükredenleri,سپاس گزاران / سپاس داری / سپاسگزاران,reconnaissant,21:80,https://quranicwords.vercel.app/quran-words/shakir-582cc3c4.html
wn_5dfe8444,639,صِدْق,ṣidq,ص-د-ق,noun,Noun (Ism),,14,5,3,1,honor / sound,সত্যিকার / সত্যের,سچا / سچی,सच्चा,benar,doğruluk,راستی / درست,véracité / honneur,26:84,https://quranicwords.vercel.app/quran-words/sidq-5dfe8444.html
wn_845af2ba,640,ابْتِغاء,abtighāʾ,ب-غ-ي,noun,Verbal noun (Maṣdar),,14,5,3,1,seeking,সন্ধানে,تلاش کرنے / چاہنے,चाहने / हासिल करने,mencari,kazanmak için,برای جستن / طلب,recherche,92:20,https://quranicwords.vercel.app/quran-words/abtigha-845af2ba.html
wn_851b7aa9,641,أُخْت,ukht,أ-خ-و,noun,Noun (Ism),,14,5,3,1,sister,এক বোন,بہن,बहन,saudara perempuan,kızkardeşi,خواهری باشد,sœur,4:176,https://quranicwords.vercel.app/quran-words/ukht-851b7aa9.html
wn_98d88a61,642,أَثَر,athar,أ-ث-ر,noun,Noun (Ism),,14,5,3,1,impressions,কীর্তিতে,آثار,आसार,bekas-bekas,eserleri bakımından,پر اثر تر,trace,40:82,https://quranicwords.vercel.app/quran-words/athar-98d88a61.html
wn_9ca67db7,643,حُدُود,ḥudūd,ح-د-د,noun,Noun (Ism),,14,5,3,1,limits,সীমারেখা / সীমাসমূহ,حدود,हुदूद,hukum-hukum / batas-batas,sınırlarıdır / sınırlarını,حدود / مرزهای / مرز های,limites,9:97,https://quranicwords.vercel.app/quran-words/hudud-9ca67db7.html
wn_c7beca37,644,أَلْف,alf,أ-ل-ف,noun,Noun (Ism),,14,5,3,2,thousand,এক হাজার / সহস্র,ہزار,हज़ार,seribu,bin,هزار,mille,37:147,https://quranicwords.vercel.app/quran-words/alf-c7beca37.html
wn_c82733cd,645,والِد,wālid,و-ل-د,noun,Noun (Ism),,14,5,3,2,parents,পিতা-মাতা,والدین,वालिदैन,kedua orang tua,ana babanın,پدر و مادر / پدرومادر,deux parents / père,4:33,https://quranicwords.vercel.app/quran-words/walid-c82733cd.html
wn_cba62460,646,مَدِينَة,madīnah,م-د-ن,noun,Noun (Ism),,14,5,3,2,city,শহরের,شہر / مدینہ,शहर,kota / Madinah,Medine / şehrin,شهر / مدینه,ville,15:67,https://quranicwords.vercel.app/quran-words/madinah-cba62460.html
wn_cbfae5bc,647,مُهِين,muhīn,ه-و-ن,noun,Active participle (Ism Fāʿil),,14,5,3,2,humiliating,অপমানকর,رسوا کرنے والا / رسوا کن,रुस्वा करने वाला / रुस्वाकुन / ज़लील करने वाला,menghinakan,alçaltıcı / küçük düşürücü,خوار کننده,humiliant,4:151,https://quranicwords.vercel.app/quran-words/muhin-cbfae5bc.html
wn_d99504cb,648,مَقام,maqām,ق-و-م,noun,Noun (Ism),,14,5,3,2,place / position / standing,দাঁড়াতে,مقام / جگہ,मक़ाम,kedudukan / makam / tempat,makamı,جایگاهی / ایستادن,endroit de se tenir debout / endroit où se tenir debout / fait d’être debout,44:51,https://quranicwords.vercel.app/quran-words/maqam-d99504cb.html
wn_eb15c784,649,أَمِين,amīn,أ-م-ن,noun,Noun (Ism),,14,5,3,3,trustworthy,বিশ্বস্ত,امانت دار,अमानतदार,kepercayaan / dipercaya,güvenilir / güvenli,امین هستم / امین هستیم,à qui la confiance est faite / à qui confiance est faite,81:21,https://quranicwords.vercel.app/quran-words/amin-eb15c784.html
wp_c77e6e39,650,لَيْتَ,layta,,particle,Accusative particle (Ḥarf Naṣb),,14,1,2,2,I wish / Would that,হায়,کاش,काश,seandainya,keşke,ای کاش,souhait,69:27,https://quranicwords.vercel.app/quran-words/layta-c77e6e39.html
wv_00105162,651,أَعْتَدَتْ,aʿtadat,ع-ت-د,verb,,Form IV,14,4,2,6,have prepared,প্রস্তুত করে রেখেছি,تیار کی,तैयार कर रखा है,sediakan / menyediakan,hazırlamışızdır / hazırladık,آماده کرده ایم,avons préparé,76:4,https://quranicwords.vercel.app/quran-words/atadat-00105162.html
wv_8b8d339d,652,لَقُ,laqu,ل-ق-ي,verb,,Form I,14,4,2,7,meet,দু'জনে দেখা পেলো,ملاقات کرتے ہیں / ملاقات کرو,मुलाक़ात करते हैं,bertemu / berjumpa,karşılaştığınız / rastladıkları,دیدار کنند / رویاروی شوید,rencontrez / rencontrent,8:15,https://quranicwords.vercel.app/quran-words/laqu-8b8d339d.html
wv_b1e83390,653,كَشَفَ,kashafa,ك-ش-ف,verb,,Form I,14,4,2,7,remove,উঠালো,کھول دیا,हटा दिया / हटा देते,hilangkan,kaldırdık,برداشتیم / برداریم,avons enlevé / a enlevé,7:134,https://quranicwords.vercel.app/quran-words/kashafa-b1e83390.html
wv_cf669bcf,654,صَرَفَ,ṣarafa,ص-ر-ف,verb,,Form I,14,4,2,7,are turned,আকৃষ্ট করে দিয়েছিলাম,دور کردیں,फेर दिया,dipalingkan,savdı,بازداشت,a donc détourné,7:47,https://quranicwords.vercel.app/quran-words/sarafa-cf669bcf.html
wv_cf94f7c2,655,أَخْلَفُ,akhlafu,خ-ل-ف,verb,,Form IV,14,4,2,7,broke,ভঙ্গ করেছ,خلاف کیا,ख़िलाफ़ किया,memungkiri,bu yüzden caydınız,خلاف کردند,avez manqué,20:86,https://quranicwords.vercel.app/quran-words/akhlafu-cf94f7c2.html
wv_e1b044be,656,تَعَٰلَىٰ,taʿālā,ع-ل-و,verb,,Form VI,14,4,2,7,Exalted / High is He,বহু ঊর্দ্ধে,بلند ہے,बुलन्दतर है,Maha Tinggi,yücedir,برتر است,est au-dessus / Est donc au-dessus,6:100,https://quranicwords.vercel.app/quran-words/taala-e1b044be.html
wv_ebdb7926,657,حَلَلْ,ḥalal,ح-ل-ل,verb,,Form I,14,4,2,8,come out of Ihram,ইহরাম মুক্ত হবে,حلال ہوجاؤ,हलाल हो जाओ,telah menyelesaikan ibadah haji,ihramdan çıktığınız,ازاحرام به درآیید,quittez l’état d’iḥrâm,5:2,https://quranicwords.vercel.app/quran-words/halal-ebdb7926.html
wv_f4bd61dd,658,عَدَلَ,ʿadala,ع-د-ل,verb,,Form I,14,4,2,8,ascribe equals,ন্যায় বিচার করে,انصاف کرتے تھے,बराबर क़रार देते हैं / अदल करो,berbuat adil,adalet yapan,برابر می نهند,exercent la justice / font des égaux,27:60,https://quranicwords.vercel.app/quran-words/adala-f4bd61dd.html
wv_f7955159,659,كَفَّرَ,kaffara,ك-ف-ر,verb,,Form II,14,4,2,8,will remove,মিটিয়ে দিয়েছেন,دور کردیں,दूर कर दीं,menghapus,örtmüştür,زدود,enlèvera,47:2,https://quranicwords.vercel.app/quran-words/kaffara-f7955159.html
wv_f95fc4b5,660,نَكَحَ,nakaḥa,ن-ك-ح,verb,,Form I,14,4,2,8,married,বিবাহ করেছে,نکاح کرو,निकाह कर चुके,mengawini,nikahladığınız,ازدواج کرده اند,mariez,4:22,https://quranicwords.vercel.app/quran-words/nakaha-f95fc4b5.html
wn_0b99ba7e,661,شَفاعَة,shafāʿah,ش-ف-ع,noun,Noun (Ism),,13,5,3,3,intercession,সুপারিশ,سفارش / شفاعت,सिफ़ारिश / शफ़ाअत,syafa'at / pertolongan,şefaat / destekle,شفاعت,intercession,74:48,https://quranicwords.vercel.app/quran-words/shafaah-0b99ba7e.html
wn_2b73a8fc,662,بَغْتَة,baghtah,ب-غ-ت,noun,Noun (Ism),,13,5,3,3,suddenly,হঠাৎ,اچانک,अचानक,dengan tiba-tiba,ansızın,ناگهان,soudainement,26:202,https://quranicwords.vercel.app/quran-words/baghtah-2b73a8fc.html
wn_2dd2318a,663,نَجْم,najm,ن-ج-م,noun,Noun (Ism),,13,5,3,3,stars,তারকাগুলো,تارے / ستاروں,सितारे / सितारों,bintang,yıldızlar,ستارگان / ستار گان,étoiles,55:6,https://quranicwords.vercel.app/quran-words/najm-2dd2318a.html
wn_33f76213,664,غالِب,ghālib,غ-ل-ب,noun,Active participle (Ism Fāʿil),,13,5,3,3,victorious / overcome / victors,বিজয়ী,غالب آنے والے / غالب آنے والا,ग़ालिब,orang-orang yang menang / mengalahkan,üstün gelen,غالبیم,gens qui surpassent,5:23,https://quranicwords.vercel.app/quran-words/ghalib-33f76213.html
wn_4a7ba034,665,ثَواب,thawāb,ث-و-ب,noun,Noun (Ism),,13,5,3,4,reward,সওয়াব / প্রতিফল,ثواب / بدلہ,सवाब / बदला,pahala,sevabı,پاداش / ثواب,récompense,18:44,https://quranicwords.vercel.app/quran-words/thawab-4a7ba034.html
wn_680869e2,666,مَثْوًى,mathwanā,ث-و-ي,noun,Noun (Ism),,13,5,3,4,abode,আবাসস্থল,ٹھکانہ,ठिकाना,tempat,yer,جایگاه,résidence,16:29,https://quranicwords.vercel.app/quran-words/mathwana-680869e2.html
wn_68e438b4,667,مَرَض,maraḍ,م-ر-ض,noun,Noun (Ism),,13,5,3,4,disease,রোগ,بیماری,बीमारी / मर्ज़,penyakit,hastalık,بیماری / مرضی,maladie,47:29,https://quranicwords.vercel.app/quran-words/marad-68e438b4.html
wn_6c751029,668,مُفْلِح,mufliḥ,ف-ل-ح,noun,Active participle (Ism Fāʿil),,13,5,3,4,successful,সফলকাম,فلاح پانے والے,फ़लाह पाने वाले,orang-orang yang beruntung,başarıya erenlerdir / kurtuluşa erenlerdir,رستگاران اند / رستگارانند,victorieux,23:102,https://quranicwords.vercel.app/quran-words/muflih-6c751029.html
wn_729a8245,669,عِظام,ʿiẓām,ع-ظ-م,noun,Noun (Ism),,13,5,3,4,bones,হাড়,ہڈیاں / ہڈیوں,हड्डियाँ / हड्डियों,tulang,kemik,استخوان ها,os,79:11,https://quranicwords.vercel.app/quran-words/izam-729a8245.html
wn_7848d2f4,670,اثْنَيْن,athnayn,ث-ن-ي,noun,Noun (Ism),,13,5,3,5,two,দু'টি / দুই,دو,दो / बारह,dua,iki,دو,deux / douze,36:14,https://quranicwords.vercel.app/quran-words/athnayn-7848d2f4.html
wn_7de90b01,671,ثَلاثَة,thalāthah,ث-ل-ث,noun,Noun (Ism),,13,5,3,5,three,তিন,تین,तीन,tiga,üç,سه,trois,56:7,https://quranicwords.vercel.app/quran-words/thalathah-7de90b01.html
wn_8cd28491,672,صَيْحَة,ṣayḥah,ص-ي-ح,noun,Noun (Ism),,13,5,3,5,shout / awful cry / thunderous blast,মহাগর্জন,چیخ / چنگھاڑ,चिंघाड़,suara keras / teriakan,korkunç bir ses / korkunç ses,بانگ,cri,36:29,https://quranicwords.vercel.app/quran-words/sayhah-8cd28491.html
wn_8f49fca1,673,جَمْع,jamʿ,ج-م-ع,noun,Noun (Ism),,13,5,3,5,Assembly / two hosts,দুই দলের,دو جماعتیں,दो जमाअतें,pengumpulan,iki topluluğun / toplanma,دو گروه,assemblage / deux groupes,42:7,https://quranicwords.vercel.app/quran-words/jam-8f49fca1.html
wn_ac43ba1b,674,رِضْوان,riḍwān,ر-ض-و,noun,Noun (Ism),,13,5,3,5,pleasure,সন্তুষ্টি,رضا,रज़ा,keridhaan / keridaan,rıza,خشنودی / خوشنودی,satisfaction,3:162,https://quranicwords.vercel.app/quran-words/ridwan-ac43ba1b.html
wn_b5a71a09,675,حافِظ,ḥāfiẓ,ح-ف-ظ,noun,Active participle (Ism Fāʿil),,13,5,3,6,guardians,সংরক্ষক / সংরক্ষণকারী,حفاظت کرنے والے / حفاظت کرنے والا,हिफ़ाज़त करने वाले / हिफ़ाज़त करने वाला,memelihara / penjaga,korurlar,نگه دارندگان اند,gardien,83:33,https://quranicwords.vercel.app/quran-words/hafiz-b5a71a09.html
wn_bb504ebc,676,غُلام,ghulām,غ-ل-م,noun,Noun (Ism),,13,5,3,6,boy / son,পুত্র,لڑکا,लड़का,seorang anak laki-laki / anak muda,oğlum / çocuğa,پسری,garçon,19:8,https://quranicwords.vercel.app/quran-words/ghulam-bb504ebc.html
wn_c0bb3c17,677,حُسْن,ḥusn,ح-س-ن,noun,Noun (Ism),,13,5,3,6,good,উত্তম / সুন্দর,اچھا / بھلائی,अच्छा / भलाई,kebaikan / amat baik,güzel,نیک,bien / meilleur,27:11,https://quranicwords.vercel.app/quran-words/husn-c0bb3c17.html
wn_c5996170,678,صَدَقَة,ṣadaqah,ص-د-ق,noun,Noun (Ism),,13,5,3,6,charities / charity,সদকা / দানের,صدقات / صدقہ,सदक़ा,sedekah,sadaka,صدقات,dons charitables / don charitable,58:13,https://quranicwords.vercel.app/quran-words/sadaqah-c5996170.html
wn_efe84331,679,حَرْث,ḥarth,ح-ر-ث,noun,Noun (Ism),,13,5,3,6,crops / harvest / field,ক্ষেতে / ফসল,کھیتی,खेती,ladang / keuntungan / tanaman,ekin,کشت,récolte / champ,2:205,https://quranicwords.vercel.app/quran-words/harth-efe84331.html
wn_fb57a299,680,قِتال,qitāl,ق-ت-ل,noun,Noun (Ism),,13,5,3,7,fighting,যুদ্ধ,جنگ,जंग,berperang / peperangan,savaş,جنگ,combat,3:167,https://quranicwords.vercel.app/quran-words/qital-fb57a299.html
wv_14573568,681,أَبَىٰ,abā,أ-ب-ي,verb,,Form I,13,4,2,8,refused,অস্বীকার করলো,انکار کیا / انکار کردیا,इन्कार किया / इन्कार कर दिया,ia enggan / maka,kaçındılar,نخواستند / سرباز زد,ont refusé / a refusé,15:31,https://quranicwords.vercel.app/quran-words/aba-14573568.html
wv_41a070af,682,تَرَبَّصْ,tarabbaṣ,ر-ب-ص,verb,,Form V,13,4,2,9,awaited,অপেক্ষা করেছিলে,موقعہ پرستی کی,इन्तिज़ार में रहे,menunggu-nunggu,beklediniz,انتظار بردید,avez attendu,57:14,https://quranicwords.vercel.app/quran-words/tarabbas-41a070af.html
wv_525f3bc5,683,مَدَّ,madda,م-د-د,verb,,Form I,13,4,2,9,extends,বিস্তার করেছেন,پھیلا دیا,फैला दिया,dipanjangkan,uzattı,کشیده است,a étendu,25:45,https://quranicwords.vercel.app/quran-words/madda-525f3bc5.html
wv_5297bc88,684,غَشِيَ,ghashiya,غ-ش-و,verb,,Form I,13,4,2,9,covers,আচ্ছন্ন করে,چھا رہا تھا,छा रहा था,meliputi / menutupi,baygınlığı,پوشانده بود,couvrait / couvrira,92:1,https://quranicwords.vercel.app/quran-words/ghashiya-5297bc88.html
wv_5ca19504,685,أَطْعَمَ,aṭʿama,ط-ع-م,verb,,Form IV,13,4,2,9,would have fed,খাওয়াতে পারতেন,کھلا دیتا,खिला देता,memberinya makan,yedireceği,اطعام می کرد او را؟,l’aurait nourrit,36:47,https://quranicwords.vercel.app/quran-words/atama-5ca19504.html
wv_86a0f3a4,686,وَرِثَ,waritha,و-ر-ث,verb,,Form I,13,4,2,9,inherited,উত্তরাধিকারী হয়েছিলো,وارث ہوئے,वारिस हुआ,mewarisi,mirasçı oldu,ارث برد,a hérité,27:16,https://quranicwords.vercel.app/quran-words/waritha-86a0f3a4.html
wv_97fec451,687,زَعَمَ,zaʿama,ز-ع-م,verb,,Form I,13,4,2,10,claim,দাবি করেছো,دعوی کیا,समझते हो,anggap / mengira / sangka,sandığınız,می پنداشتید / می پندارید,avez prétendu,62:6,https://quranicwords.vercel.app/quran-words/zaama-97fec451.html
wv_9a3e99a8,688,سَوَّىٰ,sawwā,س-و-ي,verb,,Form II,13,4,2,10,proportioned,সুঠাম করলেন,درست بنایا,दुरुस्त किया,menyempurnakan,düzenledi,درست اندام کرد,a ensuite formé de manière uniforme,87:2,https://quranicwords.vercel.app/quran-words/sawwa-9a3e99a8.html
wv_9ced2c20,689,أَسْمَعَ,asmaʿa,س-م-ع,verb,,Form IV,13,4,2,10,cause the deaf to hear,শুনাবে,سنوائے گا,सुनाऐंगे,dapat menjadikan mendengar,duyurabilecek misin,می شنوانی,fait entendre,10:42,https://quranicwords.vercel.app/quran-words/asmaa-9ced2c20.html
wv_b7ce7031,690,يَصِفُ,yaṣifu,و-ص-ف,verb,,Form I,13,4,2,10,attribute / ascribe / assert,বর্ণনা করে / আরোপ করে / বর্ণনা করছো,بیان کرتے ہیں / بیان کرتی ہیں / بیان کرتے ہو,बयान करते हैं / बयान कर रहे हो / बयान करती हैं,sifatkan,anlattığınızın,وصف می کنند / بیان می کنید / وصف می کنید,décrivent / décrivez,37:159,https://quranicwords.vercel.app/quran-words/yasifu-b7ce7031.html
wv_bc887734,691,مَكَّ,makka,م-ك-ن,verb,,Form II,13,4,2,10,established,কর্তৃত্ব দিয়েছিলাম,اقتدار دیا,इक़्तिदार दिया,memberi kedudukan,güçlü kıldık,توانمندی دادیم,avons-Nous établi,18:84,https://quranicwords.vercel.app/quran-words/makka-bc887734.html
wv_d1e848f3,692,يَصْلَى,yaṣlā,ص-ل-ي,verb,,Form I,13,4,3,1,will burn,প্রবেশ করবে,داخل ہوگا,जलेगा,akan masuk,girecektir,درمی آید,sera brûlé,88:4,https://quranicwords.vercel.app/quran-words/yasla-d1e848f3.html
wn_101fa8b3,693,أَدْنَى,adnā,د-ن-و,noun,Noun (Ism),,12,5,3,7,nearer / more suitable,অধিক নিকটবর্তী / নিকটতর,زیادہ قریب / قریب تر / کم تر,ज़्यादा क़रीब / कमतर / क़रीबतर,lebih dekat,daha yakın / en elverişli olan / en uygun olan,نزدیک تر,plus proche / moins,53:9,https://quranicwords.vercel.app/quran-words/adna-101fa8b3.html
wn_1cd30998,694,حَفِيظ,ḥafīẓ,ح-ف-ظ,noun,Active participle (Ism Fāʿil),,12,5,3,7,guardian,সংরক্ষক,نگہبان,ख़ूब निगहबान,penjaga,bekçi,نگهبان / نگاهبانی,gardien,12:55,https://quranicwords.vercel.app/quran-words/hafiz-1cd30998.html
wn_24ca8ab0,695,كَفُور,kafūr,ك-ف-ر,noun,Noun (Ism),,12,5,3,7,ungrateful,অকৃতজ্ঞ,ناشکرا / ناشکرے,बहुत नाशुक्रा / बहुत नाशुक्रे,ingkar,nankör olur,ناسپاس,très ingrat,17:27,https://quranicwords.vercel.app/quran-words/kafur-24ca8ab0.html
wn_2b133a0c,696,تَوّاب,tawwāb,ت-و-ب,noun,Active participle (Ism Fāʿil),,12,5,3,7,Oft-returning / Acceptor of repentance / Oft-forgiving,ক্ষমাশীল,توبہ قبول کرنے والا,बहुत तौबा क़ुबूल करने वाला,Maha Penerima taubat,tevbeyi çok kabul edendir,توبه پذیر,Très Accueillant au repentir,2:37,https://quranicwords.vercel.app/quran-words/tawwab-2b133a0c.html
wn_2f4f9e6b,697,إِسْماعِيل,ismāʿīl,,noun,Proper noun,,12,5,3,8,Ismail,ইসমাঈল / ইসমাইলকে,اسماعیل,इस्माईल,Ismail,İsma'il,اسماعیل,Ismaël,38:48,https://quranicwords.vercel.app/quran-words/ismail-2f4f9e6b.html
wn_35320498,698,فَتْح,fatḥ,ف-ت-ح,noun,Noun (Ism),,12,5,3,8,victory / decision,বিজয় / মীমাংসা,فتح / فیصلہ,फ़तह / फ़ैसला,kemenangan,fetih,پیروزی / داوری,victoire / jugement,4:141,https://quranicwords.vercel.app/quran-words/fath-35320498.html
wn_3731fcba,699,سِنِين,sinīn,س-ن-و,noun,Noun (Ism),,12,5,3,8,years,বছর,سال,कई साल / सालों,tahun,yıl,سال,années,26:205,https://quranicwords.vercel.app/quran-words/sinin-3731fcba.html
wn_4aaf3e9b,700,عامِل,ʿāmil,ع-م-ل,noun,Active participle (Ism Fāʿil),,12,5,3,8,workers / working,কাজ করে যাচ্ছি / কর্মশীলদের,عمل کرنے والے / عمل کرنے والا ہوں / عمل کرنے والوں,अमल करने वाला हूँ / अमल करने वाले / अमल करने वालों,orang-orang yang beramal / orang-orang yang bekerja,yapıyorum / çalışanların,عمل کنندگان,ceux qui font / gens qui agissent / quelqu’un qui travaille,37:61,https://quranicwords.vercel.app/quran-words/amil-4aaf3e9b.html
wn_4f446dd2,701,خالِق,khāliq,خ-ل-ق,noun,Active participle (Ism Fāʿil),,12,5,3,8,Creator,স্রষ্টা / সৃষ্টিকারী / সৃষ্টিকর্তা,خالق / پیدا کرنے والا,पैदा करने वाला / पैदा करने वाले / ख़ालिक़,pencipta / menciptakan,yaratacağım / yaratıcısıdır,آفرینندۂ / آفریننده ام / آفرینندگان,Créateur,39:62,https://quranicwords.vercel.app/quran-words/khaliq-4f446dd2.html
wn_522fb52e,702,مُعْجِز,muʿjiz,ع-ج-ز,noun,Active participle (Ism Fāʿil),,12,5,3,9,escape,অক্ষমকারী,عاجز کرنے والے,आजिज़ करने वाले,melemahkan,aciz bırakacak,عاجز کنندگان,gens qui rendent incapable,24:57,https://quranicwords.vercel.app/quran-words/mujiz-522fb52e.html
wn_5cd40cf3,703,مَوْعِد,mawʿid,و-ع-د,noun,Noun (Ism),,12,5,3,9,appointment,নির্দিষ্ট সময় / প্রতিশ্রুত সময়,وعدے کا وقت,वादे का एक वक़्त / वादे का वक़्त,perjanjian,buluşma zamanı,وعده گاهی,temps promis,20:58,https://quranicwords.vercel.app/quran-words/mawid-5cd40cf3.html
wn_5dbd9140,704,مَسْكَن,maskan,س-ك-ن,noun,Noun (Ism),,12,5,3,9,dwellings,বাসগৃহসমূহ,گھر,घर,kediaman,konutlar,جایگاه های,demeures,14:45,https://quranicwords.vercel.app/quran-words/maskan-5dbd9140.html
wn_5dcf566e,705,إِنجِيل,injīl,,noun,Proper noun,,12,5,3,9,Injeel,ইনজীল,انجیل,इन्जील,Injil,İncil'i / İncil'de,انجیل,Évangile,3:48,https://quranicwords.vercel.app/quran-words/injil-5dcf566e.html
wn_60414313,706,حَنِيف,ḥanīf,ح-ن-ف,noun,Noun (Ism),,12,5,3,9,upright / true monotheist,একনিষ্ঠ,یکسو ہوکر / یکسو تھے,यकसू / यक्सू हो कर,lurus,dosdoğru / hanif,حق گرا بود / حقگرایانه,incliné à la droiture / inclinés à la droiture,10:105,https://quranicwords.vercel.app/quran-words/hanif-60414313.html
wn_617483a3,707,نُطْفَة,nuṭfah,ن-ط-ف,noun,Noun (Ism),,12,5,3,10,sperm-drop / semen-drop / minute quantity of semen,শুক্র,نطفے,नुत्फ़े / नुत्फ़ा,air mani / setetes mani,nutfe,نطفه ای,goutte de sperme / liquide pur,76:2,https://quranicwords.vercel.app/quran-words/nutfah-617483a3.html
wn_89e201b4,708,إِمام,imām,أ-م-م,noun,Noun (Ism),,12,5,3,10,leader / guide,নেতা / নেতৃবৃন্দ,امام / راہ نما / رہنما,इमाम,pemimpin-pemimpin,önder,پیشوا,modèles suivis / modèle suivi / modèle à suivre,2:124,https://quranicwords.vercel.app/quran-words/imam-89e201b4.html
wn_a429ebf6,709,وِزْر,wizr,و-ز-ر,noun,Noun (Ism),,12,5,3,10,burden,বোঝা / ভার,بوجھ,बोझ,beban,günahını / yükünü,بار,fardeau,53:38,https://quranicwords.vercel.app/quran-words/wizr-a429ebf6.html
wn_bbf57a53,710,طِين,ṭīn,ط-ي-ن,noun,Noun (Ism),,12,5,3,10,clay,মাটি,مٹی,मिट्टी,tanah,çamur olarak,گل / گِل,argile,51:33,https://quranicwords.vercel.app/quran-words/tin-bbf57a53.html
wn_c281bdc3,711,صاحِب,ṣāḥib,ص-ح-ب,noun,Noun (Ism),,12,5,3,10,companion,সাথী,ساتھی,साथी,teman,arkadaşa,وهمنشین,compagnon,4:36,https://quranicwords.vercel.app/quran-words/sahib-c281bdc3.html
wn_c395e8b3,712,بَرِيء,barīʾ,ب-ر-أ,noun,Noun (Ism),,12,5,4,1,disassociated / innocent / free,দায়িত্বমুক্ত / দায়মুক্ত,بری الذمہ,बरी उज़ ज़िम्मा हूँ / बरी उज़-ज़िम्मा हूँ / बरी-उज़-ज़िम्मा हूँ,berlepas diri,uzağım,بیزارم,désavoué,59:16,https://quranicwords.vercel.app/quran-words/bari-c395e8b3.html
wn_c56bc84d,713,أَرْحام,arḥām,ر-ح-م,noun,Noun (Ism),,12,5,4,1,wombs,গর্ভসমূহ / জরায়ুসমূহের,رحم,रहम,rahim,rahim,رحم ها,ventres / relations familiales,6:143,https://quranicwords.vercel.app/quran-words/arham-c56bc84d.html
wn_c5f996d3,714,فَقِير,faqīr,ف-ق-ر,noun,Noun (Ism),,12,5,4,1,poor,অভাবগ্রস্ত / মুখাপেক্ষী,محتاج,मोहताज / फ़क़ीर,fakir / miskin,yoksul,نیازمند,pauvre / ceux en nécessité,24:32,https://quranicwords.vercel.app/quran-words/faqir-c5f996d3.html
wn_c7cd77a6,715,إِحْسان,iḥsān,ح-س-ن,noun,Verbal noun (Maṣdar),,12,5,4,1,good,উত্তম,احسان,एहसान,kebaikan / berbuat baik,iyilik edin,نیکی / نیکو کاری,bienfaisance,4:62,https://quranicwords.vercel.app/quran-words/ihsan-c7cd77a6.html
wn_e5ab05ff,716,لَحْم,laḥm,ل-ح-م,noun,Noun (Ism),,12,5,4,1,flesh / meat,গোশত / মাংস,گوشت,गोश्त,daging,et,گوشت,chair,49:12,https://quranicwords.vercel.app/quran-words/lahm-e5ab05ff.html
wn_ed436aae,717,أَصَمّ,aṣamm,ص-م-م,noun,Noun (Ism),,12,5,4,2,deaf,বধির,بہرے / بہروں,बहरे / बहरों,tuli,sağır,کران,sourds,25:73,https://quranicwords.vercel.app/quran-words/asamm-ed436aae.html
wv_15c54fa8,718,جَحَدُ,jaḥadu,ج-ح-د,verb,,Form I,12,4,3,1,rejected,অস্বীকার করেছিল,انکار کیا,इन्कार किया,mengingkari,inkar etti,انکار کردند,ont dénié tout en sachant,11:59,https://quranicwords.vercel.app/quran-words/jahadu-15c54fa8.html
wv_25138216,719,قُطِعَ,quṭiʿa,ق-ط-ع,verb,,Form I,12,4,3,1,cut down,উচ্ছেদ করা হলো,کاٹ دی,काट दी,potong,kesildi,بریده شد,A donc été anéanti,59:5,https://quranicwords.vercel.app/quran-words/qutia-25138216.html
wv_2b9917a3,720,حَآجَّ,ḥaʾājja,ح-ج-ج,verb,,Form III,12,4,3,1,argued,তার সাথে বিতর্ক করলো,بحثیں کیں,झगड़ा किया,berbantahan,onunla tartışmaya girişti,وچون و چرا کردند,se sont disputés,2:258,https://quranicwords.vercel.app/quran-words/haajja-2b9917a3.html
wv_33a354c7,721,أَخْزَيْ,akhzay,خ-ز-ي,verb,,Form IV,12,4,3,1,disgrace,লাঞ্ছিত করবে,رسوا کردے گا,रुस्वा कर देगा,menghinakannya,aşağılatıcı,را رسوا گرداند,lui donnera la disgrâce,11:93,https://quranicwords.vercel.app/quran-words/akhzay-33a354c7.html
wv_35e7023f,722,يُوقِنُ,yūqinu,ي-ق-ن,verb,,Form IV,12,4,3,2,firmly believe / are certain / believe with certainty,দৃঢ় বিশ্বাস করে,یقین رکھتے ہیں / یقین رکھتی ہے,यक़ीन रखते हैं,meyakini,kesin olarak inanan / kesin olarak inanırlar,یقین دارند,croient avec certitude / sont certains,5:50,https://quranicwords.vercel.app/quran-words/yuqinu-35e7023f.html
wv_4d28a0b9,723,وَقَعَ,waqaʿa,و-ق-ع,verb,,Form I,12,4,3,2,fulfilled,এসে পড়বে,واقع ہوجائے گی,वाक़ेअ हो जाएगी,akan menimpa,düşer,واقع شود,arrivera,27:82,https://quranicwords.vercel.app/quran-words/waqaa-4d28a0b9.html
wv_558e479c,724,قَطَّعَ,qaṭṭaʿa,ق-ط-ع,verb,,Form II,12,4,3,2,cut,কেটে তৈরী করা হয়েছে,پھاڑ دی جاتی,काट देगा,memotong,biçildi,بریدند,ont coupé,12:50,https://quranicwords.vercel.app/quran-words/qattaa-558e479c.html
wv_57336497,725,سَقَىٰ,saqā,س-ق-ي,verb,,Form I,12,4,3,2,watered,পানি পান করালো,تونے پلایا,पानी पिलाया,memberi minum,hemen suladı,آب داد,a donc donné à boire,28:24,https://quranicwords.vercel.app/quran-words/saqa-57336497.html
wv_68c15a8a,726,يُنظَرُ,yunẓaru,ن-ظ-ر,verb,,Form IV,12,4,3,2,will be given respite / will be reprieved,অবকাশ দেয়া হবে,مہلت دیئے جائیں گے,मोहलत दिए जाऐंगे,diberi tangguh,fırsat verilmeyecektir,مهلت داده شوند,recevront du répit / recevront de répit,21:40,https://quranicwords.vercel.app/quran-words/yunzaru-68c15a8a.html
wv_6cee1c28,727,أَوْرَثَ,awratha,و-ر-ث,verb,,Form IV,12,4,3,3,caused to inherit,উত্তরাধিকার বানিয়েছি,وارث بنایا,वारिस बना दिया,wariskan,miras kıldık,به ارث بدیشان داده شد,avons fait hériter,35:32,https://quranicwords.vercel.app/quran-words/awratha-6cee1c28.html
wv_6f395f8c,728,مَنَعَ,manaʿa,م-ن-ع,verb,,Form I,12,4,3,3,Has been denied,বন্ধ করা হয়েছে,روکا گیا,मना करे,dicegah,men eden,باز دارد,A été empêchée,12:63,https://quranicwords.vercel.app/quran-words/manaa-6f395f8c.html
wv_7234326e,729,بَدَأَ,badaʾa,ب-د-أ,verb,,Form I,12,4,3,3,began,সূচনা করেছেন,ابتدا کی,इब्तिदा की,memulai,başladı,آغاز کرد,a créé à l’origine,32:7,https://quranicwords.vercel.app/quran-words/badaa-7234326e.html
wv_7eb61382,730,حَلَفْ,ḥalaf,ح-ل-ف,verb,,Form I,12,4,3,3,have sworn,শপথ করবে তোমরা,قسم کھاؤ ۭ,क़सम खाओ,bersumpah,bozduğunuz,سوگند یاد کردید,avez juré,5:89,https://quranicwords.vercel.app/quran-words/halaf-7eb61382.html
wv_86c570ec,731,ٱصْطَفَىٰ,aṣṭafā,ص-ف-و,verb,,Form VIII,12,4,3,3,has chosen,মনোনীত করেছেন,چن لیا,चुन लिया,telah memilih,seçip üstün kıldı,بر گزید,a élu,27:59,https://quranicwords.vercel.app/quran-words/astafa-86c570ec.html
wv_8c2702f9,732,ٱسْتَْٔذَنَ,astadhana,أ-ذ-ن,verb,,Form X,12,4,3,4,asked permission,অনুমতি নেয়,اجازت لیتے تھے,इजाज़त लेते थे,minta izin,izin istedikleri,اجازه می طلبیدند,demandent permission,24:59,https://quranicwords.vercel.app/quran-words/astadhana-8c2702f9.html
wv_8c9eda44,733,خَرَّ,kharra,خ-ر-ر,verb,,Form I,12,4,3,4,fell,পড়ে গেলো,گرپڑا / گرپڑتے ہیں / گرپڑے,गिर पड़ा,tersungkur / menyungkur,bayılarak,افتاد,est tombé / sont tombés,16:26,https://quranicwords.vercel.app/quran-words/kharra-8c9eda44.html
wv_8f195551,734,سَلَكَ,salaka,س-ل-ك,verb,,Form I,12,4,3,4,inserted,চালিয়ে দিয়েছেন,بنائے,चलाया,mengalirkan,açtı,روان کرد,a ensuite fait entrer,20:53,https://quranicwords.vercel.app/quran-words/salaka-8f195551.html
wv_92dded11,735,صَلَّىٰ,ṣallā,ص-ل-و,verb,,Form II,12,4,3,4,prays,সালাত পড়ল,نماز پڑھتا ہے,नमाज़ पढ़ता है,mendirikan sholat,namaz kılan,نماز گزارد,prie,96:10,https://quranicwords.vercel.app/quran-words/salla-92dded11.html
wv_a2ac5ac9,736,حَبِطَ,ḥabiṭa,ح-ب-ط,verb,,Form I,12,4,3,4,became worthless,নষ্ট হয়েছে,ضائع ہوگئے / ضائع ہوگیا,ज़ाया हो गए / ज़ाया हो गया,sia-sia / lenyap,boşa çıkmıştır,تباه شد,sont devenues vaines,3:22,https://quranicwords.vercel.app/quran-words/habita-a2ac5ac9.html
wv_b5802b4f,737,طَغَىٰ,ṭaghā,ط-غ-ي,verb,,Form I,12,4,3,5,transgressed,সীমালঙ্ঘন করেছে,سرکشی کی,सरकश हो गया है / सरकशी की,melampui batas,azdı,سرکشی کرده است,a dépassé les limites,79:37,https://quranicwords.vercel.app/quran-words/tagha-b5802b4f.html
wv_e28f18dd,738,زَكَّىٰ,zakkā,ز-ك-و,verb,,Form II,12,4,3,5,purifies,পবিত্র করে দেন,پاک کرتا ہے,पाक करता है,membersihkan,arındırır,به پاکی می ستایند,purifie,4:49,https://quranicwords.vercel.app/quran-words/zakka-e28f18dd.html
wv_ed5b99a6,739,أَعْلَن,aʿlan,ع-ل-ن,verb,,Form IV,12,4,3,5,announced,ঘোষণা দিয়াছি,ظاہر کرتے ہو,ऐलानिया कहा मैं ने,nyatakan,açıktan söyledim,آشکار ساختم,ai annoncé manifestement,71:9,https://quranicwords.vercel.app/quran-words/alan-ed5b99a6.html
wv_efe52d64,740,يَحْذَرُ,yaḥdharu,ح-ذ-ر,verb,,Form I,12,4,3,5,fear,ভয় করে,بچیں,डरता है,ia takut,korkan,بترسند,méfiez avec peur,9:64,https://quranicwords.vercel.app/quran-words/yahdharu-efe52d64.html
wv_f41f6969,741,قَعَدَ,qaʿada,ق-ع-د,verb,,Form I,12,4,3,5,sat,বসে ছিল,بیٹھ گئے,ख़ुद बैठ गए,duduk,oturarak,نشستند,se sont assis,9:90,https://quranicwords.vercel.app/quran-words/qaada-f41f6969.html
wn_07dc32b3,742,شُعَيْب,shuʿayb,,noun,Proper noun,,11,5,4,2,Shuaib,শুয়াইবকে,شعیب,शुऐब,Syu'aib,Şuayb'i / Şuayb'ı,شعیب,Chouʿayb,26:177,https://quranicwords.vercel.app/quran-words/shuayb-07dc32b3.html
wn_12a189c6,743,مَسِيح,masīḥ,م-س-ح,noun,Proper noun,,11,5,4,2,Messiah,মসীহ,مسیح,मसीह,Al Masih,Mesih,مسیح,Messie,4:172,https://quranicwords.vercel.app/quran-words/masih-12a189c6.html
wn_18e13dcd,744,هَواء,hawāʾ,ه-و-ي,noun,Noun (Ism),,11,5,4,2,desire,খারাপ কামনা,خواہش نفس / خواہشات,ख़्वाहिशात,hawa nafsu,bomboştur,هوس,désir,38:26,https://quranicwords.vercel.app/quran-words/hawa-18e13dcd.html
wn_1c694da3,745,ضِعْف,ḍiʿf,ض-ع-ف,noun,Noun (Ism),,11,5,4,2,double,দ্বিগুণ,دوگنا,दोगुना / कई गुना,berlipat ganda / dua kali lipat,iki kat / kat kat / kat daha,دو چندان,double / deux fois,33:68,https://quranicwords.vercel.app/quran-words/dif-1c694da3.html
wn_289f3810,746,قَدَر,qadar,ق-د-ر,noun,Noun (Ism),,11,5,4,3,decree,নির্ধারিত সময়ের,اندازے,अंदाज़ा,ketentuan,kaderdir,اندازه,décision,33:38,https://quranicwords.vercel.app/quran-words/qadar-289f3810.html
wn_2c9ccb3b,747,أَوْلَى,awlā,و-ل-ي,noun,Noun (Ism),,11,5,4,3,woe / closer / nearer,দুর্ভোগ / অধিক ঘনিষ্ঠ,افسوس,अफ़सोस / क़रीबतर,lebih utama,yazık / daha yakındır,سزاوار تر / وای,ensuite malheur / plus dignes / plus prioritaire,75:35,https://quranicwords.vercel.app/quran-words/awla-2c9ccb3b.html
wn_2d344f7f,748,عَلِيّ,ʿaliyy,ع-ل-و,noun,Noun (Ism),,11,5,4,3,Most High,সমুচ্চ / উচ্চতর / সমুন্নত,بلند,बहुत बुलन्द / बुलन्दतर,Maha Tinggi,yüce,بلندمرتبۂ / والای,Plus Haut,42:51,https://quranicwords.vercel.app/quran-words/aliyy-2d344f7f.html
wn_31164503,749,عِزَّة,ʿizzah,ع-ز-ز,noun,Noun (Ism),,11,5,4,3,honor,সম্মান,عزت,इज़्ज़त,kemuliaan / kekuatan / kesombongan,şeref,عزت / عزّت,force / honneur,10:65,https://quranicwords.vercel.app/quran-words/izzah-31164503.html
wn_31d7be01,750,بَغْي,baghy,ب-غ-ي,noun,Noun (Ism),,11,5,4,3,oppression,সীমালঙ্ঘন,زیادتی / ضد کی وجہ,ज़िद की वजह / ज़्यादती / बवजह ज़िद,dengki,çekememezlik,ازروی حسد و زیاده خواهی,jalousie / recherche de la transgression,16:90,https://quranicwords.vercel.app/quran-words/baghy-31d7be01.html
wn_40205f14,751,عِدَّة,ʿiddah,ع-د-د,noun,Noun (Ism),,11,5,4,4,number / waiting period,সংখ্যা,گنتی / عدت,गिनती / इद्दत,bilangan / hitunglah,sayısı,شمار,nombre / période comptée,9:37,https://quranicwords.vercel.app/quran-words/iddah-40205f14.html
wn_4253ae86,752,إِحْدَى,iḥdā,أ-ح-د,noun,Noun (Ism),,11,5,4,4,one,একজনকে,کا,का,salah satu,birini,یکی از,une,9:52,https://quranicwords.vercel.app/quran-words/ihda-4253ae86.html
wn_4b18e3c9,753,شَراب,sharāb,ش-ر-ب,noun,Noun (Ism),,11,5,4,4,drink,পানীয়,پینا / پینے کی چیز,पीना / पीने की चीज़,minuman,içki / içecek,آشامیدنی / نوشیدنی,boisson,16:10,https://quranicwords.vercel.app/quran-words/sharab-4b18e3c9.html
wn_4e9355be,754,مَعْلُوم,maʿlūm,ع-ل-م,noun,Passive participle (Ism Mafʿūl),,11,5,4,4,known,নির্দিষ্ট / নির্ধারিত / অবধারিত,معلوم,मालूम,tertentu / diketahui / ditentukan,bilinen / belli,معلوم / معین,connu,77:22,https://quranicwords.vercel.app/quran-words/malum-4e9355be.html
wn_52431e0a,755,مَشْرِق,mashriq,ش-ر-ق,noun,Noun (Ism),,11,5,4,4,east,পূর্ব,مشرق,मशरिक़,timur,doğu,مشرق,points de lever du soleil,26:28,https://quranicwords.vercel.app/quran-words/mashriq-52431e0a.html
wn_56d85678,756,مُخْلِص,mukhliṣ,خ-ل-ص,noun,Active participle (Ism Fāʿil),,11,5,4,5,sincere,একনিষ্ঠভাবে / একনিষ্ঠ হয়ে,خالص کرتے ہوئے,ख़ालिस करते हुए / ख़ालिस करने वाले हो कर,dengan ikhlas / mengikhlaskan,halis kılarak / has kılarak,اخلاص ورزانیم,gens qui rendent exclusive / quelqu’un qui dévoue,39:14,https://quranicwords.vercel.app/quran-words/mukhlis-56d85678.html
wn_59ef8f25,757,فاكِهَة,fākihah,ف-ك-ه,noun,Noun (Ism),,11,5,4,5,fruit,ফলমূল,پھل,फल,buah-buahan,meyva,میوه,fruits,44:55,https://quranicwords.vercel.app/quran-words/fakihah-59ef8f25.html
wn_5c46119d,758,قَوِيّ,qawiyy,ق-و-ي,noun,Noun (Ism),,11,5,4,5,All-Strong,শক্তিশালী / শক্তিধর / শক্তিমান,قوت والا / مضبوط,बहुत क़ुव्वत वाला,Maha Kuat,güçlüdür / kuvvetlidir,توانای / نیرومند,puissant,58:21,https://quranicwords.vercel.app/quran-words/qawiyy-5c46119d.html
wn_5dc31895,759,عَدْن,ʿadn,,noun,Proper noun,,11,5,4,5,Eden / Eternity,চিরস্থায়ী,ہمیشگی / ہمیشہ,हमेशगी,Adn,Adn,جاویدان / جاویدی / پاینده,séjour éternel,19:61,https://quranicwords.vercel.app/quran-words/adn-5dc31895.html
wn_621dd2cc,760,كَثِيرَة,kathīrah,ك-ث-ر,noun,Noun (Ism),,11,5,4,5,abundant / many / much,প্রচুর / অনেক,بہت,बहुत,banyak,birçok,بسیار / فراوان,nombreux,56:32,https://quranicwords.vercel.app/quran-words/kathirah-621dd2cc.html
wn_6349c892,761,خِزْى,khizā,خ-ز-ي,noun,Noun (Ism),,11,5,4,6,disgrace,অপমান / লাঞ্ছনা,رسوائی,रुस्वाई,kehinaan,rezillik,رسوایی / خواری,disgrâce,22:9,https://quranicwords.vercel.app/quran-words/khiza-6349c892.html
wn_66713ee9,762,عِنَب,ʿinab,ع-ن-ب,noun,Noun (Ism),,11,5,4,6,grapes / grapevines,আঙ্গুর,انگور,अंगूर / अँगूरों,anggur,üzüm,انگور,vignes,80:28,https://quranicwords.vercel.app/quran-words/inab-66713ee9.html
wn_6a6640ce,763,رَءُوف,raʾūf,ر-أ-ف,noun,Noun (Ism),,11,5,4,6,Full of Kindness / Most Kind,স্নেহশীল,شفقت کرنے والا,बहुत शफ़क़त करने वाला / बहुत शफ़ीक़ / बहुत शफ़्क़त करने वाला,Maha Penyantun,çok şefkatli,مهرورز,gentil,24:20,https://quranicwords.vercel.app/quran-words/rauf-6a6640ce.html
wn_7dccd8eb,764,ثَمَن,thaman,ث-م-ن,noun,Noun (Ism),,11,5,4,6,price,মূল্য,قیمت / پیسے,क़ीमत,harga,paraya,بهایی,prix,16:95,https://quranicwords.vercel.app/quran-words/thaman-7dccd8eb.html
wn_85a9eb19,765,شِيعَة,shīʿah,ش-ي-ع,noun,Noun (Ism),,11,5,4,6,sects,উপদলে,گروہوں / گروہ گروہ,गिरोह-गिरोह / गिरोहों,bangsa,bölük bölük,گروه گروه,groupes / sectes,15:10,https://quranicwords.vercel.app/quran-words/shiah-85a9eb19.html
wn_878b4cf0,766,عَرَبِيّ,ʿarabiyy,ع-ر-ب,noun,Noun (Ism),,11,5,4,7,Arabic,আরবী,عربی,अर्बी / अरबी,bahasa Arab,Arapça,عربی,arabe,26:195,https://quranicwords.vercel.app/quran-words/arabiyy-878b4cf0.html
wn_9cb7360a,767,عابِد,ʿābid,ع-ب-د,noun,Active participle (Ism Fāʿil),,11,5,4,7,worshippers,ইবাদাতকারী,عبادت کرنے والے,इबादत करने वाले / इबादत गुज़ार,menyembah,ibadet eden / kulluk eden,پرستنده اید / پرستندگان,adorateurs,21:53,https://quranicwords.vercel.app/quran-words/abid-9cb7360a.html
wn_a7b2ff39,768,نَخْل,nakhl,ن-خ-ل,noun,Noun (Ism),,11,5,4,7,date-palms,খেজুর,کھجور,खजूर के दरख़्त,pohon kurma / korma,hurma,خرما,dattier,54:20,https://quranicwords.vercel.app/quran-words/nakhl-a7b2ff39.html
wn_b1ff96dc,769,ناصِر,nāṣir,ن-ص-ر,noun,Active participle (Ism Fāʿil),,11,5,4,7,helpers,সাহায্যকারী,مددگار / مدد کرنے والا,मददगार,penolong,yardımcıları,یاورانی,aideurs contre les ennemis / aideur contre les ennemis / aideurs contre des ennemis,3:22,https://quranicwords.vercel.app/quran-words/nasir-b1ff96dc.html
wn_bb24018f,770,إِبْلِيس,iblīs,,noun,Proper noun,,11,5,4,7,Iblis / Iblees,ইবলীস / ইবলিস,ابلیس,इब्लीस,iblis,İblis,ابلیس,Iblîs,26:95,https://quranicwords.vercel.app/quran-words/iblis-bb24018f.html
wn_bbeab169,771,هُزُو,huzū,ه-ز-أ,noun,Noun (Ism),,11,5,4,8,ridicule,বিদ্রুপরূপে,مذاق,मज़ाक़,ejekan / olok-olok,eğlence / alay konusu,مسخره / ریشخند,moquerie,18:106,https://quranicwords.vercel.app/quran-words/huzu-bbeab169.html
wn_cbd98aeb,772,مَجْنُون,majnūn,ج-ن-ن,noun,Passive participle (Ism Mafʿūl),,11,5,4,8,madman,পাগল,مجنون,मजनून,seorang gila,cinlenmiştir,دیوانه,fou,51:39,https://quranicwords.vercel.app/quran-words/majnun-cbd98aeb.html
wn_d1068c0c,773,نَجْوَى,najwā,ن-ج-و,noun,Noun (Ism),,11,5,4,8,private conversation / secret counsels,গোপন পরামর্শ,سرگوشی,सरगोशी,pembicaraan rahasia,aralarındaki konuşmayı,راز گفتن,discussion secrète,20:62,https://quranicwords.vercel.app/quran-words/najwa-d1068c0c.html
wn_d408b568,774,فَساد,fasād,ف-س-د,noun,Noun (Ism),,11,5,4,8,corruption,বিপর্যয়,فساد,फ़साद,kerusakan,bozgunculuk,فساد,corruption,28:83,https://quranicwords.vercel.app/quran-words/fasad-d408b568.html
wn_e5f1865f,775,سِرّ,sirr,س-ر-ر,noun,Noun (Ism),,11,5,4,8,secret,গোপনে,پوشیدہ / چھپ کر,पोशीदा / छुप कर,rahasia / sembunyi,gizli,پنهان,annonciation secrète / secrètement,20:7,https://quranicwords.vercel.app/quran-words/sirr-e5f1865f.html
wn_ef12a826,776,نَفْع,nafʿ,ن-ف-ع,noun,Noun (Ism),,11,5,4,9,benefit,উপকারের,نفع,किसी नफ़ा,kemanfaatan / memberi manfaat,yarar,سودی,profit / avantage,7:188,https://quranicwords.vercel.app/quran-words/naf-ef12a826.html
wv_099c3c32,777,سَخِرَ,sakhira,س-خ-ر,verb,,Form I,11,4,3,6,mocked,ঠাট্টা করতো,مذاق اڑایا,तमस्ख़र किया,mengejek,alay eden,ریشخند کند,ont ridiculisé,21:41,https://quranicwords.vercel.app/quran-words/sakhira-099c3c32.html
wv_273f3f88,778,أَعْجَبَ,aʿjaba,ع-ج-ب,verb,,Form IV,11,4,3,6,pleases,চমৎকৃত করে,خوش کیا,ख़ुश कर दिया,mengagumkan,hoşuna giden,شاد گرداند,ont émerveillé,57:20,https://quranicwords.vercel.app/quran-words/ajaba-273f3f88.html
wv_483318a0,779,طَبَعَ,ṭabaʿa,ط-ب-ع,verb,,Form I,11,4,3,6,has set a seal / were sealed,মোহর মেরে দিয়েছেন,مہر لگا دی,मोहर लगा दी,telah mengunci mati,mühürlediği,مهر نهاد / مُهر نهاده است,a scellé,16:108,https://quranicwords.vercel.app/quran-words/tabaa-483318a0.html
wv_58fdfcb9,780,عَرَضَ,ʿaraḍa,ع-ر-ض,verb,,Form I,11,4,3,6,offered,উপস্হিত করা হলো,پیش کئے جائیں گے,पेश करेंगे,dipalingkan,göstereceğiz,عرضه داشتیم,avons présenté,33:72,https://quranicwords.vercel.app/quran-words/arada-58fdfcb9.html
wv_69b66c99,781,وَصَّىٰ,waṣṣā,و-ص-ي,verb,,Form II,11,4,3,6,enjoined,আদেশ দিয়েছি,وصیت کی,ताकीद की / वसीयत की,telah mewasiatkan,tavsiye ettik,سفارش کردیم,avons ordonné,42:13,https://quranicwords.vercel.app/quran-words/wassa-69b66c99.html
wv_7503dc55,782,تَمَتَّعَ,tamattaʿa,م-ت-ع,verb,,Form V,11,4,3,7,took advantage,লাভবান হতে চায়,فائدہ اٹھائے,फ़ायदा उठाए,tamattu,faydalanmak isteyen,بر خوردار شد,a profité,2:196,https://quranicwords.vercel.app/quran-words/tamattaa-7503dc55.html
wv_75441a79,783,بَنَىٰ,banā,ب-ن-ي,verb,,Form I,11,4,3,7,built,নির্মাণ করেছি,بنائی,बनाई,bangun,bina ettik,بنا نهاده اند,avons construit,9:110,https://quranicwords.vercel.app/quran-words/bana-75441a79.html
wv_76669660,784,كَذَبَ,kadhaba,ك-ذ-ب,verb,,Form I,11,4,3,7,lied,মিথ্যা বলেছে,جھوٹ بولا,झूठ बोला,mendustakan,yalan söyleyen,دروغ گفتند,ont menti / a menti,39:60,https://quranicwords.vercel.app/quran-words/kadhaba-76669660.html
wv_ad155aec,785,أَنَابَ,anāba,ن-و-ب,verb,,Form IV,11,4,3,7,turn,অনুরাগী হয়,رجوع کرلیا / رجوع کرے / رجوع کیا,रुजूअ कर लिया / रुजूअ करे / रुजूअ किया,kembali,yönelen,باز گردد,est venu en repentir,60:4,https://quranicwords.vercel.app/quran-words/anaba-ad155aec.html
wv_be1889a6,786,عَٰهَدَ,ʿāhada,ع-ه-د,verb,,Form III,11,4,3,7,made a covenant / made a treaty,অঙ্গীকার করেছিলো / চুক্তি করেছো,عہد کیا,मुआहिदा किया / अहद किया,berjanji / telah mengadakan janji,andlaşma yaptığınız,پیمان بسته اید با ایشان,avez fait un pacte / a fait un pacte,9:75,https://quranicwords.vercel.app/quran-words/ahada-be1889a6.html
wv_c55118ce,787,هادُ,hādu,ه-و-د,verb,,Form I,11,4,3,8,are Jews / were Jews / became Jews,ইয়াহুদী হয়েছে / ইহুদী হয়েছে,یہودی بن گئے / یہودی بن بیٹھے / یہودی ہوئے,यहूदी बन गए,Yahudi,yahudi,یهودی شدند,ont été Juifs / sont Juifs,16:118,https://quranicwords.vercel.app/quran-words/hadu-c55118ce.html
wv_c971f3b2,788,لَبَسْ,labas,ل-ب-س,verb,,Form I,11,4,3,8,are obscuring,পরানো হবে,پہنیں گے,पहनेंगे,memakai,giyerler,درمی آمیزید,mélangez-vous,6:9,https://quranicwords.vercel.app/quran-words/labas-c971f3b2.html
wv_d87f558c,789,يَسَّرَ,yassara,ي-س-ر,verb,,Form II,11,4,3,8,have made easy,সহজ করেছি,آسان کردیا,आसान कर दिया,mudahkan,kolaylaştırdık,آسان گردانیدیم,avons rendu facile,54:17,https://quranicwords.vercel.app/quran-words/yassara-d87f558c.html
wv_d9c0f946,790,أَذْهَبَ,adhhaba,ذ-ه-ب,verb,,Form IV,11,4,3,8,exhausted,দূর করেছেন,لے گئے,ले गया,telah hilangkan,zayi ettiniz,بردید شما,a fait partir,46:20,https://quranicwords.vercel.app/quran-words/adhhaba-d9c0f946.html
wv_fed32582,791,بَدَا,badā,ب-د-و,verb,,Form I,11,4,3,8,appear / became apparent,প্রকাশ পেলো,ظاہر ہوگئی / ظاہر ہوگیا,ज़ाहिर हो गया / ज़ाहिर हो गईं / ज़ाहिर हो जाऐंगी,jelas / nyata,göründü,آشکار شد / آشکار شود,se révéleront / se sont révélées,45:33,https://quranicwords.vercel.app/quran-words/bada-fed32582.html
wn_0c53393d,792,أَحَقّ,aḥaqq,ح-ق-ق,noun,Noun (Ism),,10,5,4,9,has more right / more worthy,অধিক যোগ্য / অধিকযোগ্য,زیادہ حق دار / زیادہ حقدار,ज़्यादा हक़दार,lebih berhak,daha doğrudur,سزاوار تر / سزاوارتر,plus en droit,6:81,https://quranicwords.vercel.app/quran-words/ahaqq-0c53393d.html
wn_110f93e9,793,شَكُور,shakūr,ش-ك-ر,noun,Noun (Ism),,10,5,4,9,grateful / Most Appreciative,গুণগ্রাহী,قدردان / شکرگزار,शुक्र गुज़ार / निहायत क़द्रदान,Maha Mensyukuri / banyak bersyukur,şükreden / karşılık verendir,شکر گزار / قدردان,très reconnaissant,17:3,https://quranicwords.vercel.app/quran-words/shakur-110f93e9.html
wn_19884d9d,794,مِائَة,miʾah,م-أ-ي,noun,Noun (Ism),,10,5,4,9,hundred,একশত / দু'শতের,سو,सौ,seratus / duaratus,yüz,صد / دویست تن,cent,37:147,https://quranicwords.vercel.app/quran-words/miah-19884d9d.html
wn_1cb17996,795,جَبّار,jabbār,ج-ب-ر,noun,Noun (Ism),,10,5,4,9,tyrant,উদ্ধত,جبار / متکبر,सरकश,sewenang-wenang,zorba,زور گوی,tyran,14:15,https://quranicwords.vercel.app/quran-words/jabbar-1cb17996.html
wn_23db4231,796,سَعْي,saʿy,س-ع-ي,noun,Noun (Ism),,10,5,4,10,haste,চলাফেরার,دوڑ دھوپ,दौड़ धूप,berusaha,koşarak,حدّ تلاش,hâte,2:260,https://quranicwords.vercel.app/quran-words/say-23db4231.html
wn_27e3b30e,797,زَرْع,zarʿ,ز-ر-ع,noun,Noun (Ism),,10,5,4,10,crops / cornfields,ফসল / শস্য,کھیت,खेती / खेतियाँ,tanaman,ekin,زراعت,céréales / culture,18:32,https://quranicwords.vercel.app/quran-words/zar-27e3b30e.html
wn_29b71204,798,دَم,dam,د-م-و,noun,Noun (Ism),,10,5,4,10,blood,রক্ত,خون,ख़ून,darah,kan,خون,sang,6:145,https://quranicwords.vercel.app/quran-words/dam-29b71204.html
wn_2ab2fcc4,799,لِباس,libās,ل-ب-س,noun,Noun (Ism),,10,5,4,10,clothing / covering / garments,পোশাক,لباس,लिबास,pakaian,giysi,پوششی,vêtement,7:26,https://quranicwords.vercel.app/quran-words/libas-2ab2fcc4.html
wn_2d38137b,800,حِجارَة,ḥijārah,ح-ج-ر,noun,Noun (Ism),,10,5,4,10,stones,পাথর,پتھر,पत्थर,batu,taş,سنگ ها / سنگهایی,pierres,17:50,https://quranicwords.vercel.app/quran-words/hijarah-2d38137b.html
wn_2edb1893,801,خَطِيئَة,khaṭīʾah,خ-ط-أ,noun,Noun (Ism),,10,5,5,1,fault,অন্যায়,خطا,ख़ता,kesalahan,hata,خطایی,erreur,4:112,https://quranicwords.vercel.app/quran-words/khatiah-2edb1893.html
wn_4237e851,802,كَيْل,kayl,ك-ي-ل,noun,Noun (Ism),,10,5,5,1,measure,মাপ,ناپ / پیمانہ / غلہ,पैमाना / नाप,sukatan / takaran,ölçü,پیمانه,mesure du volume / nourriture à volume mesuré,12:60,https://quranicwords.vercel.app/quran-words/kayl-4237e851.html
wn_4296a875,803,جِنَّة,jinnah,ج-ن-ن,noun,Noun (Ism),,10,5,5,1,jinn / madness,জিন / জ্বিন,جنون / جنوں,जिन्नों / जुनून,jin / penyakit gila,cinler / delilik,جنونی / جن ها / جنّ ها,folie / djinns,114:6,https://quranicwords.vercel.app/quran-words/jinnah-4296a875.html
wn_4336cbe0,804,جاهِل,jāhil,ج-ه-ل,noun,Active participle (Ism Fāʿil),,10,5,5,1,ignorant,মূর্খদের / অজ্ঞ লোকেরা / অজ্ঞদের,جاہل,जाहिलों,orang-orang yang bodoh,cahiller,نادانان,ignorants,12:89,https://quranicwords.vercel.app/quran-words/jahil-4336cbe0.html
wn_4b73deec,805,مُقِيم,muqīm,ق-و-م,noun,Active participle (Ism Fāʿil),,10,5,5,1,lasting / enduring,স্থায়ী / প্রতিষ্ঠাকারী,دائمی / قائم رہنے والا,क़ायम रहने वाला / क़ायम करने वाले,kekal / orang-orang yang mendirikan / tetap,sürekli,پایدار,ceux qui établissent / permanent / établi éternellement,11:39,https://quranicwords.vercel.app/quran-words/muqim-4b73deec.html
wn_542a26cc,806,مُحْضَر,muḥḍar,ح-ض-ر,noun,Passive participle (Ism Mafʿūl),,10,5,5,2,brought,উপস্থিত করা হবে,حاضر کئے جانے والے,हाज़िर किए गए / हाज़िर किए जाऐंगे,dihadapkan,getirileceklerdir / getirilirler,حاضر شدگان اند,rendus présents,36:32,https://quranicwords.vercel.app/quran-words/muhdar-542a26cc.html
wn_5d51b7c5,807,عَشِيّ,ʿashiyy,ع-ش-و,noun,Noun (Ism),,10,5,5,2,evening,সন্ধ্যায়,شام,शाम,petang,akşam,شام,soir avant le coucher du soleil / soirée avant le coucher du soleil,40:46,https://quranicwords.vercel.app/quran-words/ashiyy-5d51b7c5.html
wn_646aff98,808,فِئَة,fiʾah,ف-أ-ي,noun,Noun (Ism),,10,5,5,2,group / company,দল,گروہ,गिरोह,golongan,topluluğu,گروهی,groupe,18:43,https://quranicwords.vercel.app/quran-words/fiah-646aff98.html
wn_647e58da,809,سَرِيع,sarīʿ,س-ر-ع,noun,Noun (Ism),,10,5,5,2,swift,দ্রুত / তৎপর,جلد لینے والا,जल्द लेने वाला,sangat cepat / amat cepat,çabuk görendir,زود,rapide,2:202,https://quranicwords.vercel.app/quran-words/sari-647e58da.html
wn_78b859c0,810,مَرِيض,marīḍ,م-ر-ض,noun,Noun (Ism),,10,5,5,2,sick / ill,অসুস্থ / রোগীর,مریض / بیمار,मरीज़ / बीमार,sakit,hasta,بیمار / بیما ران,malade,2:184,https://quranicwords.vercel.app/quran-words/marid-78b859c0.html
wn_88fd9f42,811,عِجْل,ʿijl,ع-ج-ل,noun,Noun (Ism),,10,5,5,3,calf,গো বাছুরকে,بچھڑے / بچھڑا,बछड़े,anak lembu / anak sapi,buzağı,گو ساله / گوساله,veau,7:148,https://quranicwords.vercel.app/quran-words/ijl-88fd9f42.html
wn_99d4b00e,812,مُصِيبَة,muṣībah,ص-و-ب,noun,Active participle (Ism Fāʿil),,10,5,5,3,disaster / calamity / misfortune,বিপদ,مصیبت,मुसीबत,musibah / bencana,felaket / musibet / bela,مصیبت,malheur,4:62,https://quranicwords.vercel.app/quran-words/musibah-99d4b00e.html
wn_9e07d6e8,813,ضَرّ,ḍarr,ض-ر-ر,noun,Noun (Ism),,10,5,5,3,any harm,ক্ষতির,کسی نقصان,किसी नुक़सान / किसी नुक़्सान,kemudaratan,zarar,زیانی,dommage,20:89,https://quranicwords.vercel.app/quran-words/darr-9e07d6e8.html
wn_9ea9a8a3,814,مُخْتَلِف,mukhtalif,خ-ل-ف,noun,Active participle (Ism Fāʿil),,10,5,5,3,various / varying,বিচিত্র / বিভিন্ন,مختلف,मुख़्तलिफ़ / इख़्तिलाफ़ करने वाले,bermacam-macam,çeşit çeşit / çeşitli,گوناگون / مختلف,diverses / gens en désaccord,35:28,https://quranicwords.vercel.app/quran-words/mukhtalif-9ea9a8a3.html
wn_a0c0c87d,815,رَواسِي,rawāsī,ر-س-و,noun,Active participle (Ism Fāʿil),,10,5,5,3,firm mountains / firmly set mountains,পর্বতমালা,پہاڑ,पहाड़,gunung-gunung,sağlam dağlar,کوه های,montagnes encrées fermement,15:19,https://quranicwords.vercel.app/quran-words/rawasi-a0c0c87d.html
wn_b9757201,816,مَدْيَن,madyan,م-د-ن,noun,Proper noun,,10,5,5,4,Madyan,মাদইয়ানের,مدین,मदयन,Madyan,Medyen,مدین,Madian,22:44,https://quranicwords.vercel.app/quran-words/madyan-b9757201.html
wn_ba0eb05d,817,أَعْراب,aʿrāb,ع-ر-ب,noun,Noun (Ism),,10,5,5,4,bedouins,বেদুঈনদের / মরুবাসীদের,اعراب / بدوؤں,देहातियों / देहाती,orang-orang Arab dusun,Araplar,بادیه نشینان,Bédouins,9:97,https://quranicwords.vercel.app/quran-words/arab-ba0eb05d.html
wn_bd2179de,818,مُسْتَقَرّ,mustaqarr,ق-ر-ر,noun,Passive participle (Ism Mafʿūl),,10,5,5,4,abode / dwelling place,অবস্থান,ٹھکانہ,ठिकाना,tempat menetap,karargahtır,قرارگاه,endroit où s’installer,25:66,https://quranicwords.vercel.app/quran-words/mustaqarr-bd2179de.html
wn_beb0a3b1,819,هُود,hūd,ه-و-د,noun,Proper noun,,10,5,5,4,Hud / Jews,ইহুদী / হূদ,ہود,हूद,Hud,Hud,هود,Hoûd / Juifs,26:124,https://quranicwords.vercel.app/quran-words/hud-beb0a3b1.html
wn_c87b8f4d,820,طُور,ṭūr,ط-و-ر,noun,Noun (Ism),,10,5,5,4,mount,তুর পাহাড়,طور,तूर,gunung Tur / gunung Thur,Tur'un,طور,montagne,2:63,https://quranicwords.vercel.app/quran-words/tur-c87b8f4d.html
wn_d7b66f21,821,مَغْرِب,maghrib,غ-ر-ب,noun,Noun (Ism),,10,5,5,5,west,পশ্চিম,مغرب,मग़रिब,barat,batı,مغرب,ouest,26:28,https://quranicwords.vercel.app/quran-words/maghrib-d7b66f21.html
wn_da8bb804,822,رِجْس,rijs,ر-ج-س,noun,Noun (Ism),,10,5,5,5,abomination / filth,অপবিত্র,گندگی,गंदगी / नजासत / नापाक,kotor,pislik,پلیدی,impureté / abomination,5:90,https://quranicwords.vercel.app/quran-words/rijs-da8bb804.html
wn_da95dad7,823,لَهْو,lahw,ل-ه-و,noun,Noun (Ism),,10,5,5,5,amusement / sport,কৌতুক / খেলা-তামাশা,تماشا,तमाशा / खेल तमाशे / शुग़ल,senda gurau / permainan,eğlence,سرگرمی,distraction,29:64,https://quranicwords.vercel.app/quran-words/lahw-da95dad7.html
wn_df20a55a,824,قَتْل,qatl,ق-ت-ل,noun,Verbal noun (Maṣdar),,10,5,5,5,killing,হত্যার,قتل,क़त्ल,pembunuhan / membunuh,öldürmeye,کشتن / کشته شدن,meurtre,6:137,https://quranicwords.vercel.app/quran-words/qatl-df20a55a.html
wn_dfb073ed,825,خَيْرَة,khayrah,خ-ي-ر,noun,Noun (Ism),,10,5,5,5,good,কল্যাণের,بھلائیوں / نیکیوں,नेकियों / भलाइयों,kebaikan / baik-baik / kebajikan,hayır işlerine,سوی نیکی ها,bonnes,55:70,https://quranicwords.vercel.app/quran-words/khayrah-dfb073ed.html
wn_ea89fd99,826,سُورَة,sūrah,س-و-ر,noun,Noun (Ism),,10,5,5,6,Surah,সূরাহ,سورت,सूरत,suatu surat,sure,سوره ای,sourate,24:1,https://quranicwords.vercel.app/quran-words/surah-ea89fd99.html
wn_ec512e0a,827,رِسالَة,risālah,ر-س-ل,noun,Noun (Ism),,10,5,5,6,Messages,রিসালাত,پیغامات,पैग़ामात,risalah,mesajlarını,پیام های,messages,7:68,https://quranicwords.vercel.app/quran-words/risalah-ec512e0a.html
wn_fc4e3f62,828,شَفِيع,shafīʿ,ش-ف-ع,noun,Noun (Ism),,10,5,5,6,any intercessor / intercessors,সুপারিশকারী,سفارشی,सिफ़ारिशी,penolong / seorang pemberi syafaat,aracıları,شفاعت کننده ای,intercesseur,32:4,https://quranicwords.vercel.app/quran-words/shafi-fc4e3f62.html
wp_37c98fb6,829,كَيْ,kay,,particle,Subordinating particle,,10,1,2,3,that,যাতে,تاکہ,ताकि,supaya,için,تا,afin que,20:40,https://quranicwords.vercel.app/quran-words/kay-37c98fb6.html
wv_1b0082c6,830,اسْتَقامُ,astaqāmu,ق-و-م,verb,,Form X,10,4,3,9,are upright,অবিচল থাকে,استقامت اختیار کی,इस्तिक़ामत इख़्तियार की,berlaku lurus,doğru gitselerdi,استقامت کنند,restent sur le droit chemin,9:7,https://quranicwords.vercel.app/quran-words/astaqamu-1b0082c6.html
wv_21a1af84,831,نَّبَذَ,nnabadha,ن-ب-ذ,verb,,Form I,10,4,3,9,threw away,নিক্ষেপ করেছে,پھینک دیا,फेंक दिया,melemparkan,attılar,دور اندا ختند,a jeté en pensant sans valeur,2:101,https://quranicwords.vercel.app/quran-words/nnabadha-21a1af84.html
wv_234f515f,832,حَاقَ,ḥāqa,ح-ي-ق,verb,,Form I,10,4,3,9,enveloped / surrounded / will surround,ঘিরে ফেললো / ঘিরে রাখবে,گھیر لیا / گھیر لے گا,घेर लिया / घेर लेगा,meliputi / mengepung,kuşattı / kuşatıverdi,فراگرفت,a encerclé / a ensuite encerclé / encerclera,40:45,https://quranicwords.vercel.app/quran-words/haqa-234f515f.html
wv_2d82a577,833,ٱجْتَبَىٰ,ajtabā,ج-ب-ي,verb,,Form VIII,10,4,3,9,chose,মনোনীত করলেন,چن لیا,चुन लिया,memilihnya,onu seçmiş,باز برگزید,a choisi,20:122,https://quranicwords.vercel.app/quran-words/ajtaba-2d82a577.html
wv_37455b38,834,نَزَعَ,nazaʿa,ن-ز-ع,verb,,Form I,10,4,3,9,drew out,টেনে বের করলো / দূর করে দিবো,باہر نکالا,खींच लिया,cabut,çıkardı / çıkarıp atmışızdır,براورد,a enlevé / enlèverons,7:108,https://quranicwords.vercel.app/quran-words/nazaa-37455b38.html
wv_394ef971,835,فَطَرَ,faṭara,ف-ط-ر,verb,,Form I,10,4,3,10,created,সৃষ্টি করেছেন,پیدا کیا,पैदा किया,menciptakan,yaratmıştır,آفریده است,a créé et rendu manifeste,6:79,https://quranicwords.vercel.app/quran-words/fatara-394ef971.html
wv_3988f76b,836,فَسَقَ,fasaqa,ف-س-ق,verb,,Form I,10,4,3,10,are defiantly disobedient,সত্যত্যাগ করেছে,نافرمانی کی,नाफ़रमानी की,fasik,dışına çıktı,نافرمانی کردند,ont commis l’immoralité,32:20,https://quranicwords.vercel.app/quran-words/fasaqa-3988f76b.html
wv_49241a9c,837,عُذْ,ʿudh,ع-و-ذ,verb,,Form I,10,4,3,10,seek refuge,আশ্রয় চাই,پناہ لے چکا,पनाह ली,berlindung,sığındım,پناه بردم,ai cherché refuge,44:20,https://quranicwords.vercel.app/quran-words/udh-49241a9c.html
wv_686c9ad1,838,يَصِلُ,yaṣilu,و-ص-ل,verb,,Form I,10,4,3,10,be joined,অক্ষুন্ন রাখতে,جوڑا جائے,जोड़ा जाए,dihubungkan / menghubungkan,bitiştirirler,بپیوندند,soit uni / joignent,13:21,https://quranicwords.vercel.app/quran-words/yasilu-686c9ad1.html
wv_8bf65dff,839,مَرَّ,marra,م-ر-ر,verb,,Form I,10,4,3,10,pass,অতিক্রম করে,گزرتے,गुज़रते,melalui,gezdirdi,بگذرند / می گذشتند,passent,25:72,https://quranicwords.vercel.app/quran-words/marra-8bf65dff.html
wv_952444ae,840,أَحْصَىٰ,aḥṣā,ح-ص-ي,verb,,Form IV,10,4,4,1,has recorded,গুণে রেখেছেন,گن رکھا ہے,गिन रखा है,menghitung,onu saymıştır,آمار گرفته است,a compté jusqu’à la dernière,58:6,https://quranicwords.vercel.app/quran-words/ahsa-952444ae.html
wv_95cc1e89,841,يُولِجُ,yūliju,و-ل-ج,verb,,Form IV,10,4,4,1,causes to enter / cause to enter / merges,প্রবেশ করান,داخل کرتا ہے,दाख़िल करता है,memasukkan,sokar / sokuyor,در می آورد / داخل می کند / فرومی برد,fait pénétrer / fais pénétrer,22:61,https://quranicwords.vercel.app/quran-words/yuliju-95cc1e89.html
wv_9f3f4877,842,صَدَّقَ,ṣaddaqa,ص-د-ق,verb,,Form II,10,4,4,1,believed,সত্য করেছো,تصدیق کی,तस्दीक़ की,ia membenarkan / telah membenarkan,doğrulamıştı,تحقق بخشید,a confirmé / a affirmé,39:33,https://quranicwords.vercel.app/quran-words/saddaqa-9f3f4877.html
wv_a6fba974,843,ظَهَرَ,ẓahara,ظ-ه-ر,verb,,Form I,10,4,4,1,apparent,ছড়িয়ে পড়েছে,ظاہر ہو,ज़ाहिर हो गया,nampak,açığına,آشکار باشد,est manifeste,7:33,https://quranicwords.vercel.app/quran-words/zahara-a6fba974.html
wv_aac148d0,844,طَلَّقَ,ṭallaqa,ط-ل-ق,verb,,Form II,10,4,4,1,divorce,তালাক দাও,طلاق دے دو,तलाक़ दे दो,mentalak,boşadığınız,طلاق دادید / طلاق دهید,divorcez,2:236,https://quranicwords.vercel.app/quran-words/tallaqa-aac148d0.html
wv_ac79f3d8,845,بَخِلَ,bakhila,ب-خ-ل,verb,,Form I,10,4,4,2,became stingy,কৃপণতা করলো,بخل کیا,बुख़्ल किया,ia kikir,cimrilik ederse,بخل ورزید,ont retenu par avarice,9:76,https://quranicwords.vercel.app/quran-words/bakhila-ac79f3d8.html
wv_c8093994,846,أَضاعُ,aḍāʿu,ض-ي-ع,verb,,Form IV,10,4,4,2,neglected,নষ্ট করলো,ضائع کردی,ज़ाया कर दी,menyia-nyiakan,zayi ettiler,ضایع کردند,ont négligé,19:59,https://quranicwords.vercel.app/quran-words/adau-c8093994.html
wv_cd690393,847,ثَبَّتْ,thabbat,ث-ب-ت,verb,,Form II,10,4,4,2,make firm,প্রতিষ্ঠিত করেন,ثابت رکھتا ہے,जमा दे,akan meneguhkan,pekiştirmek için,استوار می سازد,affermira,47:7,https://quranicwords.vercel.app/quran-words/thabbat-cd690393.html
wv_e125f5fe,848,تَقَبَّلَ,taqabbala,ق-ب-ل,verb,,Form V,10,4,4,2,was accepted,গ্রহণ করা হলো,قبول کرلی گئی,क़ुबूल कर ली गई,diterima,kabul edilmiş,پذیر فته شد,a ensuite été accepté,5:27,https://quranicwords.vercel.app/quran-words/taqabbala-e125f5fe.html
wv_e7804003,849,أَمَدَّ,amadda,م-د-د,verb,,Form IV,10,4,4,2,extend,সাহায্য করি,مدد دیتے ہیں,मदद देते हैं,berikan bantuan,uzatırız,یاری می رسانیم,étendons,17:20,https://quranicwords.vercel.app/quran-words/amadda-e7804003.html
wv_ebb83e4d,850,صَرَّفْ,ṣarraf,ص-ر-ف,verb,,Form II,10,4,4,3,have explained,বিশদভাবে বর্ণনা করেছি,پھیر پھیر کر لائے,फेर-फेर कर लाए हैं,telah mengulang-ulang,türlü biçimlerde anlattık,گوناگون بیان کردیم,avons rendu distincts,17:41,https://quranicwords.vercel.app/quran-words/sarraf-ebb83e4d.html
wn_068a7a95,851,جُلُود,julūd,ج-ل-د,noun,Noun (Ism),,9,5,5,6,skins,চামড়াগুলো,کھالیں,खालें,kulit-kulit,derileri,پوست,peaux,22:20,https://quranicwords.vercel.app/quran-words/julud-068a7a95.html
wn_0917fcb2,852,سَوْء,sawʾ,س-و-أ,noun,Noun (Ism),,9,5,5,6,evil,খারাপ,بری / برا / برے,बुरी / बुरा / बुरे,buruk,kötü,بد,mal,21:77,https://quranicwords.vercel.app/quran-words/saw-0917fcb2.html
wn_162d2a26,853,عام,ʿām,ع-و-م,noun,Noun (Ism),,9,5,5,7,year,বছর,سال,साल,tahun,yıl,سال,année,12:49,https://quranicwords.vercel.app/quran-words/am-162d2a26.html
wn_165adba5,854,حُبّ,ḥubb,ح-ب-ب,noun,Noun (Ism),,9,5,5,7,love,ভালোবাসা,محبت,मुहब्बत,cinta,aşırı düşkünlük,دوستی,amour,38:32,https://quranicwords.vercel.app/quran-words/hubb-165adba5.html
wn_18ed14cd,855,مَتَىٰ,matā,,noun,Interrogative (Istifhām),,9,1,2,3,When,কখন,کب,कब,kapan,ne zaman,کی,Quand,10:48,https://quranicwords.vercel.app/quran-words/mata-18ed14cd.html
wn_1c8af786,856,عِوَج,ʿiwaj,ع-و-ج,noun,Noun (Ism),,9,5,5,7,crooked,বক্রতা / বাঁকা,ٹیڑھا پن,टेढ़ापन,bengkok,eğri,کج,fléchie / fléchissement,3:99,https://quranicwords.vercel.app/quran-words/iwaj-1c8af786.html
wn_1eca82b5,857,أَرْبَعَة,arbaʿah,ر-ب-ع,noun,Noun (Ism),,9,5,5,7,four,চার,چار,चार,empat,dört,چهار,quatre,2:226,https://quranicwords.vercel.app/quran-words/arbaah-1eca82b5.html
wn_1f685d14,858,آتِي,ātī,أ-ت-ي,noun,Active participle (Ism Fāʿil),,9,5,5,7,come,অবশ্যম্ভাবী,آنے والی,आने वाली,datang,gelecektir,آمدنی,venante,19:93,https://quranicwords.vercel.app/quran-words/ati-1f685d14.html
wn_279ea0f2,859,رِجْز,rijz,ر-ج-ز,noun,Noun (Ism),,9,5,5,8,punishment,শাস্তি,عذاب,अज़ाब,azab / siksaan,azab,عذاب / کیفری,châtiment sans repos / impureté,29:34,https://quranicwords.vercel.app/quran-words/rijz-279ea0f2.html
wn_290ced95,860,تِجارَة,tijārah,ت-ج-ر,noun,Noun (Ism),,9,5,5,8,transaction / commerce,ব্যবসা,تجارت,तिजारत,perniagaan / perdagangan,ticaret,تجارت,transaction,61:10,https://quranicwords.vercel.app/quran-words/tijarah-290ced95.html
wn_29ae7ae3,861,يَهُود,yahūd,ه-و-د,noun,Proper noun,,9,5,5,8,Jews,ইয়াহুদীরা / ইয়াহুদীদেরকে / ইহূদীরা,یہود,यहूद,orang-orang Yahudi,Yahudiler,یهودیان,Juifs,5:51,https://quranicwords.vercel.app/quran-words/yahud-29ae7ae3.html
wn_2aafa692,862,فَصْل,faṣl,ف-ص-ل,noun,Noun (Ism),,9,5,5,8,Judgment / decisive,মীমাংসার / পৃৃথককারী,فیصلے / فیصلہ کن,फ़ैसले / फ़ैसला कुन,keputusan,hüküm,داوری,Jugement,77:13,https://quranicwords.vercel.app/quran-words/fasl-2aafa692.html
wn_2accf9b3,863,ضَلالَة,ḍalālah,ض-ل-ل,noun,Noun (Ism),,9,5,5,8,astraying / error,পথ ভ্রষ্টতা,گمراہی,गुमराही,kesesatan,sapıklık / sapıklığı,گمراهی,égarement,2:16,https://quranicwords.vercel.app/quran-words/dalalah-2accf9b3.html
wn_313ec537,864,أَضَلّ,aḍall,ض-ل-ل,noun,Noun (Ism),,9,5,5,9,more astray,অধিক বিভ্রান্ত,زیادہ بھٹکے ہوئے / زیادہ بھٹکا ہوا,ज़्यादा गुमराह / ज़्यादा भटके हुए / ज़्यादा भटका हुआ,lebih sesat / lebih tersesat,daha sapık / daha da sapıktır,گمراه تر,plus égaré,25:44,https://quranicwords.vercel.app/quran-words/adall-313ec537.html
wn_33a976e8,865,صِيام,ṣīm,ص-و-م,noun,Noun (Ism),,9,5,5,9,fasting,একটি সাওমের,روزے,रोज़े,berpuasa,oruç,روزه,jeûne / jeune,5:95,https://quranicwords.vercel.app/quran-words/sim-33a976e8.html
wn_33cd640e,866,إِفْك,ifk,أ-ف-ك,noun,Noun (Ism),,9,5,5,9,lie,মিথ্যা,جھوٹ,झूठ,kebohongan / kedustaan,yalandan,دروغی,mensonge maléfique,34:43,https://quranicwords.vercel.app/quran-words/ifk-33cd640e.html
wn_34d5c654,867,قَرار,qarār,ق-ر-ر,noun,Noun (Ism),,9,5,5,9,settlement,অবস্থানের,قرار / ٹھکانہ / ٹھکانے,क़रार,tempat,durulacak yer,قرار گاهی / قرارگاهی,stabilité / endroit où s’installer,38:60,https://quranicwords.vercel.app/quran-words/qarar-34d5c654.html
wn_36c96950,868,سَبَب,sabab,س-ب-ب,noun,Noun (Ism),,9,5,5,9,course / means / ways,এক পথ,اسباب / راستوں,असबाब / रास्तों,jalan / pintu-pintu,yol,راهی,chemin,18:85,https://quranicwords.vercel.app/quran-words/sabab-36c96950.html
wn_4caa4630,869,ضَرّاء,ḍarrāʾ,ض-ر-ر,noun,Noun (Ism),,9,5,5,10,hardship / adversity,কষ্টে / দুঃখদৈন্য,تکلیف,तकलीफ़,kemelaratan / penderitaan,darlıktan,رنج,difficulté accompagnée de dommage,11:10,https://quranicwords.vercel.app/quran-words/darra-4caa4630.html
wn_4fae1a42,870,أَذًى,adhanā,أ-ذ-ي,noun,Noun (Ism),,9,5,5,10,hurt,কষ্ট,تکلیف / اذیت,अज़ियत / तकलीफ़,gangguan / gunjingan,eziyet,آزار,nuisance,2:263,https://quranicwords.vercel.app/quran-words/adhana-4fae1a42.html
wn_51a39a1b,871,مُخْلَص,mukhlaṣ,خ-ل-ص,noun,Passive participle (Ism Mafʿūl),,9,5,5,10,chosen,একনিষ্ঠ,چنے ہوئے,ख़ालिस किए हुए,orang-orang yang ikhlas,halis,نابِ برگزیده اند,élus,19:51,https://quranicwords.vercel.app/quran-words/mukhlas-51a39a1b.html
wn_56b8bcc3,872,أَساطِير,asāṭīr,س-ط-ر,noun,Noun (Ism),,9,5,5,10,tales / Stories,উপকথা,کہانیاں,कहानियाँ,dongeng-dongeng / dongengan,masalları,افسانه های,légendes,23:83,https://quranicwords.vercel.app/quran-words/asatir-56b8bcc3.html
wn_56ee1375,873,أَعْلَى,aʿlā,ع-ل-و,noun,Noun (Ism),,9,5,5,10,highest / Most High / exalted,সর্বশ্রেষ্ঠ,اعلی / سب سے بلند,आला,Maha Tinggi / tertinggi,yüce,برتر,plus haut,30:27,https://quranicwords.vercel.app/quran-words/ala-56ee1375.html
wn_595fe16a,874,عُنُق,ʿunuq,ع-ن-ق,noun,Noun (Ism),,9,5,6,1,necks,গলাসমূহের,گردنوں,गर्दनों,leher,boyunların,گردن ها,cous,34:33,https://quranicwords.vercel.app/quran-words/unuq-595fe16a.html
wn_59c91aa2,875,غِلّ,ghill,غ-ل-ل,noun,Noun (Ism),,9,5,6,1,iron collars / shackles,ঈর্ষা / বেড়িসমূহ,طوق / بغض,तौक़ / कीना,belenggu,demir halkalar,طوق ها,colliers de métal / rancune / menottes,36:8,https://quranicwords.vercel.app/quran-words/ghill-59c91aa2.html
wn_6abfced6,876,غُرُور,ghurūr,غ-ر-ر,noun,Noun (Ism),,9,5,6,1,delusion / deception,ধোঁকার / প্রতারণা,دھوکے,धोखे / धोके,tipuan,aldatıcı,فریب,tromperie / illusion,33:12,https://quranicwords.vercel.app/quran-words/ghurur-6abfced6.html
wn_6ece189a,877,آن,ān,أ-و-ن,noun,Noun (Ism),,9,5,6,1,now,এখন,اب,अब,sekarang,şimdi,اکنون,Maintenant,72:9,https://quranicwords.vercel.app/quran-words/an-6ece189a.html
wn_7f02e259,878,سَحاب,saḥāb,س-ح-ب,noun,Noun (Ism),,9,5,6,1,clouds,মেঘ,بادل,बादल,awan,bulut,ابر,nuages,35:9,https://quranicwords.vercel.app/quran-words/sahab-7f02e259.html
wn_8dbb946b,879,خَلِيفَة,khalīfah,خ-ل-ف,noun,Noun (Ism),,9,5,6,2,successors / vicegerent,প্রতিনিধি / স্থলাভিষিক্ত,جانشین,जानशीन / ख़लीफ़ा,khalifah / pengganti-pengganti,halifeler,جانشینان / جانشین ها,successeurs / vice-gérant,10:14,https://quranicwords.vercel.app/quran-words/khalifah-8dbb946b.html
wn_8ea2bc4c,880,غَلِيظ,ghalīẓ,غ-ل-ظ,noun,Noun (Ism),,9,5,6,2,severe / harsh / strong,কঠিন / দৃঢ়,سخت / پختہ,सख़्त / पुख़्ता,keras / kasar / teguh,kaba / sağlam,سخت,sévère / fort,31:24,https://quranicwords.vercel.app/quran-words/ghaliz-8ea2bc4c.html
wn_92802b68,881,فاعِل,fāʿil,ف-ع-ل,noun,Active participle (Ism Fāʿil),,9,5,6,2,doers,সম্পাদনকারী,کرنے والے,करने वाले,berbuat / mengerjakan,yapacak,کنندگان,gens qui font / Quelqu’un qui fait,15:71,https://quranicwords.vercel.app/quran-words/fail-92802b68.html
wn_9632c335,882,تَذْكِرَة,tadhkirah,ذ-ك-ر,noun,Verbal noun (Maṣdar),,9,5,6,2,reminder,উপদেশ / নসীহত,نصیحت / یاد دہانی,नसीहत,peringatan,ibret / öğüttür,پندی,rappel,80:11,https://quranicwords.vercel.app/quran-words/tadhkirah-9632c335.html
wn_a864f277,883,مُحِيط,muḥīṭ,ح-و-ط,noun,Active participle (Ism Fāʿil),,9,5,6,2,All-Encompassing / encompasses,পরিবেষ্টনকারী,گھیرنے والا / احاطہ کرنے والا,घेरने वाला,meliputi,kuşatmıştır,فراگیر نده / فراگیرنده / احاطه کننده,quelqu’un qui enveloppe,4:126,https://quranicwords.vercel.app/quran-words/muhit-a864f277.html
wn_b01fba2a,884,طُغْيان,ṭughyān,ط-غ-ي,noun,Verbal noun (Maṣdar),,9,5,6,3,rebellion / transgression,অবাধ্যতা,سرکشی,सरकशी,kedurhakaan,azgınlık,سرکشی,transgression,5:68,https://quranicwords.vercel.app/quran-words/tughyan-b01fba2a.html
wn_b58ac155,885,حَجّ,ḥajj,ح-ج-ج,noun,Noun (Ism),,9,5,6,3,Hajj,হজ্জ,حج,हज,haji,hac,حج,Ḥajj,2:189,https://quranicwords.vercel.app/quran-words/hajj-b58ac155.html
wn_b606e52c,886,رَقَبَة,raqabah,ر-ق-ب,noun,Noun (Ism),,9,5,6,3,slave / necks,দাসকে,گردن,गर्दन,hamba sahaya / seorang budak,köle,برده ای,esclave,58:3,https://quranicwords.vercel.app/quran-words/raqabah-b606e52c.html
wn_c37ee293,887,جانِب,jānib,ج-ن-ب,noun,Active participle (Ism Fāʿil),,9,5,6,3,side,দিক / পাশে,جانب,ख़ुश्की की जानिब,sisi,ters çevirip,طرف,côté,19:52,https://quranicwords.vercel.app/quran-words/janib-c37ee293.html
wn_c3f74027,888,مُبَشِّر,mubashshir,ب-ش-ر,noun,Active participle (Ism Fāʿil),,9,5,6,3,bearer of glad tidings / bearers of glad tidings,সুসংবাদদাতা,خوش خبری دینے والا / خوش خبری دینے والے / خوشخبری دینے والا,ख़ुशख़बरी देने वाला / ख़ुशख़बरी देने वाले,pembawa kabar gembira,müjdeleyici,مژده دهنده / مژده دهندگان,annonciateur de bonnes nouvelles / annonciateurs de bonnes nouvelles,25:56,https://quranicwords.vercel.app/quran-words/mubashshir-c3f74027.html
wn_c72ee7cb,889,بَشِير,bashīr,ب-ش-ر,noun,Noun (Ism),,9,5,6,4,bearer of glad tidings / giver of glad tidings,সুসংবাদদাতা,خوش خبری دینے والا / خوشخبری دینے والا,ख़ुशख़बरी देने वाला,pembawa berita gembira / pembawa kabar gembira,müjdeleyici,مژده دهنده,annonciateur de bonnes nouvelles,35:24,https://quranicwords.vercel.app/quran-words/bashir-c72ee7cb.html
wn_d0c2b06d,890,واسِع,wāsiʿ,و-س-ع,noun,Active participle (Ism Fāʿil),,9,5,6,4,All-Encompassing,প্রাচুর্যময়,وسعت والا,वुसअत वाला,Maha Luas,geniştir,گشایشگر / گسترده / گشا یشگری,ample,2:115,https://quranicwords.vercel.app/quran-words/wasi-d0c2b06d.html
wn_d0ce58c5,891,مَبْعُوث,mabʿūth,ب-ع-ث,noun,Passive participle (Ism Mafʿūl),,9,5,6,4,resurrected,আবার ওঠানো হবে,اٹھائے جانے والے,उठाए जाने वाले,orang yang dibangkitkan,diriltileceksiniz,برانگیخته شوند,ressuscités,83:4,https://quranicwords.vercel.app/quran-words/mabuth-d0ce58c5.html
wn_d838e53e,892,نَبات,nabāt,ن-ب-ت,noun,Noun (Ism),,9,5,6,4,vegetation / plants,উদ্ভিদ,نباتات,नबातात,tumbuh-tumbuhan,bitki,روییدنی,plantes / croissance,18:45,https://quranicwords.vercel.app/quran-words/nabat-d838e53e.html
wn_db509947,893,خَبِيث,khabīth,خ-ب-ث,noun,Noun (Ism),,9,5,6,4,evil / bad / wicked,অপবিত্রতাকে,ناپاک,नापाक,buruk,pis olanı,ناپاک / پلید,mauvais,3:179,https://quranicwords.vercel.app/quran-words/khabith-db509947.html
wn_db812793,894,مَآب,maʾāb,أ-و-ب,noun,Noun (Ism),,9,5,6,5,place of return,পরিণাম / প্রত্যাবর্তন স্থান,ٹھکانہ,ठिकाना,tempat kembali,gelecek,فرجامی,lieu de retour,78:22,https://quranicwords.vercel.app/quran-words/maab-db812793.html
wn_ddbe387b,895,هُنَالِكَ,hunālika,,noun,Time adverb (Ẓarf Zamān),,9,1,2,3,there,সেখানে,وہاں,वहाँ,di sana,orada,آنجا,là / Alors,7:119,https://quranicwords.vercel.app/quran-words/hunalika-ddbe387b.html
wn_df4e5941,896,مَوْعِظَة,mawʿiẓah,و-ع-ظ,noun,Noun (Ism),,9,5,6,5,admonition / instruction,উপদেশ,نصیحت,नसीहत,pelajaran,öğüt,پندی,conseil émouvant,2:275,https://quranicwords.vercel.app/quran-words/mawizah-df4e5941.html
wn_edf3ce1b,897,لَغْو,laghw,ل-غ-و,noun,Noun (Ism),,9,5,6,5,vain talk,অসার কথা,لغو بات,लग़्व,sia-sia,boş söz,سخن بیهوده,parole inutile / inutilité,56:25,https://quranicwords.vercel.app/quran-words/laghw-edf3ce1b.html
wp_bbdcfcc1,898,تَ,ta,,particle,Preposition (Ḥarf Jarr),,9,1,2,3,By,শপথ,قسم,क़सम,demi,andolsun,سوگند به,Par,37:56,https://quranicwords.vercel.app/quran-words/ta-bbdcfcc1.html
wv_29499590,899,يُسارِعُ,yusāriʿu,س-ر-ع,verb,,Form III,9,4,4,3,hasten,দ্রুত ধাবিত হয়,جلدی کرتے ہیں / دوڑ دھوپ کرتے ہیں,दौड़ धूप करते हैं / जल्दी करते हैं,bersegera,koşarlar,شتاب می ورزند / می شتابند,se dépêchent,23:56,https://quranicwords.vercel.app/quran-words/yusariu-29499590.html
wv_2eec1cbb,900,فَرَّقُ,farraqu,ف-ر-ق,verb,,Form II,9,4,4,3,divide,খন্ড বিখন্ড করেছে,الگ الگ کردیا,तफ़रक़ा डाल दिया तूने,memecah belah,ayrılık çıkardın,پراکنده ساختند,ont divisé,30:32,https://quranicwords.vercel.app/quran-words/farraqu-2eec1cbb.html
wv_31cd53e1,901,تَبِعَ,tabiʿa,ت-ب-ع,verb,,Form I,9,4,4,3,follows,অনুসরণ করবে,پیروی کرے,पैरवी करे,mengikuti,uyan,پیروی کند,a suivi,2:38,https://quranicwords.vercel.app/quran-words/tabia-31cd53e1.html
wv_3e0a580c,902,يَنطِقُ,yanṭiqu,ن-ط-ق,verb,,Form I,9,4,4,3,speak,কথা বলতে পারে,بولے گی,बोलती है / बोलते,berbicara,konuşmazlar,سخن می گوید,parle,21:63,https://quranicwords.vercel.app/quran-words/yantiqu-3e0a580c.html
wv_3f6422f6,903,رَكِبَ,rakiba,ر-ك-ب,verb,,Form I,9,4,4,4,embark,আরোহণ করে,دونوں سوار ہوئے,दोनों सवार हुए,keduanya,bindikleri,سوار شدند,montent,29:65,https://quranicwords.vercel.app/quran-words/rakiba-3f6422f6.html
wv_41f597f6,904,يَتَساءَلُ,yatasāʾalu,س-أ-ل,verb,,Form VI,9,4,4,4,questioning one another,জিজ্ঞাসাবাদ করবে,ایک دوسرے سے سوال کرتے ہو,एक दूसरे से सवाल करेंगे,bertanya-tanya / saling bertanya,soruyorlar,از هم می پرسند,se demanderont l’un l’autre,37:27,https://quranicwords.vercel.app/quran-words/yatasaalu-41f597f6.html
wv_4b7a42eb,905,ٱنطَلَقَ,anṭalaqa,ط-ل-ق,verb,,Form VII,9,4,4,4,both set out,চলবে,دونوں چل دیئے,चल दिए,keduanya pergi,yine yürüdüler,راه افتادند / هر دو رفتند,sont donc tous deux partis,18:71,https://quranicwords.vercel.app/quran-words/antalaqa-4b7a42eb.html
wv_58c36bfd,906,يَقْبَلُ,yaqbalu,ق-ب-ل,verb,,Form I,9,4,4,4,accepts,কবুল করেন,قبول کرتا ہے,क़ुबूल करता है,menerima,kabul eden,قبول می کند,accepte,42:25,https://quranicwords.vercel.app/quran-words/yaqbalu-58c36bfd.html
wv_5cfc7a53,907,يُؤاخِذُ,yuʾākhidhu,أ-خ-ذ,verb,,Form III,9,4,4,4,punish,ধরতেন,پکڑ لے,पकड़ लेता,mengambil,cezalandıracak olsaydı,به کیفر می رساند,saisissait,35:45,https://quranicwords.vercel.app/quran-words/yuakhidhu-5cfc7a53.html
wv_5e74cc95,908,رَمَىٰ,ramā,ر-م-ي,verb,,Form I,9,4,4,5,threw,নিক্ষেপ করেছিলে,نے پھینکا تھا,फेंका था,melempar,attı,تیر انداخت,a jeté,8:17,https://quranicwords.vercel.app/quran-words/rama-5e74cc95.html
wv_6df63343,909,يَسْتَحْىِۦ,yastaḥā,ح-ي-ي,verb,,Form X,9,4,4,5,letting live,জীবিত রাখতো,زندہ چھوڑ دیتے تھے,ज़िन्दा छोड़ देते थे,membiarkan hidup,sağ bırakıyorlardı,زنده نگه می داشتند,laissaient vivre,2:49,https://quranicwords.vercel.app/quran-words/yastaha-6df63343.html
wv_75c21729,910,يُضاعِفُ,yuḍāʿifu,ض-ع-ف,verb,,Form III,9,4,4,5,will be doubled / will multiply,দ্বিগুণ করা হবে,دوگنا کیا جائے گا,दोगुना किया जाएगा,dilipat gandakan,kat kat yapılır,افزاید,sera multiplié / le multipliera ensuite,33:30,https://quranicwords.vercel.app/quran-words/yudaifu-75c21729.html
wv_7933ceb8,911,فَرَضَ,faraḍa,ف-ر-ض,verb,,Form I,9,4,4,5,have specified,ধার্য করেছ,مقرر کیا / فرض کیا,फ़र्ज़ किया,mewajibkan,tesbit ettiğiniz,مقرر کرده اید / واجب کرد,a rendu obligatoire / avez fixé,2:237,https://quranicwords.vercel.app/quran-words/farada-7933ceb8.html
wv_86be9954,912,أَقْبَلَ,aqbala,ق-ب-ل,verb,,Form IV,9,4,4,5,will approach,এগিয়ে এলো,متوجہ ہوں گے,मुतावज्जे होंगे,menghadap,dönmüş,روی آوردند,iront en avant,37:27,https://quranicwords.vercel.app/quran-words/aqbala-86be9954.html
wv_89bb50a8,913,ٱرْتَابَ,artāba,ر-ي-ب,verb,,Form VIII,9,4,4,6,doubt,সন্দেহ কর,شک میں پڑے ہوئے ہیں,शक करते हैं,ragu-ragu,kuşkulandınız,شک کردید,doutent / doutez,65:4,https://quranicwords.vercel.app/quran-words/artaba-89bb50a8.html
wv_9006f015,914,وَلَدَ,walada,و-ل-د,verb,,Form I,9,4,4,6,was born,জন্ম দিয়েছেন,پیدا ہوا,जन्म दिया / पैदा किया गया,dilahirkan,doğduğu,زاده شد,A donné naissance,19:15,https://quranicwords.vercel.app/quran-words/walada-9006f015.html
wv_9442a029,915,خاضُ,khāḍu,خ-و-ض,verb,,Form I,9,4,4,6,indulge,আলাপ-আলোচনা করেছে,بحثوں میں پڑے,बहस की,mempercakapkan,dalanlar,فرو رفتند,se sont plongés,9:69,https://quranicwords.vercel.app/quran-words/khadu-9442a029.html
wv_9f52d7a4,916,اوَىٰ,awā,أ-و-ي,verb,,Form IV,9,4,4,6,gave shelter / took,আশ্রয় দিয়েছে,پناہ دی,पनाह दी,hampiri,barındırdılar,جای داد,a pris / ont donné refuge,8:74,https://quranicwords.vercel.app/quran-words/awa-9f52d7a4.html
wv_a498c93a,917,طَهَّرَ,ṭahhara,ط-ه-ر,verb,,Form II,9,4,4,6,purifies,পবিত্র করবেন,پاک کرے,पाक करे,membersihkan diri,temizle,پاک کن,purifie,5:41,https://quranicwords.vercel.app/quran-words/tahhara-a498c93a.html
wv_a685a002,918,أَيَّدَ,ayyada,أ-ي-د,verb,,Form II,9,4,4,7,supported,শক্তিশালী করলেন,تائید کی,क़ुव्वत दी,beri kekuatan,de destekledik,آنگاه یاری دادیم,a renforcé,9:40,https://quranicwords.vercel.app/quran-words/ayyada-a685a002.html
wv_adf2d81d,919,تَبَارَكَ,tabāraka,ب-ر-ك,verb,,Form VI,9,4,4,7,blessed is,অতীব কল্যাণময় / কত মহান,بہت بابرکت ہے,बहुत बाबरकत है,Maha Suci / Maha Berkah,ne yücedir,پُر برکت است / پر برکت است,Est béni / Est donc béni,43:85,https://quranicwords.vercel.app/quran-words/tabaraka-adf2d81d.html
wv_ba80df40,920,ظَلَّ,ẓalla,ظ-ل-ل,verb,,Form I,9,4,4,7,becomes,হয়ে যায়,ہوجاتا ہے,रह जाओ,jadilah,kesilir,گردد,devient,43:17,https://quranicwords.vercel.app/quran-words/zalla-ba80df40.html
wv_bb94509b,921,اجْتَنَبُ,ajtanabu,ج-ن-ب,verb,,Form VIII,9,4,4,7,avoid,দূরে থাকে,اجتناب کیا,इज्तिनाब किया,menjauhi,kaçınan,دوری کردند,évitent,39:17,https://quranicwords.vercel.app/quran-words/ajtanabu-bb94509b.html
wv_d2d5d735,922,أَمْلَىٰ,amlā,م-ل-و,verb,,Form IV,9,4,4,7,granted respite,অবকাশ দিয়েছি,نے ڈھیل دی,ढील दी,tangguhkan,biraz süre vermişimdir,مهلت دادم,ai ensuite accordé un délai,22:44,https://quranicwords.vercel.app/quran-words/amla-d2d5d735.html
wv_da1e3500,923,قَذَفَ,qadhafa,ق-ذ-ف,verb,,Form I,9,4,4,8,cast,সঞ্চার করলেন,ڈال دیا,डाल दिया,memasukkan,düşürdü,افکند,a jeté,33:26,https://quranicwords.vercel.app/quran-words/qadhafa-da1e3500.html
wv_e9c3eccb,924,يَلْعَبْ,yalʿab,ل-ع-ب,verb,,Form I,9,4,4,8,play,খেলায় মেতে থাকে,اچھل کود کر رہے ہیں,खेल रहे हैं / खेलते रहें,bermain,oynasınlar,بازی کنند,jouent / jouer,21:2,https://quranicwords.vercel.app/quran-words/yalab-e9c3eccb.html
wv_f77b9296,925,ٱطْمَأَنَّ,aṭmaʾanna,ط-م-أ-ن,verb,,Form IV,9,4,4,8,are secure,নিরাপদ হও,اطمینان میں آجاو,इत्मिनान में आ जाओ,telah merasa aman,gönüllerini kaptıran,آرامش یافتید,atteint la tranquillité,4:103,https://quranicwords.vercel.app/quran-words/atmaanna-f77b9296.html
wn_06b027e0,926,فَرْج,farj,ف-ر-ج,noun,Noun (Ism),,8,5,6,5,rifts,ফাটল,شگاف,शगाफ़,retak-retak,çatlağı,شکافی,fissures,50:6,https://quranicwords.vercel.app/quran-words/farj-06b027e0.html
wn_08d21eea,927,عُدْوان,ʿudwān,ع-د-و,noun,Noun (Ism),,8,5,6,5,aggression / transgression,বাড়াবাড়ির,زیادتی,ज़्यादती,permusuhan / permungsuhan,düşmanlık,دشمنی,hostilité montrée en étant injuste,4:30,https://quranicwords.vercel.app/quran-words/udwan-08d21eea.html
wn_0e3cb55d,928,لَيْلَة,laylah,ل-ي-ل,noun,Noun (Ism),,8,5,6,6,Night,রাত,رات / لیلۃ,रात / लैलतुल क़दर,malam,gecesi,شب,nuit,97:1,https://quranicwords.vercel.app/quran-words/laylah-0e3cb55d.html
wn_14f33b09,929,يَمّ,yamm,ي-م-م,noun,Noun (Ism),,8,5,6,6,sea / river,সাগরের / সমুদ্রের,سمندر / دریا,दरिया / समुन्दर / दरया,laut,su,دریا,mer / fleuve,51:40,https://quranicwords.vercel.app/quran-words/yamm-14f33b09.html
wn_3140fd35,930,وَصِيَّة,waṣiyyah,و-ص-ي,noun,Noun (Ism),,8,5,6,6,any will,অসীয়তের,وصیت,वसीयत,wasiat,vasiyyet,وصیتی,testament,4:11,https://quranicwords.vercel.app/quran-words/wasiyyah-3140fd35.html
wn_335a6e89,931,قَرِين,qarīn,ق-ر-ن,noun,Noun (Ism),,8,5,6,6,companion,সঙ্গী,ساتھی,साथी,teman,arkadaş,همنشینی,camarade,37:51,https://quranicwords.vercel.app/quran-words/qarin-335a6e89.html
wn_3ca4dddd,932,مُدْبِر,mudbir,د-ب-ر,noun,Active participle (Ism Fāʿil),,8,5,6,6,fleeing / flight / retreating,পিছন দিকে / পিঠ ফিরিয়ে,پیٹھ پھیر کر / پیٹھ پھیرتے ہوئے,पीठ फेर कर / पीठ फेरते हुए,kebelakang / membelakang,arkalarını dönüp,پشت کنان,gens qui tournent leurs dos / quelqu’un qui tourne le dos,40:33,https://quranicwords.vercel.app/quran-words/mudbir-3ca4dddd.html
wn_41e8ad33,933,لَعِب,laʿib,ل-ع-ب,noun,Noun (Ism),,8,5,6,7,play / fun,ক্রীড়া,کھیل,खेल,permainan / main-main,oyun,بازی,jeu,6:32,https://quranicwords.vercel.app/quran-words/laib-41e8ad33.html
wn_483de43a,934,نُزُل,nuzul,ن-ز-ل,noun,Noun (Ism),,8,5,6,7,hospitality / lodging,আপ্যায়ন,مہمانی,महमानी / मेहमानी,hidangan / turun,konak olarak,پذیرایی ای,accueil,37:62,https://quranicwords.vercel.app/quran-words/nuzul-483de43a.html
wn_486ff46c,935,صَوْت,ṣawt,ص-و-ت,noun,Noun (Ism),,8,5,6,7,sounds,আওয়াজ সমূহ,آواز,आवाज़,semua suara,sesinin,آوازها,voix,31:19,https://quranicwords.vercel.app/quran-words/sawt-486ff46c.html
wn_4ab9d1e0,936,جَدِيد,jadīd,ج-د-د,noun,Noun (Ism),,8,5,6,7,new,নতুন,نئی,नई / नए सिरे,baru,yeni,نو,nouvelle,35:16,https://quranicwords.vercel.app/quran-words/jadid-4ab9d1e0.html
wn_522da1ca,937,أَبْيَض,abyaḍ,ب-ي-ض,noun,Noun (Ism),,8,5,6,7,white,শুভ্র উজ্জ্বল / সাদা,سفید,सफ़ेद,putih,bembeyaz,سفید,blanche,7:108,https://quranicwords.vercel.app/quran-words/abyad-522da1ca.html
wn_55635a49,938,ثِياب,thīb,ث-و-ب,noun,Noun (Ism),,8,5,6,8,garments,পোশাক,لباس,कपड़े,pakaian,giysiler,جامه هایی,habits,76:21,https://quranicwords.vercel.app/quran-words/thib-55635a49.html
wn_55ddf801,939,صاعِقَة,ṣāʿiqah,ص-ع-ق,noun,Noun (Ism),,8,5,6,8,thunderbolt,গর্জনকারী বজ্রসমূহ,بجلی کی کڑک / عذاب,बिजली की कड़क,petir,yıldırım gürültüsü,صاعقه / صاعقۂ,coup de tonnerre / coups de tonnerre,41:17,https://quranicwords.vercel.app/quran-words/saiqah-55ddf801.html
wn_63b3a6dd,940,قانِت,qānit,ق-ن-ت,noun,Active participle (Ism Fāʿil),,8,5,6,8,devoutly obedient,অনুগত,اطاعت گزار,फ़रमाबरदार,taat,boyun eğmiştir,عبادت کننده,obéissant,2:238,https://quranicwords.vercel.app/quran-words/qanit-63b3a6dd.html
wn_69a10439,941,مُحْصَنَة,muḥṣanah,ح-ص-ن,noun,Passive participle (Ism Mafʿūl),,8,5,6,8,chaste women,সচ্চরিত্রা নারীরা,پاک دامن عورتیں,पाक दामन औरतें,wanita-wanita merdeka / wanita-wanita yang menjaga kehormatan,namuslu kadınlar,زنان پاکدامن,femmes chastes / femmes libres,24:4,https://quranicwords.vercel.app/quran-words/muhsanah-69a10439.html
wn_6fbd1fc2,942,صُحُف,ṣuḥuf,ص-ح-ف,noun,Noun (Ism),,8,5,6,8,Scriptures / pages,সহীফাসমূহের,صحیفوں / صحیفے,सहीफ़े / सहीफ़ों में,lembaran-lembaran / kitab-kitab,sahifeler,صحیفه های,pages / Écrits,87:19,https://quranicwords.vercel.app/quran-words/suhuf-6fbd1fc2.html
wn_7548de51,943,مَوَدَّة,mawaddah,و-د-د,noun,Noun (Ism),,8,5,6,9,love,কোন সম্পর্ক,محبت,मुहब्बत / मोहब्बत,kasih sayang,sevgi,دوستی,affection,60:7,https://quranicwords.vercel.app/quran-words/mawaddah-7548de51.html
wn_79876e5f,944,إِسْلام,islām,س-ل-م,noun,Proper noun,,8,5,6,9,Islam,ইসলাম,اسلام,इस्लाम,Islam,İslam'a,اسلام,Islam,3:85,https://quranicwords.vercel.app/quran-words/islam-79876e5f.html
wn_7ce7b42e,945,ثَلاث,thalāth,ث-ل-ث,noun,Noun (Ism),,8,5,6,9,three / thirty,তিন / ত্রিশ,تین / تیس,तीन / तीस,tiga,üç / otuz,سه / سی,trois / trente,77:30,https://quranicwords.vercel.app/quran-words/thalath-7ce7b42e.html
wn_7d3be85b,946,خَزائِن,khazāʾin,خ-ز-ن,noun,Noun (Ism),,8,5,6,9,treasures,ধনভাণ্ডারসমূহ,خزانے / خزانوں,ख़ज़ाने,perbendaharaan,hazineleri,خزانه های / گنجینه های,dépôts / trésors,38:9,https://quranicwords.vercel.app/quran-words/khazain-7d3be85b.html
wn_898339f8,947,ذَهَب,dhahab,ذ-ه-ب,noun,Noun (Ism),,8,5,6,9,gold,সোনা / স্বর্ণের,سونے / سونا,सोने / सोना,emas,altın,طلا,or,43:53,https://quranicwords.vercel.app/quran-words/dhahab-898339f8.html
wn_8a2cdf2b,948,مَنافِع,manāfiʿ,ن-ف-ع,noun,Noun (Ism),,8,5,6,10,benefits,উপকার,فائدے,फ़ायदे,beberapa kemanfaatan / beberapa manfaat,birçok yararlar / faydalar / menfaatler,سودهایی,avantages,36:73,https://quranicwords.vercel.app/quran-words/manafi-8a2cdf2b.html
wn_8f848dfa,949,مُبارَك,mubārak,ب-ر-ك,noun,Passive participle (Ism Mafʿūl),,8,5,6,10,blessed,কল্যাণময় / কল্যাণকর,بابرکت,बाबरकत / मुबारक,diberkahi / diberkati / penuh keberkatan,mübarek / bereketli,مبارک / برکت داده شده / پر برکت,béni,21:50,https://quranicwords.vercel.app/quran-words/mubarak-8f848dfa.html
wn_93fe7bc2,950,راكِع,rākiʿ,ر-ك-ع,noun,Active participle (Ism Fāʿil),,8,5,6,10,those who bow down / bowing,রুকুকারী,رکوع کرنے والے / رکوع کرتے ہوئے / رکوع کرنے والوں,रुकू करने वालों / रुकूअ करते हुए,orang-orang yang ruku,rüku edenler,رکوع کنندگان,ceux qui s’inclinent,5:55,https://quranicwords.vercel.app/quran-words/raki-93fe7bc2.html
wn_9ec3a5d5,951,مِثْقال,mithqāl,ث-ق-ل,noun,Noun (Ism),,8,5,6,10,weight,পরিমাণ,برابر,बराबर,seberat,ağırlığınca,هموزن,poids,99:7,https://quranicwords.vercel.app/quran-words/mithqal-9ec3a5d5.html
wn_aadc6be5,952,مُتَّكِئ,muttakiʾ,و-ك-أ,noun,Active participle (Ism Fāʿil),,8,5,6,10,reclining,হেলান দিয়ে বসবে,تکیہ لگائے ہوئے ہوں گے,तकिया लगाए हुए होंगे,bersandar,yaslanırlar,تکیه کنان / تکیه کنندگان اند,allongés,36:56,https://quranicwords.vercel.app/quran-words/muttaki-aadc6be5.html
wn_ac276134,953,مُشْفِق,mushfiq,ش-ف-ق,noun,Active participle (Ism Fāʿil),,8,5,7,1,fearful,আতঙ্কগ্রস্ত,ڈرنے والے,डरने वाले,ketakutan / merasa takut / orang-orang yang takut,titrerler / korkarlar,ترسان,effrayés,70:27,https://quranicwords.vercel.app/quran-words/mushfiq-ac276134.html
wn_b142252f,954,بُرْهان,burhān,ب-ر-ه-ن,noun,Noun (Ism),,8,5,7,1,proof,কোন প্রমাণ,دلیل,दलील,bukti kebenaran,delil,دلیل,preuve concluante,23:117,https://quranicwords.vercel.app/quran-words/burhan-b142252f.html
wn_b1d9e67f,955,ضَعِيف,ḍaʿīf,ض-ع-ف,noun,Noun (Ism),,8,5,7,1,weak,দুর্বল,کمزور,कमज़ोर,lemah,zayıf,ناتوان,faible,4:28,https://quranicwords.vercel.app/quran-words/daif-b1d9e67f.html
wn_b3481852,956,ظاهِر,ẓāhir,ظ-ه-ر,noun,Active participle (Ism Fāʿil),,8,5,7,1,apparent / dominant,বিজয়ী,ظاہری / غالب آنے والے,ग़ालिब / ज़ाहिर,lahir,açığını,اوست آشکار,manifeste / triomphants,30:7,https://quranicwords.vercel.app/quran-words/zahir-b3481852.html
wn_b7ca250d,957,يَقِين,yaqīn,ي-ق-ن,noun,Noun (Ism),,8,5,7,1,certain,নিশ্চিত,یقین,यक़ीन,keyakinan / pasti,kesin,یقین,certitude,27:22,https://quranicwords.vercel.app/quran-words/yaqin-b7ca250d.html
wn_c7468470,958,خِلال,khilāl,خ-ل-ل,noun,Noun (Ism),,8,5,7,2,any friendship,বন্ধুত্ব,اندر,अन्दर,di celah-celah,aralarına girip,درون,amitié,14:31,https://quranicwords.vercel.app/quran-words/khilal-c7468470.html
wn_ccd9ed21,959,مِيقات,mīqāt,و-ق-ت,noun,Noun (Ism),,8,5,7,2,appointed time,নির্দিষ্ট,اوقات کا مقرر کرنا,मुक़र्रर वक़्त,waktu yang ditentukan,buluşma vakti,وعده گاه,temps fixé,78:17,https://quranicwords.vercel.app/quran-words/miqat-ccd9ed21.html
wn_db9fbe13,960,خَشْيَة,khashyah,خ-ش-ي,noun,Noun (Ism),,8,5,7,2,fear,ভয়,خوف / ڈر,ख़ौफ़,takut,korkarak,ترس,crainte,23:57,https://quranicwords.vercel.app/quran-words/khashyah-db9fbe13.html
wn_ddffb189,961,مُقَرَّب,muqarrab,ق-ر-ب,noun,Passive participle (Ism Mafʿūl),,8,5,7,2,those brought near / ones who are near,নৈকট্যপ্রাপ্ত,مقربین,मुक़र्रब,orang-orang yang dekat / orang-orang yang didekatkan,yaklaştırılanlar,مقرّبان / مقربان,gens rapprochés,83:21,https://quranicwords.vercel.app/quran-words/muqarrab-ddffb189.html
wn_e2841202,962,شِمال,shimāl,ش-م-ل,noun,Noun (Ism),,8,5,7,2,left,বাম,بائیں جانب,बाऐं जानिब / बाऐं तरफ़ / बाऐं हाथ वाले,kiri,soldan / solun,چپ,gauche,70:37,https://quranicwords.vercel.app/quran-words/shimal-e2841202.html
wn_ed3a8af0,963,بِرّ,birr,ب-ر-ر,noun,Noun (Ism),,8,5,7,3,righteous,পূণ্য,نیکی,नेकी,kebaikan,iyilik,نیکی,bonté pieuse,2:189,https://quranicwords.vercel.app/quran-words/birr-ed3a8af0.html
wn_f03f811a,964,قَدَم,qadam,ق-د-م,noun,Noun (Ism),,8,5,7,3,feet,পদ,قدموں,क़दमों,kaki-kaki,ayak,پاها,pieds,55:41,https://quranicwords.vercel.app/quran-words/qadam-f03f811a.html
wv_0682b988,965,كِيدُ,kīdu,ك-ي-د,verb,,Form I,8,4,4,8,plan,কৌশল করেছিলাম,تدبیر کی,तदबीर की,mengatur,çare öğrettik,چاره اندیشی کردیم,avons-Nous comploté,12:76,https://quranicwords.vercel.app/quran-words/kidu-0682b988.html
wv_07b30160,966,أُجِيبَت,ujībat,ج-و-ب,verb,,Form IV,8,4,4,8,did you answer,উত্তর দেয়া হয়েছিলো,جواب دیا,क़ुबूल कर ली गई,dijawab,cevap verdiniz,اجایت شد,a été répondue,28:65,https://quranicwords.vercel.app/quran-words/ujibat-07b30160.html
wv_0fbfcfd6,967,ازْدادُ,azdādu,ز-ي-د,verb,,Form VIII,8,4,4,9,increased,বৃদ্ধি করেছে,بڑھ گئے,ज़्यादा कर दिए,bertambah,arttı,افزودند,ont augmentés,4:137,https://quranicwords.vercel.app/quran-words/azdadu-0fbfcfd6.html
wv_131f3a27,968,أَعْطَىٰ,aʿṭā,ع-ط-و,verb,,Form IV,8,4,4,9,gave,দান করলো,دیا,दिया,diberi,kendilerine pay verilse,بخشش نمود,a donné,20:50,https://quranicwords.vercel.app/quran-words/ata-131f3a27.html
wv_172d9be3,969,نَفَرَ,nafara,ن-ف-ر,verb,,Form I,8,4,4,9,go forth,বের হলো,نکلی,निकली,keluar,geri kalmaları,بیرون روید,part,9:122,https://quranicwords.vercel.app/quran-words/nafara-172d9be3.html
wv_1bb01d53,970,خَسَفَ,khasafa,خ-س-ف,verb,,Form I,8,4,4,9,becomes dark,আলোকহীন হবে,دھنسادیا,धँसा दिया,benamkan,batırdık,فرو بردیم,avons ensuite fait qu’engloutisse,75:8,https://quranicwords.vercel.app/quran-words/khasafa-1bb01d53.html
wv_1c07cdd8,971,هَوَىٰ,hawā,ه-و-ي,verb,,Form I,8,4,4,9,goes down,অস্তমিত হয়,گرا,गिरे,binasalah,aşağı kaydığı,فروافکند,a fait tomber très bas,53:1,https://quranicwords.vercel.app/quran-words/hawa-1c07cdd8.html
wv_4fdb2272,972,سَمَّىٰ,sammā,س-م-و,verb,,Form II,8,4,4,10,named,নাম দেয়া হয়েছে,نام رکھا جائے گا,नाम रखा गया जिसका,dinamakan,adına denir,نامیده می شود,appelée,76:18,https://quranicwords.vercel.app/quran-words/samma-4fdb2272.html
wv_50494efa,973,تَعالَ,taʿāla,ع-ل-و,verb,,Form IV,8,4,4,10,Come,আস / এস,آؤ,आओ,marilah,gelin,بیایید,Venez,63:5,https://quranicwords.vercel.app/quran-words/taala-50494efa.html
wv_54402433,974,ٱرْتَدَّ,artadda,ر-د-د,verb,,Form VIII,8,4,4,10,return,দু'জনে ফিরে চললো,دونوں پلٹے,गए,kembali,derhal,باز گشتند,est donc redevenu,47:25,https://quranicwords.vercel.app/quran-words/artadda-54402433.html
wv_59ad7bd5,975,يَطْمَعُ,yaṭmaʿu,ط-م-ع,verb,,Form I,8,4,4,10,hope,আশা করি,امید رکھتے ہوں گے,उम्मीद रखते हैं,berkeinginan,beklemektedirler,امید دارم,désire / désirons,26:82,https://quranicwords.vercel.app/quran-words/yatmau-59ad7bd5.html
wv_5d2340d5,976,طَافَ,ṭāfa,ط-و-ف,verb,,Form I,8,4,4,10,there came,বিপদ আসলো,گیا,गया,mengepung,sardı,دور زد,A donc visité,68:19,https://quranicwords.vercel.app/quran-words/tafa-5d2340d5.html
wv_6cb4b2d5,977,اخْتَصَمُ,akhtaṣamu,خ-ص-م,verb,,Form VIII,8,4,5,1,dispute,বিতর্ক করছে,جھگڑا کیا,झगड़ा किया,bertengkar,çekişen,خصومت کردند,se sont disputés,22:19,https://quranicwords.vercel.app/quran-words/akhtasamu-6cb4b2d5.html
wv_a23456fb,978,كَفَّ,kaffa,ك-ف-ف,verb,,Form I,8,4,5,1,restrained,ঠেকিয়ে দিয়েছেন,روک دیا,रोक दिए,menahan,savmıştım,بازداشت,a retenu,5:110,https://quranicwords.vercel.app/quran-words/kaffa-a23456fb.html
wv_a5e1efea,979,اشْتَهَتْ,ashtahat,ش-ه-و,verb,,Form VIII,8,4,5,1,desire,চাইবে,خواہش کریں گے,ख़्वाहिश करेंगे,menginginkan,arzu ettikleri,بخواهد,désirent,21:102,https://quranicwords.vercel.app/quran-words/ashtahat-a5e1efea.html
wv_a8adfed4,980,راوَدُ,rāwadu,ر-و-د,verb,,Form III,8,4,5,1,sought to seduce,ফুসলিয়েছিলে,سب نے پھسلانا چاہا تھا,फुसलाना चाहा था,menggoda,murad almak istediğiniz,کام خواستید شما زنان,avez essayé de détourner,12:51,https://quranicwords.vercel.app/quran-words/rawadu-a8adfed4.html
wv_b13fdf87,981,تَفَرَّقَ,tafarraqa,ف-ر-ق,verb,,Form V,8,4,5,1,became divided,বিচ্ছিন্ন হয়েছিল,تفرقہ کیا,फ़िरक़ा-फ़िरक़ा बन गए,bercerai-berai,bölünüp,پراکنده شدند,se sont divisés,3:105,https://quranicwords.vercel.app/quran-words/tafarraqa-b13fdf87.html
wv_b69b3fb1,982,كَبُرَ,kabura,ك-ب-ر,verb,,Form I,8,4,5,2,difficult,অতিশয়,بڑا ہے / بھاری,बड़ी है / भारी,besar,ne büyük,بزرگ,est grand,6:35,https://quranicwords.vercel.app/quran-words/kabura-b69b3fb1.html
wv_b9644035,983,هَمَّ,hamma,ه-م-م,verb,,Form I,8,4,5,2,determined,সংকল্প করেছিলো,ارادہ کیا,इरादा किया,berkehendak,da arzu etmişti,آهنگ کردند,a eu l’intention / ont eu l’intention,5:11,https://quranicwords.vercel.app/quran-words/hamma-b9644035.html
wv_c28c4c5e,984,تَزَكَّىٰ,tazakkā,ز-ك-و,verb,,Form V,8,4,5,2,purifies himself,পবিত্র করে,پاکیزگی اختیار کی,पाक हुआ,membersihkan diri,arınan,پاکی ورزد,se purifie,20:76,https://quranicwords.vercel.app/quran-words/tazakka-c28c4c5e.html
wv_c40b3bea,985,دَمَّرَ,dammara,د-م-ر,verb,,Form II,8,4,5,2,destroyed,ধ্বংস করলাম,تباہ کردیا,तबाह कर दिया,binasakan,helak ettik,نا بود گردانید,avons détruit,26:172,https://quranicwords.vercel.app/quran-words/dammara-c40b3bea.html
wv_d57e4d3e,986,أَسْقَيْ,asqay,س-ق-ي,verb,,Form IV,8,4,5,2,will be given to drink,পান করানো হবে,پلائے جائیں گے,पिलाए जाऐंगे,diberi minum,onlara içirilir,نوشانیده شوند,recevront à boire,83:25,https://quranicwords.vercel.app/quran-words/asqay-d57e4d3e.html
wv_db1a5113,987,ٱبْتَلَىٰ,abtalā,ب-ل-و,verb,,Form VIII,8,4,5,3,try,পরীক্ষা করেন,آزماتا ہے,आज़माता है,mengujinya,denenmişti,آزمایش شدند,a testé sévèrement et visiblement,89:16,https://quranicwords.vercel.app/quran-words/abtala-db1a5113.html
wv_de7fcddb,988,يَئِسَ,yaʾisa,ي-أ-س,verb,,Form I,8,4,5,3,despair,নিরাশ হয়েছে,مایوس ہوگئے,मायूस हो गए,putus asa,kesilenler,ناامید شدند,ont perdu espoir,60:13,https://quranicwords.vercel.app/quran-words/yaisa-de7fcddb.html
wv_e70cb9d7,989,بَٰرَكَ,bāraka,ب-ر-ك,verb,,Form III,8,4,5,3,blessed,কল্যাণ দিয়েছি,برکت دی / برکت ڈالی,बरकत दी / बरकत रखी,berkati,bereketlendirdik,برکت نهادیم,avons placé de la bénédiction,41:10,https://quranicwords.vercel.app/quran-words/baraka-e70cb9d7.html
wv_e7b28454,990,خَفَّفَ,khaffafa,خ-ف-ف,verb,,Form II,8,4,5,3,lighten,হালকা করেছেন,ہلکا کردیا,हल्का कर दिया,telah meringankan,hafifletti,سبک گردانید,a allégé,4:28,https://quranicwords.vercel.app/quran-words/khaffafa-e7b28454.html
wv_e7bdfe26,991,اسْتَضْعَفُ,astaḍʿafu,ض-ع-ف,verb,,Form X,8,4,5,3,were oppressed,দুর্বল করে রাখা হয়েছিলো,کمزور بنا کر رکھے گئے / کمزور بنائے گئے تھے,कमज़ोर समझे गए,lemah,zayıf düşürülen,به زبونی کشیده شدند,ont semblé faibles,28:5,https://quranicwords.vercel.app/quran-words/astadafu-e7bdfe26.html
wv_f71780c2,992,أَغْوَيْ,aghway,غ-و-ي,verb,,Form IV,8,4,5,4,led astray,পথভ্রষ্ট করেছিলাম আমরা,جن کو گمراہ کیا,गुमराह किया,sesatkan,azdırdıklarımız,گمراه کردیم,avons égarés du droit chemin,28:63,https://quranicwords.vercel.app/quran-words/aghway-f71780c2.html
wv_f84cdb4d,993,أَظْهَرَ,aẓhara,ظ-ه-ر,verb,,Form IV,8,4,5,4,made it apparent,পরস্পরে সমর্থন করে,ایک دوسرے کی مدد کرتے ہیں,एक दूसरे की मदद करते हैं,keduanya bantu membantu,birbirine destek olan,آگاه ساخت,se soutiennent l’une l’autre,66:3,https://quranicwords.vercel.app/quran-words/azhara-f84cdb4d.html
wv_f863b633,994,يَنتَظِرُ,yantaẓiru,ن-ظ-ر,verb,,Form VIII,8,4,5,4,awaits,অপেক্ষা করছে,انتظار کر رہے,इन्तिज़ार कर रहे,menunggu,beklemektedir,انتظار می برد,attend,33:23,https://quranicwords.vercel.app/quran-words/yantaziru-f863b633.html
wv_faa2fe91,995,يَهْبِطُ,yahbiṭu,ه-ب-ط,verb,,Form I,8,4,5,4,fall down,ধসে পড়ে,گرپڑتا ہے,गिर पड़ते हैं,terjatuh,aşağı yuvarlanır,فرو می افتند,tombe pour s’installer,2:74,https://quranicwords.vercel.app/quran-words/yahbitu-faa2fe91.html
wv_ff53fbf5,996,عَجِبُ,ʿajibu,ع-ج-ب,verb,,Form I,8,4,5,4,wonder,অবাক হচ্ছো,انہیں تعجب ہوا,उन्हें ताअज्जुब हुआ,heran,hayret ettiler,در شگفت شدند,ont été étonnés,37:12,https://quranicwords.vercel.app/quran-words/ajibu-ff53fbf5.html
wn_0151903b,997,أَثِيم,athīm,أ-ث-م,noun,Noun (Ism),,7,5,7,3,sinful / sinner,পাপিষ্ঠ / পাপীর,گناہ گار,सख़्त गुनाहगार,berdosa,günahkar,گنه پیشه / گنهکار,très pécheur,45:7,https://quranicwords.vercel.app/quran-words/athim-0151903b.html
wn_01c7bbea,998,وَلِيد,walīd,و-ل-د,noun,Noun (Ism),,7,5,7,3,children,কিশোররা / শিশুদের,بچوں / لڑکے,बच्चों / लड़के,anak-anak,çocuklar / gençler,کودکان / نوجوانانی,enfants,73:17,https://quranicwords.vercel.app/quran-words/walid-01c7bbea.html
wn_03eda7cd,999,رِبا,ribā,ر-ب-و,noun,Noun (Ism),,7,5,7,3,usury,সুদ,سود,सूद,riba,riba,ربا,intérêt usuraire,3:130,https://quranicwords.vercel.app/quran-words/riba-03eda7cd.html
wn_0a8e4810,1000,أَبْقَى,abqā,ب-ق-ي,noun,Noun (Ism),,7,5,7,4,more lasting / Ever Lasting,অধিক স্থায়ী,زیادہ باقی رہنے والا,ज़्यादा बाक़ी रहने वाला,lebih kekal,daha kalıcıdır / daha süreklidir,پاینده تر / پایدار تر,plus durable,28:60,https://quranicwords.vercel.app/quran-words/abqa-0a8e4810.html
wn_0a9429ee,1001,سَوْءَة,sawʾah,س-و-أ,noun,Noun (Ism),,7,5,7,4,dead body,লাশ,لاش,लाश,mayat,cesedini,جسد,cadavre,5:31,https://quranicwords.vercel.app/quran-words/sawah-0a9429ee.html
wn_0a9c5b1d,1002,بَصِيرَة,baṣīrah,ب-ص-ر,noun,Noun (Ism),,7,5,7,4,enlightenment,আলো,کھلی دلیلیں,बसीरत की बातें,pandangan,aydınlanma olan,بینش هایی,preuves illuminantes,45:20,https://quranicwords.vercel.app/quran-words/basirah-0a9c5b1d.html
wn_0acf5d4b,1003,حَظّ,ḥaẓẓ,ح-ظ-ظ,noun,Noun (Ism),,7,5,7,4,fortune / part,অংশ,حصہ / قسمت,हिस्सा,bagian,pay almayı / payı / şansı,بهره ای,part,28:79,https://quranicwords.vercel.app/quran-words/hazz-0acf5d4b.html
wn_1457f7cd,1004,بُكْرَة,bukrah,ب-ك-ر,noun,Noun (Ism),,7,5,7,4,morning,সকালে,صبح,सुबह,diwaktu pagi / di waktu pagi,sabah,صبح,matinée,33:42,https://quranicwords.vercel.app/quran-words/bukrah-1457f7cd.html
wn_158cf650,1005,تَبْدِيل,tabdīl,ب-د-ل,noun,Verbal noun (Maṣdar),,7,5,7,5,any change,পরিবর্তন,بدل دینا / بدلنے والا,बदलने वाला,perubahan,değişme,جایگزین کردنی,changement,33:62,https://quranicwords.vercel.app/quran-words/tabdil-158cf650.html
wn_15c65261,1006,عَشْر,ʿashr,ع-ش-ر,noun,Noun (Ism),,7,5,7,5,ten,দশ,دس,दस,sepuluh,on,ده روز,dix,89:2,https://quranicwords.vercel.app/quran-words/ashr-15c65261.html
wn_1a144319,1007,مُتَكَبِّر,mutakabbir,ك-ب-ر,noun,Active participle (Ism Fāʿil),,7,5,7,5,arrogant,অহংকারীদের,تکبر کرنے والوں / تکبر کرنے والے,तकब्बुर करने वालों,orang-orang yang sombong,kibirlenenlerin,متکبّران,orgueilleux,40:35,https://quranicwords.vercel.app/quran-words/mutakabbir-1a144319.html
wn_205aa2d2,1008,بَعْل,baʿl,ب-ع-ل,noun,Noun (Ism),,7,5,7,5,Baal,বা'আল,بعل,बअल,Ba'l,Ba'l'e,بعل,maître,37:125,https://quranicwords.vercel.app/quran-words/bal-205aa2d2.html
wn_20cec30c,1009,هَدْي,hady,ه-د-ي,noun,Noun (Ism),,7,5,7,5,sacrificial animal,কুরবানি,قربانی,क़ुर्बानी,binatang kurban,kurban,قربانی,offrande / animaux sacrificiels,2:196,https://quranicwords.vercel.app/quran-words/hady-20cec30c.html
wn_28945cfb,1010,كارِه,kārih,ك-ر-ه,noun,Active participle (Ism Fāʿil),,7,5,7,6,averse,অপছন্দকারী,ناپسند کرنے والے,नापसंद करने वाले,benci,hoşlanmıyorlar,نا خوش می داشتید,gens qui détestent,43:78,https://quranicwords.vercel.app/quran-words/karih-28945cfb.html
wn_2aaea267,1011,إِخْوَة,ikhwah,أ-خ-و,noun,Noun (Ism),,7,5,7,6,brothers,ভাই ভাই,بھائی,कई बहन भाई,saudara-saudara,kardeşleri,برادر و خواهر,frères,12:58,https://quranicwords.vercel.app/quran-words/ikhwah-2aaea267.html
wn_2ef4d541,1012,فَحْشاء,faḥshāʾ,ف-ح-ش,noun,Noun (Ism),,7,5,7,6,immorality,অশ্লীলতা,بےحیائی,बेहयाई,perbuatan keji,fuhşu,بی حیایی,immoralité,16:90,https://quranicwords.vercel.app/quran-words/fahsha-2ef4d541.html
wn_31a0e5bc,1013,مَطَر,maṭar,م-ط-ر,noun,Noun (Ism),,7,5,7,6,rain,বৃষ্টি,بارش,बारिश,hujan,yağmur,باران,pluie,7:84,https://quranicwords.vercel.app/quran-words/matar-31a0e5bc.html
wn_3903126d,1014,قاعِد,qāʿid,ق-ع-د,noun,Active participle (Ism Fāʿil),,7,5,7,6,ones who sit / sitting / those who sit,উপবেশনকারী / বসে থাকা লোকদের,بیٹھنے والوں,बैठने वाले / बैठने वालों,orang-orang yang duduk,oturanlarla,نشستگان,ceux qui sont assis,4:95,https://quranicwords.vercel.app/quran-words/qaid-3903126d.html
wn_3dea6fe0,1015,حَبّ,ḥabb,ح-ب-ب,noun,Noun (Ism),,7,5,7,7,grain,শস্য,غلہ / دانے,ग़ल्ला / दाने,biji-bijian,dane,دانه / دانۂ,graine,80:27,https://quranicwords.vercel.app/quran-words/habb-3dea6fe0.html
wn_4074cfe3,1016,كَأَيِّن,kaʾayyin,,noun,Noun (Ism),,7,5,7,7,how many,কত,کتنی ہی / کتنے ہی,कितनी ही / कितने ही,berapa banyak,nice var ki,بسا,combien,12:105,https://quranicwords.vercel.app/quran-words/kaayyin-4074cfe3.html
wn_44157d0c,1017,سَفَر,safar,س-ف-ر,noun,Noun (Ism),,7,5,7,7,journey,সফরের,سفر,सफ़र,perjalanan,yolculuk,سفر,voyage,2:184,https://quranicwords.vercel.app/quran-words/safar-44157d0c.html
wn_45a12304,1018,إِصْلاح,iṣlāḥ,ص-ل-ح,noun,Verbal noun (Maṣdar),,7,5,7,7,reconciliation,আপোষ নিষ্পত্তি,اصلاح,इस्लाह,ishlah,ıslah etmek,اصلاح,réconciliation / amélioration,2:228,https://quranicwords.vercel.app/quran-words/islah-45a12304.html
wn_4e3a4119,1019,جانّ,jānn,ج-ن-ن,noun,Active participle (Ism Fāʿil),,7,5,7,7,any jinn / snake,জিন / সাপ,جن / پتلا سانپ,जिन्न / साँप,jin,cin,هیچ جنّی,djinn / serpent léger,55:74,https://quranicwords.vercel.app/quran-words/jann-4e3a4119.html
wn_53ffbcfc,1020,هاد,hād,ه-د-ي,noun,Active participle (Ism Fāʿil),,7,5,7,8,guide,পথ প্রদর্শক,ہادی / ہدایت دینے والا,हिदायत देने वाला,memberi petunjuk,yol gösteren,راهنمایی / هدایت کننده ای,guide,13:7,https://quranicwords.vercel.app/quran-words/had-53ffbcfc.html
wn_5ddf4a5b,1021,جَمِيل,jamīl,ج-م-ل,noun,Noun (Ism),,7,5,7,8,good / beautiful / gracious,উত্তম / সৌজন্যের সাথে,اچھا / اچھی طرح,अच्छा,baik / bagus,güzel,نیکو,belle,70:5,https://quranicwords.vercel.app/quran-words/jamil-5ddf4a5b.html
wn_5ffa336b,1022,جَناح,janāḥ,ج-ن-ح,noun,Noun (Ism),,7,5,7,8,having wings,ডানা,بازو,परों वाले,sayap,kanadını,بال,aile,35:1,https://quranicwords.vercel.app/quran-words/janah-5ffa336b.html
wn_6591ea96,1023,غابِر,ghābir,غ-ب-ر,noun,Active participle (Ism Fāʿil),,7,5,7,8,those who remain behind / those who remained behind,পিছনে অবস্থানকারীদের,پیچھے رہ جانے والوں / پیچھے رہنے والوں,पीछे रहने वालों / पीछे रह जाने वालों,orang-orang yang tertinggal,geride kalanlar,باز ماندگان,ceux qui restent,15:60,https://quranicwords.vercel.app/quran-words/ghabir-6591ea96.html
wn_677a8b8c,1024,ذِلَّة,dhillah,ذ-ل-ل,noun,Noun (Ism),,7,5,7,8,humiliation,লাঞ্ছনা / অপমান,ذلت,ज़िल्लत,kehinaan,alçaklık,خواری,déshonneur,70:44,https://quranicwords.vercel.app/quran-words/dhillah-677a8b8c.html
wn_6a7780d5,1025,يُسْر,yusr,ي-س-ر,noun,Noun (Ism),,7,5,7,9,ease,স্বস্তি,آسانی,आसानी,kemudahan,kolaylık,آسانی,facilité,51:3,https://quranicwords.vercel.app/quran-words/yusr-6a7780d5.html
wn_79370370,1026,لَطِيف,laṭīf,ل-ط-ف,noun,Noun (Ism),,7,5,7,9,All-Subtle,সূক্ষ্মদর্শী,باریک بین,बहुत बारीक बीन,Maha Halus,latiftir,نازک بین / باریک بین,doux,33:34,https://quranicwords.vercel.app/quran-words/latif-79370370.html
wn_7a5eb35f,1027,نِصْف,niṣf,ن-ص-ف,noun,Noun (Ism),,7,5,7,9,half,অর্ধেক,آدھا,आधा,separuh / seperdua,yarısı,نصف,moitié,4:176,https://quranicwords.vercel.app/quran-words/nisf-7a5eb35f.html
wn_7f13960b,1028,كَبِيرَة,kabīrah,ك-ب-ر,noun,Noun (Ism),,7,5,7,9,great,বড়,بڑے,कबीरा,besar,büyük,بزرگی,grands / grande,18:49,https://quranicwords.vercel.app/quran-words/kabirah-7f13960b.html
wn_7f40762b,1029,جَهْر,jahr,ج-ه-ر,noun,Noun (Ism),,7,5,7,9,declared,উচ্চস্বর,ظاہر,ज़ाहिर,keras,açık,آشکار,ce qui est manifeste,21:110,https://quranicwords.vercel.app/quran-words/jahr-7f40762b.html
wn_8441ba1d,1030,حَمْل,ḥaml,ح-م-ل,noun,Noun (Ism),,7,5,7,10,burden,গর্ভ,بوجھ,बोझ,kandungan,gebe,باری,femme enceinte,7:189,https://quranicwords.vercel.app/quran-words/haml-8441ba1d.html
wn_8b11b88d,1031,حَبْل,ḥabl,ح-ب-ل,noun,Noun (Ism),,7,5,7,10,rope,অথবা আশ্রয়ে,رسی,रस्सी,tali,ahdine,رگ,corde,111:5,https://quranicwords.vercel.app/quran-words/habl-8b11b88d.html
wn_8ccf9095,1032,شَجَر,shajar,ش-ج-ر,noun,Noun (Ism),,7,5,7,10,tree,গাছ,درخت,दरख़्त,pohon,ağaçlar,درخت,arbres,36:80,https://quranicwords.vercel.app/quran-words/shajar-8ccf9095.html
wn_950a2981,1033,قَدْر,qadr,ق-د-ر,noun,Noun (Ism),,7,5,7,10,Power,কদরের,القدر,लैलतुल क़दर,kemuliaan,kadir,قدر,destin,97:1,https://quranicwords.vercel.app/quran-words/qadr-950a2981.html
wn_958f48a1,1034,بُنْيان,bunyān,ب-ن-ي,noun,Noun (Ism),,7,5,7,10,structure,প্রাচীর,عمارت,इमारत,bangunan,bina,بنایی,construction,61:4,https://quranicwords.vercel.app/quran-words/bunyan-958f48a1.html
wn_989bae74,1035,نَخِيل,nakhīl,ن-خ-ل,noun,Noun (Ism),,7,5,8,1,date-palms,খেজুরের,کھجور,खजूरों / खजूर के दरख़्त,korma / kurma,hurma,درختان خرما,dattiers,36:34,https://quranicwords.vercel.app/quran-words/nakhil-989bae74.html
wn_9b196140,1036,مُرِيب,murīb,ر-ي-ب,noun,Active participle (Ism Fāʿil),,7,5,8,1,disquieting / suspicious,বিভ্রান্তিকর,بےچین کرنے والے,बेचैन करने वाले / बेचैन करने वाला,kebimbangan,derin,سخت,rend suspect,34:54,https://quranicwords.vercel.app/quran-words/murib-9b196140.html
wn_9cbfd57b,1037,عُمُر,ʿumur,ع-م-ر,noun,Noun (Ism),,7,5,8,1,age / life,বয়সের,عمر,उम्र,umur,ömrün,روزگار,périodes de vie,16:70,https://quranicwords.vercel.app/quran-words/umur-9cbfd57b.html
wn_9cd66dff,1038,سِتَّة,sittah,س-ت-ت,noun,Noun (Ism),,7,5,8,1,six,ছয়,چھ,छ: दिनों / छः दिनों,enam,altı,شش,six,50:38,https://quranicwords.vercel.app/quran-words/sittah-9cd66dff.html
wn_a03e8cb8,1039,قِبْلَة,qiblah,ق-ب-ل,noun,Noun (Ism),,7,5,8,1,direction of prayer,কিবলার,اس قبلہ,इस क़िबले,kiblat,ibadethane,قبله ای,direction,2:145,https://quranicwords.vercel.app/quran-words/qiblah-a03e8cb8.html
wn_a1f88bed,1040,أَصِيل,aṣīl,أ-ص-ل,noun,Noun (Ism),,7,5,8,2,evening,সন্ধ্যায়,شام,शाम,petang,akşam,شام,soirée avant le coucher du soleil / soir avant le coucher du soleil,76:25,https://quranicwords.vercel.app/quran-words/asil-a1f88bed.html
wn_a67f24bb,1041,مُهاجِر,muhājir,ه-ج-ر,noun,Active participle (Ism Fāʿil),,7,5,8,2,emigrants,মুহাজিরদের,مہاجرین,मुहाजिरीन,orang-orang muhajirin / orang-orang yang berhijrah,göç etmek amacıyle,مهاجران,émigrés parmi les compagnons du Prophète / émigrant,59:8,https://quranicwords.vercel.app/quran-words/muhajir-a67f24bb.html
wn_b4bf44b8,1042,فُرْقان,furqān,ف-ر-ق,noun,Noun (Ism),,7,5,8,2,Criterion,ফুরকান,فرقان,फ़ुरक़ान,Furqan,Furkan'ı,فرقان,Discernement,2:53,https://quranicwords.vercel.app/quran-words/furqan-b4bf44b8.html
wn_b5fef64a,1043,مُنِيب,munīb,ن-و-ب,noun,Active participle (Ism Fāʿil),,7,5,8,2,turning / turns,অভিমূখী,رجوع کرتے ہوئے / رجوع کرنے والے,रुजूअ करने वाले,kembali,yönelen,باز گردانده,venant en repentir,30:33,https://quranicwords.vercel.app/quran-words/munib-b5fef64a.html
wn_b757d894,1044,أُكُل,ukul,أ-ك-ل,noun,Noun (Ism),,7,5,8,2,fruit,ফল-মূল,میوے,फलों,makanan,yemişli,خوردنی,nourriture,13:4,https://quranicwords.vercel.app/quran-words/ukul-b757d894.html
wn_bb6361ac,1045,سَنَة,sanah,س-ن-و,noun,Noun (Ism),,7,5,8,3,year,বছর,سال,साल,tahun,yıl,سال,années,70:4,https://quranicwords.vercel.app/quran-words/sanah-bb6361ac.html
wn_becb09fc,1046,سائِل,sāʾil,س-أ-ل,noun,Active participle (Ism Fāʿil),,7,5,8,3,him who asks,এক প্রশ্নকারী,سوال کرنے والوں,सवाल करने वाले,orang minta-minta,dilencilere,خواهند گان,demandeur,93:10,https://quranicwords.vercel.app/quran-words/sail-becb09fc.html
wn_bf0cffb4,1047,رُءْيا,ruʾyā,ر-أ-ي,noun,Noun (Ism),,7,5,8,3,vision,স্বপ্নকে,خواب,ख़्वाब,mimpi,rü'yayı,خواب,rêve,37:105,https://quranicwords.vercel.app/quran-words/ruya-bf0cffb4.html
wn_c1b3ef85,1048,زُبُر,zubur,ز-ب-ر,noun,Noun (Ism),,7,5,8,3,Scriptures,কিতাবসমূহ,صحیفوں,अलबत्ता सहीफ़ों में,kitab-kitab,hikmetli sahifeler,نوشته ها,Livres,26:196,https://quranicwords.vercel.app/quran-words/zubur-c1b3ef85.html
wn_c1bbaee1,1049,سَفِيه,safīh,س-ف-ه,noun,Noun (Ism),,7,5,8,3,foolish / fools,নির্বোধরা,بیوقوف,नादान / बेवक़ूफ़,orang-orang bodoh,aklı ermez,بی خردان,faibles d’esprit,7:155,https://quranicwords.vercel.app/quran-words/safih-c1bbaee1.html
wn_c7a946d2,1050,حُجَّة,ḥujjah,ح-ج-ج,noun,Noun (Ism),,7,5,8,4,any argument,কোন প্রমাণ,حجت,हुज्जत,alasan,bahaneleri,حجتی,preuve fondée sur un accord commun,2:150,https://quranicwords.vercel.app/quran-words/hujjah-c7a946d2.html
wn_c8f1f503,1051,بُعْد,buʿd,ب-ع-د,noun,Noun (Ism),,7,5,8,4,away,দূর হোক,دوری,दूरी,jauh,uzak olsun,دوری و هلاکت باد / نابود باد,éloignement,11:68,https://quranicwords.vercel.app/quran-words/bud-c8f1f503.html
wn_cb27c21d,1052,أَهْدَى,ahdā,ه-د-ي,noun,Noun (Ism),,7,5,8,4,better guided,অধিক পরিচালিত,زیادہ ہدایت یافتہ,ज़्यादा हिदायत याफ़्ता,lebih mendapat petunjuk,daha doğru,راه یافته تر,mieux guidés,67:22,https://quranicwords.vercel.app/quran-words/ahda-cb27c21d.html
wn_cc33cbd0,1053,مَفْعُول,mafʿūl,ف-ع-ل,noun,Passive participle (Ism Mafʿūl),,7,5,8,4,destined,কার্যকর / ঘটার,کر رہنے والا تھا / ہو کر رہنے والا,होकर रहने वाला,dilaksanakan / terlaksana,mutlaka yapılmıştır,انجام شدنی / انجام یافتنی,accomplie / fait,8:44,https://quranicwords.vercel.app/quran-words/maful-cc33cbd0.html
wn_cd075117,1054,وارِث,wārith,و-ر-ث,noun,Active participle (Ism Fāʿil),,7,5,8,4,inheritors,উত্তরাধিকারী,وارث,वारिस,mewarisi,gerçek varis olan,وارثان,héritiers,26:85,https://quranicwords.vercel.app/quran-words/warith-cd075117.html
wn_cd86ba69,1055,زَكَرِيّا,zakariyyā,,noun,Proper noun,,7,5,8,5,Zakariya,যাকারিয়া,زکریا,ज़करिया,Zakaria,Zekeriyya,زکریا,Zacharie,19:2,https://quranicwords.vercel.app/quran-words/zakariyya-cd86ba69.html
wn_cf17fcc7,1056,اخْتِلاف,akhtilāf,خ-ل-ف,noun,Verbal noun (Maṣdar),,7,5,8,5,alternation,পরিবর্তনে,اختلاف,इख़्तिलाफ़,pergantian,değişmesinde,آمدوشد,alternance,23:80,https://quranicwords.vercel.app/quran-words/akhtilaf-cf17fcc7.html
wn_d5d04694,1057,صَفّ,ṣaff,ص-ف-ف,noun,Verbal noun (Maṣdar),,7,5,8,5,rows / rank,সারি,صف در صف,सफ़ दर सफ़,berbaris,sıra,صف,rangées,37:1,https://quranicwords.vercel.app/quran-words/saff-d5d04694.html
wn_d5e9970a,1058,حِجاب,ḥijāb,ح-ج-ب,noun,Noun (Ism),,7,5,8,5,screen,পর্দা,پردہ / پردے,पर्दा / पर्दे,tabir / dinding,perde,پرده ای,voile interdit de passer,19:17,https://quranicwords.vercel.app/quran-words/hijab-d5e9970a.html
wn_dafc39ed,1059,كُبْرَى,kubrā,ك-ب-ر,noun,Noun (Ism),,7,5,8,5,great,বড় বড়,بڑی,बहुत बड़ी / बड़ी-बड़ी,besar,büyük,بزرگ,plus grand,79:20,https://quranicwords.vercel.app/quran-words/kubra-dafc39ed.html
wn_e3437bc9,1060,عاكِف,ʿākif,ع-ك-ف,noun,Active participle (Ism Fāʿil),,7,5,8,6,devoted,ইতিকাফকারীদের,اعتکاف کرنے والے,जम कर बैठने वाले,bertekun,ibadete,معتکفان,dévoués,26:71,https://quranicwords.vercel.app/quran-words/akif-e3437bc9.html
wn_e54c4768,1061,شِقاق,shiqāq,ش-ق-ق,noun,Verbal noun (Maṣdar),,7,5,8,6,dissension / opposition / schism,বিরোধীতার,ضد / مخالفت میں,अलबत्ता मुख़ालिफ़त में,perpecahan,anlaşmazlık / ayrılık,ستیزی,aversion,2:137,https://quranicwords.vercel.app/quran-words/shiqaq-e54c4768.html
wn_e56f86f0,1062,اثْنَتَيْن,athnatayn,ث-ن-ي,noun,Noun (Ism),,7,5,8,6,two / twice,দু'বার,دو,बारह / दो बार,dua,iki,دوازده / دوبار,douze / deux,7:160,https://quranicwords.vercel.app/quran-words/athnatayn-e56f86f0.html
wn_e6e43c16,1063,سابِق,sābiq,س-ب-ق,noun,Active participle (Ism Fāʿil),,7,5,8,6,foremost,অগ্রগামী,آگے بڑھنے والے / سبقت لے جانے والے,आगे बढ़ने वाले / सबक़त करने वाले,mendahului / orang-orang terdahulu,geçip gidecek,سبقت گیرنده,précurseurs,35:32,https://quranicwords.vercel.app/quran-words/sabiq-e6e43c16.html
wn_e83756c0,1064,بَيْع,bayʿ,ب-ي-ع,noun,Noun (Ism),,7,5,8,6,trade,কেনা-বেচা হবে,تجارت / خریدوفروخت,तिजारत / ख़रीद व फ़रोख़्त,jual beli / jual-beli,alışveriş,خرید و فروش,commerce / achat,2:275,https://quranicwords.vercel.app/quran-words/bay-e83756c0.html
wn_e944ccdb,1065,حَسْرَة,ḥasrah,ح-س-ر,noun,Noun (Ism),,7,5,8,7,regret,অাক্ষেপ,حسرت کا سبب,हसरत,penyesalan,dert,حسرت,regret extrême / regrets extrêmes,8:36,https://quranicwords.vercel.app/quran-words/hasrah-e944ccdb.html
wn_e9774c5e,1066,مِهاد,mihād,م-ه-د,noun,Noun (Ism),,7,5,8,7,resting place,আবাস,ٹھکانہ,ठिकाना / बिछौना,tempat tinggal,döşektir / yataktır,بستری / جایگاهی,endroit pour se reposer / lit,78:6,https://quranicwords.vercel.app/quran-words/mihad-e9774c5e.html
wn_eec8c428,1067,ناقَة,nāqah,ن-و-ق,noun,Noun (Ism),,7,5,8,7,she-camel,উষ্ট্রী,اونٹنی,ऊँटनी,unta betina,dişi deveyi,ماده شتر,chamelle,91:13,https://quranicwords.vercel.app/quran-words/naqah-eec8c428.html
wn_f1462d45,1068,تَوْبَة,tawbah,ت-و-ب,noun,Noun (Ism),,7,5,8,7,repentance,তওবা,توبہ,तौबा,taubat,tevbeyi,توبه,repentir,66:8,https://quranicwords.vercel.app/quran-words/tawbah-f1462d45.html
wn_fa3b1c40,1069,أَرْبَع,arbaʿ,ر-ب-ع,noun,Noun (Ism),,7,5,8,7,forty / four,চল্লিশ / চারবার,چالیس / چار,चालीस / चार,empat,kırk / dört defa,چهل / چهار بار,quarante / quatre,2:51,https://quranicwords.vercel.app/quran-words/arba-fa3b1c40.html
wn_fa430759,1070,واد,wād,و-د-ي,noun,Noun (Ism),,7,5,8,8,valley,উপত্যকার,وادی,वादी,lembah,vadide,درّه,vallée,26:225,https://quranicwords.vercel.app/quran-words/wad-fa430759.html
wv_03740102,1071,ٱعْتَزَلَ,aʿtazala,ع-ز-ل,verb,,Form VIII,7,4,5,5,keep away,দূরে থাক,الگ رہو,अलग रहो,hendaklah kamu menjauhkan diri,çekilin,کناره گیرید,séparez-vous donc,2:222,https://quranicwords.vercel.app/quran-words/atazala-03740102.html
wv_1094306b,1072,ٱلْتَقَى,al-taqā,ل-ق-ي,verb,,Form VIII,7,4,5,5,met,মুকাবিলার,ملی تھیں,आमने सामने हुईं,bertemu,karşılaştığı,باهم روبه رو شدند,se sont rencontrés,3:166,https://quranicwords.vercel.app/quran-words/al-taqa-1094306b.html
wv_2419bab7,1073,يُنقَصُ,yunqaṣu,ن-ق-ص,verb,,Form I,7,4,5,5,diminishes,ক্ষয় করে,کمی کرتی ہے,कम करती है,merusak,eksilttiğini,می کاهد,diminue,50:4,https://quranicwords.vercel.app/quran-words/yunqasu-2419bab7.html
wv_26228a92,1074,تَنَزَّلَتْ,tanazzalat,ن-ز-ل,verb,,Form V,7,4,5,5,descend,অবতীর্ণ হয়,اترتے ہیں,उतरते हैं,turun,iner,فرود می آیند,descendent,26:222,https://quranicwords.vercel.app/quran-words/tanazzalat-26228a92.html
wv_2f9bf241,1075,أَنسَىٰ,ansā,ن-س-ي,verb,,Form IV,7,4,5,5,made him forget,ভুলিয়েছিলো,بھلا دیا,भुला दिया,menjadikan ia lupa,ona unutturdu,فراموش گردانید,a fait oublier,12:42,https://quranicwords.vercel.app/quran-words/ansa-2f9bf241.html
wv_31aa906b,1076,عَدَّ,ʿadda,ع-د-د,verb,,Form I,7,4,5,6,count,গণনা করো,شمار کرتے ہو,गिन रहे हैं,menghitung,saymak isteseniz,بشمارید,comptez / essayez de compter,19:84,https://quranicwords.vercel.app/quran-words/adda-31aa906b.html
wv_33228567,1077,أَفَاضَ,afāḍa,ف-ي-ض,verb,,Form IV,7,4,5,6,depart,জড়িয়ে পড়েছিলে,پلٹتے ہیں,पड़ गए थे,telah bertolak,akın ettiği,باز گردید,partent,2:198,https://quranicwords.vercel.app/quran-words/afada-33228567.html
wv_3bf6d6a6,1078,عَمِىَ,ʿamiā,ع-م-ي,verb,,Form I,7,4,5,6,became blind,অন্ধ করে দিয়েছেন,اندھے بن گئے,अन्धे हो गए,buta,kör,کور شدند,a rendu aveugles,5:71,https://quranicwords.vercel.app/quran-words/amia-3bf6d6a6.html
wv_5595840a,1079,اضْطُرَّ,aḍṭurra,ض-ر-ر,verb,,Form VIII,7,4,5,6,forced,নিরুপায় হয়ে,مجبور کیا گیا,मजबूर किया गया,terpaksa,mecbur kalırsa,باگزیر شود,est forcé,16:115,https://quranicwords.vercel.app/quran-words/adturra-5595840a.html
wv_570c0fb7,1080,أَشْهَدَ,ashhada,ش-ه-د,verb,,Form IV,7,4,5,6,call Allah to witness,সাক্ষী করছি,گواہ بناتا ہوں,गवाह बनाता हूँ,bersaksi,şahid tutar,گواه می گیرد,prend comme témoin,11:54,https://quranicwords.vercel.app/quran-words/ashhada-570c0fb7.html
wv_58c77e82,1081,حَىَّ,ḥā,ح-ي-ي,verb,,Form I,7,4,5,7,live,জীবিত থাকবে,زندہ رہنا ہے,ज़िन्दा रहे,hidup,yaşayan,زنده شدنی است,vit,8:42,https://quranicwords.vercel.app/quran-words/ha-58c77e82.html
wv_6e764be3,1082,حَضَرَ,ḥaḍara,ح-ض-ر,verb,,Form I,7,4,5,7,approaches,উপস্থিত হয়,آرہی تھی,आ जाए,datang / hadir,geldiği,فرارسد,devient présente,2:180,https://quranicwords.vercel.app/quran-words/hadara-6e764be3.html
wv_75dda4ad,1083,ٱنتَصَرَ,antaṣara,ن-ص-ر,verb,,Form VIII,7,4,5,7,defend themselves,প্রতিশোধ নেয়,بدلہ لیا,बदला लिया,mendapat pertolongan,kendini savunursa,انتقام کشد,se défend,26:227,https://quranicwords.vercel.app/quran-words/antasara-75dda4ad.html
wv_823efef0,1084,ضَحِكَتْ,ḍaḥikat,ض-ح-ك,verb,,Form I,7,4,5,7,laughed,হাসলো,ہنس دی,हँस दी,ia tertawa,bunun üzerine güldü,بخندید,a donc ri,11:71,https://quranicwords.vercel.app/quran-words/dahikat-823efef0.html
wv_87efabbb,1085,حَفِظَ,ḥafiẓa,ح-ف-ظ,verb,,Form I,7,4,5,7,them to guard,হিফাজত করেছেন,حفاظت کی,हिफ़ाज़त की,menjaga,kendilerini korumasına,نگه داشته است,a gardé,4:34,https://quranicwords.vercel.app/quran-words/hafiza-87efabbb.html
wv_971320c6,1086,يَسْتَبْشِرُ,yastabshiru,ب-ش-ر,verb,,Form X,7,4,5,8,rejoice / receive good tidings,আনন্দিত হবে,خوش ہوجاتے ہیں / خوشیاں مناتے ہیں,ख़ुश होते हैं / ख़ुश हो जाते हैं,bergembira,sevinirler,شاد می شوند,reçoivent bonnes nouvelles,39:45,https://quranicwords.vercel.app/quran-words/yastabshiru-971320c6.html
wv_a21c74be,1087,طَّلَعَ,ṭṭalaʿa,ط-ل-ع,verb,,Form VIII,7,4,5,8,had looked,উঁকি মেরে দেখতে,جھانکتے,झाँकते आप,ia melihat,baktı,اطلاع یابی,avais descendu ton regard,18:18,https://quranicwords.vercel.app/quran-words/ttalaa-a21c74be.html
wv_ac5bcd66,1088,يَعْمَهُ,yaʿmahu,ع-م-ه,verb,,Form I,7,4,5,8,wandering blindly / wander blindly,উদভ্রান্ত হয়ে ফিরছিলো,بھٹکتے پھرتے ہیں,भटकते फिरते हैं,bingung / terombang-ambing,bocalayıp dururlar,سرگردان شوند,vagabondent,15:72,https://quranicwords.vercel.app/quran-words/yamahu-ac5bcd66.html
wv_ba8827c6,1089,أُمْطِرَتْ,umṭirat,م-ط-ر,verb,,Form IV,7,4,5,8,rained,বর্ষণ করলাম,برسائی / برسائے,बरसाई / बरसाए,hujani,yağdırdık,بارانیدیم,avons fait pleuvoir,26:173,https://quranicwords.vercel.app/quran-words/umtirat-ba8827c6.html
wv_ca6e872f,1090,سِيقَ,sīqa,س-و-ق,verb,,Form I,7,4,5,8,be driven,তাড়িয়ে নেওয়া হবে,چلائے جائیں گے,ले जाए जाऐंगे,dihalau,sevk edilirler,رانده شوند,seront conduits,39:73,https://quranicwords.vercel.app/quran-words/siqa-ca6e872f.html
wv_cb362151,1091,شاقُّ,shāqqu,ش-ق-ق,verb,,Form III,7,4,5,9,opposed,বিরুদ্ধচারণ করেছিল,مخالفت کی,मुख़ालिफ़त की,menentang,incitenler,مخالفت کردند,ont agi avec aversion,59:4,https://quranicwords.vercel.app/quran-words/shaqqu-cb362151.html
wv_ccdaa2f7,1092,ٱفْتَدَىٰ,aftadā,ف-د-ي,verb,,Form VIII,7,4,5,9,offered as ransom,নিষ্কৃতি চাইলে,فدیہ دے,औरत फ़िदया दे दे,menebus diri,fidye,زن فد یه دهد,se rachète,3:91,https://quranicwords.vercel.app/quran-words/aftada-ccdaa2f7.html
wv_dd20d658,1093,تَنازَعُ,tanāzaʿu,ن-ز-ع,verb,,Form VI,7,4,5,9,disagree,মতবিরোধ করলে,تنازعہ ہوجائے تم میں,झगड़ने लगे,berselisih,anlaşmazlığa düşerseniz,اختلاف کردید,disputez,4:59,https://quranicwords.vercel.app/quran-words/tanazau-dd20d658.html
wv_e321e766,1094,ضَاقَ,ḍāqa,ض-ي-ق,verb,,Form I,7,4,5,9,straitened,সংকীর্ণ হলো,تنگ ہوا / تنگ ہوگئی,तंग हुआ / तंग हो गई,terasa sempit,dar gelmişti,تنگ شد,est devenu étroit,9:118,https://quranicwords.vercel.app/quran-words/daqa-e321e766.html
wv_e39001b7,1095,يَزِرُ,yaziru,و-ز-ر,verb,,Form I,7,4,5,9,bear,বহন করবে,بوجھ اٹھائے ہوئے ہوں گے,बोझ वो उठा रहे हैं,pikul,yüklenip taşıyorlar,برمی دارند,se donnent comme fardeaux,6:31,https://quranicwords.vercel.app/quran-words/yaziru-e39001b7.html
wn_0e2217a1,1096,مُنتَظِر,muntaẓir,ن-ظ-ر,noun,Active participle (Ism Fāʿil),,6,5,8,8,ones who wait,অপেক্ষাকারী,انتظار کرنے والوں / انتظار کرنے والے,इन्तिज़ार करने वाले / इन्तिज़ार करने वालों में से हूँ,orang-orang yang menunggu,beklemekteyiz,منتظر انم,ceux qui attendent / gens qui attendent,11:122,https://quranicwords.vercel.app/quran-words/muntazir-0e2217a1.html
wn_11173843,1097,كِبَر,kibar,ك-ب-ر,noun,Noun (Ism),,6,5,8,8,old age,বার্ধক্য,بڑھاپا / بڑھاپے,बुढ़ापा / बुढ़ापे,besar,ihtiyarlık,کلان سالی,vieillesse / vieil âge,15:54,https://quranicwords.vercel.app/quran-words/kibar-11173843.html
wn_13b73c60,1098,مُنِير,munīr,ن-و-ر,noun,Active participle (Ism Fāʿil),,6,5,8,8,enlightening,উজ্জ্বল / দীপ্তিময়,روشن,रौशन,bercahaya,aydınlatıcı,روشنگر,illuminant / Illuminateur,22:8,https://quranicwords.vercel.app/quran-words/munir-13b73c60.html
wn_14475f8c,1099,خُلْد,khuld,خ-ل-د,noun,Noun (Ism),,6,5,8,8,Eternity,স্থায়ী,ہمیشگی,हमेशगी,kekal,ebedi,جاودان,éternité / immortalité,20:120,https://quranicwords.vercel.app/quran-words/khuld-14475f8c.html
wn_164ecbcd,1100,أَسْفَل,asfal,س-ف-ل,noun,Noun (Ism),,6,5,8,9,lowest,অতি নীচে,سب سے زیادہ نچلا,नीचे,lebih rendah / orang-orang yang hina,alt tarafınızdan,فروتر از,plus bas,95:5,https://quranicwords.vercel.app/quran-words/asfal-164ecbcd.html
wn_1e3cf7c9,1101,مَوْج,mawj,م-و-ج,noun,Noun (Ism),,6,5,8,9,wave,ঢেউ,موج,मौज,gelombang / ombak,dalga,موج,vagues,31:32,https://quranicwords.vercel.app/quran-words/mawj-1e3cf7c9.html
wn_1f6a9b7b,1102,عَرَض,ʿaraḍ,ع-ر-ض,noun,Noun (Ism),,6,5,8,9,goods,সম্পদ,سامان / مال,सामान / मालो मता,harta benda,geçici menfaatini,کالای ناپایدار,bien temporaire,7:169,https://quranicwords.vercel.app/quran-words/arad-1f6a9b7b.html
wn_2290d1d5,1103,سَكِينَة,sakīnah,س-ك-ن,noun,Noun (Ism),,6,5,8,9,tranquility,প্রশান্তি,سکینت,सकीनत,ketenteraman,huzur,آرامش,tranquillité,2:248,https://quranicwords.vercel.app/quran-words/sakinah-2290d1d5.html
wn_23f79983,1104,كَهْف,kahf,ك-ه-ف,noun,Noun (Ism),,6,5,8,9,cave,গুহার,غار,ग़ार,gua,Kehf,غار,grotte,18:11,https://quranicwords.vercel.app/quran-words/kahf-23f79983.html
wn_28418461,1105,هامان,hāmān,,noun,Proper noun,,6,5,8,10,Haman,হামান,ہامان,हामान,Haman,Haman'a,هامان,Hâmân,40:24,https://quranicwords.vercel.app/quran-words/haman-28418461.html
wn_29fe8042,1106,مُتَشابِه,mutashābih,ش-ب-ه,noun,Active participle (Ism Fāʿil),,6,5,8,10,similar,সদৃশ,ملتے جلتے,मिलते-जुलते,serupa,birbirine benzer,درحالی که همگون,semblable,6:141,https://quranicwords.vercel.app/quran-words/mutashabih-29fe8042.html
wn_2d28b3b3,1107,رُشْد,rushd,ر-ش-د,noun,Noun (Ism),,6,5,8,10,right,বিচারের জ্ঞান,ہدایت,हिदायत,petunjuk,bilgi,هدایت,droit chemin,2:256,https://quranicwords.vercel.app/quran-words/rushd-2d28b3b3.html
wn_2e3141cf,1108,لُؤْلُؤ,luʾluʾ,ل-ؤ-ل-ؤ,noun,Noun (Ism),,6,5,8,10,pearl,মুক্তা,موتی,मोती,mutiara,inci,مروارید,perles,55:22,https://quranicwords.vercel.app/quran-words/lulu-2e3141cf.html
wn_2fc29344,1109,مَيْتَة,maytah,م-و-ت,noun,Noun (Ism),,6,5,8,10,dead,মৃত,مردار,मुरदार / मुर्दार,bangkai / mati,leş / ölü,مردار,bête morte,6:139,https://quranicwords.vercel.app/quran-words/maytah-2fc29344.html
wn_330ef7f5,1110,مَعْدُودَة,maʿdūdah,ع-د-د,noun,Passive participle (Ism Mafʿūl),,6,5,9,1,numbered,নির্দিষ্ট সংখ্যক,گنے چنے / گنتی,गिने चुने,tertentu / berbilang,sayılı,شمرده,déterminés en nombre / comptés,3:24,https://quranicwords.vercel.app/quran-words/madudah-330ef7f5.html
wn_33ec5f36,1111,خَمْر,khamr,خ-م-ر,noun,Noun (Ism),,6,5,9,1,intoxicants / wine,মদ,شراب,शराब,minuman keras,şarap,شراب,intoxicant / vin,5:90,https://quranicwords.vercel.app/quran-words/khamr-33ec5f36.html
wn_35ba8b43,1112,أُمْنِيَّت,umniyyat,م-ن-ي,noun,Noun (Ism),,6,5,9,1,wishful thinking,আকাঙ্ক্ষা,خواہشات,तमन्नाओं,angan-angan kosong,kuruntular,آررزو های,espoirs,2:78,https://quranicwords.vercel.app/quran-words/umniyyat-35ba8b43.html
wn_4341abcf,1113,واقِع,wāqiʿ,و-ق-ع,noun,Active participle (Ism Fāʿil),,6,5,9,1,befall,পড়বে,واقع ہونے والا,वाक़ेअ होने वाला,jatuh,başlarına inerken,فروافتادنی,arrivante,42:22,https://quranicwords.vercel.app/quran-words/waqi-4341abcf.html
wn_4dff067d,1114,عَدَد,ʿadad,ع-د-د,noun,Noun (Ism),,6,5,9,1,number,গণনা / সংখ্যায়,تعداد / گنتی,गिनती,bilangan,sayısını,شمار,nombre,18:11,https://quranicwords.vercel.app/quran-words/adad-4dff067d.html
wn_4e2c5ea5,1115,مَرَدّ,maradd,ر-د-د,noun,Noun (Ism),,6,5,9,2,return,টলে যাওয়ার,انجام,नहीं कोई टलना,dapat menolak,geri çevirecek,باز گشتن,repoussement / retour,42:44,https://quranicwords.vercel.app/quran-words/maradd-4e2c5ea5.html
wn_50d2ccf7,1116,ناصِح,nāṣiḥ,ن-ص-ح,noun,Active participle (Ism Fāʿil),,6,5,9,2,adviser,উপদেশকারীদেরকে,خیر خواہ ہوں,अलबत्ता ख़ैरख़्वाहों में से हूँ,orang-orang yang memberi nasehat,öğüt verecek,خیر خواهان,conseillers sincères,7:68,https://quranicwords.vercel.app/quran-words/nasih-50d2ccf7.html
wn_5220e74e,1117,قائِل,qāʾil,ق-ي-ل,noun,Active participle (Ism Fāʿil),,6,5,9,2,speaker,এক প্রবক্তা,دوپہر کے وقت آرام کررہے تھے,कहने वाले,seorang yang berkata,sözcü,گوینده ای,quelqu’un qui parle,37:51,https://quranicwords.vercel.app/quran-words/qail-5220e74e.html
wn_53340ad7,1118,جاعِل,jāʿil,ج-ع-ل,noun,Active participle (Ism Fāʿil),,6,5,9,2,going to place,নিয়োগকারী,بنانے والا ہوں,बनाने वाला हूँ,menjadikan,tutacağım,قرار دهنده ام,Celui qui fait,2:30,https://quranicwords.vercel.app/quran-words/jail-53340ad7.html
wn_564df9ca,1119,رازِق,rāziq,ر-ز-ق,noun,Active participle (Ism Fāʿil),,6,5,9,2,Providers,জীবিকাদাতা,رازق / رزق دینے والا,सब रिज़्क़ देने वालों,pemberi rezeki / pemberi rizki,rızık verenlerin,روزی دهندگان,approvisionneurs,23:72,https://quranicwords.vercel.app/quran-words/raziq-564df9ca.html
wn_57868583,1120,بالِغ,bāligh,ب-ل-غ,noun,Active participle (Ism Fāʿil),,6,5,9,3,accomplish,অর্জনকারী,پہنچنے والا,पहुँचने वाली,menyampaikan,varacak,انجام می رساند,transmise,65:3,https://quranicwords.vercel.app/quran-words/baligh-57868583.html
wn_5d749da7,1121,أَبْكَم,abkam,ب-ك-م,noun,Noun (Ism),,6,5,9,3,dumb,বোবা,گونگے / گونگا,गूँगे / गूँगा,bisu,dilsizdirler,گنگا نند,muets,2:18,https://quranicwords.vercel.app/quran-words/abkam-5d749da7.html
wn_63526c2b,1122,إِخْراج,ikhrāj,خ-ر-ج,noun,Verbal noun (Maṣdar),,6,5,9,3,bringing forth,বহিষ্কার,نکالنا,निकालना,mengeluarkan,mükemmel çıkarışla,بیرون کردن,expulsion,71:18,https://quranicwords.vercel.app/quran-words/ikhraj-63526c2b.html
wn_64998d09,1123,ضُحًى,ḍuḥanā,ض-ح-و,noun,Noun (Ism),,6,5,9,3,daylight,দিনের বেলায়,دن چڑھے,चाश्त के वक़्त,pada waktu pagi,kuşluk vakti,وقت نیمروز,matin,7:98,https://quranicwords.vercel.app/quran-words/duhana-64998d09.html
wn_6a366ef5,1124,فَجْر,fajr,ف-ج-ر,noun,Noun (Ism),,6,5,9,3,dawn,ফজরের,فجر,फ़ज्र,fajar,sabah,نماز صبح,aube,97:5,https://quranicwords.vercel.app/quran-words/fajr-6a366ef5.html
wn_6a96655a,1125,خَبِيثَة,khabīthah,خ-ب-ث,noun,Noun (Ism),,6,5,9,4,evil,নোংরা,ناپاک,ख़बीस औरतें,jelek,kötü,پلید,mauvais,14:26,https://quranicwords.vercel.app/quran-words/khabithah-6a96655a.html
wn_6bbd7536,1126,مُبَيِّنَة,mubayyinah,ب-ي-ن,noun,Active participle (Ism Fāʿil),,6,5,9,4,clear,সুস্পষ্ট,کھلی,वाज़ेह / खुली,nyata,apaçık,آشکاری,claire / clairs,33:30,https://quranicwords.vercel.app/quran-words/mubayyinah-6bbd7536.html
wn_6c0e386e,1127,عالِي,ʿālī,ع-ل-و,noun,Active participle (Ism Fāʿil),,6,5,9,4,arrogant,উচ্চ মর্যাদাসম্পন্নদের,بلند درجے والا،,सरकश,tinggi,böbürlenen,برتران,arrogants,44:31,https://quranicwords.vercel.app/quran-words/ali-6c0e386e.html
wn_6d7bee7b,1128,أُمِّيّ,ummiyy,أ-م-م,noun,Noun (Ism),,6,5,9,4,unlettered,নিরক্ষর,امی / ان پڑھ لوگوں,उम्मी,buta huruf / orang-orang ummi,ümmi,درس ناخواندگان,illettré,62:2,https://quranicwords.vercel.app/quran-words/ummiyy-6d7bee7b.html
wn_700f67d7,1129,كَرَّة,karrah,ك-ر-ر,noun,Noun (Ism),,6,5,9,4,return,একবার,بار بار,बार पलटना,dua kali ulang,daha,باز گشتی,retour,79:12,https://quranicwords.vercel.app/quran-words/karrah-700f67d7.html
wn_728ba150,1130,مُنظَر,munẓar,ن-ظ-ر,noun,Passive participle (Ism Mafʿūl),,6,5,9,5,given respite,অবকাশপ্রাপ্ত / অবকাশ প্রাপ্তদের,مہلت دیے جانے والے,मोहलत दिए जाने वालों में से / मोहलत दिए जाने वाले,orang-orang yang diberi tangguh,fırsat verilenlerden,مهلت داده شدگانی,ceux qui reçoivent un délai / gens qui reçoivent un délai,44:29,https://quranicwords.vercel.app/quran-words/munzar-728ba150.html
wn_72c26ebd,1131,قَبْر,qabr,ق-ب-ر,noun,Noun (Ism),,6,5,9,5,graves,কবরগুলোর,قبروں,क़ब्रों में,kubur,kabirler,قبرهاست,tombes,82:4,https://quranicwords.vercel.app/quran-words/qabr-72c26ebd.html
wn_7306b0ae,1132,بَلاء,balāʾ,ب-ل-و,noun,Noun (Ism),,6,5,9,5,trial,পরীক্ষা,آزمائش تھی,आज़माइश थी,cobaan,imtihan,آزمایشی بود / آزمونی,épreuve sévère et visible,44:33,https://quranicwords.vercel.app/quran-words/bala-7306b0ae.html
wn_73a6683f,1133,قَصَص,qaṣaṣ,ق-ص-ص,noun,Noun (Ism),,6,5,9,5,story,অনুসরণ করে,بیان,इत्तिबा करते हुए,cerita,bu kıssayı,داستان,fait de raconter,28:25,https://quranicwords.vercel.app/quran-words/qasas-73a6683f.html
wn_74a0fdaf,1134,مُعْتَدي,muʿtady,ع-د-و,noun,Noun (Ism),,6,5,9,5,transgressors,সীমালঙ্ঘনকারীদেরকে,حد سے بڑھنے والوں,हद से तजावुज़ करने वालों,orang-orang yang melampaui batas,aşırı gidenleri,اندازه در گذرند گان,transgresseurs contre la vérité / transgresseurs contre la loi,7:55,https://quranicwords.vercel.app/quran-words/mutady-74a0fdaf.html
wn_74af7e4f,1135,مَنّ,mann,م-ن-ن,noun,Noun (Ism),,6,5,9,6,manna,মান্না,من,मन्न,manna,kudret helvası,من,manne,2:57,https://quranicwords.vercel.app/quran-words/mann-74af7e4f.html
wn_75bac1a6,1136,خِلاف,khilāf,خ-ل-ف,noun,Noun (Ism),,6,5,9,6,opposite sides,বিপরীত দিক,مخالف سمت,मुख़ालिफ़ सिम्त,berlainan,geride kalanlar,خلاف,opposés,26:49,https://quranicwords.vercel.app/quran-words/khilaf-75bac1a6.html
wn_7ab6ea17,1137,فَرِيضَة,farīḍah,ف-ر-ض,noun,Noun (Ism),,6,5,9,6,obligation,মোহর,مہر,फ़रीज़ा / महर,ketentuan / ketetapan,bunlar koyulmuş haklardır,مقرر / مهری,obligation,9:60,https://quranicwords.vercel.app/quran-words/faridah-7ab6ea17.html
wn_7d2dff7e,1138,حُلُم,ḥulum,ح-ل-م,noun,Noun (Ism),,6,5,9,6,dreams / puberty,প্রাপ্ত বয়সে,خواب,ख़्वाब,mimpi,düşler,بلوغ,cauchemars / puberté,21:5,https://quranicwords.vercel.app/quran-words/hulum-7d2dff7e.html
wn_7d4c3a3f,1139,ثَقَل,thaqal,ث-ق-ل,noun,Noun (Ism),,6,5,9,6,burdens,দুই ভার,بوجھ,कई बोझ,beban-beban,iki yük sahibi,بارها,deux groupes armés lourdement,29:13,https://quranicwords.vercel.app/quran-words/thaqal-7d4c3a3f.html
wn_7dd2bdc4,1140,وَعِيد,waʿīd,و-ع-د,noun,Noun (Ism),,6,5,9,7,My Threat,আমার ভীতিপ্রদর্শন,تنبیہات,वईद मेरी,diancamkan,kendisine karşı uyarılan,وعدۂ عذاب,menace,50:14,https://quranicwords.vercel.app/quran-words/waid-7dd2bdc4.html
wn_7f62e371,1141,سِجْن,sijn,س-ج-ن,noun,Noun (Ism),,6,5,9,7,prison,কারাগারের,قید خانے / قیدخانہ,क़ैद ख़ाने,penjara,zindan,زندان,prison,12:39,https://quranicwords.vercel.app/quran-words/sijn-7f62e371.html
wn_810dedc3,1142,كاتِب,kātib,ك-ت-ب,noun,Active participle (Ism Fāʿil),,6,5,9,7,scribe,লেখক,لکھنے والا / لکھنے والے,कातिब / लिखने वाला,seorang penulis,yazıcı,نویسنده ای,employé à l’écriture,2:283,https://quranicwords.vercel.app/quran-words/katib-810dedc3.html
wn_81230003,1143,حَدِيد,ḥadīd,ح-د-د,noun,Noun (Ism),,6,5,9,7,iron,লোহা,لوہے / لوہا,लोहा / लोहे,besi,demir,آهن,fer,22:21,https://quranicwords.vercel.app/quran-words/hadid-81230003.html
wn_82f878a3,1144,خَلاق,khalāq,خ-ل-ق,noun,Noun (Ism),,6,5,9,7,share,অংশ,حصہ,हिस्सा,bagian,nasibi,بهره ای,part,3:77,https://quranicwords.vercel.app/quran-words/khalaq-82f878a3.html
wn_8954b760,1145,بُهْتان,buhtān,ب-ه-ت,noun,Noun (Ism),,6,5,9,8,slander,অপবাদ,بہتان,बोहतान,kebohongan,iftira,بهتان,mensonge étonnant,4:156,https://quranicwords.vercel.app/quran-words/buhtan-8954b760.html
wn_8bff0468,1146,فَرِح,fariḥ,ف-ر-ح,noun,Noun (Ism),,6,5,9,8,rejoicing,আনন্দিত,خوش,ख़ुश,bangga,sevinirler / sevinmektedir,شادمان اند,réjoui,23:53,https://quranicwords.vercel.app/quran-words/farih-8bff0468.html
wn_901a1c89,1147,مُسْتَكْبِر,mustakbir,ك-ب-ر,noun,Active participle (Ism Fāʿil),,6,5,9,8,arrogant,অহংকারী,تکبر کرتے ہوئے / تکبر کرنے والے,तकब्बुर करते हुए / तकब्बुर करने वाले,menyombongkan diri / orang-orang yang sombong,büyüklük taslarlar,تکبر کنان,orgueilleux,16:22,https://quranicwords.vercel.app/quran-words/mustakbir-901a1c89.html
wn_954a87ef,1148,عَداوَة,ʿadāwah,ع-د-و,noun,Noun (Ism),,6,5,9,8,enmity,শত্রুতা,عداوت,अदावत,permusuhan,düşmanlık,دشمنی,hostilité dans les cœurs,41:34,https://quranicwords.vercel.app/quran-words/adawah-954a87ef.html
wn_98d30eca,1149,وَقْر,waqr,و-ق-ر,noun,Noun (Ism),,6,5,9,8,deafness,বধিরতা,بوجھ,बोझ,sumbat,ağırlık,سنگینی / گرانی,lourdeur,31:7,https://quranicwords.vercel.app/quran-words/waqr-98d30eca.html
wn_9ad8d8ec,1150,ظُلَّة,ẓullah,ظ-ل-ل,noun,Noun (Ism),,6,5,9,9,coverings,আচ্ছাদন,چھتریاں,छतरियाँ,naungan,gölge,سایه بان هایی,choses qui couvrent,39:16,https://quranicwords.vercel.app/quran-words/zullah-9ad8d8ec.html
wn_9e71829e,1151,غاوي,ghāwy,غ-و-ي,noun,Active participle (Ism Fāʿil),,6,5,9,9,deviators,পথভ্রষ্ট,بہکے ہوئے لوگ,बहके हुए लोग,orang-orang yang sesat,azgınlar,گمراهان,égarés du droit chemin,26:224,https://quranicwords.vercel.app/quran-words/ghawy-9e71829e.html
wn_a05de037,1152,راحِم,rāḥim,ر-ح-م,noun,Active participle (Ism Fāʿil),,6,5,9,9,merciful / those who show mercy,দয়াকারীদের,رحم کرنے والا / رحم کرنے والوں,सब रहम करने वालों,para penyayang / Pemberi rahmat,merhametlilerin / acıyanların,رحم کنندگانی / مهربانانی,miséricordieux,7:151,https://quranicwords.vercel.app/quran-words/rahim-a05de037.html
wn_a0f2cb9d,1153,فاطِر,fāṭir,ف-ط-ر,noun,Active participle (Ism Fāʿil),,6,5,9,9,Creator,স্রষ্টা,پیدا کرنے والا / پیدا کرنے والے,पैदा करने वाला / ऐ पैदा करने वाले,Pencipta,yoktan var eden,آفرینندۂ,Créateur qui rend sa création manifeste,39:46,https://quranicwords.vercel.app/quran-words/fatir-a0f2cb9d.html
wn_a22ef18e,1154,قَرْض,qarḍ,ق-ر-ض,noun,Noun (Ism),,6,5,9,9,loan,ঋণ / কর্জ,قرض,क़र्ज़,pinjaman,borç,وامی,prêt,57:18,https://quranicwords.vercel.app/quran-words/qard-a22ef18e.html
wn_aa1f6319,1155,سُجُود,sujūd,س-ج-د,noun,Noun (Ism),,6,5,9,10,prostrate / prostration,সিজদাসমূহের / সিজদাকারীদের,سجدوں,तरफ़ सजदों / सजदा करने वालों,bersujud / orang-orang yang sujud,secde,سجده کردن / سجده گزار,prosternation / se prosternent,68:42,https://quranicwords.vercel.app/quran-words/sujud-aa1f6319.html
wn_ad751d89,1156,سَبْت,sabt,س-ب-ت,noun,Noun (Ism),,6,5,9,10,Sabbath,শনিবার,سبت,सब्त,hari Sabtu,cumartesi,شنبه,Sabbat,2:65,https://quranicwords.vercel.app/quran-words/sabt-ad751d89.html
wn_ba78a8e0,1157,رَجِيم,rajīm,ر-ج-م,noun,Noun (Ism),,6,5,9,10,accursed,অভিশপ্ত / বিতাড়িত,مردود,मरदूद,terkutuk,kovulmuş / kovuldun,رانده شده,banni,15:17,https://quranicwords.vercel.app/quran-words/rajim-ba78a8e0.html
wn_bac1beed,1158,غَيْظ,ghayẓ,غ-ي-ظ,noun,Noun (Ism),,6,5,9,10,anger / rage,আক্রোশের,غصے,ग़ज़ब,kemarahan,öfkesini,خشم,fureur,3:134,https://quranicwords.vercel.app/quran-words/ghayz-bac1beed.html
wn_c064ce10,1159,عُقْبَى,ʿuqbā,ع-ق-ب,noun,Noun (Ism),,6,5,9,10,end / final attainment,পরকালের / পরিণাম,انجام,अंजाम,kesudahan,sonu,فرجام / سرانجام,dernière,13:35,https://quranicwords.vercel.app/quran-words/uqba-c064ce10.html
wn_c0febbc6,1160,وَحْى,waḥā,و-ح-ي,noun,Noun (Ism),,6,5,10,1,revelation,ওহী,وحی,वही,wahyu,vahiy,وحی,révélation,53:4,https://quranicwords.vercel.app/quran-words/waha-c0febbc6.html
wn_c13bb4fa,1161,عِبْرَة,ʿibrah,ع-ب-ر,noun,Noun (Ism),,6,5,10,1,lesson,শিক্ষা,عبرت,इबरत,pengajaran,ibret,پندی,leçon,12:111,https://quranicwords.vercel.app/quran-words/ibrah-c13bb4fa.html
wn_cb5378b8,1162,كَنز,kanz,ك-ن-ز,noun,Noun (Ism),,6,5,10,1,treasure,কোন ধনভান্ডার,خزانہ / خزانوں,ख़ज़ाना / ख़ज़ानों,perbendaharaan,hazine,گنج ها / گنجی,trésor,25:8,https://quranicwords.vercel.app/quran-words/kanz-cb5378b8.html
wn_d2049cb3,1163,غَمّ,ghamm,غ-م-م,noun,Noun (Ism),,6,5,10,1,distress,দুঃখ,غم,ग़म,kesedihan,gam,اندوه,tristesse,21:88,https://quranicwords.vercel.app/quran-words/ghamm-d2049cb3.html
wn_d274af6b,1164,أَنداد,andād,ن-د-د,noun,Noun (Ism),,6,5,10,1,equals / rivals,সমকক্ষ,شریک,शरीक,sekutu-sekutu,eşler,همتایانی / همتا یانی,égaux,14:30,https://quranicwords.vercel.app/quran-words/andad-d274af6b.html
wn_d4267482,1165,ثُلُث,thuluth,ث-ل-ث,noun,Noun (Ism),,6,5,10,2,two thirds,এক তৃতীয়াংশ,دو تہائی,दो तिहाई,dua pertiga,üçte ikisi,سوم,deux tiers,4:11,https://quranicwords.vercel.app/quran-words/thuluth-d4267482.html
wn_d6ab5ded,1166,أُنثَيَيْن,unthayayn,أ-ن-ث,noun,Noun (Ism),,6,5,10,2,two females,মাদি দু'টিকে / মাদি দু'টির,دو مادہ,दो मादा / दोनों मादा,dua yang betina,iki dişinin / iki dişiyi / iki kadının,دو زن / دو ماده را؟ / دو ماده؟,deux femelles,4:11,https://quranicwords.vercel.app/quran-words/unthayayn-d6ab5ded.html
wn_dacd1b35,1167,حَلال,ḥalāl,ح-ل-ل,noun,Noun (Ism),,6,5,10,2,lawful,হালাল,حلال,हलाल,halal,helal,حلال,autorisé,8:69,https://quranicwords.vercel.app/quran-words/halal-dacd1b35.html
wn_dae36644,1168,ظَهِير,ẓahīr,ظ-ه-ر,noun,Noun (Ism),,6,5,10,2,assistants / supporter,সাহায্যকারী,مدد گار / مددگار,मददगार,penolong / pembantu,arka,پشتیبان,souteneur,17:88,https://quranicwords.vercel.app/quran-words/zahir-dae36644.html
wn_dbe349a6,1169,خِيفَة,khīfah,خ-و-ف,noun,Noun (Ism),,6,5,10,2,fear,ভয়,خوف,ख़ौफ़,takut,korku,ترسی,peur,7:205,https://quranicwords.vercel.app/quran-words/khifah-dbe349a6.html
wn_df182fe2,1170,مَقْت,maqt,م-ق-ت,noun,Noun (Ism),,6,5,10,3,hateful / hatred,ক্রোধ,بغض,नाराज़गी,kemurkaan,gazabdan,خشم,haine,4:22,https://quranicwords.vercel.app/quran-words/maqt-df182fe2.html
wn_e209eaf3,1171,تَحِيَّة,taḥiyyah,ح-ي-ي,noun,Verbal noun (Maṣdar),,6,5,10,3,greeting,অভিবাদন,دعائے خیر,तोहफ़ा,penghormatan,dileğiyle,درود,avec une salutation,24:61,https://quranicwords.vercel.app/quran-words/tahiyyah-e209eaf3.html
wn_e6da65ba,1172,دَعْوَة,daʿwah,د-ع-و,noun,Noun (Ism),,6,5,10,3,call,আহবান,پکارنا,दुआ,doa,du'a,خواندنی,appel,30:25,https://quranicwords.vercel.app/quran-words/dawah-e6da65ba.html
wn_eab3808f,1173,مِيعاد,mīʿād,و-ع-د,noun,Noun (Ism),,6,5,10,3,Promise / appointment,অঙ্গীকার,وعدے,वादे,janji,sözünden,وعده,promesse / rendez-vous,3:9,https://quranicwords.vercel.app/quran-words/miad-eab3808f.html
wn_eb6f4af7,1174,طَرْف,ṭarf,ط-ر-ف,noun,Noun (Ism),,6,5,10,3,companions of modest gaze,দৃষ্টি,نگاہوں,निगाहों,maka,bakışlarını,نگاهی,regard,37:48,https://quranicwords.vercel.app/quran-words/tarf-eb6f4af7.html
wn_efba3710,1175,ذَرَّة,dharrah,ذ-ر-ر,noun,Noun (Ism),,6,5,10,4,atom,অণু,ذرے,ज़र्रे,zarrah,zerre,ذرّه ای / ذره ای,chose la plus petite,99:7,https://quranicwords.vercel.app/quran-words/dharrah-efba3710.html
wn_efcee00e,1176,أَوّاب,awwāb,أ-و-ب,noun,Noun (Ism),,6,5,10,4,repeatedly turning,অভিমুখী,بہت رجوع کرنے والا تھا,बहुत रुजूअ करने वाला था,kembali,başvururdu,باز گردانده بودند,quelqu’un qui retourne souvent,38:19,https://quranicwords.vercel.app/quran-words/awwab-efcee00e.html
wn_f06cd912,1177,مُدَّكِر,muddakir,ذ-ك-ر,noun,Active participle (Ism Fāʿil),,6,5,10,4,will receive admonition,উপদেশ গ্রহণকারী,نصیحت پکڑنے والا,नसीहत पकड़ने वाला,orang-orang yang memikirkan,öğüt alan,پندپذیری هست,personne rappelée,54:15,https://quranicwords.vercel.app/quran-words/muddakir-f06cd912.html
wn_f16d88f7,1178,بَقَرَة,baqarah,ب-ق-ر,noun,Noun (Ism),,6,5,10,4,cow,গাভী,ایسی گائے,गाय,sapi betina,inek,گاو,vache,2:69,https://quranicwords.vercel.app/quran-words/baqarah-f16d88f7.html
wn_f5fe426e,1179,طاغي,ṭāghy,ط-غ-ي,noun,Active participle (Ism Fāʿil),,6,5,10,4,transgressing,অবাধ্য,سرکش,सरकश,melampaui batas,azgın,سرکش اند,transgresseurs,51:53,https://quranicwords.vercel.app/quran-words/taghy-f5fe426e.html
wn_f6f4d55f,1180,سُرُر,surur,س-ر-ر,noun,Noun (Ism),,6,5,10,5,thrones,আসনসমূহের,تختوں,तख़्तों,dipan,tahtlar / koltuklar,تخت ها,lits,37:44,https://quranicwords.vercel.app/quran-words/surur-f6f4d55f.html
wn_f9429ea8,1181,فِضَّة,fiḍḍah,ف-ض-ض,noun,Noun (Ism),,6,5,10,5,silver,রূপা / রৌপ্যের,چاندی,चाँदी,perak,gümüşten,نقره,argent,76:16,https://quranicwords.vercel.app/quran-words/fiddah-f9429ea8.html
wn_fc26bedd,1182,كَأْس,kaʾs,ك-أ-س,noun,Noun (Ism),,6,5,10,5,cup,পানপাত্র / পেয়ালা,جام / ساغر,जाम / साग़र,piala,kadeh,پیاله ای,gobelet,76:17,https://quranicwords.vercel.app/quran-words/kas-fc26bedd.html
wn_fe2eaa42,1183,أَخْذ,akhdh,أ-خ-ذ,noun,Verbal noun (Maṣdar),,6,5,10,5,seizure,ধরা / পাকড়াও,پکڑنا,पकड़ना,siksaan,yakalayışla,کیفری,saisie,69:10,https://quranicwords.vercel.app/quran-words/akhdh-fe2eaa42.html
wn_ffea0950,1184,سَعَة,saʿah,و-س-ع,noun,Noun (Ism),,6,5,10,5,abundance,প্রাচুর্য,وسعت,वुसअत,keluasan,bolluk,توانگران,abondance,4:100,https://quranicwords.vercel.app/quran-words/saah-ffea0950.html
wn_fff8eb17,1185,قَهّار,qahhār,ق-ه-ر,noun,Noun (Ism),,6,5,10,6,Irresistible,পরাক্রমশালী,زبردست,बहुत ज़बरदस्त,Maha Perkasa / Maha Mengalahkan,kahredici,بس چیره,Dominateur Suprême,12:39,https://quranicwords.vercel.app/quran-words/qahhar-fff8eb17.html
wv_003e4657,1186,أَسْرَفَ,asrafa,س-ر-ف,verb,,Form IV,6,4,5,10,have transgressed,বাড়াবাড়ি করে,حد سے گزرے,ज़्यादती की,melampaui batas,israf eden,از اندازه بگذرد,a excédé,39:53,https://quranicwords.vercel.app/quran-words/asrafa-003e4657.html
wv_0319a723,1187,بايَعْ,bāyaʿ,ب-ي-ع,verb,,Form III,6,4,5,10,have contracted,কেনাবেচা করছো,سودا کیا تم نے ساتھ,सौदा किया,telah kamu jual belikan,bi'at etmektedirler,معامله کردید,avez acheté,9:111,https://quranicwords.vercel.app/quran-words/baya-0319a723.html
wv_031c07ea,1188,قَلَّبُ,qallabu,ق-ل-ب,verb,,Form II,6,4,5,10,had upset,উল্টাপাল্টা করেছে,الٹ پلٹ کیے,उलट-पुलट किए,memutar balikkan,ters çevirdiler,دگر گون ساختند,ont embrouillé,9:48,https://quranicwords.vercel.app/quran-words/qallabu-031c07ea.html
wv_0605e6d0,1189,لَقَّىٰ,laqqā,ل-ق-ي,verb,,Form II,6,4,5,10,will be met,পাবে,حاصل کریں گے,इस्तक़बाल किए जाऐंगे,akan disambut,karşılanacaklardır,روبه رو می شوند,seront rencontrés,25:75,https://quranicwords.vercel.app/quran-words/laqqa-0605e6d0.html
wv_093fb2af,1190,وَسِعَ,wasiʿa,و-س-ع,verb,,Form I,6,4,5,10,Encompasses,ঘিরে রেখেছে,وسعت والا ہے,घेर रखा है,luas,kuşatmıştır / kaplamıştır,فراگرفته است,A englobé,6:80,https://quranicwords.vercel.app/quran-words/wasia-093fb2af.html
wv_094d4fa7,1191,يَنۢبَغِي,yanbaghī,ب-غ-ي,verb,,Form VII,6,6,1,1,is permitted,উচিত,جائز,जायज़,patut,mümkün olur,سزا وار,est convenable,36:40,https://quranicwords.vercel.app/quran-words/yanbaghi-094d4fa7.html
wv_134ed894,1192,عَهِدَ,ʿahida,ع-ه-د,verb,,Form I,6,6,1,1,made a covenant,অঙ্গীকার করেছে,عہد کیا,अहद किया / अहद लिया,janjikan,emretmiştik,سفارش کردیم,a imposé / avons imposé,20:115,https://quranicwords.vercel.app/quran-words/ahida-134ed894.html
wv_180fcd71,1193,يَسْتَفْتُ,yastaftu,ف-ت-ي,verb,,Form X,6,6,1,1,both inquire,দু'জনে জানতে চেয়েছো,دونوں جواب مانگتے ہو,दोनों पूछते हो,berdua menanyakan kepadaku,sorduğunuz,نظر می خواستید,demandez un jugement,12:41,https://quranicwords.vercel.app/quran-words/yastaftu-180fcd71.html
wv_2cbff62a,1194,نَّكَثَ,nnakatha,ن-ك-ث,verb,,Form I,6,6,1,1,break,ভঙ্গ করবে,توڑ دیا,अहद तोड़ दे,merusak,ahdini bozarsa,بشکند بیعت را,a rompu,9:12,https://quranicwords.vercel.app/quran-words/nnakatha-2cbff62a.html
wv_4628fd4c,1195,أَسْرَىٰ,asrā,س-ر-ي,verb,,Form IV,6,6,1,1,took,ভ্রমণ করালেন,لے گیا,ले गया,telah memperjalankan,yürüttü,ببُرد,a fait voyager de nuit,17:1,https://quranicwords.vercel.app/quran-words/asra-4628fd4c.html
wv_47e04c27,1196,ظاهَرُ,ẓāharu,ظ-ه-ر,verb,,Form III,6,6,1,2,support,সাহায্য করেছে,ظہار کرتے ہیں,एक दूसरे की मदद की,membantu,yardım eden,پشتیبانی یکدیگر کردند,ont donné du support,60:9,https://quranicwords.vercel.app/quran-words/zaharu-47e04c27.html
wv_49ecef94,1197,نَزَلَ,nazala,ن-ز-ل,verb,,Form I,6,6,1,2,descended,অবতীর্ণ হয়েছে,اترا,उतरा,turun,inananlar,فروآمده است,est descendu,17:105,https://quranicwords.vercel.app/quran-words/nazala-49ecef94.html
wv_56df7ce1,1198,يُجِيرُ,yujīru,ج-و-ر,verb,,Form IV,6,6,1,2,protect,আশ্রয় দেন,پناہ دیتا ہے,पनाह देगा,melindungi,koruyup kollayan,پناه دهد,donne de la protection,67:28,https://quranicwords.vercel.app/quran-words/yujiru-56df7ce1.html
wv_5cac1462,1199,أَقْرَضُ,aqraḍu,ق-ر-ض,verb,,Form IV,6,6,1,2,lend,ঋণ দাও,قرض دیا,क़र्ज़ दिया,memberi pinjaman,borç verenler,وام دادند,prêtent,57:18,https://quranicwords.vercel.app/quran-words/aqradu-5cac1462.html
wv_6bea66ec,1200,أَدْرَكَ,adraka,د-ر-ك,verb,,Form IV,6,6,1,2,overtook,পেলো,پالیا,पा लिया,telah hampir,onu yakaladığı,دریافت,a atteint,10:90,https://quranicwords.vercel.app/quran-words/adraka-6bea66ec.html
wv_6caa44fe,1201,غَضِبَ,ghaḍiba,غ-ض-ب,verb,,Form I,6,6,1,3,wrath,অভিশাপ দিয়েছেন,غضب ناک ہوا,ग़ज़बनाक हुआ,memurkai,gazabettiği,خشم گرفته است,est devenu en colère / est en colère,58:14,https://quranicwords.vercel.app/quran-words/ghadiba-6caa44fe.html
wv_6f61f913,1202,مُلِئَتْ,muliʾat,م-ل-أ,verb,,Form I,6,6,1,3,filled,পরিপূর্ণ,بھرا ہوا ہے,भरा हुआ है,dipenuhi,doldurulmuş,پر شده از,rempli,72:8,https://quranicwords.vercel.app/quran-words/muliat-6f61f913.html
wv_7d157c2e,1203,فَرَّتْ,farrat,ف-ر-ر,verb,,Form I,6,6,1,3,fled,পলায়ন করছে,بھاگ گیا,भाग गया,ia lari,kaçtım,بگریزید,fuyez,26:21,https://quranicwords.vercel.app/quran-words/farrat-7d157c2e.html
wv_7e9fb49a,1204,تَصَدَّقَ,taṣaddaqa,ص-د-ق,verb,,Form V,6,6,1,3,gives charity,ক্ষমা করে,صدقہ کرے,माफ़ कर दें,bersedekah,bağışlarsa,ببخشد,fait de la charité,5:45,https://quranicwords.vercel.app/quran-words/tasaddaqa-7e9fb49a.html
wv_8bf04cd3,1205,ثُقِفُ,thuqifu,ث-ق-ف,verb,,Form I,6,6,1,3,are found,পাওয়া গিয়েছে,پائے گئے,पाए गए,berdiam,rastlansalar,یافته شوند,soient trouvés,33:61,https://quranicwords.vercel.app/quran-words/thuqifu-8bf04cd3.html
wv_b5751131,1206,سَلَّمَ,sallama,س-ل-م,verb,,Form II,6,6,1,4,pay,অর্পন কর,سلامت رکھا,सलामत रखा,menyerahkan,kurtardı,بپر دازید,a préservés,2:233,https://quranicwords.vercel.app/quran-words/sallama-b5751131.html
wv_b5c5a6dc,1207,يَتَمَنَّ,yatamanna,م-ن-ي,verb,,Form V,6,6,1,4,wish,কামনা করছিলে,تمنا کرتے,तमन्ना करते,mengharapkan,arzuluyordunuz,آرزو کنید,souhaitiez,3:143,https://quranicwords.vercel.app/quran-words/yatamanna-b5c5a6dc.html
wv_b91ab9a4,1208,زَاغَ,zāgha,ز-ي-غ,verb,,Form I,6,6,1,4,deviated,বক্রতা অবলম্বন করল,کج ہوگئیں,कज हो गईं,berobah,eğrildiği,بگردیده است,ont dévié,61:5,https://quranicwords.vercel.app/quran-words/zagha-b91ab9a4.html
wv_ba47503f,1209,بَآءَ,baʾāʾa,ب-و-أ,verb,,Form I,6,6,1,4,incurred,পরিবেষ্টিত হয়েছে,لوٹے,पलटे / लौटे,kembali,uğradılar,باز گشتند,a placé sur lui-même / ont placé sur eux-mêmes,8:16,https://quranicwords.vercel.app/quran-words/baaa-ba47503f.html
wv_bf97194d,1210,نَقَضَتْ,naqaḍat,ن-ق-ض,verb,,Form I,6,6,1,4,untwists,কেটেছে,توڑ ڈالا,तोड़ डाला,merusak,çözen kadın,گسست,défait,16:92,https://quranicwords.vercel.app/quran-words/naqadat-bf97194d.html
wv_c0ee9b5c,1211,فُجِّرَتْ,fujjirat,ف-ج-ر,verb,,Form II,6,6,1,5,caused to gush forth,উথলে উঠবে,پھاڑ دی,जारी कर दी,pancarkan,akıtmıştık,جاری ساختیم,avons fait jaillir,18:33,https://quranicwords.vercel.app/quran-words/fujjirat-c0ee9b5c.html
wv_ccaf9388,1212,انتَقَمْ,antaqam,ن-ق-م,verb,,Form VIII,6,6,1,5,took retribution,প্রতিশোধ নিয়েছি / প্রতিশোধ নিলাম,انتقام لیا,इन्तिक़ाम लिया,siksa,de öc aldık,انتقام گرفتیم,sommes donc vengé / sommes ensuite vengés,43:55,https://quranicwords.vercel.app/quran-words/antaqam-ccaf9388.html
wv_cd4d5312,1213,ٱسْتَمْتَعَ,astamtaʿa,م-ت-ع,verb,,Form X,6,6,1,5,enjoyed,ভোগ করেছে,فائدہ اٹھایا,फ़ायदा उठाया,menikmati,sefa sürdünüz,بر خوردار شدند,ont profité / avez profité,9:69,https://quranicwords.vercel.app/quran-words/astamtaa-cd4d5312.html
wv_d868efb7,1214,بَوَّأَ,bawwaʾa,ب-و-أ,verb,,Form II,6,6,1,5,assigned,নির্দিষ্ট করেছিলাম,جگہ مقرر کے دی,ठिकाना दिया,memberi tempat,kondurmuştuk,آماده کردیم,avons logé avec satisfaction,22:26,https://quranicwords.vercel.app/quran-words/bawwaa-d868efb7.html
wv_d8d61346,1215,عَلَا,ʿalā,ع-ل-و,verb,,Form I,6,6,1,5,exalted himself,উদ্ধৃত হয়েছিলো,تکبر کیا,ग़लबा पाऐं,dapati,ele geçirdikleri,برتری جست,a été hautain,28:4,https://quranicwords.vercel.app/quran-words/ala-d8d61346.html
wv_db20969b,1216,بَلَّغْ,ballagh,ب-ل-غ,verb,,Form II,6,6,1,6,convey,পৌঁছায়,پہنچاتے ہیں,पहुँचाते हैं,menyampaikan,duyururlar,می رسانند,transmettaient,33:39,https://quranicwords.vercel.app/quran-words/ballagh-db20969b.html
wv_e08f5bd0,1217,عَاقَبَ,ʿāqaba,ع-ق-ب,verb,,Form III,6,6,1,6,has retaliated,কষ্ট দেয়া হয়েছে তোমাদের,بدلہ لو,तकलीफ़ दिए गए,dibalas / membalas,ceza verecekseniz,تقیب کردید,a été accablé,22:60,https://quranicwords.vercel.app/quran-words/aqaba-e08f5bd0.html
wv_e87c445f,1218,شَدَدْ,shadad,ش-د-د,verb,,Form I,6,6,1,6,strengthened,সুদৃঢ় করেছি,مضبوط کردی,मज़बूत कर दी,kuatkan,güçlendirmiştik,استوار داشتیم,avons renforcé,38:20,https://quranicwords.vercel.app/quran-words/shadad-e87c445f.html
wn_0c2185d0,1219,دَيْن,dayn,د-ي-ن,noun,Noun (Ism),,5,5,10,6,any debt,ঋণ,قرض کی ادائیگی کے بعد,क़र्ज़,hutang,borçtan,بدهی,dette,4:11,https://quranicwords.vercel.app/quran-words/dayn-0c2185d0.html
wn_0ccadc28,1220,بَغْضاء,baghḍāʾ,ب-غ-ض,noun,Noun (Ism),,5,5,10,6,hatred,বিদ্বেষ,بغض,बुग़्ज़,kebencian,kin,کینه,haine,5:91,https://quranicwords.vercel.app/quran-words/baghda-0ccadc28.html
wn_0f68ceb0,1221,قائِمَة,qāʾimah,ق-و-م,noun,Active participle (Ism Fāʿil),,5,5,10,6,standing,ঘটবে,آنے والی,क़ायम होने वाली,berdiri,kopacağını,ایستاده,debout / établie,11:71,https://quranicwords.vercel.app/quran-words/qaimah-0f68ceb0.html
wn_19970cfe,1222,غَفّار,ghaffār,غ-ف-ر,noun,Noun (Ism),,5,5,10,6,Oft-Forgiving,পরম ক্ষমাশীল,بخشش فرمانے والا,बहुत बख़्शिश फ़रमाने वाला,Maha Pengampun,çok bağışlayandır,آمرز گار,Très Grand Pardonneur,71:10,https://quranicwords.vercel.app/quran-words/ghaffar-19970cfe.html
wn_1b00dc5d,1223,أَمْن,amn,أ-م-ن,noun,Noun (Ism),,5,5,10,7,security,শান্তির,امن,अमन,keamanan,güvene,ایمنی,sécurité,24:55,https://quranicwords.vercel.app/quran-words/amn-1b00dc5d.html
wn_1b1dd665,1224,قارِعَة,qāriʿah,ق-ر-ع,noun,Noun (Ism),,5,5,10,7,Striking Calamity,মহাপ্রলয়,عظیم حادثہ,खटखटाने वाली,hari kiamat,çarpan olay,رویداد کوبنده,Désastre Soudain,101:1,https://quranicwords.vercel.app/quran-words/qariah-1b1dd665.html
wn_2071c5aa,1225,مُوقِن,mūqin,ي-ق-ن,noun,Active participle (Ism Fāʿil),,5,5,10,7,certain,দৃঢ় বিশ্বাসী,یقین کرنے والے,यक़ीन करने वाले,orang-orang yang yakin,gerçekten inanan kimseler,یقین داران,certains,32:12,https://quranicwords.vercel.app/quran-words/muqin-2071c5aa.html
wn_2375039f,1226,كَرْه,karh,ك-ر-ه,noun,Noun (Ism),,5,5,10,7,or unwillingly,অনিচ্ছায়,ناخوشی,नाख़ुशी,terpaksa,istemeyerek,ناخواسته,détestation,13:15,https://quranicwords.vercel.app/quran-words/karh-2375039f.html
wn_25e469d5,1227,مِصْر,miṣr,م-ص-ر,noun,Proper noun,,5,5,10,7,Egypt,মিশর,مصر,मिस्र,Mesir,Mısır,مصر,Égypte,12:99,https://quranicwords.vercel.app/quran-words/misr-25e469d5.html
wn_2df582d7,1228,وازِرَة,wāzirah,و-ز-ر,noun,Active participle (Ism Fāʿil),,5,5,10,8,bearer of burdens,বহনকারী,بوجھ اٹھانے والا,बोझ उठाने वाली,orang yang berdosa,hiçbir günahkar,هیچ بردارنده ای,porteuse de fardeau,53:38,https://quranicwords.vercel.app/quran-words/wazirah-2df582d7.html
wn_3002764c,1229,مَسْئُول,masʾūl,س-أ-ل,noun,Passive participle (Ism Mafʿūl),,5,5,10,8,questioned,জিজ্ঞেস করা হবে,پوچھا جانے والا,पूछा जाने वाला,ditanya,sorguya çekileceklerdir,بازخواست شدنی,interrogé,17:36,https://quranicwords.vercel.app/quran-words/masul-3002764c.html
wn_34225c03,1230,بَرْق,barq,ب-ر-ق,noun,Noun (Ism),,5,5,10,8,lightning,বিদ্যুৎ,بجلی,बिजली,kilat,şimşek / şimşeği,برق,éclair,2:19,https://quranicwords.vercel.app/quran-words/barq-34225c03.html
wn_3604b89c,1231,غَفْلَة,ghaflah,غ-ف-ل,noun,Noun (Ism),,5,5,10,8,heedlessness,উদাসীনতার,غفلت,ग़फ़्लत,kelalaian,gaflet,بی خبری,inattention,21:1,https://quranicwords.vercel.app/quran-words/ghaflah-3604b89c.html
wn_3606ba90,1232,أَصْنام,aṣnām,ص-ن-م,noun,Noun (Ism),,5,5,10,8,idols,প্রতিমাদের,بتوں,बुतों,berhala-berhala,putlara,بتانی,idoles,26:71,https://quranicwords.vercel.app/quran-words/asnam-3606ba90.html
wn_376eeaf3,1233,مُنزِل,munzil,ن-ز-ل,noun,Active participle (Ism Fāʿil),,5,5,10,9,bring down,অতিথি সমাদরকারী,اتارنے والے,उतारने वाले,menurunkan,indireceğiz,فرو فرستندگان,ceux qui font descendre,29:34,https://quranicwords.vercel.app/quran-words/munzil-376eeaf3.html
wn_3a9fd95a,1234,كَلْب,kalb,ك-ل-ب,noun,Noun (Ism),,5,5,10,9,dog,কুকুরের,کتے,कुत्ते की,anjing,şu köpeğin,سگ,chien,7:176,https://quranicwords.vercel.app/quran-words/kalb-3a9fd95a.html
wn_3eec4d1c,1235,مُخْرَج,mukhraj,خ-ر-ج,noun,Passive participle (Ism Mafʿūl),,5,5,10,9,brought forth,তোমাদেরকে বের করা হবে,نکالنا,निकालना,dikeluarkan,çıkarılacağınızı,اخراج شدگان,ceux qui sont sortis,23:35,https://quranicwords.vercel.app/quran-words/mukhraj-3eec4d1c.html
wn_3fc3029c,1236,بِضاعَة,biḍāʿah,ب-ض-ع,noun,Noun (Ism),,5,5,10,9,merchandise,পণ্যদ্রব্য হিসেবে,سامان سمجھ کر,सरमाया,barang dagangan,ticaret için,کالایی,marchandise,12:19,https://quranicwords.vercel.app/quran-words/bidaah-3fc3029c.html
wn_40ea03ff,1237,رُعْب,ruʿb,ر-ع-ب,noun,Noun (Ism),,5,5,10,9,terror,ভয়,رعب,रौब / रोब,ketakutan / rasa takut,korku,ترس,terreur,18:18,https://quranicwords.vercel.app/quran-words/rub-40ea03ff.html
wn_426d4a36,1238,رَشَد,rashad,ر-ش-د,noun,Noun (Ism),,5,5,10,10,right path / right way,কল্যাণ,بھلائی,भलाई,pimpinan,akıl,رهیافتی / هدایت,droit chemin / bonne guidance,72:21,https://quranicwords.vercel.app/quran-words/rashad-426d4a36.html
wn_4588315e,1239,حَبَّة,ḥabbah,ح-ب-ب,noun,Noun (Ism),,5,5,10,10,grain,একটা শস্যদানা,دانے,दाने,biji,danesi,دانه ای,grain,6:59,https://quranicwords.vercel.app/quran-words/habbah-4588315e.html
wn_45ae7543,1240,أَرائِك,arāʾik,أ-ر-ك,noun,Noun (Ism),,5,5,10,10,couches / thrones,উঁচু আসনের,تختوں / مسندوں,मसनदों / तख़्तों,dipan,divanlar / koltuklar,تخت ها,hauts canapés décorés,36:56,https://quranicwords.vercel.app/quran-words/araik-45ae7543.html
wn_45b7e1b9,1241,شارِب,shārib,ش-ر-ب,noun,Active participle (Ism Fāʿil),,5,5,10,10,drink,পান করবে,پینے والے,पीने वाले,akan meminum,içecekler,می نوشید,ensuite des gens qui boivent,56:54,https://quranicwords.vercel.app/quran-words/sharib-45b7e1b9.html
wn_4606e72e,1242,مُصْلِح,muṣliḥ,ص-ل-ح,noun,Active participle (Ism Fāʿil),,5,5,10,10,reformers,সংশোধনকারী,اصلاح کرنے والوں / اصلاح کرنے والے,इस्लाह करने वाले / इस्लाह करने वालों,mengadakan perbaikan,düzelticileriz,اصلاح کنندگان,gens qui améliorent,11:117,https://quranicwords.vercel.app/quran-words/muslih-4606e72e.html
wn_48f58bc8,1243,حَوارِيّ,ḥawāriyy,ح-و-ر,noun,Noun (Ism),,5,7,1,1,disciples,হাওয়ারীরা,حواریوں,हवारियों,pengikut-pengikut yang setia,Havariler,حواریان / حواریون,disciples,5:111,https://quranicwords.vercel.app/quran-words/hawariyy-48f58bc8.html
wn_4ac2ff22,1244,طَرِيقَة,ṭarīqah,ط-ر-ق,noun,Noun (Ism),,5,7,1,1,conduct,পথ,راستے,रास्ते,jalan-jalan,tabaka,راه راست,méthode,20:104,https://quranicwords.vercel.app/quran-words/tariqah-4ac2ff22.html
wn_4c5bbb38,1245,مُسْتَضْعَف,mustaḍʿaf,ض-ع-ف,noun,Passive participle (Ism Mafʿūl),,5,7,1,1,oppressed,দুর্বল,مجبور کردیے گئے,कमज़ोर,orang-orang yang lemah / orang-orang yang tertindas,gerçekten zayıf,ناتوانان,ceux qui semblent faibles / gens qui semblent faibles,4:97,https://quranicwords.vercel.app/quran-words/mustadaf-4c5bbb38.html
wn_4c6a4ddd,1246,يَحْيَى,yaḥyā,ح-ي-ي,noun,Proper noun,,5,7,1,1,Yahya,ইয়াহইয়া,یحییٰ,यहया,Yahya,Yahya'dır,یحیی,Jean,19:7,https://quranicwords.vercel.app/quran-words/yahya-4c6a4ddd.html
wn_4e97e92e,1247,عَفُوّ,ʿafuww,ع-ف-و,noun,Noun (Ism),,5,7,1,1,Oft-Pardoning,ক্ষমাশীল,معاف کرنے والا,बहुत माफ़ करने वाला,Maha Pemaaf,çok affedendir,درگذرنده,pardonneur sans châtier,4:99,https://quranicwords.vercel.app/quran-words/afuww-4e97e92e.html
wn_51389bae,1248,نُفُور,nufūr,ن-ف-ر,noun,Noun (Ism),,5,7,1,2,aversion,বিমুখতা,بھاگنے / نفرت,नफ़रत,lari,kaçarlar,حالت رمیدگی,aversion,17:41,https://quranicwords.vercel.app/quran-words/nufur-51389bae.html
wn_5198f6ee,1249,تَحْرِير,taḥrīr,ح-ر-ر,noun,Verbal noun (Maṣdar),,5,7,1,2,freeing,মুক্ত করতে হবে,آزاد کرنا,आज़ाद करना,memerdekakan,azadetmelidir,آزاد کردن,libération,5:89,https://quranicwords.vercel.app/quran-words/tahrir-5198f6ee.html
wn_54af30b9,1250,عَجَب,ʿajab,ع-ج-ب,noun,Noun (Ism),,5,7,1,2,wonder,আশ্চর্যজনক,عجیب,अजीब,aneh,harikulade güzel,شگفت آور,étonnant,18:9,https://quranicwords.vercel.app/quran-words/ajab-54af30b9.html
wn_54cc2cdb,1251,رَقِيب,raqīb,ر-ق-ب,noun,Noun (Ism),,5,7,1,2,Observer / Watcher,তত্ত্বাবধায়ক,نگران,निगरान,Maha Pengawas,gözetleyicidir,نگهبان,quelqu’un qui observe bien en attendant,33:52,https://quranicwords.vercel.app/quran-words/raqib-54cc2cdb.html
wn_54d141c0,1252,مَلُوم,malūm,ل-و-م,noun,Passive participle (Ism Mafʿūl),,5,7,1,2,blameworthy,নিন্দনীয়,لائق ملامت,मलामत किए गए,tercela,kınanacak,تکوهیدۂ,blâmé,23:6,https://quranicwords.vercel.app/quran-words/malum-54d141c0.html
wn_54eba534,1253,بَلْدَة,baldah,ب-ل-د,noun,Noun (Ism),,5,7,1,3,land,ভূমিকে,شہر / زمین,शहर,negeri,ülkeyi,سرزمینی,région,50:11,https://quranicwords.vercel.app/quran-words/baldah-54eba534.html
wn_57736595,1254,صَيْد,ṣayd,ص-ي-د,noun,Noun (Ism),,5,7,1,3,game,শিকার,شکار,शिकार,binatang buruan,avı,شکار,gibier,5:94,https://quranicwords.vercel.app/quran-words/sayd-57736595.html
wn_57cd7b39,1255,امْرِئ,amriʾ,م-ر-أ,noun,Noun (Ism),,5,7,1,3,person,ব্যক্তি,شخص,शख़्स,seseorang,kişi,کسی,homme,70:38,https://quranicwords.vercel.app/quran-words/amri-57cd7b39.html
wn_5e96e852,1256,كَفّار,kaffār,ك-ف-ر,noun,Noun (Ism),,5,7,1,3,disbeliever / ungrateful,কট্টর কাফির,ناشکرے,बड़ा नाशुक्रा,sangat ingkar,inkarcı,ناسپاس,très mécréant,50:24,https://quranicwords.vercel.app/quran-words/kaffar-5e96e852.html
wn_648d187b,1257,عَزْم,ʿazm,ع-ز-م,noun,Noun (Ism),,5,7,1,3,determination,দৃঢ় সংকল্পের,عزم / ہمت,अज़्म,diutamakan,azim,آهنگ استوار,détermination,20:115,https://quranicwords.vercel.app/quran-words/azm-648d187b.html
wn_6577c1f5,1258,ناظِر,nāẓir,ن-ظ-ر,noun,Active participle (Ism Fāʿil),,5,7,1,4,awaiting,অপেক্ষাকারী,انتظار کرنے والے,इन्तिज़ार करने वाले,menunggu-nunggu,bakanlara,بینند گان,gens qui attendent,33:53,https://quranicwords.vercel.app/quran-words/nazir-6577c1f5.html
wn_65dd1032,1259,مُنافِقَة,munāfiqah,ن-ف-ق,noun,Active participle (Ism Fāʿil),,5,7,1,4,hypocrite women,মুনাফিক নারীদের,منافق عورتوں / منافق عورتیں,मुनाफ़िक़ औरतों / मुनाफ़िक़ औरतें,orang-orang munafik perempuan,münafık kadınlar,زنان منافق,femmes hypocrites,33:73,https://quranicwords.vercel.app/quran-words/munafiqah-65dd1032.html
wn_680348f2,1260,خَصِيم,khaṣīm,خ-ص-م,noun,Noun (Ism),,5,7,1,4,opponent,ঝগড়াটে,جھگڑا لو,झगड़ालू,penentang,hasım,جانبدار,opposant en dispute,16:4,https://quranicwords.vercel.app/quran-words/khasim-680348f2.html
wn_69363b05,1261,مَيْت,mayt,م-و-ت,noun,Noun (Ism),,5,7,1,4,dead,মৃত,مردہ,मुर्दा,mati,ölü,مرده,mort,50:11,https://quranicwords.vercel.app/quran-words/mayt-69363b05.html
wn_6c29edc1,1262,طائِر,ṭāʾir,ط-ي-ر,noun,Active participle (Ism Fāʿil),,5,7,1,4,bird,পাখি,پرندہ,परिन्दा,burung-burung,kuş,هیچ پرنده ای,oiseau,6:38,https://quranicwords.vercel.app/quran-words/tair-6c29edc1.html
wn_6dba0abc,1263,صُبْح,ṣubḥ,ص-ب-ح,noun,Noun (Ism),,5,7,1,5,morning / dawn,সকাল,صبح,सुबह,waktu subuh,sabaha,سوگند به صبح,aube,74:34,https://quranicwords.vercel.app/quran-words/subh-6dba0abc.html
wn_70431cad,1264,سَلَم,salam,س-ل-م,noun,Noun (Ism),,5,7,1,5,peace / submission,বশ্যতা স্বীকার করে,سلام,सुलह,perdamaian,barış içinde yaşamak,آشتی,paix / soumission,4:91,https://quranicwords.vercel.app/quran-words/salam-70431cad.html
wn_714b3342,1265,تَفْصِيل,tafṣīl,ف-ص-ل,noun,Verbal noun (Maṣdar),,5,7,1,5,detailed explanation,বিশদ বর্ণনা,تفصیل,तफ़सील,menjelaskan / penjelasan,açık açık,بیان روشن,explication détaillée,10:37,https://quranicwords.vercel.app/quran-words/tafsil-714b3342.html
wn_7a0b21ad,1266,طَرَف,ṭaraf,ط-ر-ف,noun,Noun (Ism),,5,7,1,5,ends,একটি অংশকে,دونوں کناروں,किनारों,di ujung,iki tarafında,دو طرف,deux extrémités,20:130,https://quranicwords.vercel.app/quran-words/taraf-7a0b21ad.html
wn_7b8bc23c,1267,فَوْج,fawj,ف-و-ج,noun,Noun (Ism),,5,7,1,5,company,দলে দলে,فوج,फ़ौज,berbondong-bondong,bölük bölük,طایفه ای,grand groupe / grands groupes,38:59,https://quranicwords.vercel.app/quran-words/fawj-7b8bc23c.html
wn_7bc07a5f,1268,مَحِيص,maḥīṣ,ح-ي-ص,noun,Verbal noun (Maṣdar),,5,7,1,6,place of escape,আশ্রয়স্থল / পালানোর জায়গা,جائے پناہ,जाए पनाह,tempat lari,kaçacak yer,گریز گاهی,endroit où échapper / endroit où s’échapper,41:48,https://quranicwords.vercel.app/quran-words/mahis-7bc07a5f.html
wn_7d67e865,1269,ثَقِيل,thaqīl,ث-ق-ل,noun,Noun (Ism),,5,7,1,6,heavy,ভারী,بوجھل / بھاری,बोझल / बहुत भारी,berat / tebal,ağır,گران,lourds,73:5,https://quranicwords.vercel.app/quran-words/thaqil-7d67e865.html
wn_8047f938,1270,خالِصَة,khāliṣah,خ-ل-ص,noun,Active participle (Ism Fāʿil),,5,7,1,6,exclusively,বিশেষভাবে,خالص,ख़ास,khusus,gerçekten,ویژه,exclusivement,6:139,https://quranicwords.vercel.app/quran-words/khalisah-8047f938.html
wn_80b6ae75,1271,تَقْدِير,taqdīr,ق-د-ر,noun,Verbal noun (Maṣdar),,5,7,1,6,Decree,নির্দিষ্ট,اندازہ,अंदाज़ा,ketentuan,takdiridir,اندازه گیری / اندازه کردنی,détermination,36:38,https://quranicwords.vercel.app/quran-words/taqdir-80b6ae75.html
wn_83811f41,1272,مُبْطِل,mubṭil,ب-ط-ل,noun,Active participle (Ism Fāʿil),,5,7,1,6,falsifiers,মিথ্যাশ্রয়ীরা,باطل پرست,बातिल परस्त,orang-orang yang berpegang pada yang bathil,batılda olanlar,باطل گرایان,ceux qui déclarent faux,30:58,https://quranicwords.vercel.app/quran-words/mubtil-83811f41.html
wn_8453d1f9,1273,غُدُوّ,ghuduww,غ-د-و,noun,Noun (Ism),,5,7,1,7,morning,সকালে,صبح,सुब्ह,pagi,sabah,صبح,matin,40:46,https://quranicwords.vercel.app/quran-words/ghuduww-8453d1f9.html
wn_85cf5b15,1274,عَطاء,ʿaṭāʾ,ع-ط-و,noun,Noun (Ism),,5,7,1,7,gift,দান,بخشش,अता,pemberian,bağış olarak,بخشش,don,78:36,https://quranicwords.vercel.app/quran-words/ata-85cf5b15.html
wn_860dcc21,1275,كَذّاب,kadhdhāb,ك-ذ-ب,noun,Noun (Ism),,5,7,1,7,liar,খুব মিথ্যাবাদী,جھوٹا,सख़्त झूठा,pendusta,yalancı,بسیار دروغگو,extrêmement menteur / extrême menteur,40:24,https://quranicwords.vercel.app/quran-words/kadhdhab-860dcc21.html
wn_89d8e24d,1276,صِدِّيق,ṣiddīq,ص-د-ق,noun,Noun (Ism),,5,7,1,7,truthful,সত্যনিষ্ঠ,بہت سچے,ऐ बहुत सच्चे,orang yang paling benar,çok doğru,بسیار راست کویی,affirmateur,19:56,https://quranicwords.vercel.app/quran-words/siddiq-89d8e24d.html
wn_8a562343,1277,مُصْبِح,muṣbiḥ,ص-ب-ح,noun,Active participle (Ism Fāʿil),,5,7,1,7,morning,সকাল,صبح سویرے / صبح ہوتے ہی,सुबह सवेरे ही,di pagi hari / diwaktu pagi,sabaha girerlerken / sabahleyin,صبحگاهان,gens qui atteignent l’aube,68:21,https://quranicwords.vercel.app/quran-words/musbih-8a562343.html
wn_8ccda36c,1278,نُبُوَّة,nubuwwah,ن-ب-أ,noun,Noun (Ism),,5,7,1,8,Prophethood,নবুয়্যত,نبوت,नुबूव्वत / नबुव्वत,kenabian,peygamberlik,پیامبری,fait d’être prophète,45:16,https://quranicwords.vercel.app/quran-words/nubuwwah-8ccda36c.html
wn_8e0c6cf3,1279,خُرُوج,khurūj,خ-ر-ج,noun,Noun (Ism),,5,7,1,8,coming forth,বের হওয়ার,نکلنے,निकलने,keluar,çıkış,بیرون آمدن,sortie,50:42,https://quranicwords.vercel.app/quran-words/khuruj-8e0c6cf3.html
wn_9037d825,1280,أَسْباط,asbāṭ,س-ب-ط,noun,Noun (Ism),,5,7,1,8,descendants / tribes,বংশধরদের,اولاد یعقوب,औलादे याक़ूब,anak-cucunya,sıbtlara,واسباط,tribus,2:140,https://quranicwords.vercel.app/quran-words/asbat-9037d825.html
wn_903aec24,1281,حِجْر,ḥijr,ح-ج-ر,noun,Noun (Ism),,5,7,1,8,partition,আড়াল,بند,आड़,larangan,akıl,حِجر,Al-Ḥijr,25:53,https://quranicwords.vercel.app/quran-words/hijr-903aec24.html
wn_9110ca97,1282,مَرْضات,marḍāt,ر-ض-و,noun,Verbal noun (Maṣdar),,5,7,1,8,pleasure,সন্তুষ্টির,رضا,रज़ा,keridhaan,rızasını,خشنودی,Satisfaction,2:207,https://quranicwords.vercel.app/quran-words/mardat-9110ca97.html
wn_9263c6bf,1283,لَوْح,lawḥ,ل-و-ح,noun,Noun (Ism),,5,7,1,9,tablets,ফলকগুলো,تختیاں,तख़्तियाँ,batu tulis / papan,levhaları,لوح ها,tables,7:154,https://quranicwords.vercel.app/quran-words/lawh-9263c6bf.html
wn_95b87eb4,1284,نِكاح,nikāḥ,ن-ك-ح,noun,Noun (Ism),,5,7,1,9,marriage,বিয়ের,نکاح,निकाह,nikah,nikah,ازدواج,mariage,24:60,https://quranicwords.vercel.app/quran-words/nikah-95b87eb4.html
wn_95d3377c,1285,جَهْد,jahd,ج-ه-د,noun,Verbal noun (Maṣdar),,5,7,1,9,strongest,কঠিন,پکی,पक्की,sungguh-sungguh,güçlü,سخت ترین,force,5:53,https://quranicwords.vercel.app/quran-words/jahd-95d3377c.html
wn_9da7c580,1286,حاكِم,ḥākim,ح-ك-م,noun,Active participle (Ism Fāʿil),,5,7,1,9,Judges,বিচারকদের / মীমাংসাকারীদের,فیصلہ کرنے والا / فیصلہ کرنے والوں,सब फ़ैसला करने वालों / सब हाकिमों,para hakim,hükmedenlerin / hüküm verenlerin,داوران,juges,95:8,https://quranicwords.vercel.app/quran-words/hakim-9da7c580.html
wn_a0acf8f6,1287,شاعِر,shāʿir,ش-ع-ر,noun,Noun (Ism),,5,7,1,9,poet,একজন কবি,شاعر,शायर,seorang penyair,şa'irdir,شاعری,poète,52:30,https://quranicwords.vercel.app/quran-words/shair-a0acf8f6.html
wn_a4bb821b,1288,غُرْفَة,ghurfah,غ-ر-ف,noun,Noun (Ism),,5,7,1,10,lofty mansions,প্রাসাদ,بالا خانے,बालाख़ाने,tempat yang tinggi,odalar,کوشک هایی,endroits élevés,39:20,https://quranicwords.vercel.app/quran-words/ghurfah-a4bb821b.html
wn_a4edef5e,1289,حِمار,ḥimār,ح-م-ر,noun,Noun (Ism),,5,7,1,10,donkeys,গাধার,گدھے,गधे,keledai,eşeklerin,خران,ânes,74:50,https://quranicwords.vercel.app/quran-words/himar-a4edef5e.html
wn_a6ee6c1a,1290,مُكْرَم,mukram,ك-ر-م,noun,Passive participle (Ism Mafʿūl),,5,7,1,10,honored,সম্মানিত,باعزت لوگوں,इज़्ज़त दिए गए,orang-orang yang dimuliakan,ağırlanırlar,گرامی داشتگان,honorés,70:35,https://quranicwords.vercel.app/quran-words/mukram-a6ee6c1a.html
wn_a920a2a7,1291,صاغِر,ṣāghir,ص-غ-ر,noun,Active participle (Ism Fāʿil),,5,7,1,10,abased,অধমদের,ذلیل ہونے والوں,ख़्वार होंगे,orang-orang yang kecil,hor ve hakir olarak,خوار باشند,rabaissés,27:37,https://quranicwords.vercel.app/quran-words/saghir-a920a2a7.html
wn_abac7ce3,1292,خاوِيَة,khāwiyah,خ-و-ي,noun,Active participle (Ism Fāʿil),,5,7,1,10,collapsed,উল্টে পড়েছিলো,خالی,खोखले,roboh,içi boş,فروریخته بود,tombé,18:42,https://quranicwords.vercel.app/quran-words/khawiyah-abac7ce3.html
wn_abb5165c,1293,ضَيْف,ḍayf,ض-ي-ف,noun,Noun (Ism),,5,7,2,1,guests,মেহমান,مہمانوں,मेहमानों,tamu,misafirlerinin,مهمانان,invités,15:51,https://quranicwords.vercel.app/quran-words/dayf-abb5165c.html
wn_abe8d4e5,1294,تِسْع,tisʿ,ت-س-ع,noun,Noun (Ism),,5,7,2,1,nine,নয়,نو,निनानवे / नौ,sembilan,dokuz,نُه,neuf,18:25,https://quranicwords.vercel.app/quran-words/tis-abe8d4e5.html
wn_ae2c6eda,1295,شَطْر,shaṭr,ش-ط-ر,noun,Noun (Ism),,5,7,2,1,direction,দিকে,طرف,तरफ़,kearah,tarafına,سوی,direction,2:149,https://quranicwords.vercel.app/quran-words/shatr-ae2c6eda.html
wn_af67102a,1296,ثَمَر,thamar,ث-م-ر,noun,Noun (Ism),,5,7,2,1,fruit,ধনসম্পদ,پھل,फल,buah-buahan,ürünü,حاصلی,fruits,18:34,https://quranicwords.vercel.app/quran-words/thamar-af67102a.html
wn_b02cd0b1,1297,مُتْرَف,mutraf,ت-ر-ف,noun,Passive participle (Ism Mafʿūl),,5,7,2,1,indulging in affluence,বিলাসী জীবনের অধিকারী,نعمتوں میں پلے ہوئے,ख़ुशहाल,dalam kesenangan,varlık içinde şımartılmış,خوش گذرانان,aisés,56:45,https://quranicwords.vercel.app/quran-words/mutraf-b02cd0b1.html
wn_b7f09e9f,1298,أَساوِر,asāwir,س-و-ر,noun,Noun (Ism),,5,7,2,2,bracelets,কঙ্কণ / বালা,کنگن,कंगन,gelang-gelang,bilezikler,دستبندهایی,bracelets,43:53,https://quranicwords.vercel.app/quran-words/asawir-b7f09e9f.html
wn_bb395f9f,1299,نَكِير,nakīr,ن-ك-ر,noun,Noun (Ism),,5,7,2,2,denial,প্রতিরোধকারী,انکار کرنا,इन्कार करना,mengingkari,inkar,انکاری,altération,42:47,https://quranicwords.vercel.app/quran-words/nakir-bb395f9f.html
wn_bbc91d0c,1300,حَرِيق,ḥarīq,ح-ر-ق,noun,Noun (Ism),,5,7,2,2,Burning Fire,দহনের,جلنے,आग / जलने,membakar,yangın,سوزان,Feu,22:22,https://quranicwords.vercel.app/quran-words/hariq-bbc91d0c.html
wn_bf689d49,1301,خَيْل,khayl,خ-ي-ل,noun,Noun (Ism),,5,7,2,2,horses,ঘোড়া,گھوڑے,घोड़े,kuda,atlar,اسبان,chevaux,59:6,https://quranicwords.vercel.app/quran-words/khayl-bf689d49.html
wn_c37290be,1302,جاثِم,jāthim,ج-ث-م,noun,Active participle (Ism Fāʿil),,5,7,2,2,fallen prone,উপুড় হয়ে পড়া,اوندھے منہ گرنے والے,औंधे मुँह,mati bergelimpangan / mayat-mayat yang bergelimpangan,diz üstü,زانو افتاد گان,gisant,7:78,https://quranicwords.vercel.app/quran-words/jathim-c37290be.html
wn_c4cafb47,1303,شُحّ,shuḥḥ,ش-ح-ح,noun,Noun (Ism),,5,7,2,3,miserly,সংকীর্ণতা,بخل,बख़ीली,kikir,cimriliğinden,درحالی که بخیلان اند,avidité avec avarice / avides avec avarice,33:19,https://quranicwords.vercel.app/quran-words/shuhh-c4cafb47.html
wn_c8b1bbe7,1304,جَواب,jawāb,ج-و-ب,noun,Noun (Ism),,5,7,2,3,answer,উত্তর / জবাব,جواب,जवाब,jawaban,cevabı,جواب / پاسخ,réponse,7:82,https://quranicwords.vercel.app/quran-words/jawab-c8b1bbe7.html
wn_cee25aa4,1305,نادِم,nādim,ن-د-م,noun,Active participle (Ism Fāʿil),,5,7,2,3,regretful,অনুতপ্ত / অনুতাপকারী,نادم ہونے والے,नादिम,orang-orang yang menyesal,pişman,پشیمان,regretteurs,26:157,https://quranicwords.vercel.app/quran-words/nadim-cee25aa4.html
wn_d13a2bfb,1306,نُشُور,nushūr,ن-ش-ر,noun,Noun (Ism),,5,7,2,3,Resurrection,উত্থানের,جی اٹھنے,उठने का वक़्त,kebangkitan,diriltme,برانگیختن,résurrection,25:40,https://quranicwords.vercel.app/quran-words/nushur-d13a2bfb.html
wn_d2530653,1307,مُنذَر,mundhar,ن-ذ-ر,noun,Passive participle (Ism Mafʿūl),,5,7,2,3,those who were warned,যাদের সতর্ক করা হয়েছিলো,ڈرائے جانے والوں,डराए जाने वालों,orang-orang yang diberi peringatan,uyarılanların,بیم داده شدگان,ceux qui ont été avertis,37:73,https://quranicwords.vercel.app/quran-words/mundhar-d2530653.html
wn_d323921a,1308,حُوت,ḥūt,ح-و-ت,noun,Noun (Ism),,5,7,2,4,fish,মাছ,مچھلی,मछली,ikan,balık,ماهی,poisson,37:142,https://quranicwords.vercel.app/quran-words/hut-d323921a.html
wn_d62467ec,1309,عُسْر,ʿusr,ع-س-ر,noun,Noun (Ism),,5,7,2,4,hardship,কষ্টের / কঠোরতা,تنگی,तंगी,kesulitan,güçlük,دشواری,difficulté,65:7,https://quranicwords.vercel.app/quran-words/usr-d62467ec.html
wn_d8ff4eb4,1310,سَوِيّ,sawiyy,س-و-ي,noun,Noun (Ism),,5,7,2,4,even,সরল সঠিক,اچھا بھلا ہوئے بھی,सीधे,sama,düzgün,درحالی که تندرست باشی,équilibré,19:43,https://quranicwords.vercel.app/quran-words/sawiyy-d8ff4eb4.html
wn_db62f532,1311,كَوْكَب,kawkab,ك-و-ك-ب,noun,Noun (Ism),,5,7,2,4,star,একটি তারা,ستاروں,सितारों,bintang,yıldız,ستاره ای / ستارگان,grands astres / grand astre,6:76,https://quranicwords.vercel.app/quran-words/kawkab-db62f532.html
wn_e2965374,1312,مُطَهَّرَة,muṭahharah,ط-ه-ر,noun,Passive participle (Ism Mafʿūl),,5,7,2,4,purified / pure,পবিত্র,پاکیزہ,निहायत पाकीज़ा,suci,tertemiz,پاکیزه,purifiés / purifiées,80:14,https://quranicwords.vercel.app/quran-words/mutahharah-e2965374.html
wn_e3b9412c,1313,خِنزِير,khinzīr,خ-ن-ز-ر,noun,Noun (Ism),,5,7,2,5,swine,শুকরের,خنزیر,ख़िन्ज़ीर,babi,domuz,خوک,porc,6:145,https://quranicwords.vercel.app/quran-words/khinzir-e3b9412c.html
wn_e6b72f20,1314,حِلّ,ḥill,ح-ل-ل,noun,Noun (Ism),,5,7,2,5,lawful,হালাল / বৈধ,حلال,हलाल,halal,helal,حلال,autorisée,3:93,https://quranicwords.vercel.app/quran-words/hill-e6b72f20.html
wn_ec7ae976,1315,شِرْك,shirk,ش-ر-ك,noun,Noun (Ism),,5,7,2,5,any share,অংশ,حصہ,शराकत,sekutu,ortaklıkları,مشارکتی,association,46:4,https://quranicwords.vercel.app/quran-words/shirk-ec7ae976.html
wn_ef188b37,1316,زَيْتُون,zaytūn,ز-ي-ت,noun,Noun (Ism),,5,7,2,5,olive,জলপাই,زیتون,ज़ैतून,zaitun,zeytin,زیتون,olive,80:29,https://quranicwords.vercel.app/quran-words/zaytun-ef188b37.html
wn_f00adb0f,1317,مُشْرِكَة,mushrikah,ش-ر-ك,noun,Active participle (Ism Fāʿil),,5,7,2,5,polytheist women,মুশরিক নারীদেরকে,مشرک عورتوں,मुशरिक औरतों / मुशरिका औरत,orang musyrik perempuan,ortak koşan kadınlara,زنان مشرک,associatrice,48:6,https://quranicwords.vercel.app/quran-words/mushrikah-f00adb0f.html
wn_f05e15f5,1318,غَد,ghad,غ-د-و,noun,Noun (Ism),,5,7,2,6,tomorrow,আগামীকাল,کل,कल,besok,yarın,فردا,demain,54:26,https://quranicwords.vercel.app/quran-words/ghad-f05e15f5.html
wn_f1acf44a,1319,خاطِئ,khāṭiʾ,خ-ط-أ,noun,Active participle (Ism Fāʿil),,5,7,2,6,sinners,অপরাধী,خطا کار,ख़ताकार,orang-orang yang bersalah,hata işleyenlerden,خطاکاران,gens qui font des erreurs,12:97,https://quranicwords.vercel.app/quran-words/khati-f1acf44a.html
wn_f38d064e,1320,قَيِّم,qayyim,ق-و-م,noun,Noun (Ism),,5,7,2,6,right,সঠিক,درست,दुरुस्त,lurus,doğru,استوار,correcte,30:43,https://quranicwords.vercel.app/quran-words/qayyim-f38d064e.html
wn_f44e079a,1321,عَلَقَة,ʿalaqah,ع-ل-ق,noun,Noun (Ism),,5,7,2,6,clinging substance,জমাট রক্ত,جمے ہوئے خون,जमे हुए ख़ून,segumpal darah,alaka,خون بسته,goutte de sang,75:38,https://quranicwords.vercel.app/quran-words/alaqah-f44e079a.html
wn_f68dc294,1322,تَقَلُّب,taqallub,ق-ل-ب,noun,Verbal noun (Maṣdar),,5,7,2,6,movement,চলাফেরা,بار بار پھیرنا,चलना फिरना,hilir mudik,gezip dolaşması,رفت و آمد,tournement,3:196,https://quranicwords.vercel.app/quran-words/taqallub-f68dc294.html
wn_f774c723,1323,مِرْيَة,miryah,م-ر-ي,noun,Noun (Ism),,5,7,2,7,doubt,সন্দেহের,شک,शक,keraguan,kuşku,تردیدی,doute causé par soi-même,41:54,https://quranicwords.vercel.app/quran-words/miryah-f774c723.html
wn_f8ffda6f,1324,مُهْلِك,muhlik,ه-ل-ك,noun,Active participle (Ism Fāʿil),,5,7,2,7,going to destroy,ধ্বংসকারী,ہلاک کرنے والے,हलाक करने वाला,membinasakan,helak edici,هلاک کنندۂ,destructeur,29:31,https://quranicwords.vercel.app/quran-words/muhlik-f8ffda6f.html
wn_fbc929ee,1325,خُضْر,khuḍr,خ-ض-ر,noun,Noun (Ism),,5,7,2,7,green,সবুজ,سبز,सब्ज़,hijau,yeşil,سبز,verts,55:76,https://quranicwords.vercel.app/quran-words/khudr-fbc929ee.html
wn_fcb27b10,1326,كافَّة,kāffah,ك-ف-ف,noun,Noun (Ism),,5,7,2,7,all together,সমবেতভাবে,سارے کے سارے / سب کے سب,इकट्ठे,semuanya,topyekun,همه / همگی,complètement,9:122,https://quranicwords.vercel.app/quran-words/kaffah-fcb27b10.html
wn_ff289c52,1327,مَهْد,mahd,م-ه-د,noun,Noun (Ism),,5,7,2,7,cradle / bed,দোলনার,پن گھوڑے,बिछौना,buaian,beşik,گهواره / بستری,berceau,3:46,https://quranicwords.vercel.app/quran-words/mahd-ff289c52.html
wv_015b1315,1328,اهْجُرْ,ahjur,ه-ج-ر,verb,,Form I,5,6,1,6,speaking evil,অর্থহীন কথা বলতে,بےہودہ بکتے تھے,बेहूदा गोई करते थे,ucapkan perkataan keji,saçmalıyordunuz,یاوه می گفتید,parliez avec idiotie,23:67,https://quranicwords.vercel.app/quran-words/ahjur-015b1315.html
wv_019470a7,1329,عَجَّلَ,ʿajjala,ع-ج-ل,verb,,Form II,5,6,1,6,has hastened,এখন তিনি ত্বরান্বিত করেছেন,جلدی دی,जल्द देते हैं,segerakan,çabucak veririz,به شتاب داد,a hâté,48:20,https://quranicwords.vercel.app/quran-words/ajjala-019470a7.html
wv_0c158b8e,1330,بَثَّ,baththa,ب-ث-ث,verb,,Form I,5,6,1,7,dispersed,ছড়িয়ে দিয়েছেন,پھیلا دیے,फैला दिए,bertebaran,yaydı,وبپراکند,a dispersé,31:10,https://quranicwords.vercel.app/quran-words/baththa-0c158b8e.html
wv_11319e8e,1331,أُكْرِهَ,ukriha,ك-ر-ه,verb,,Form IV,5,6,1,7,is forced,বাধ্য করা হয়েছে,مجبور کیا گیا,मजबूर किया गया,dipaksa,zorlanan,مجبور شود بدان,est forcé,16:106,https://quranicwords.vercel.app/quran-words/ukriha-11319e8e.html
wv_13f34de5,1332,أَبْلَغُ,ablaghu,ب-ل-غ,verb,,Form IV,5,6,1,7,have conveyed,পৌঁছিয়েছে,پہنچا دئیے,पहुँचा दिए,telah menyampaikan,duyurduklarını,رسانیده اند,ont fait atteindre,72:28,https://quranicwords.vercel.app/quran-words/ablaghu-13f34de5.html
wv_14665ea6,1333,زُوِّجَتْ,zuwwijat,ز-و-ج,verb,,Form II,5,6,1,7,are paired,জুড়ে দেয়া হবে,جوڑ دی جائیں گے,जोड़ दी जाऐंगी,dijodohkan,çiftleştirildiği,قرین شوند,seront accouplées,81:7,https://quranicwords.vercel.app/quran-words/zuwwijat-14665ea6.html
wv_1875a49c,1334,سُيِّرَتْ,suyyirat,س-ي-ر,verb,,Form II,5,6,1,7,are moved,গতিশীল করা যেতো,چلا دیئے جائیں گے,चला दिए जाऐंगे,dijalankan,yürütüldüğü,روان شود,seront causées à partir,78:20,https://quranicwords.vercel.app/quran-words/suyyirat-1875a49c.html
wv_1aeb0703,1335,دَفَعْ,dafaʿ,د-ف-ع,verb,,Form I,5,6,1,8,deliver,সমর্পণ কর,دے دو,दे दो,menyerahkan,geri verdiğiniz,باز می گردانید,rendez,4:6,https://quranicwords.vercel.app/quran-words/dafa-1aeb0703.html
wv_1fee4120,1336,فَصَلَ,faṣala,ف-ص-ل,verb,,Form I,5,6,1,8,departed,বেরিয়ে পড়লো,جدا ہوا,जुदा हुआ,keluar,ayrıldığında,جدا شد,est parti,12:94,https://quranicwords.vercel.app/quran-words/fasala-1fee4120.html
wv_205ef844,1337,قَرَّبَ,qarraba,ق-ر-ب,verb,,Form II,5,6,1,8,both offered,কাছে আনল,قربانی کی,उन दोनों ने क़ुर्बानी की,dihidangkannya,onu yaklaştırdı,نزدیک ساخت,a ensuite rapproché,5:27,https://quranicwords.vercel.app/quran-words/qarraba-205ef844.html
wv_20e5209e,1338,خَتَمَ,khatama,خ-ت-م,verb,,Form I,5,6,1,8,Has set a seal,মোহর মেরে দিয়েছেন,مہر لگا دی,मोहर लगा दी,menutup,mühür vursa,مهر نهاده,a scellé,2:7,https://quranicwords.vercel.app/quran-words/khatama-20e5209e.html
wv_212af8c2,1339,عَجِلَ,ʿajila,ع-ج-ل,verb,,Form I,5,6,1,8,hastened,তাড়াহুড়া করেছি,نے جلدی کی,जल्दी की,lebih cepat,acele ettim,شتافتم,me suis hâté,20:84,https://quranicwords.vercel.app/quran-words/ajila-212af8c2.html
wv_251ff705,1340,يَجْهَلُ,yajhalu,ج-ه-ل,verb,,Form I,5,6,1,9,ignorant,মূর্খতা করছো,جہالت برت رہے ہو,जहालत बरत रहे हो / जिहालत बरतते हो,bodoh,cahil,نادانی می کنید,êtes ignorants,6:111,https://quranicwords.vercel.app/quran-words/yajhalu-251ff705.html
wv_26e612f0,1341,عَقَرَ,ʿaqara,ع-ق-ر,verb,,Form I,5,6,1,9,hamstrung,উটনী মেরে ফেলল,کاٹ ڈالا,कूँचें काट डालीं,ia memunuh,derken boğazladılar,پی کرد,a ensuite coupé ses jambes,54:29,https://quranicwords.vercel.app/quran-words/aqara-26e612f0.html
wv_29365f59,1342,ٱنشَقَّ,anshaqqa,ش-ق-ق,verb,,Form VII,5,6,1,9,has split,ছিঁড়েফেটে,پھٹ جائے گا,फट जाएगा,terbelah,yarıldığı,بشکافد,sera fendu,54:1,https://quranicwords.vercel.app/quran-words/anshaqqa-29365f59.html
wv_3036a43c,1343,أَوْقَدُ,awqadu,و-ق-د,verb,,Form IV,5,6,1,9,kindled,জ্বালিয়েছে,بھڑکائی,भड़काई,menyalakan,yakmışlarsa,برافروختند,allument,5:64,https://quranicwords.vercel.app/quran-words/awqadu-3036a43c.html
wv_3097411e,1344,بَرَزَ,baraza,ب-ر-ز,verb,,Form I,5,6,1,9,will come forth,উপস্থিত হবে,بےنقاب ہوں گے,निकलते हैं,menghadap,gelirler,آشکار شوند,sont venus en avant / viendront en avant,14:48,https://quranicwords.vercel.app/quran-words/baraza-3097411e.html
wv_33ba9f87,1345,يَرْهَقُ,yarhaqu,ر-ه-ق,verb,,Form I,5,6,1,10,Will cover,আচ্ছন্ন করবে,ڈھانکے گی,छा रही होगी,menutupinya,onları bürümüş,فرو گیرد,couvrira,80:41,https://quranicwords.vercel.app/quran-words/yarhaqu-33ba9f87.html
wv_3533b650,1346,خانُ,khānu,خ-و-ن,verb,,Form I,5,6,1,10,have betrayed,বিশ্বাসভঙ্গ করেছে,خیانت کی,ख़यानत की,berkhianat,hainlik yapmışlardı,خیانت کرده بودند,ont essayé de tromper,8:71,https://quranicwords.vercel.app/quran-words/khanu-3533b650.html
wv_37c8e009,1347,يُعَمَّرُ,yuʿammaru,ع-م-ر,verb,,Form II,5,6,1,10,could be granted a life,আয়ু দেয়া হত,عمر دیا جائے,उम्र दिया जाए,diberi umur,yaşaması,عمر داده شود,reçoive une longue vie,2:96,https://quranicwords.vercel.app/quran-words/yuammaru-37c8e009.html
wv_3b1ab7ee,1348,عَتَ,ʿata,ع-ت-و,verb,,Form I,5,6,1,10,insolent / rebelled,অবাধ্য হয়েছে,سرکشی کی,सरकशी की,angkuh,baş kaldırdı,سرپیچی کردند,ont été insolent / sont devenus insolents,7:77,https://quranicwords.vercel.app/quran-words/ata-3b1ab7ee.html
wv_3b4d2413,1349,ٱكْتَسَبَ,aktasaba,ك-س-ب,verb,,Form VIII,5,6,1,10,earned,অর্জন করেছে,کمایا,कमाया,usahakan,kazandıkları,به دست آورده اند,ont acquis / a acquis,24:11,https://quranicwords.vercel.app/quran-words/aktasaba-3b4d2413.html
wv_41d2e420,1350,يَعْتَذِرُ,yaʿtadhiru,ع-ذ-ر,verb,,Form VIII,5,6,2,1,to make excuses,অজুহাত পেশ করবে,عذر کریں گے,उज़र पेश करेंगे,maka,özür dilerler,عذر می آورند,donneront des excuses,77:36,https://quranicwords.vercel.app/quran-words/yatadhiru-41d2e420.html
wv_5018087a,1351,اسْتَبَقَ,astabaqa,س-ب-ق,verb,,Form VIII,5,6,2,1,both raced,উভয়ে দৌঁড়ে গেলো,دونوں بڑھے,दोनों दौड़े,berlomba-lomba,dökülürlerdi,وبا یکدیگر شتافتند,ont fait la course,12:25,https://quranicwords.vercel.app/quran-words/astabaqa-5018087a.html
wv_50d25e76,1352,تَقَرَّ,taqarra,ق-ر-ر,verb,,Form I,5,6,2,1,may be cooled,জুড়ায়,ٹھنڈی ہوں,ठंडी हों,dingin,aydın olması,روشن می دار,refroidisse,20:40,https://quranicwords.vercel.app/quran-words/taqarra-50d25e76.html
wv_52cc8c0f,1353,يَمْتَرُ,yamtaru,م-ر-ي,verb,,Form VIII,5,6,2,1,doubt,সন্দেহ করছে,شک کرتے,शक करते,adakan,kuşkulanmış,تردید می کردند,mettez en doute,44:50,https://quranicwords.vercel.app/quran-words/yamtaru-52cc8c0f.html
wv_52f6ad79,1354,أَسْكَن,askan,س-ك-ن,verb,,Form IV,5,6,2,1,have settled,বসবাস করিয়েছি,بسایا,बसाया,menempatkan,yerleştirdim,ساکن ساختیم,ai fait habiter avec tranquillité,14:37,https://quranicwords.vercel.app/quran-words/askan-52f6ad79.html
wv_539e6d68,1355,أَوْصَٰ,awṣā,و-ص-ي,verb,,Form IV,5,6,2,2,has made,অসীয়ত করেছে,وصیت کر جاؤ,वसीयत कर जाए,buat wasiat,yapacağı,سفارش می شود,a ordonné,4:11,https://quranicwords.vercel.app/quran-words/awsa-539e6d68.html
wv_5ff127b2,1356,ٱسْتَخْلَفَ,astakhlafa,خ-ل-ف,verb,,Form X,5,6,2,2,gave succession,প্রতিনিধি বানিয়েছিলেন,جانشین بنایا تھا,जानशीन बनाया था,berkuasa,hükümran kıldığı,جانشین ساخته بود,a rendu successeurs,24:55,https://quranicwords.vercel.app/quran-words/astakhlafa-5ff127b2.html
wv_6ed0a18f,1357,بَطَشْ,baṭash,ب-ط-ش,verb,,Form I,5,6,2,2,seize,আঘাত করো,پکڑتے ہو,पकड़ते हो,menampar,yakaladığınız,به کیفر دست می گشایید,saisissez violemment,26:130,https://quranicwords.vercel.app/quran-words/batash-6ed0a18f.html
wv_6f1f8c32,1358,هَلَكَ,halaka,ه-ل-ك,verb,,Form I,5,6,2,2,died,ধ্বংস হওয়ার,فوت ہوجائے,फ़ौत हो गया,binasa,helak olan,ازدست برفت,est mort,40:34,https://quranicwords.vercel.app/quran-words/halaka-6f1f8c32.html
wv_71676085,1359,غَلَّ,ghalla,غ-ل-ل,verb,,Form I,5,6,2,2,Are chained,খিয়ানত করেছিল,باندھ دیے گئے,ख़यानत की,dikhianatinya,bağlandı,بسته باد,a pris par escroquerie,5:64,https://quranicwords.vercel.app/quran-words/ghalla-71676085.html
wv_76acc851,1360,سَلَفَ,salafa,س-ل-ف,verb,,Form I,5,6,2,3,passed,অতীত হয়েছে,گزر چکا,गुज़र चुका,telah lalu,geçmişte,گذشته است,est passé,2:275,https://quranicwords.vercel.app/quran-words/salafa-76acc851.html
wv_7cc82ada,1361,تَبَرَّأَ,tabarraʾa,ب-ر-أ,verb,,Form V,5,6,2,3,declare our innocence,দায়মুক্ত বলে ঘোষণা করছি আমরা,بیزار ہوں گے,इज़हारे बराअत करते हैं,berlepas diri,uzak durdu,بیزاری جست,désavoueront,28:63,https://quranicwords.vercel.app/quran-words/tabarraa-7cc82ada.html
wv_8146328b,1362,أَثارُ,athāru,ث-و-ر,verb,,Form IV,5,6,2,3,dug,উড়ায়,قسم ہے اڑانے والیاں,उड़ाते हैं,ia menerbangkan,alt-üst etmişlerdi,برمی انگیزانند,font ensuite monter,30:9,https://quranicwords.vercel.app/quran-words/atharu-8146328b.html
wv_840251de,1363,جَهَرَ,jahara,ج-ه-ر,verb,,Form I,5,6,2,3,publicizes,প্রকাশ করে,ظاہر کرے,ज़ाहिर करे,nampakkan,açık,به آواز بلند گوید,rend publique,13:10,https://quranicwords.vercel.app/quran-words/jahara-840251de.html
wv_8ca86e81,1364,فَرَقْ,faraq,ف-ر-ق,verb,,Form I,5,6,2,3,parted,বিভক্ত করেছিলাম,پھاڑا,फाड़ा,membelah,yarmıştık,شکا فتیم,avons séparé,2:50,https://quranicwords.vercel.app/quran-words/faraq-8ca86e81.html
wv_8f311fb9,1365,أَجْرَمُ,ajramu,ج-ر-م,verb,,Form IV,5,6,2,4,committed crimes,অপরাধ করেছে,جرم کیا,जुर्म किए,berdosa,suç işleyen,بزهکاری کردند,ont commis des crimes,83:29,https://quranicwords.vercel.app/quran-words/ajramu-8f311fb9.html
wv_91ad82fa,1366,قَبَضْ,qabaḍ,ق-ب-ض,verb,,Form I,5,6,2,4,took,মুঠিতে নিয়েছি,نے اٹھا لی,पस मुट्ठी भर ली,menggenggam,aldım,گرفتم,ai donc pris par ma main,20:96,https://quranicwords.vercel.app/quran-words/qabad-91ad82fa.html
wv_948c3202,1367,شَرَحَ,sharaḥa,ش-ر-ح,verb,,Form I,5,6,2,4,has expanded,উন্মুক্ত রাখে,کھول دیا,खोल दिया,melapangkan,açan,بگشاید,a ouvert,39:22,https://quranicwords.vercel.app/quran-words/sharaha-948c3202.html
wv_9e3e9e83,1368,أَحْصَنَتْ,aḥṣanat,ح-ص-ن,verb,,Form IV,5,6,2,4,guarded,বিবাহিতা হয়,حفاظت کی,निकाह में लाई जाऐं,ia memelihara,evli,شوهر دار شدند,a protégé,21:91,https://quranicwords.vercel.app/quran-words/ahsanat-9e3e9e83.html
wv_9ef6e079,1369,يُؤَدِّ,yuʾaddi,أ-د-ي,verb,,Form II,5,6,2,4,render,ফেরত দেবে,ادا کردے گا,अदा कर देगा,ia mengembalikannya,onu öder,باز پس می دهد,délivrer,4:58,https://quranicwords.vercel.app/quran-words/yuaddi-9ef6e079.html
wv_9f4f7ddb,1370,ٱقْتَرَبَ,aqtaraba,ق-ر-ب,verb,,Form VIII,5,6,2,5,approached,নিকটবর্তী হয়েছে,قریب آگئی,क़रीब आ गई,telah dekat,yaklaştı,نزدیک است,approché,21:1,https://quranicwords.vercel.app/quran-words/aqtaraba-9f4f7ddb.html
wv_9ffb191b,1371,يَعْرُجُ,yaʿruju,ع-ر-ج,verb,,Form I,5,6,2,5,ascend,উঠে,چڑھتا ہے,चढ़ता है,naik,çıkar,بالا می رود,monte,15:14,https://quranicwords.vercel.app/quran-words/yaruju-9ffb191b.html
wv_a6204b6f,1372,ءَانَسَ,ʾānasa,أ-ن-س,verb,,Form IV,5,6,2,5,perceive,দেখেছি,دیکھا,देखी है मैं ने,melihat,gördüm,دیدم,ai aperçu,4:6,https://quranicwords.vercel.app/quran-words/anasa-a6204b6f.html
wv_a6afa3cb,1373,نَصَحُ,naṣaḥu,ن-ص-ح,verb,,Form I,5,6,2,5,advised,উপদেশ দিয়েছি,نے خیر خواہی کی,ख़ैरख़्वाही की,telah memberi nasehat,öğüt verdim,خیر خواهی کردم,ai conseillé sincèrement,7:79,https://quranicwords.vercel.app/quran-words/nasahu-a6afa3cb.html
wv_aaff893b,1374,أَوَى,awā,أ-و-ي,verb,,Form I,5,6,2,5,retired,আশ্রয় নিয়েছিলাম,نے پناہ لی تھی,पनाह ली,mencari tempat berlindung,sığındıkları,جای گرفتیم,avons pris refuge,18:63,https://quranicwords.vercel.app/quran-words/awa-aaff893b.html
wv_abcfa568,1375,طَعِمُ,ṭaʿimu,ط-ع-م,verb,,Form I,5,6,2,6,ate,খাওয়া শেষ করো,کھانا کھالو,खाना खालो,selesai makan,yediklerinden,خورده اند,avez mangé,5:93,https://quranicwords.vercel.app/quran-words/taimu-abcfa568.html
wv_b1960c32,1376,ذُبِحَ,dhubiḥa,ذ-ب-ح,verb,,Form I,5,6,2,6,is sacrificed,বলি দেয়া হয়েছে,ذبح کیا گیا,ज़िबह किया गया,disembelih,boğazlanan,سر بریده شده,a été égorgé,5:3,https://quranicwords.vercel.app/quran-words/dhubiha-b1960c32.html
wv_b733b28f,1377,أَرْضَعَتْ,arḍaʿat,ر-ض-ع,verb,,Form IV,5,6,2,6,suckle,দুধপান করায়,دودھ پلائیں,दूध पिलाऐं,disusukannya,emzirirlerse,شیر دهند,a allaité,65:6,https://quranicwords.vercel.app/quran-words/ardaat-b733b28f.html
wv_bac1af82,1378,اعْتَصَمُ,aʿtaṣamu,ع-ص-م,verb,,Form VIII,5,6,2,6,held fast,দৃঢ়তা অবলম্বন করেছে,مضبوطی سے تھام لیا,मज़बूत पकड़ा,berpegang teguh,yapışanlar,وچنگ زدند,ont tenu fermement,4:175,https://quranicwords.vercel.app/quran-words/atasamu-bac1af82.html
wv_c048074d,1379,أَلَّفَ,allafa,أ-ل-ف,verb,,Form II,5,6,2,6,put affection,সম্প্রীতি স্থাপন করেছেন,الفت ڈال دی,उलफ़त डाल दी,menjinakkan,uzlaştırdı,پیوستگی داد,a uni,8:63,https://quranicwords.vercel.app/quran-words/allafa-c048074d.html
wv_c081f863,1380,وَهَنَ,wahana,و-ه-ن,verb,,Form I,5,6,2,7,weakened,নরম হয়েছে,کمزور ہوگئیں,कमज़ोर हो गईं,telah lemah,gevşedi,سست شده,sont devenus faibles avec paresse,19:4,https://quranicwords.vercel.app/quran-words/wahana-c081f863.html
wv_c145e2df,1381,تَطَهَّرْ,taṭahhar,ط-ه-ر,verb,,Form V,5,6,2,7,are purified,পবিত্র হয়,پاک ہو جائیں,अच्छी तरह पाक हो जाऐं,telah suci,temizlendikleri,پاکی ورزیدند,se sont purifiées,2:222,https://quranicwords.vercel.app/quran-words/tatahhar-c145e2df.html
wv_c34e4538,1382,طُمِسَتْ,ṭumisat,ط-م-س,verb,,Form I,5,6,2,7,are obliterated,নিষ্প্রভ করেছিলাম,موند ڈالیں,मिटा दिए जाऐंगे,butakan,de siliverdik,محو شوند,auront été anéanties,77:8,https://quranicwords.vercel.app/quran-words/tumisat-c34e4538.html
wv_c7c6d526,1383,يَرْكَعُ,yarkaʿu,ر-ك-ع,verb,,Form I,5,6,2,7,Bow,অবনত হও,رکوع کرو,रुकूअ करो,ruku'lah,rüku' edin,رکوع کنید,Inclinez-vous,22:77,https://quranicwords.vercel.app/quran-words/yarkau-c7c6d526.html
wv_c9e0fa94,1384,تَواصَ,tawāṣa,و-ص-ي,verb,,Form VI,5,6,2,7,enjoin each other,পরস্পরকে উপদেশ দিয়েছে,ایک دوسرے کو تلقین کی,एक दूसरे को तलक़ीन की,saling berwasiat,tavsiye edenler,سفارش نموده اند یکدیگر را / سفارش کردند همدیگر را,ont recommandé à l’un l’autre,90:17,https://quranicwords.vercel.app/quran-words/tawasa-c9e0fa94.html
wv_ccc6efa1,1385,ءَاثَرَ,ʾāthara,أ-ث-ر,verb,,Form IV,5,6,2,8,preferred,অগ্রাধিকার দিয়েছে,ترجیح دی,तरजीह दी,ia senang,yeğlemişse,ترجیح داده باشد,a préféré,79:38,https://quranicwords.vercel.app/quran-words/athara-ccc6efa1.html
wv_cd6017e3,1386,حُمِّلَ,ḥummila,ح-م-ل,verb,,Form II,5,6,2,8,placed on,আমাদের উপর চাপানো হয়েছিলো,اٹھوائے گئے,उठवाए गए,dibebankan,bize yükletilmişti,بر ما نهادند,a été mis à porter,24:54,https://quranicwords.vercel.app/quran-words/hummila-cd6017e3.html
wv_d5a60825,1387,دَرَسُ,darasu,د-ر-س,verb,,Form I,5,6,2,8,have studied,অধ্যয়ন করেছে,پڑھ کر آیا,पढ़ लिया था,mempelajari,ders almışsın,آموخته ای,as étudié,6:105,https://quranicwords.vercel.app/quran-words/darasu-d5a60825.html
wv_d73b5659,1388,خَلَفَ,khalafa,خ-ل-ف,verb,,Form I,5,6,2,8,succeeded,স্থলাভিষিক্ত হলো,پیچھے آئے,पीछे आए,datang,ardından,آمد,ont ensuite succédé,19:59,https://quranicwords.vercel.app/quran-words/khalafa-d73b5659.html
wv_d808a4d0,1389,أَسَآءَ,asaʾāʾa,س-و-أ,verb,,Form IV,5,6,2,8,do evil / does evil,মন্দ করবে,برا کیا,बुरा किया,berbuat jahat / berbuat kejahatan,kötülük eden / kötülük yaparsa,بدی کند,a fait du mal,53:31,https://quranicwords.vercel.app/quran-words/asaaa-d808a4d0.html
wv_d9aa7444,1390,فَرَّط,farraṭ,ف-ر-ط,verb,,Form II,5,6,2,9,neglected,অন্যায় করেছো,نے کمی کی,कमी,kelalaian,kusurunuz,کوتا هی ای کردید,ai manqué,39:56,https://quranicwords.vercel.app/quran-words/farrat-d9aa7444.html
wv_f09938bb,1391,تَّقَطَّعَ,ttaqaṭṭaʿa,ق-ط-ع,verb,,Form V,5,6,2,9,cut off,ছিন্ন হয়েছে,ٹکڑے ٹکڑے کر ڈالا,कट गया,berputus-putus,kesildi,جدا کردند,ont divisés,21:93,https://quranicwords.vercel.app/quran-words/ttaqattaa-f09938bb.html
wv_f32fd25f,1392,يَشْفَعُ,yashfaʿu,ش-ف-ع,verb,,Form I,5,6,2,9,intercede,সুপারিশ করবে,سفارش کرے گا,सिफ़ारिश करेगा,memberi syafa'at,destek olursa,شفاعت کند,intercède,2:255,https://quranicwords.vercel.app/quran-words/yashfau-f32fd25f.html
wv_fe3763b8,1393,بَكَتْ,bakat,ب-ك-ي,verb,,Form I,5,6,2,9,weeping,কাঁদতে কাঁদতে,روتے پیٹتے,रोते हुए,menangis,ağlayarak,در حالی که گریه می کنند,pleuraient,12:16,https://quranicwords.vercel.app/quran-words/bakat-fe3763b8.html
wn_000fdd68,1394,نَصَب,naṣab,ن-ص-ب,noun,Noun (Ism),,4,7,2,8,fatigue,ক্লান্তি,تھکاوٹ,थकावट,kelelahan,yorgunluk,رنجی,fatigue,15:48,https://quranicwords.vercel.app/quran-words/nasab-000fdd68.html
wn_00e72dc5,1395,مَجِيد,majīd,م-ج-د,noun,Noun (Ism),,4,7,2,8,Glorious,সম্মানিত,برزرگی والا,बड़ी शान वाला,agung,lütfu bol olandır,بلند جایگاه,Extrêmement Glorieux,85:21,https://quranicwords.vercel.app/quran-words/majid-00e72dc5.html
wn_0380761f,1396,مُلاقُوا,mulāqū,ل-ق-ي,noun,Active participle (Ism Fāʿil),,4,7,2,8,be meeting,সাক্ষাত করবে,ملاقات کرنے والے,मुलाक़ात करने वाले,menemui,kavuşacaklardır,دیدار کنندگان,gens qui rencontrent,11:29,https://quranicwords.vercel.app/quran-words/mulaqu-0380761f.html
wn_04570ec4,1397,أَقْوَم,aqwam,ق-و-م,noun,Noun (Ism),,4,7,2,8,more suitable,দৃঢ়তর,ذیادہ درست,ज़्यादा दुरुस्त,lebih lurus,daha sağlam,درست تر,plus droit,73:6,https://quranicwords.vercel.app/quran-words/aqwam-04570ec4.html
wn_05144f5b,1398,جِهاد,jihād,ج-ه-د,noun,Noun (Ism),,4,7,2,8,striving,জিহাদ,جہاد,जिहाद,berjihad,cihad etmekten,برای جهاد,lutte,25:52,https://quranicwords.vercel.app/quran-words/jihad-05144f5b.html
wn_0590f4da,1399,مُنتَصِر,muntaṣir,ن-ص-ر,noun,Active participle (Ism Fāʿil),,4,7,2,9,help themselves,আত্মরক্ষা করতে সক্ষম,بدلہ لینے والے,बदला लेने वाले,dapat menolong,kendisinine yardım edilen,انتقام گیرنده,ceux qui peuvent se défendre,51:45,https://quranicwords.vercel.app/quran-words/muntasir-0590f4da.html
wn_05a1426e,1400,مِحْراب,miḥrāb,ح-ر-ب,noun,Noun (Ism),,4,7,2,9,prayer chamber,কক্ষে,محراب,मेहराब,mihrab / mimbar,mabed,محراب,chambre principale,19:11,https://quranicwords.vercel.app/quran-words/mihrab-05a1426e.html
wn_098e97c9,1401,شِهاب,shihāb,ش-ه-ب,noun,Noun (Ism),,4,7,2,9,burning flame,অগ্নি শিখা,انگارہ,शोला,nyala api,alev,ستاره ای آتشین,feu brillant,15:18,https://quranicwords.vercel.app/quran-words/shihab-098e97c9.html
wn_0a35da28,1402,باقِيَة,bāqiyah,ب-ق-ي,noun,Active participle (Ism Fāʿil),,4,7,2,9,enduring,স্থায়ী,باقی رہنے والیاں,बाक़ी रहने वाली,kekal,kalıcı olan,باقی مانده ای,actions persistantes,18:46,https://quranicwords.vercel.app/quran-words/baqiyah-0a35da28.html
wn_0b79d918,1403,مالِك,mālik,م-ل-ك,noun,Active participle (Ism Fāʿil),,4,7,2,9,Master,মালিক,مالک,मालिक,memiliki,malik olmaktadırlar,ای دارنده,Possesseur,1:4,https://quranicwords.vercel.app/quran-words/malik-0b79d918.html
wn_0c94bddb,1404,زُور,zūr,ز-و-ر,noun,Noun (Ism),,4,7,2,10,lie,মিথ্যার,جھوٹ,झूठ,dusta,yalan,ناراست,faux / parole fausse,25:4,https://quranicwords.vercel.app/quran-words/zur-0c94bddb.html
wn_0e63e6a0,1405,مَعِين,maʿīn,ع-ي-ن,noun,Noun (Ism),,4,7,2,10,flowing,ঝর্ণা,بہتا,बहता हुआ,mata air,akar,آبی روان,eau visible coulante,67:30,https://quranicwords.vercel.app/quran-words/main-0e63e6a0.html
wn_0f40f61e,1406,جَسَد,jasad,ج-س-د,noun,Noun (Ism),,4,7,2,10,body,অবয়ব,ایسے جسم,ऐसे जिस्म,jasad,ceset,جسدی,corps sans sang liquide,38:34,https://quranicwords.vercel.app/quran-words/jasad-0f40f61e.html
wn_0ff30ae0,1407,أَخْسَر,akhsar,خ-س-ر,noun,Noun (Ism),,4,7,2,10,greatest losers,সর্বাধিক ক্ষতিগ্রস্ত,سب سے زیادہ خسارہ پانے والے,सब से ज़्यादा ख़सारा पाने वाला,orang-orang yang paling rugi,en fazla zararlı çıkanlardır,زیان کار ترین اند,plus grands perdants,21:70,https://quranicwords.vercel.app/quran-words/akhsar-0ff30ae0.html
wn_167ac50a,1408,كَرْب,karb,ك-ر-ب,noun,Noun (Ism),,4,7,2,10,distress,সংকট,کرب,मुसीबत,bencana,sıkıntılardan,اندوه,angoisse,6:64,https://quranicwords.vercel.app/quran-words/karb-167ac50a.html
wn_1ba41611,1409,مَقْعَد,maqʿad,ق-ع-د,noun,Noun (Ism),,4,7,3,1,positions,আসনগুলোতে,بیٹھنے کی جگہوں,जगह,beberapa tempat,oturma yerlerinde,جایگاه هایی,positions,72:9,https://quranicwords.vercel.app/quran-words/maqad-1ba41611.html
wn_1c09ef91,1410,زُلْفَى,zulfā,ز-ل-ف,noun,Noun (Ism),,4,7,3,1,position,কাছাকাছি,درجے,क़रीब करना,dekat,daha yakın,نزدیک گردانیدنی,proximité spirituelle,34:37,https://quranicwords.vercel.app/quran-words/zulfa-1c09ef91.html
wn_1c160615,1411,هُنَا,hunā,,noun,Demonstrative (Ism Ishārah),,4,1,2,3,here,এখানে,یہاں,यहाँ,di sini,burada,اینجا,ici,26:146,https://quranicwords.vercel.app/quran-words/huna-1c160615.html
wn_1e403e0f,1412,بُرُوج,burūj,ب-ر-ج,noun,Noun (Ism),,4,7,3,1,constellations,বুরুজ,برج,कई बुर्ज,gugusan bintang,burçlar,برج هایی,constellations,15:16,https://quranicwords.vercel.app/quran-words/buruj-1e403e0f.html
wn_1e76870b,1413,كِسَف,kisaf,ك-س-ف,noun,Noun (Ism),,4,7,3,1,fragments,এক টুকরো,ٹکڑا,टुकड़ा,berkeping-keping,parçalar,پاره ای / پاره پاره,morceaux,26:187,https://quranicwords.vercel.app/quran-words/kisaf-1e76870b.html
wn_20334c54,1414,عَنِيد,ʿanīd,ع-ن-د,noun,Noun (Ism),,4,7,3,1,obstinate / stubborn,উদ্ধত,عناد رکھنے والا / عناد رکھنے والے,इनाद रखने वाला,keras kepala,inatçı,ستیزنده,très déviant,14:15,https://quranicwords.vercel.app/quran-words/anid-20334c54.html
wn_2ce866a6,1415,مَكِين,makīn,م-ك-ن,noun,Noun (Ism),,4,7,3,2,firm,মর্যাদাশালী,بلند مرتبے والا,बुलन्द मरतबा,kedudukan tinggi,sağlam,استوار,établi,23:13,https://quranicwords.vercel.app/quran-words/makin-2ce866a6.html
wn_2e04195b,1416,شَيْخ,shaykh,ش-ي-خ,noun,Noun (Ism),,4,7,3,2,old,বৃদ্ধ,بوڑھا,बूढ़ा,tua,ihtiyar,پیر,vieil homme,12:78,https://quranicwords.vercel.app/quran-words/shaykh-2e04195b.html
wn_31aea745,1417,عُلُوّ,ʿuluww,ع-ل-و,noun,Noun (Ism),,4,7,3,2,haughtiness,অহংকারবশত,بلندی,सरकशी,kesombongan,böbürlenmeleri yüzünden,برتری جویی,arrogance,17:4,https://quranicwords.vercel.app/quran-words/uluww-31aea745.html
wn_31f91969,1418,مُرْسِل,mursil,ر-س-ل,noun,Active participle (Ism Fāʿil),,4,7,3,2,sending,প্রেরণকারী,بھیجنے والے,भेजने वाले,mengirimkan,elçi göndericiyiz,فرستند گان,envoyeurs,54:27,https://quranicwords.vercel.app/quran-words/mursil-31f91969.html
wn_32270351,1419,كَفّارَة,kaffārah,ك-ف-ر,noun,Noun (Ism),,4,7,3,2,expiation,প্রায়শ্চিত্ত,کفارہ,कफ़्फ़ारा,denda,keffareti,کفاره ای,expiation,5:45,https://quranicwords.vercel.app/quran-words/kaffarah-32270351.html
wn_350fa0f1,1420,جُنُب,junub,ج-ن-ب,noun,Noun (Ism),,4,7,3,3,distance,অপবিত্র,اجنبی,हालते जनाबत,jauh,cünüp,بیگانه,gens en état d’impureté majeur,28:11,https://quranicwords.vercel.app/quran-words/junub-350fa0f1.html
wn_3651907c,1421,كِفْل,kifl,ك-ف-ل,noun,Noun (Ism),,4,7,3,3,Dhul-Kifl,যুলকিফ্‌লকে,ذوالکفل,ज़ुल किफ़्ल,Zulkifli,iki pay,دو بهره,l-Kifl,21:85,https://quranicwords.vercel.app/quran-words/kifl-3651907c.html
wn_3a8cefa8,1422,ثَمانِيَة,thamāniyah,ث-م-ن,noun,Noun (Ism),,4,7,3,3,eight,আট,آٹھ,आठ,delapan,sekiz,هشت,huit,69:17,https://quranicwords.vercel.app/quran-words/thamaniyah-3a8cefa8.html
wn_3e23b55b,1423,راضِيَة,rāḍiyah,ر-ض-و,noun,Active participle (Ism Fāʿil),,4,7,3,3,pleasant,সন্তোষজনক,دل پسند,दिल पसंद,diridhoi,memmun eden,خشنودند,satisfaisante,69:21,https://quranicwords.vercel.app/quran-words/radiyah-3e23b55b.html
wn_419175e8,1424,عِين,ʿīn,ع-ي-ن,noun,Noun (Ism),,4,7,3,3,beautiful eyes,আয়তলোচনা,بڑی آنکھوں والی,बड़ी आँखों वाली,mata,iri gözlü,فراخ چشم,aux yeux grands,37:48,https://quranicwords.vercel.app/quran-words/in-419175e8.html
wn_43325d6f,1425,بَعْث,baʿth,ب-ع-ث,noun,Noun (Ism),,4,7,3,4,Resurrection,উত্থানের,قیامت,दोबारा उठने,berbangkit,dirilme,رستاخیز,Résurrection,22:5,https://quranicwords.vercel.app/quran-words/bath-43325d6f.html
wn_4615da22,1426,مَغانِم,maghānim,غ-ن-م,noun,Noun (Ism),,4,7,3,4,spoils of war,গণিমতের মাল,غنیمتوں / غنیمتیں,ग़नीमतें,rampasan perang,ganimetler,غنیمت های,butins,48:20,https://quranicwords.vercel.app/quran-words/maghanim-4615da22.html
wn_46fc5b16,1427,واسِعَة,wāsiʿah,و-س-ع,noun,Active participle (Ism Fāʿil),,4,7,3,4,spacious,প্রশস্ত,وسیع,वसीअ,luas,geniştir,فراخ / گسترده,vaste,29:56,https://quranicwords.vercel.app/quran-words/wasiah-46fc5b16.html
wn_49716db3,1428,زُخْرُف,zukhruf,ز-خ-ر-ف,noun,Noun (Ism),,4,7,3,4,decorative,সোনার,سونے,मुलम्मा की हुई,palsu yang indah-indah,süsler,زر,or,6:112,https://quranicwords.vercel.app/quran-words/zukhruf-49716db3.html
wn_49df1262,1429,أَحْبار,aḥbār,ح-ب-ر,noun,Noun (Ism),,4,7,3,4,rabbis,পন্ডিতগণ,علماء,उलेमा,para pendeta,alimlere,دانشمندان,savants,9:34,https://quranicwords.vercel.app/quran-words/ahbar-49df1262.html
wn_4af002be,1430,عَلّام,ʿallām,ع-ل-م,noun,Noun (Ism),,4,7,3,5,All-Knower,খুব অবহিত,خوب جاننے والا,ख़ूब जानने वाला,Maha Mengetahui,bilen,بسیار داننده,Celui qui connaît parfaitement,34:48,https://quranicwords.vercel.app/quran-words/allam-4af002be.html
wn_4de49635,1431,هُون,hūn,ه-و-ن,noun,Noun (Ism),,4,7,3,5,humiliating,অপমানকর,رسوائی,रुस्वाई,menghinakan,alçaltıcı,خواری,humiliation,41:17,https://quranicwords.vercel.app/quran-words/hun-4de49635.html
wn_5070542a,1432,مَحْرُوم,maḥrūm,ح-ر-م,noun,Passive participle (Ism Mafʿūl),,4,7,3,5,deprived,বঞ্চিতের,محروم کے لیے,महरूम,orang yang kekurangan,mahrum bırakıldık,بی بهره ایم,défavorisé,56:67,https://quranicwords.vercel.app/quran-words/mahrum-5070542a.html
wn_51064db8,1433,مُتَقابِل,mutaqābil,ق-ب-ل,noun,Active participle (Ism Fāʿil),,4,7,3,5,facing each other,মুখোমুখি হয়ে,آمنے سامنے بیٹھنے والے,आमने-सामने,berhadap-hadapan,karşılıklı otururlar,درحالی که رو بروی یکدیگر باشند,gens qui se font face,56:16,https://quranicwords.vercel.app/quran-words/mutaqabil-51064db8.html
wn_5648afd0,1434,دَأْب,daʾb,د-أ-ب,noun,Noun (Ism),,4,7,3,5,plight,কর্মপন্থা,حالت,हालत,keadaan,durumu,شیوۂ,comportement habituel,40:31,https://quranicwords.vercel.app/quran-words/dab-5648afd0.html
wn_56dbcb8a,1435,سَقَر,saqar,,noun,Proper noun,,4,7,3,6,Hell,জাহান্নামের,دوزخ,दोज़ख़,neraka saqar,cehennemin,دوزخ,Enfer,74:26,https://quranicwords.vercel.app/quran-words/saqar-56dbcb8a.html
wn_573dff7e,1436,حُور,ḥūr,ح-و-ر,noun,Noun (Ism),,4,7,3,6,Fair ones,হুর সমূহ,حوریں,गोरी औरतें,bidadari,huriler,سیاه چشم,femmes aux yeux blancs,55:72,https://quranicwords.vercel.app/quran-words/hur-573dff7e.html
wn_5c3288b7,1437,مُحَمَّد,muḥammad,ح-م-د,noun,Proper noun,,4,7,3,6,Muhammad,মুহাম্মাদ,محمد,मुहम्मद / मोहम्मद,Muhammad,Muhammed,محمد / محمّد,Mouḥammad,33:40,https://quranicwords.vercel.app/quran-words/muhammad-5c3288b7.html
wn_5c862bdd,1438,أَكْل,akl,أ-ك-ل,noun,Verbal noun (Maṣdar),,4,7,3,6,devouring,খাওয়া,کھانا,खा जाना,dengan makan,yiyişle,خوردنی,consommation,89:19,https://quranicwords.vercel.app/quran-words/akl-5c862bdd.html
wn_5dab9dba,1439,فُسُوق,fusūq,ف-س-ق,noun,Noun (Ism),,4,7,3,6,defiance,অন্যায়,فسق,गुनाह,kefasikan,fısk,انواع فسق,immoral,49:7,https://quranicwords.vercel.app/quran-words/fusuq-5dab9dba.html
wn_616a8f47,1440,مِصْباح,miṣbāḥ,ص-ب-ح,noun,Noun (Ism),,4,7,3,7,lamp,একটি প্রদীপ,چراغ,चिराग़,pelita,lamba,ان چراغ,lampe,24:35,https://quranicwords.vercel.app/quran-words/misbah-616a8f47.html
wn_62627d9c,1441,شَأْن,shaʾn,ش-أ-ن,noun,Noun (Ism),,4,7,3,7,matter,অবস্থা,حالت ہوگی,ऐसी हालत होगी,kesibukan,derdi,هیچ کاری,situation,80:37,https://quranicwords.vercel.app/quran-words/shan-62627d9c.html
wn_6284b22a,1442,خَلِيل,khalīl,خ-ل-ل,noun,Noun (Ism),,4,7,3,7,friend,বন্ধুরূপে,دوست,दिली दोस्त,kesayangan,dost,دوستی,ami très proche,25:28,https://quranicwords.vercel.app/quran-words/khalil-6284b22a.html
wn_63714935,1443,مُبْلِس,mublis,ب-ل-س,noun,Active participle (Ism Fāʿil),,4,7,3,7,despair,নিরাশ হয়ে পড়লো,مایوس ہونے والے تھے,मायूस होने वाले थे,orang-orang berputus asa,bütün umutlarnı yitirdiler,ناامید خواهند بود,désespérés,43:75,https://quranicwords.vercel.app/quran-words/mublis-63714935.html
wn_67eac45c,1444,قارُون,qārūn,,noun,Proper noun,,4,7,3,7,Qarun,কারূনের,قارون,क़ारून,Karun,Karun'a,قارون,Coré,28:79,https://quranicwords.vercel.app/quran-words/qarun-67eac45c.html
wn_68850c56,1445,غُيُوب,ghuyūb,غ-ي-ب,noun,Noun (Ism),,4,7,3,8,unseen,অদৃশ্য সম্বন্ধে,غیبوں,ग़ैबों,segala yang gaib,gizlileri,نهان هایی,inaperçus,34:48,https://quranicwords.vercel.app/quran-words/ghuyub-68850c56.html
wn_6a60a04c,1446,هَنِيئ,hanīʾ,ه-ن-أ,noun,Noun (Ism),,4,7,3,8,satisfaction,তৃপ্তির সাথে,مزے,मज़े,dengan senang,afiyetle,گوارا,plaisir,52:19,https://quranicwords.vercel.app/quran-words/hani-6a60a04c.html
wn_6a9aff05,1447,مُبْصِر,mubṣir,ب-ص-ر,noun,Active participle (Ism Fāʿil),,4,7,3,8,giving visibility,উজ্জ্বল,روشن,रौशन,terang benderang,aydınlatıcı olarak,برای دیدن,quelque chose qui donne la vue,10:67,https://quranicwords.vercel.app/quran-words/mubsir-6a9aff05.html
wn_6b8b1813,1448,مُبارَكَة,mubārakah,ب-ر-ك,noun,Noun (Ism),,4,7,3,8,blessed,কল্যাণকর,بابرکت,बरकत वाली / बाबरकत,diberkati,mübarek,مبارک,bénie,24:35,https://quranicwords.vercel.app/quran-words/mubarakah-6b8b1813.html
wn_6bef9482,1449,مَكْنُون,maknūn,ك-ن-ن,noun,Passive participle (Ism Mafʿūl),,4,7,3,8,well-protected,সুরক্ষিত,چھپے ہوئے,छुपा कर रखे गए,terpelihara,saklı,نهان داشته شده اند,protégées,52:24,https://quranicwords.vercel.app/quran-words/maknun-6bef9482.html
wn_6e353996,1450,جاهِلِيَّة,jāhiliyyah,ج-ه-ل,noun,Proper noun,,4,7,3,9,ignorance,অজ্ঞতার,جاہلیت,जाहिलियत,Jahiliyah,cahiliyye,جاهلیت,ignorance,33:33,https://quranicwords.vercel.app/quran-words/jahiliyyah-6e353996.html
wn_6e3f5b0f,1451,أَطْهَر,aṭhar,ط-ه-ر,noun,Noun (Ism),,4,7,3,9,purer,অধিক পবিত্র,زیادہ پاکیزہ,ज़्यादा पाकीज़ा,lebih suci,daha temizdir,پاکیزه تر,plus pur,11:78,https://quranicwords.vercel.app/quran-words/athar-6e3f5b0f.html
wn_6f1eb7ba,1452,أَكْواب,akwāb,ك-و-ب,noun,Noun (Ism),,4,7,3,9,cups,পানপাত্রগুলো,پیالے,प्याले,piala-piala,kadehler,تنگ هایی,bocaux,88:14,https://quranicwords.vercel.app/quran-words/akwab-6f1eb7ba.html
wn_70177154,1453,شِفاء,shifāʾ,ش-ف-ي,noun,Noun (Ism),,4,7,3,9,healing,আরোগ্য,شفا,शिफ़ा,obat,şifa,شفا,guérison,17:82,https://quranicwords.vercel.app/quran-words/shifa-70177154.html
wn_70326f02,1454,عَجُوز,ʿajūz,ع-ج-ز,noun,Noun (Ism),,4,7,3,9,old woman,বৃদ্ধা,بڑھیا,बुढ़िया,perempuan tua,koca karı,پیرزنی,vielle femme,26:171,https://quranicwords.vercel.app/quran-words/ajuz-70326f02.html
wn_70fefa0a,1455,إِسْتَبْرَق,istabraq,,noun,Noun (Ism),,4,7,3,10,heavy brocade,মোটা রেশমের,دبیز ریشم,मोटे रेशम,sutera tebal,kalın ipekten,ابریشم ستبر,soie épaisse,76:21,https://quranicwords.vercel.app/quran-words/istabraq-70fefa0a.html
wn_79b61a02,1456,صَرْح,ṣarḥ,ص-ر-ح,noun,Noun (Ism),,4,7,3,10,palace,সুউচ্চ প্রাসাদ,محل,बुलन्द इमारत / महल,istana,kule,قصری,palais / tour,27:44,https://quranicwords.vercel.app/quran-words/sarh-79b61a02.html
wn_7a7bd5ed,1457,فائِز,fāʾiz,ف-و-ز,noun,Active participle (Ism Fāʿil),,4,7,3,10,successful ones,সফলকাম,کامیاب ہونے والے,कामयाब होने वाले,orang-orang yang beruntung,kazananlar,کامیاب اند / کامیابان اند,ceux qui réussissent,23:111,https://quranicwords.vercel.app/quran-words/faiz-7a7bd5ed.html
wn_7c0b3526,1458,أَرْحَم,arḥam,ر-ح-م,noun,Noun (Ism),,4,7,3,10,Most Merciful,শ্রেষ্ঠ দয়ালু,سب سے بڑھ کر,सबसे ज़्यादा रहम वाला,Maha Penyayang,en merhametlisidir,مهربان ترین,Plus Miséricordieux,21:83,https://quranicwords.vercel.app/quran-words/arham-7c0b3526.html
wn_81208a45,1459,حاصِب,ḥāṣib,ح-ص-ب,noun,Active participle (Ism Fāʿil),,4,7,3,10,storm of stones,কংকর বর্ষণকারী ঝড়ো হাওয়া,پتھروں کی بارش,पत्थरों की आँधी,angin yang mengandung batu,fırtına,شن بادی,vent qui porte des pierres,54:34,https://quranicwords.vercel.app/quran-words/hasib-81208a45.html
wn_83a18150,1460,عَقِيم,ʿaqīm,ع-ق-م,noun,Noun (Ism),,4,7,4,1,barren,বন্ধ্যা,بانجھ,बाँझ,mandul,kısır,نازا,infécond / stérile,51:29,https://quranicwords.vercel.app/quran-words/aqim-83a18150.html
wn_86f9c226,1461,غَمام,ghamām,غ-م-م,noun,Noun (Ism),,4,7,4,1,clouds,মেঘমালা,بادلوں,बादलों,awan,bulutla,ابر,nuages,2:210,https://quranicwords.vercel.app/quran-words/ghamam-86f9c226.html
wn_8c53db5c,1462,أَكِنَّة,akinnah,ك-ن-ن,noun,Noun (Ism),,4,7,4,1,coverings,আবরণ,غلاف,पर्दे,tutup,engel olan örtüler,پرده هایی,voile protecteur,41:5,https://quranicwords.vercel.app/quran-words/akinnah-8c53db5c.html
wn_8d0704d8,1463,سَيِّئ,sayyiʾ,س-و-أ,noun,Noun (Ism),,4,7,4,1,evil,নিকৃষ্ট,بری,बुरी,jelek,kötü,بد,mal,9:102,https://quranicwords.vercel.app/quran-words/sayyi-8d0704d8.html
wn_8d2a2b7e,1464,جُوع,jūʿ,ج-و-ع,noun,Noun (Ism),,4,7,4,1,hunger,ক্ষুধা,بھوک,भूख,kelaparan,açlık,گرسنگی,faim,88:7,https://quranicwords.vercel.app/quran-words/ju-8d2a2b7e.html
wn_8dfe1b66,1465,عُصْبَة,ʿuṣbah,ع-ص-ب,noun,Noun (Ism),,4,7,4,2,group,একটি ঐক্যবদ্ধ দল,گروہ,जत्था,golongan,cemaatiz,گروهی,groupe uni,24:11,https://quranicwords.vercel.app/quran-words/usbah-8dfe1b66.html
wn_8ea712aa,1466,عَرْض,ʿarḍ,ع-ر-ض,noun,Noun (Ism),,4,7,4,2,display,প্রত্যক্ষভাবে,پیش کرنا,पेश करना,berpaling jelas,açıkça,عرضه نمودنی,présentation,18:100,https://quranicwords.vercel.app/quran-words/ard-8ea712aa.html
wn_8ed66ea0,1467,بال,bāl,ب-و-ل,noun,Noun (Ism),,4,7,4,2,case,অবস্থা,حال,हाल,halnya,hali,حال,situation,20:51,https://quranicwords.vercel.app/quran-words/bal-8ed66ea0.html
wn_90dde96f,1468,مَرْء,marʾ,م-ر-أ,noun,Noun (Ism),,4,7,4,2,man,মানুষ,انسان,इन्सान,seseorang,kişi,آدمی / مرد,homme,80:34,https://quranicwords.vercel.app/quran-words/mar-90dde96f.html
wn_9189a2e2,1469,وَقُود,waqūd,و-ق-د,noun,Noun (Ism),,4,7,4,2,fuel,ইন্ধন,ایندھن,ईंधन,bahan bakar,tutuşturulmuş yakıt,هیزم,combustible,3:10,https://quranicwords.vercel.app/quran-words/waqud-9189a2e2.html
wn_91a2e7f0,1470,ساق,sāq,س-و-ق,noun,Noun (Ism),,4,7,4,3,leg,পিণ্ডলী,پنڈلی,पिंडली,betis,bacak,ساق,affaire sévère,75:29,https://quranicwords.vercel.app/quran-words/saq-91a2e7f0.html
wn_927233d9,1471,بَأْساء,baʾsāʾ,ب-أ-س,noun,Noun (Ism),,4,7,4,3,adversity,অভাব-অনটন,تنگ دستی,तंगदस्ती,kesempitan,sıkıntı,سختی,misère,2:214,https://quranicwords.vercel.app/quran-words/basa-927233d9.html
wn_9356dec5,1472,مَهِين,mahīn,م-ه-ن,noun,Noun (Ism),,4,7,4,3,despicable,তুচ্ছ,حقیر / ذلیل,हक़ीर,hina,aşağılık,بی ارزش,abominable,77:20,https://quranicwords.vercel.app/quran-words/mahin-9356dec5.html
wn_9494a2cc,1473,كَلِم,kalim,ك-ل-م,noun,Noun (Ism),,4,7,4,3,words,কথা,ات,अलफ़ाज़,perkataan,kelimeleri,کلمات,parole,5:13,https://quranicwords.vercel.app/quran-words/kalim-9494a2cc.html
wn_95bf0927,1474,قُعُود,quʿūd,ق-ع-د,noun,Verbal noun (Maṣdar),,4,7,4,3,sitting,বসে,اوربیٹھے ہوئے,बैठे,duduk,oturarak,نشسته,assis,85:6,https://quranicwords.vercel.app/quran-words/quud-95bf0927.html
wn_97a6ba80,1475,صَبّار,ṣabbār,ص-ب-ر,noun,Noun (Ism),,4,7,4,4,patient,ধৈর্যশীলের,بہت صبر کرنے والے,बहुत सब्र करने वाले,orang yang sabar,sabreden,صبر پیشۂ,personne très endurante,42:33,https://quranicwords.vercel.app/quran-words/sabbar-97a6ba80.html
wn_9803da68,1476,وَبال,wabāl,و-ب-ل,noun,Noun (Ism),,4,7,4,4,bad consequence,কুফলের,وبال,वबाल,akibat buruk,vebalini,کیفر,mauvaise conséquence,65:9,https://quranicwords.vercel.app/quran-words/wabal-9803da68.html
wn_99adf8a5,1477,حَصِيد,ḥaṣīd,ح-ص-د,noun,Noun (Ism),,4,7,4,4,harvest,কর্তিত ফসল,کٹ چکی,कटी हुई खेती,diketam,biçilecek,درویدنی,fauché,50:9,https://quranicwords.vercel.app/quran-words/hasid-99adf8a5.html
wn_9b5b5baa,1478,داعِي,dāʿī,د-ع-و,noun,Active participle (Ism Fāʿil),,4,7,4,4,caller,আহবানকারীর,داعی,दाई,orang yang menyeru / penyeru,da'vetçisine,دعوت کنندۂ,appeleur,46:32,https://quranicwords.vercel.app/quran-words/dai-9b5b5baa.html
wn_9dcb1806,1479,دابِر,dābir,د-ب-ر,noun,Noun (Ism),,4,7,4,4,roots,মূল,جڑ,जड़,seluruh,ardı,ریشه,retour,7:72,https://quranicwords.vercel.app/quran-words/dabir-9dcb1806.html
wn_9e1d565f,1480,نَعْجَة,naʿjah,ن-ع-ج,noun,Noun (Ism),,4,7,4,5,ewe,দুম্বী,دنبی,दुम्बियाँ,kambing betina,koyunu,میش,brebis,38:23,https://quranicwords.vercel.app/quran-words/najah-9e1d565f.html
wn_a08870f4,1481,صاحِبَة,ṣāḥibah,ص-ح-ب,noun,Noun (Ism),,4,7,4,5,companion,সঙ্গিনী,بیوی,बीवी,teman,eş,همسری,compagne,6:101,https://quranicwords.vercel.app/quran-words/sahibah-a08870f4.html
wn_a36b4b07,1482,مَسْحُور,masḥūr,س-ح-ر,noun,Passive participle (Ism Mafʿūl),,4,7,4,5,bewitched,জাদুগ্রস্ত,سحر زدہ,सहरज़दा,kena sihir,büyülenmiş,جادو شده,ensorcelé,15:15,https://quranicwords.vercel.app/quran-words/mashur-a36b4b07.html
wn_a3be8798,1483,أَزْكَى,azkā,ز-ك-و,noun,Noun (Ism),,4,7,4,5,purer,পবিত্রতম,زیادہ پاکیزہ,ज़्यादा पाकीज़ा,lebih suci,daha temizdir,پاکیزه تر,plus pur,24:30,https://quranicwords.vercel.app/quran-words/azka-a3be8798.html
wn_a3d2d413,1484,قَصْر,qaṣr,ق-ص-ر,noun,Noun (Ism),,4,7,4,5,palaces,প্রাসাদ,محلات,महल्लात,istana-istana,saraylar,کاخ هایی,palais,25:10,https://quranicwords.vercel.app/quran-words/qasr-a3d2d413.html
wn_a5175f9c,1485,شَعائِر,shaʿāʾir,ش-ع-ر,noun,Noun (Ism),,4,7,4,6,Symbols,নিদর্শনসমূহকে,نشانیوں,निशानियों,syi'ar-syi'ar,işaretlerine,شعائر / نشانه های,symboles,22:32,https://quranicwords.vercel.app/quran-words/shaair-a5175f9c.html
wn_a6564c16,1486,مَنسَك,mansak,ن-س-ك,noun,Noun (Ism),,4,7,4,6,rite,ইবাদাত পদ্ধতি,طریق عبادت,इबादत का तरीक़ा,cara beribadat,ibadet şekli,آیین عبادتی,rite,22:34,https://quranicwords.vercel.app/quran-words/mansak-a6564c16.html
wn_a7104404,1487,سَقْف,saqf,س-ق-ف,noun,Noun (Ism),,4,7,4,6,roof,ছাদ,چھت,छत,atap,tavan,سقف,toit,16:26,https://quranicwords.vercel.app/quran-words/saqf-a7104404.html
wn_a9ccee01,1488,غَيّ,ghayy,غ-و-ي,noun,Noun (Ism),,4,7,4,6,error,কুকর্মের,گمراہی,गुमराही,sesat,azgınlık,گمراهی,égarement du droit chemin,7:202,https://quranicwords.vercel.app/quran-words/ghayy-a9ccee01.html
wn_acd644e5,1489,طِفْل,ṭifl,ط-ف-ل,noun,Noun (Ism),,4,7,4,6,child,শিশুরূপে,بچے کی شکل,बच्चा,anak kecil,bebek olarak,اطفال,enfant,40:67,https://quranicwords.vercel.app/quran-words/tifl-acd644e5.html
wn_ad5d6aca,1490,مُحَرَّم,muḥarram,ح-ر-م,noun,Passive participle (Ism Mafʿūl),,4,7,4,7,forbidden,নিষিদ্ধ,حرام شدہ,हराम किया गया,diharamkan,haramdır,حرام,chose interdite,6:145,https://quranicwords.vercel.app/quran-words/muharram-ad5d6aca.html
wn_b0a489fd,1491,مُجاهِد,mujāhid,ج-ه-د,noun,Active participle (Ism Fāʿil),,4,7,4,7,ones who strive,জিহাদকারীদেরকে,مجاہدوں,जिहाद करने वालों,orang-orang yang berjihad,cihadedenleri,جهاد کنندگان,ceux qui luttent,4:95,https://quranicwords.vercel.app/quran-words/mujahid-b0a489fd.html
wn_b17c6ff7,1492,طَوْع,ṭawʿ,ط-و-ع,noun,Noun (Ism),,4,7,4,7,willingly,ইচ্ছায়,خوشی,ख़ुशी,dengan suka,gönüllü / isteyerek,خواسته,volontairement,13:15,https://quranicwords.vercel.app/quran-words/taw-b17c6ff7.html
wn_b3abafd4,1493,سَبْعَة,sabʿah,س-ب-ع,noun,Noun (Ism),,4,7,4,7,seven,সাত,سات,सात,tujuh,yedi,هفت,sept,15:44,https://quranicwords.vercel.app/quran-words/sabah-b3abafd4.html
wn_b4e3d2eb,1494,كَلام,kalām,ك-ل-م,noun,Noun (Ism),,4,7,4,7,words,বাণী,کلام,कलाम,firman,sözünü,کلام,Parole,2:75,https://quranicwords.vercel.app/quran-words/kalam-b4e3d2eb.html
wn_b6b1758e,1495,مُتَوَكِّل,mutawakkil,و-ك-ل,noun,Active participle (Ism Fāʿil),,4,7,4,8,ones who put trust,ভরসাকারীদের,بھروسہ کرنے,तवक्कल करने वाले,orang-orang yang bertawakkal,tevekkül edenler,توکل کنندگان,ceux qui placent leur confiance,12:67,https://quranicwords.vercel.app/quran-words/mutawakkil-b6b1758e.html
wn_b6b9f1d3,1496,ثُبُور,thubūr,ث-ب-ر,noun,Noun (Ism),,4,7,4,8,destruction,মৃত্যুকে,موت,हलाकत,kebinasaan,helâki,هلاکت,anéantissement,84:11,https://quranicwords.vercel.app/quran-words/thubur-b6b9f1d3.html
wn_b6e3f911,1497,انتِقام,antiqām,ن-ق-م,noun,Verbal noun (Maṣdar),,4,7,4,8,retribution,প্রতিশোধ গ্রহণে,انتقام,इन्तिक़ाम लेने वाला,hak menyiksa,intikam,انتقام,vengeance,3:4,https://quranicwords.vercel.app/quran-words/antiqam-b6e3f911.html
wn_b8463223,1498,طَمَع,ṭamaʿ,ط-م-ع,noun,Noun (Ism),,4,7,4,8,hope,আশার,امید کے ساتھ,उम्मीद,harapan,umarak,امید,désir,13:12,https://quranicwords.vercel.app/quran-words/tama-b8463223.html
wn_b8b55245,1499,راجِع,rājiʿ,ر-ج-ع,noun,Active participle (Ism Fāʿil),,4,7,4,8,return,প্রত্যাবর্তনকারী,لوٹنے والے,लौटने वाले,kembali,döneceklerdir,باز گردند گانیم,gens qui retournent,21:93,https://quranicwords.vercel.app/quran-words/raji-b8b55245.html
wn_ba85c113,1500,داخِر,dākhir,د-خ-ر,noun,Active participle (Ism Fāʿil),,4,7,4,9,humble,অপমানিত হবে,ذلیل و خوار ہونے والے,आजिज़ करने वाले,keadaan hina,aşağılanacaksınız,ذلیل باشید,humbles,16:48,https://quranicwords.vercel.app/quran-words/dakhir-ba85c113.html
wn_bb352470,1501,مُقْتَدِر,muqtadir,ق-د-ر,noun,Active participle (Ism Fāʿil),,4,7,4,9,All Able,পূর্ণ ক্ষমতাবান,اقتدار والا,इक़्तिदार वाला,berkuasa,gücümüz yeter,بس توانا,extrêmement capable,18:45,https://quranicwords.vercel.app/quran-words/muqtadir-bb352470.html
wn_bdc9718c,1502,باسِط,bāsiṭ,ب-س-ط,noun,Active participle (Ism Fāʿil),,4,7,4,9,stretched,প্রসারিত করে,پھیلائے ہوئے تھا,फैलाए हुए था,mengembangkan,uzatmış,گسترانده,tendeurs,18:18,https://quranicwords.vercel.app/quran-words/basit-bdc9718c.html
wn_c1bb2fee,1503,فَخُور,fakhūr,ف-خ-ر,noun,Noun (Ism),,4,7,4,9,boaster / boastful,অহংকারীকে,فخر جتانے والے,फ़ख़्र करने वाला,membanggakan diri,övünenleri,خودستا,orgueilleux,57:23,https://quranicwords.vercel.app/quran-words/fakhur-c1bb2fee.html
wn_c1fbdfca,1504,ضَعْف,ḍaʿf,ض-ع-ف,noun,Noun (Ism),,4,7,4,9,weakness,দুর্বল,کمزوری,कमज़ोरी,keadaan lemah,zayıflık,ناتوانی,faiblesse,30:54,https://quranicwords.vercel.app/quran-words/daf-c1fbdfca.html
wn_c303399b,1505,فُجّار,fujjār,ف-ج-ر,noun,Active participle (Ism Fāʿil),,4,7,4,10,wicked,পাপাচারীরা,بدکار لوگ,फ़ाजिर,orang-orang durhaka,Hak'tan sapanlardır,بدکاران,gens très immoraux,82:14,https://quranicwords.vercel.app/quran-words/fujjar-c303399b.html
wn_c51c9a5c,1506,سُنبُلَة,sunbulah,س-ن-ب-ل,noun,Noun (Ism),,4,7,4,10,ears,শীষ,بالیاں,बालियाँ,tangkai,başak,خوشۂ,épis,12:46,https://quranicwords.vercel.app/quran-words/sunbulah-c51c9a5c.html
wn_c6c36da3,1507,طائِف,ṭāʾif,ط-و-ف,noun,Active participle (Ism Fāʿil),,4,7,4,10,evil thought,কুচিন্তা,خیال,ख़्याल,kepungan,dolaşıcı bir bela,آفتی,suggestion,7:201,https://quranicwords.vercel.app/quran-words/taif-c6c36da3.html
wn_c71c56ad,1508,تَقِيّ,taqiyy,و-ق-ي,noun,Noun (Ism),,4,7,4,10,righteous,মুত্তাকী,متقی,मुत्तक़ी,orang yang bertakwa,korkuyor,پرهیز گار,pieux,19:13,https://quranicwords.vercel.app/quran-words/taqiyy-c71c56ad.html
wn_c82e3249,1509,سِراج,sirāj,س-ر-ج,noun,Noun (Ism),,4,7,4,10,lamp,প্রদীপ,سورج / چراغ,चिराग़,pelita,lamba,چراغی,lampe,78:13,https://quranicwords.vercel.app/quran-words/siraj-c82e3249.html
wn_cdbe1b9e,1510,أَرْذَل,ardhal,ر-ذ-ل,noun,Noun (Ism),,4,7,5,1,lowest,নিকৃষ্টতম লোকেরা,حقیر تر,नाकारा,hina,bayağı kimseler,بدترین,plus vile,26:111,https://quranicwords.vercel.app/quran-words/ardhal-cdbe1b9e.html
wn_ce9255c4,1511,سَفِينَة,safīnah,س-ف-ن,noun,Noun (Ism),,4,7,5,1,ship,একটি নৌকার,کشتی,कश्ती,perahu,gemi,کشتی,bateau,29:15,https://quranicwords.vercel.app/quran-words/safinah-ce9255c4.html
wn_cf6643c9,1512,عَلانِيَة,ʿalāniyah,ع-ل-ن,noun,Noun (Ism),,4,7,5,1,openly / publicly,প্রকাশ্যে,اعلانیہ طور,अलानिया,terang-terangan,açık,آشکارا,annonciation manifeste,35:29,https://quranicwords.vercel.app/quran-words/alaniyah-cf6643c9.html
wn_d1ac9071,1513,حِلْيَة,ḥilyah,ح-ل-ي,noun,Noun (Ism),,4,7,5,1,ornaments,অলংকার,زیور,ज़ेवर,perhiasan,süs,زیوری,bijoux,16:14,https://quranicwords.vercel.app/quran-words/hilyah-d1ac9071.html
wn_d27eab57,1514,طَرِيق,ṭarīq,ط-ر-ق,noun,Noun (Ism),,4,7,5,1,path / way,পথ,راستے,रास्ते,jalan,yola,راهی,chemin,20:77,https://quranicwords.vercel.app/quran-words/tariq-d27eab57.html
wn_d4aa5fd9,1515,سَمّاع,sammāʿ,س-م-ع,noun,Noun (Ism),,4,7,5,2,listeners,শুনতে বেশি আগ্রহী,بہت زیادہ سننے والے,बहुत ज़्यादा सुनने वाले,orang-orang yang suka mendengarkan,kulak verirler,بسی گوش دهندگان اند,gens qui écoutent beaucoup,5:41,https://quranicwords.vercel.app/quran-words/samma-d4aa5fd9.html
wn_d7c692b8,1516,قِصاص,qiṣāṣ,ق-ص-ص,noun,Noun (Ism),,4,7,5,2,legal retribution,অনুরূপ জখম,بدلہ,बदला,qishash,kısas,قصاص,équivalence,2:194,https://quranicwords.vercel.app/quran-words/qisas-d7c692b8.html
wn_d949c81b,1517,قَلَم,qalam,ق-ل-م,noun,Noun (Ism),,4,7,5,2,pens,কলমসমূহ,قلم ہوجائیں,क़लमें हों,kalam,kalem,قلم ها گردند,calames,31:27,https://quranicwords.vercel.app/quran-words/qalam-d949c81b.html
wn_da40a640,1518,عُقْدَة,ʿuqdah,ع-ق-د,noun,Noun (Ism),,4,7,5,2,knot,গিঁটগুলোর,گرہ,गिरह,ikatan,akdi,عقد,contrat,20:27,https://quranicwords.vercel.app/quran-words/uqdah-da40a640.html
wn_db62729f,1519,قُدُس,qudus,ق-د-س,noun,Noun (Ism),,4,7,5,2,Holy,পবিত্র,پاک,साथ रूहुल क़ुदुस,Qudus,Kudüs,القدس,Saint,2:253,https://quranicwords.vercel.app/quran-words/qudus-db62729f.html
wn_db78acc8,1520,طَلْع,ṭalʿ,ط-ل-ع,noun,Noun (Ism),,4,7,5,3,layers,খেজুর গুচ্ছ,خوشے,ख़ोशे,mayang,tomurcukları,خوشه,spathes,50:10,https://quranicwords.vercel.app/quran-words/tal-db78acc8.html
wn_dbaf9d50,1521,مُعَذِّب,muʿadhdhib,ع-ذ-ب,noun,Active participle (Ism Fāʿil),,4,7,5,3,are to punish,শাস্তিদানকারী,عذاب دینے والے,अज़ाब देने वाले,mengazab,azab edecek,عذاب کننده,tout châtieur,17:15,https://quranicwords.vercel.app/quran-words/muadhdhib-dbaf9d50.html
wn_dd6d91e0,1522,سَدّ,sadd,س-د-د,noun,Noun (Ism),,4,7,5,3,barrier,প্রাচীর,دیوار,दीवार,tutup,sed,حائلی,barrière,18:94,https://quranicwords.vercel.app/quran-words/sadd-dd6d91e0.html
wn_df2f9460,1523,ظالِمَة,ẓālimah,ظ-ل-م,noun,Active participle (Ism Fāʿil),,4,7,5,3,doing wrong,সীমালঙ্ঘনকারী,ظالم تھیں,ज़ालिम थीं,zalim,zulmederken,ستمکار بودند,injustes,22:48,https://quranicwords.vercel.app/quran-words/zalimah-df2f9460.html
wn_df2fbf62,1524,صَعِيد,ṣaʿīd,ص-ع-د,noun,Noun (Ism),,4,7,5,3,earth,মাটি,مٹی,मिट्टी / मैदान,debu / tanah,toprağa,خاکی,terre,4:43,https://quranicwords.vercel.app/quran-words/said-df2fbf62.html
wn_e4a8ff7f,1525,يُونُس,yūnus,,noun,Proper noun,,4,7,5,4,Yunus,ইউনুসের,یونس,यूनुस,Yunus,Yunus,یونس,Jonas,37:139,https://quranicwords.vercel.app/quran-words/yunus-e4a8ff7f.html
wn_e5397ea4,1526,قِبَل,qibal,ق-ب-ل,noun,Noun (Ism),,4,7,5,4,resistance,দিকে,طاقت,तरफ़,kearah,karşı koyamayacakları,سوی,faire face,27:37,https://quranicwords.vercel.app/quran-words/qibal-e5397ea4.html
wn_e57cdb97,1527,رَجْفَة,rajfah,ر-ج-ف,noun,Noun (Ism),,4,7,5,4,earthquake,ভূমিকম্প,زلزلے,ज़लज़ले,gempa,sarsıntı,زمین لرزه,tremblement de terre,7:78,https://quranicwords.vercel.app/quran-words/rajfah-e57cdb97.html
wn_e874697c,1528,مَلَكُوت,malakūt,م-ل-ك,noun,Noun (Ism),,4,7,5,4,dominion,কর্তৃত্ব,بادشاہت,बादशाहत,kekuasaan / kerajaan,hükümranlığı,فرمانروایی,royaume,23:88,https://quranicwords.vercel.app/quran-words/malakut-e874697c.html
wn_e8bbf7ce,1529,أَسِير,asīr,أ-س-ر,noun,Noun (Ism),,4,7,5,4,captives,বন্দি,قیدی,क़ैदी,tawanan,esir olarak,اسیران,prisonniers,2:85,https://quranicwords.vercel.app/quran-words/asir-e8bbf7ce.html
wn_eb3aef82,1530,طَبَق,ṭabaq,ط-ب-ق,noun,Noun (Ism),,4,7,5,5,stage,স্তরে স্তরে,اوپر تلے,ऊपर तले,setingkat,tabaka tabaka,حالی / طبقه طبقه,couches superposées / état,84:19,https://quranicwords.vercel.app/quran-words/tabaq-eb3aef82.html
wn_ecdb3454,1531,أَمَد,amad,أ-م-د,noun,Noun (Ism),,4,7,5,5,term,দীর্ঘ মেয়াদ,مدت,मुद्दत,ada masa,mesafe,روزگار,durée de temps,72:25,https://quranicwords.vercel.app/quran-words/amad-ecdb3454.html
wn_ee3af503,1532,شَقِيّ,shaqiyy,ش-ق-و,noun,Noun (Ism),,4,7,5,5,unblessed,ব্যর্থকাম / হতভাগ্য,نامراد,कभी नामुराद,celaka,bahtsız,بد بخت,misérable,19:32,https://quranicwords.vercel.app/quran-words/shaqiyy-ee3af503.html
wn_efb0d352,1533,حَسِيب,ḥasīb,ح-س-ب,noun,Noun (Ism),,4,7,5,5,Accountant / Reckoner,হিসাব গ্রহণকারী হিসেবে,حساب لینے والا,ख़ूब हिसाब लेने वाला,perhitungan,hesapçı olarak,برای حسابرسی,être qui dénombre parfaitement,4:86,https://quranicwords.vercel.app/quran-words/hasib-efb0d352.html
wn_f370d74b,1534,قِيل,qīl,ق-و-ل,noun,Noun (Ism),,4,7,5,5,saying,কথায়,بات,कहना,perkataan,denilir,درگفتار؟,parole,56:26,https://quranicwords.vercel.app/quran-words/qil-f370d74b.html
wn_f3af4096,1535,فِرار,firār,ف-ر-ر,noun,Noun (Ism),,4,7,5,6,flight,পালিয়ে যাওয়া,بھاگتے ہوئے,फ़रार,lari,kaçmak,رمیدن,fuite,71:6,https://quranicwords.vercel.app/quran-words/firar-f3af4096.html
wn_f483d6b0,1536,أَيْكَة,aykah,,noun,Noun (Ism),,4,7,5,6,wood,আইকার,ایکہ,असहाबे ऐका,Aikah,Eyke,ایکه,arbres,15:78,https://quranicwords.vercel.app/quran-words/aykah-f483d6b0.html
wn_f4dd88c2,1537,عَوْرَة,ʿawrah,ع-و-ر,noun,Noun (Ism),,4,7,5,6,exposed,অরক্ষিত,غیر محفوظ,ग़ैर महफ़ूज़,aurat,açıktır,امور جنسی,exposées,33:13,https://quranicwords.vercel.app/quran-words/awrah-f4dd88c2.html
wn_f5b21e8c,1538,أَيُّوب,ayyūb,,noun,Proper noun,,4,7,5,6,Ayub,আইয়ূবকে,ایوب,अय्यूब,Ayub / Ayyub,Eyyub'a / Eyyub'u,ایوب,Job,21:83,https://quranicwords.vercel.app/quran-words/ayyub-f5b21e8c.html
wn_f6179a87,1539,حَرْب,ḥarb,ح-ر-ب,noun,Noun (Ism),,4,7,5,6,war,যুদ্ধ,جنگ,जंग,peperangan,harb,جنگ,guerre,8:57,https://quranicwords.vercel.app/quran-words/harb-f6179a87.html
wn_fe449177,1540,أَمانَة,amānah,أ-م-ن,noun,Noun (Ism),,4,7,5,7,trusts,আমানত গুলোকে,امانتوں,अमानतों,amanat,emanetleri,امانت ها,choses confiées,4:58,https://quranicwords.vercel.app/quran-words/amanah-fe449177.html
wn_fe99193e,1541,مُغْرَق,mughraq,غ-ر-ق,noun,Passive participle (Ism Mafʿūl),,4,7,5,7,drowned,ডুবে যাবে,غرق کیے جائیں گے,ग़र्क़ किए जाने वाले,orang-orang yang ditenggelamkan,boğulacak,غرق شدگان اند,noyés,44:24,https://quranicwords.vercel.app/quran-words/mughraq-fe99193e.html
wn_ffc03653,1542,أَذِلَّة,adhillah,ذ-ل-ل,noun,Noun (Ism),,4,7,5,7,humble,অপদস্হ,ذلت کے ساتھ,कमज़ोर थे,hina,alçak gönüllüdürler,ذلیلان,déshonorés,5:54,https://quranicwords.vercel.app/quran-words/adhillah-ffc03653.html
wp_f627d5c5,1543,نَعَمْ,naʿam,,particle,Answer particle,,4,1,2,3,Yes,হ্যাঁ,ہاں,हाँ,ya,evet,آری,Oui,37:18,https://quranicwords.vercel.app/quran-words/naam-f627d5c5.html
wv_0b8ea6b2,1544,ٱسْتَغْنَىٰ,astaghnā,غ-ن-ي,verb,,Form X,4,6,2,9,considers himself free from need,অভাবমুক্ত,بےنیاز,परवाह ना की,ia merasa cukup,kendini zengin görürse,بی نیاز شد,a été libre de besoins,80:5,https://quranicwords.vercel.app/quran-words/astaghna-0b8ea6b2.html
wv_0d3c79ec,1545,يَرْغَبُ,yarghabu,ر-غ-ب,verb,,Form I,4,6,2,10,desire,আগ্রহ কর তোমরা,رغبت رکھتے ہو,मुँह मोड़े,membenci,istiyorsunuz,روی برمی تابد,abandonnera,4:127,https://quranicwords.vercel.app/quran-words/yarghabu-0d3c79ec.html
wv_0d5fa744,1546,تَمَّ,tamma,ت-م-م,verb,,Form I,4,6,2,10,fulfilled,পূর্ণ হলো,پوری ہوگئی,पूरी हो गई,telah sempurna,tam yerine geldi,کامل شد,s’est accomplie,6:115,https://quranicwords.vercel.app/quran-words/tamma-0d5fa744.html
wv_0e9b2543,1547,أَنقَذَ,anqadha,ن-ق-ذ,verb,,Form IV,4,6,2,10,save,উদ্ধার করতে পারবে,بچائے جاسکتے ہیں,बचाए जा सकेंगे,akan melepaskan,kurtaracaksın,می رهانی,pourrais sauver,39:19,https://quranicwords.vercel.app/quran-words/anqadha-0e9b2543.html
wv_128ffb8b,1548,حُلُّ,ḥullu,ح-ل-ي,verb,,Form II,4,6,2,10,will be adorned,অলংকার,پہنائے جائیں گے,पहनाए जाऐंगे,diberi perhiasan,takınmışlardır,پوشانیده شوند,seront ornés,76:21,https://quranicwords.vercel.app/quran-words/hullu-128ffb8b.html
wv_163bcde0,1549,بَيَّتَ,bayyata,ب-ي-ت,verb,,Form II,4,6,2,10,plan by night,রাত্রে পরামর্শ করে,رات مشورے کرتا ہے,रात को मशवरे करता है,mengambil keputusan di malam hari,geceleyin kurarlar,شبانه چاره می اندیشند,fait pendant la nuit,4:81,https://quranicwords.vercel.app/quran-words/bayyata-163bcde0.html
wv_1640524b,1550,حَيَّ,ḥayya,ح-ي-ي,verb,,Form II,4,6,3,1,are greeted,সালাম করা হয়,دعا دیے جاؤ,दुआ दिए जाओ,dihormati,selamlandığınız,به شما درود گفته شد,êtes salués,4:86,https://quranicwords.vercel.app/quran-words/hayya-1640524b.html
wv_1e0afb19,1551,يُغَيِّرُ,yughayyiru,غ-ي-ر,verb,,Form II,4,6,3,1,change,পরিবর্তন করে,بدل دیں,तब्दील कर दें,merobah,değiştirmediği,تغییر دهند,changent,8:53,https://quranicwords.vercel.app/quran-words/yughayyiru-1e0afb19.html
wv_1f6eda7d,1552,أَقْرَرْ,aqrar,ق-ر-ر,verb,,Form IV,4,6,3,1,affirm,অঙ্গীকার করলাম,اقرار کیا,इक़रार किया,berikrar,kabul etmiştiniz,اقرار کردید,acceptons,3:81,https://quranicwords.vercel.app/quran-words/aqrar-1f6eda7d.html
wv_213da5dd,1553,رَبَتْ,rabat,ر-ب-و,verb,,Form I,4,6,3,1,grows,ফুলে ফেঁপে ওঠে,پھول جاتی ہے,उभर आती है,berkembang,kabarır,بردمد,devient élevée,41:39,https://quranicwords.vercel.app/quran-words/rabat-213da5dd.html
wv_229867c2,1554,اسْتَعِذْ,astaʿidh,ع-و-ذ,verb,,Form X,4,6,3,1,seek refuge,আশ্রয় চাও,پناہ طلب کرو,पस पनाह तलब कीजिए,berlindunglah,hemen sığın,پناه ببر / پناه جوی,cherche refuge,16:98,https://quranicwords.vercel.app/quran-words/astaidh-229867c2.html
wv_28410b7e,1555,أَصَرُّ,aṣarru,ص-ر-ر,verb,,Form IV,4,6,3,2,persisted,অনমনীয় হয়েছে,اصرار کیا,इसरार किया,berkekalan,direttiler,پا فشاری کردند,ont persisté,71:7,https://quranicwords.vercel.app/quran-words/asarru-28410b7e.html
wv_28c52073,1556,هاتُ,hātu,ه-ا-ت,verb,,Form I,4,6,3,2,Bring,উপস্হিত করো,لاؤ,लाओ,unjukkan,getirin,بیاورید,Apportez,28:75,https://quranicwords.vercel.app/quran-words/hatu-28c52073.html
wv_2bf0b291,1557,يَسْتَعْتِبُ,yastaʿtibu,ع-ت-ب,verb,,Form X,4,6,3,2,ask for favor,অনুগ্রহ করতে চায়ও,عذر قبول کیے جائیں گے,उज़्र क़ुबूल किए जाऐंगे,diberi kesempatan bertaubat,affedilmek isterlerse,خشنودی خواسته شود,seront demandés de faire du bien,41:24,https://quranicwords.vercel.app/quran-words/yastatibu-2bf0b291.html
wv_31b8ee46,1558,يُحَرِّفُ,yuḥarrifu,ح-ر-ف,verb,,Form II,4,6,3,2,distort,বিকৃত করে,تحریف کرتے ہیں,तब्दील कर देते हैं,merubah,kaydırıyorlar,تحریف می کنند,déforment,5:13,https://quranicwords.vercel.app/quran-words/yuharrifu-31b8ee46.html
wv_3588c504,1559,نَفِدَ,nafida,ن-ف-د,verb,,Form I,4,6,3,2,exhausted,শেষ হবে,ختم ہوجائے گا,ख़तम हो जाएगा,akan lenyap,tükenir,پایان پذیرد,sera épuisé,18:109,https://quranicwords.vercel.app/quran-words/nafida-3588c504.html
wv_3622e90b,1560,يُبْطِلَ,yubṭila,ب-ط-ل,verb,,Form IV,4,6,3,3,prove false,অসত্যে পরিণত করেন,باطل کردے,बातिल कर दे,membatalkan,ortadan kaldırsın,نابود کند,anéantisse,8:8,https://quranicwords.vercel.app/quran-words/yubtila-3622e90b.html
wv_400ddd71,1561,خَابَ,khāba,خ-ي-ب,verb,,Form I,4,6,3,3,disappointed,ব্যর্থ হলো,نامراد ہوا,नामुराद हुआ,binasalah,perişan olmuştur,ناامید شد,est devenu dépourvu,14:15,https://quranicwords.vercel.app/quran-words/khaba-400ddd71.html
wv_4737f88c,1562,يُصَلَّبُ,yuṣallabu,ص-ل-ب,verb,,Form II,4,6,3,3,be crucified,ক্রুশবিদ্ধ করা হবে,سولی چڑھائے جائیں,सूली चढ़ा दिए जाऐं,disalib,asılmaları,به دار آویخته شوند,soient crucifiés,5:33,https://quranicwords.vercel.app/quran-words/yusallabu-4737f88c.html
wv_473e7b47,1563,أَلْحَقْ,alḥaq,ل-ح-ق,verb,,Form IV,4,6,3,3,have joined,মিলিত করব,ملا دیا,मिला दिया,hubungkan,kattık,ملحق کرده اید,avez fait joindre,34:27,https://quranicwords.vercel.app/quran-words/alhaq-473e7b47.html
wv_4ede625d,1564,نَّزَغَ,nnazagha,ن-ز-غ,verb,,Form I,4,6,3,3,had caused discord,বিরোধ সৃষ্টি করেছে,وسوسہ,फ़साद डाला,mengganggu,girer,تباهی می افکند,ait causé la corruption,12:100,https://quranicwords.vercel.app/quran-words/nnazagha-4ede625d.html
wv_4f795fd1,1565,جَاوَزَ,jāwaza,ج-و-ز,verb,,Form III,4,6,3,4,crossed,পার করালাম,گزار دیا,दोनों आगे बढ़े,seberangkan,geçirdik,گذراندیم,avons fait traverser,2:249,https://quranicwords.vercel.app/quran-words/jawaza-4f795fd1.html
wv_513d81cb,1566,سَرَقَ,saraqa,س-ر-ق,verb,,Form I,4,6,3,4,has stolen,চুরি করেছিলো,چوری کی تھی,चोरी की थी,telah mencuri,hırsızlık etti,دزدی کرد,a volé,12:81,https://quranicwords.vercel.app/quran-words/saraqa-513d81cb.html
wv_587a5305,1567,يَنْحِتُ,yanḥitu,ن-ح-ت,verb,,Form I,4,6,3,4,carve,খোদাই করতো,تراشتے ہو,तराशते हो,memahat / pahat,yonttuğunuz,می تراشید,taillez,37:95,https://quranicwords.vercel.app/quran-words/yanhitu-587a5305.html
wv_592a0448,1568,نَذَرْ,nadhar,ن-ذ-ر,verb,,Form I,4,6,3,4,have vowed,উৎসর্গ করেছি,نذر مانو,नज़र किया,bernadzar,adadım,نذر کردم,ai promis,19:26,https://quranicwords.vercel.app/quran-words/nadhar-592a0448.html
wv_5ba6f853,1569,وُۥرِيَ,wuriya,و-ر-ي,verb,,Form III,4,6,3,4,was concealed,গোপন রাখা হয়েছিলো,چھپایا گیا تھا,छुपाई गई थीं,tertutup,gizlenmiş,پوشیده بود,était caché,7:20,https://quranicwords.vercel.app/quran-words/wuriya-5ba6f853.html
wv_5cceb7fd,1570,يُحِقَّ,yuḥiqqa,ح-ق-ق,verb,,Form IV,4,6,3,5,establishes,প্রতিষ্ঠিত করেন,ثابت کردے,सच्चा साबित कर दिखाता है,membenarkan,ortaya çıkarır,ثابت می دارد,montre,42:24,https://quranicwords.vercel.app/quran-words/yuhiqqa-5cceb7fd.html
wv_5e37babc,1571,يُخَوِّفُ,yukhawwifu,خ-و-ف,verb,,Form II,4,6,3,5,frightens,ভয় দেখায়,ڈراتا ہے,डराता है,mempertakuti,korkutur,می ترساند,fait peur,3:175,https://quranicwords.vercel.app/quran-words/yukhawwifu-5e37babc.html
wv_63562955,1572,صَبَّ,ṣabba,ص-ب-ب,verb,,Form I,4,6,3,5,poured,আঘাত করলেন,ڈالا,उँडेला,menimpakan,bu yüzden çarptı,ریختیم,a donc versé,89:13,https://quranicwords.vercel.app/quran-words/sabba-63562955.html
wv_63a366ac,1573,تَناجَيْ,tanājay,ن-ج-و,verb,,Form VI,4,6,3,5,hold secret counsel,গোপনে পরামর্শ করো,سرگوشیاں کرو,बाहम सरगोशी करो,bicara rahasia,aranızda gizli konuştuğunuz,با یکدیگر راز می گویید,discutez secrètement,58:9,https://quranicwords.vercel.app/quran-words/tanajay-63a366ac.html
wv_6954c930,1574,ٱقْتَتَلَ,aqtatala,ق-ت-ل,verb,,Form VIII,4,6,3,5,fight,পরস্পরে যুদ্ধে লিপ্ত হয়,باہم لڑ پڑیں,बाहम लड़ पड़ें,berperang,vuruşurlarsa,باهم جنگ کنند,se battent entre eux,49:9,https://quranicwords.vercel.app/quran-words/aqtatala-6954c930.html
wv_69fd54e9,1575,شَرَ,shara,ش-ر-ي,verb,,Form I,4,6,3,6,sold,বিনিময়ে তারা বিক্রি করে,بیچ ڈالا,बेच डाला,menukar,sattıkları,می فروشد,ont vendu,2:102,https://quranicwords.vercel.app/quran-words/shara-69fd54e9.html
wv_6cb6deea,1576,وَسْوَسَ,waswasa,و-س-و-س,verb,,Form I,4,6,3,6,whispered,কুমন্ত্রণা দিলো,وسوسہ ڈالا,पस वसवसा डाला,membisikkan pikiran jahat,derken fısıldadı,وسوسه کرد,a ensuite suggéré du mal,20:120,https://quranicwords.vercel.app/quran-words/waswasa-6cb6deea.html
wv_6eeb2161,1577,لَمَسُ,lamasu,ل-م-س,verb,,Form I,4,6,3,6,have touched,তালাশ করেছি,چھوا,छुआ हो,menyentuh,dokunduk,آمیزش کردید,avez touché,4:43,https://quranicwords.vercel.app/quran-words/lamasu-6eeb2161.html
wv_70508190,1578,أُهِلَّ,uhilla,ه-ل-ل,verb,,Form IV,4,6,3,6,has been dedicated,নাম নেয়া হয়েছে,پکارا گیا,पुकारा गया,disembelih,kesilen,ذکر شده است,a été sacrifié avec une invocation,16:115,https://quranicwords.vercel.app/quran-words/uhilla-70508190.html
wv_7108be09,1579,ٱسْتَغَٰثَ,astaghātha,غ-و-ث,verb,,Form X,4,6,3,6,called him for help,পান করতে চায়,مدد طلب کی اس سے,पस मदद तलब की उससे,meminta tolong kepadanya,yardım istedi,یاری جست از او,Lui a donc demandé de l’aide,28:15,https://quranicwords.vercel.app/quran-words/astaghatha-7108be09.html
wv_73fdeb4a,1580,ٱسْتَخْرَجَ,astakhraja,خ-ر-ج,verb,,Form X,4,6,3,7,bring forth,বের করতে পারো,نکال لیتے ہو,निकाल लेते हो,mengeluarkan,çıkarmanız için,بیرون آورید,faites sortir,16:14,https://quranicwords.vercel.app/quran-words/astakhraja-73fdeb4a.html
wv_78631579,1581,تَلَقَّىٰٓ,talaqqā,ل-ق-ي,verb,,Form V,4,6,3,7,received,শিখে নিল,سیکھ لئے,पस सीख लिए,menerima,derken aldı,دریافت کرد,a ensuite reçu,2:37,https://quranicwords.vercel.app/quran-words/talaqqa-78631579.html
wv_78a9625a,1582,كَبِّرْ,kabbir,ك-ب-ر,verb,,Form II,4,6,3,7,magnify,শ্রেষ্ঠত্ব ঘোষণা কর,بڑائی بیان کرو,पस बड़ाई बयान कीजिए,besarkan,tekbir et,بزرگ بدار,déclare Sa Hauteur,74:3,https://quranicwords.vercel.app/quran-words/kabbir-78a9625a.html
wv_7a91bd36,1583,يُدَبِّرُ,yudabbiru,د-ب-ر,verb,,Form II,4,6,3,7,arranges,পরিচালনা করেন,تدبیر کرتا ہے,तदबीर करता है,mengatur,düzene koyan,تدبیر می کند,contrôle,13:2,https://quranicwords.vercel.app/quran-words/yudabbiru-7a91bd36.html
wv_7ef60b70,1584,عَزَمَ,ʿazama,ع-ز-م,verb,,Form I,4,6,3,7,determined,চূড়ান্ত হলো,عزم کریں,अज़म कर लें,bertetap hati,azmedildiği,جدّی شود,as décidé,47:21,https://quranicwords.vercel.app/quran-words/azama-7ef60b70.html
wv_80f08c5c,1585,فَشِلْ,fashil,ف-ش-ل,verb,,Form I,4,6,3,8,lost courage,দূর্বলতা দেখালে,بزدلی دکھائی,बुज़दिली दिखाई,lemah,korktunuz,سستی کردید,avez perdu courage,3:152,https://quranicwords.vercel.app/quran-words/fashil-80f08c5c.html
wv_8204a8e6,1586,عَمَرُ,ʿamaru,ع-م-ر,verb,,Form I,4,6,3,8,maintain,রক্ষণাবেক্ষণ করবে,آباد کرتے ہیں,आबाद करता है,memakmurkan,imar ederler,آباد می کند,maintiennent,9:17,https://quranicwords.vercel.app/quran-words/amaru-8204a8e6.html
wv_8b04640e,1587,أَدْبَرَ,adbara,د-ب-ر,verb,,Form IV,4,6,3,8,turned his back,পিঠ প্রদর্শন করে,پیٹھ پھیری,पीठ फेरी,berpaling,arkasını döndü,پشت کند,a tourné son dos,79:22,https://quranicwords.vercel.app/quran-words/adbara-8b04640e.html
wv_8f578c81,1588,واعَدْ,wāʿad,و-ع-د,verb,,Form III,4,6,3,8,appointed,নির্ধারিত করেছিলাম,نے وعدہ لیا,वादा किया,menjanjikan,sözleşmiştik,وعده گذا شتیم,avons donné rendez-vous,2:51,https://quranicwords.vercel.app/quran-words/waad-8f578c81.html
wv_98c05186,1589,تَأْسَ,taʾsa,أ-س-و,verb,,Form I,4,6,3,8,grieve,আক্ষেপ করবো,افسوس کروں,अफ़सोस करूँ,bersedih hati,acırım,اندوه خورم,pourrais-je être en deuil,7:93,https://quranicwords.vercel.app/quran-words/tasa-98c05186.html
wv_9a73c3f2,1590,أَجْمَعُ,ajmaʿu,ج-م-ع,verb,,Form IV,4,6,3,9,agreed,একজোট হয়েছিলো,اتفاق طے کرلیا,इत्तिफ़ाक़ किया,berkumpul,karar verdiler,همداستان شدند,ont assemblé,12:15,https://quranicwords.vercel.app/quran-words/ajmau-9a73c3f2.html
wv_9c2e0670,1591,اسْتَحَبُّ,astaḥabbu,ح-ب-ب,verb,,Form X,4,6,3,9,preferred,অধিক ভালবাসে,ترجیح دی,तरजीह दी,menginginkan,seviyorlarsa,اختیار کردند,ont préféré,16:107,https://quranicwords.vercel.app/quran-words/astahabbu-9c2e0670.html
wv_9c4ceb3d,1592,يَخْرُصُ,yakhruṣu,خ-ر-ص,verb,,Form I,4,6,3,9,guess,অনুমান করে,قیاس آرائیاں کرتے ہیں,अंदाज़े लगाते हैं,berdusta,saçmalıyorlar,به تخمین سخن می‌گویند,deviner,6:116,https://quranicwords.vercel.app/quran-words/yakhrusu-9c4ceb3d.html
wv_9f2f7a72,1593,شَقُ,shaqu,ش-ق-و,verb,,Form I,4,6,3,9,were wretched,হতভাগ্য হবে,بدبخت ہوئے,बदबख़्त हुए,celaka,bedbaht olan,بد بخت شدند,seront malheureux,11:106,https://quranicwords.vercel.app/quran-words/shaqu-9f2f7a72.html
wv_a320bd95,1594,قَنَطُ,qanaṭu,ق-ن-ط,verb,,Form I,4,6,3,9,have despaired,নিরাশ হয়,مایوس ہوگئے,मायूस हो गए,berputus asa,umut keser,ناامید شود,aient désespérés,42:28,https://quranicwords.vercel.app/quran-words/qanatu-a320bd95.html
wv_a3eb8ed1,1595,ارْتَقِبْ,artaqib,ر-ق-ب,verb,,Form VIII,4,6,3,10,watch,অপেক্ষা করো,انتظار کرو,पस इन्तज़ार कीजिए,tunggulah,biraz bekle,منتظر باش,Observe donc en attendant,44:59,https://quranicwords.vercel.app/quran-words/artaqib-a3eb8ed1.html
wv_aac220ea,1596,يَتَكَلَّمُ,yatakallamu,ك-ل-م,verb,,Form V,4,6,3,10,speak,কথা বলবো আমরা,بولیں,कलाम करें,berbicara,söylüyor,سخن گوید,parle,24:16,https://quranicwords.vercel.app/quran-words/yatakallamu-aac220ea.html
wv_ab8d1a60,1597,مَضَىٰ,maḍā,م-ض-ي,verb,,Form I,4,6,3,10,has passed,অতীত হয়েছে,گزر چکی,गुज़र चुकी,berlalu,geçerlidir,گذشت,est passé,43:8,https://quranicwords.vercel.app/quran-words/mada-ab8d1a60.html
wv_b1362f14,1598,ثَقُلَتْ,thaqulat,ث-ق-ل,verb,,Form I,4,6,3,10,heavy,ভারী হবে,بھاری ہوئے,भारी हुए,berat,ağır gelirse,سنگین باشد,pèsent lourdes,23:102,https://quranicwords.vercel.app/quran-words/thaqulat-b1362f14.html
wv_b1438685,1599,صَدَفَ,ṣadafa,ص-د-ف,verb,,Form I,4,6,3,10,turns away,মুখ ফিরিয়ে নেয়,روکے,ऐराज़ करे,berpaling,yüz çeviren,روی گرداند,s’est détourné,6:157,https://quranicwords.vercel.app/quran-words/sadafa-b1438685.html
wv_b2dbb846,1600,يَدْرَؤُا۟,yadraʾu,د-ر-أ,verb,,Form I,4,6,4,1,repel,প্রতিরোধ করে,دور کرتے ہیں,दूर करते हैं,menolak,savarlar,دفع می کنند,repoussent,28:54,https://quranicwords.vercel.app/quran-words/yadrau-b2dbb846.html
wv_b55499a1,1601,تَمارَ,tamāra,م-ر-ي,verb,,Form III,4,6,4,1,disputed,সন্দেহ করেছিল,جھگڑے,शक किया,membantah,kuşku duydular,تردید کردند,se sont ensuite disputés par opposition,54:36,https://quranicwords.vercel.app/quran-words/tamara-b55499a1.html
wv_b8f730d4,1602,اسْتَعِينُ,astaʿīnu,ع-و-ن,verb,,Form X,4,6,4,1,ask for help,সাহায্য চাই।,مدد چاہتے ہیں,मदद चाहते हैं,mohon pertolongan,yardım isteriz,یاری می خواهیم,demandons de l’aide,1:5,https://quranicwords.vercel.app/quran-words/astainu-b8f730d4.html
wv_bb316d2b,1603,يَغُضُّ,yaghuḍḍu,غ-ض-ض,verb,,Form I,4,6,4,1,should lower,নিচু রাখে,بچا کر رکھیں,पस्त रखें,menutup,sakınsınlar,فرود آرند,doivent détourner,24:30,https://quranicwords.vercel.app/quran-words/yaghuddu-bb316d2b.html
wv_bd0c0d17,1604,قَفَّيْ,qaffay,ق-ف-و,verb,,Form II,4,6,4,1,sent,অনুগামী করেছি,پیچھے بھیجا / پے در پے بھیجے,पीछे भेजा / पै दर पै भेजे,ikutkan,ardarda gönderdik,به دنبال آوردیم,avons fait suivre,57:27,https://quranicwords.vercel.app/quran-words/qaffay-bd0c0d17.html
wv_bd2dd5e0,1605,قُتِّلُ,quttilu,ق-ت-ل,verb,,Form II,4,6,4,2,massacred completely,হত্যা করা হবে,قتل کر دیے جائیں,क़त्ल कर दिए जाऐं,dibunuh,öldürülürler,کشته شوند,seront massacrés,33:61,https://quranicwords.vercel.app/quran-words/quttilu-bd2dd5e0.html
wv_be02c59d,1606,مَكَثَ,makatha,م-ك-ث,verb,,Form I,4,6,4,2,stayed,অতিবাহিত করলো,ٹھہرا,ठहरा,ia berdiam,geldi,درنگ کرد,est resté ensuite,27:22,https://quranicwords.vercel.app/quran-words/makatha-be02c59d.html
wv_c294241a,1607,أُغْشِيَتْ,ughshiyat,غ-ش-و,verb,,Form IV,4,6,4,2,had been covered,ঢেকে ফেলেছে,ڈھانپ دیے گئے ہیں,ढाँप दिए गए हैं,ditutupi,kaplanmış,پوشانیده شده است,avaient été couverts,10:27,https://quranicwords.vercel.app/quran-words/ughshiyat-c294241a.html
wv_ca76b198,1608,أُزْلِفَتْ,uzlifat,ز-ل-ف,verb,,Form IV,4,6,4,2,brought near,নিকটে আনা হবে,قریب لے آئی جائے گی,क़रीब लाई जाएगी,didekatkan,yaklaştırdık,نزدیک آورده شود,sera rapproché,26:90,https://quranicwords.vercel.app/quran-words/uzlifat-ca76b198.html
wv_d3d42f25,1609,اهْتَزَّتْ,ahtazzat,ه-ز-ز,verb,,Form VIII,4,6,4,2,gets stirred,উথলিয়ে উঠে,ہل جاتی ہے,तरो ताज़ा हो जाती है,ia bergerak,titreşir,به جنبش آید,est amenée au mouvement,22:5,https://quranicwords.vercel.app/quran-words/ahtazzat-d3d42f25.html
wv_d5abada1,1610,اقْتَرَفْ,aqtaraf,ق-ر-ف,verb,,Form VIII,4,6,4,3,commit,অর্জন করবে,کمائی کرتے,कमाई करते,mengerjakan,yaparsa,انجام دهد,commet,6:120,https://quranicwords.vercel.app/quran-words/aqtaraf-d5abada1.html
wv_e210fedc,1611,أَكْرَمَ,akrama,ك-ر-م,verb,,Form IV,4,6,4,3,is generous to,সম্মান দেন,عزت دیتا ہے,इज़्ज़त देता है,memuliakannya,ona ikramda bulunsa,گرامی اش دارد,l’honore,89:15,https://quranicwords.vercel.app/quran-words/akrama-e210fedc.html
wv_ec4cb84d,1612,يَتَبَوَّأُ,yatabawwaʾu,ب-و-أ,verb,,Form V,4,6,4,3,may settle,বসবাস করতো,جگہ بنا سکتے ہیں,जगह बना सकते है,pergi menuju,konaklardı,جای می گیریم,pouvons nous loger avec satisfaction,39:74,https://quranicwords.vercel.app/quran-words/yatabawwau-ec4cb84d.html
wv_ee488ecb,1613,تَشَٰبَهَ,tashābaha,ش-ب-ه,verb,,Form VI,4,6,4,3,allegorical,এ কারণে বিভ্রান্তি ঘটিয়েছে,خلط ملط ہوگئی ہو,मुताशाबह है,maka,benzer geldi,متشابه است,se ressemblent,3:7,https://quranicwords.vercel.app/quran-words/tashabaha-ee488ecb.html
wv_eeea0f86,1614,ٱخْتَارَ,akhtāra,خ-ي-ر,verb,,Form VIII,4,6,4,3,chose,বেছে নিলো,چن لیا,मुन्तख़िब कर लिए,memilih,seçti,برگزید,a choisi,7:155,https://quranicwords.vercel.app/quran-words/akhtara-eeea0f86.html
wv_f3c4bff5,1615,أَحْبَطَ,aḥbaṭa,ح-ب-ط,verb,,Form IV,4,6,4,4,made worthless,নষ্ট করে দিয়েছেন,ضائع کردیا,ज़ाया कर दिए,menghapus,boşa çıkardı,تباه ساخت,a donc rendu vaines,47:28,https://quranicwords.vercel.app/quran-words/ahbata-f3c4bff5.html
wv_f51811f6,1616,خَرَقَ,kharaqa,خ-ر-ق,verb,,Form I,4,6,4,4,falsely attribute,রচনা করেছে,تراش لیے,गढ़ लिए,mengada-adakan,icadettiler,برساختند,ont attribués avec mensonge,6:100,https://quranicwords.vercel.app/quran-words/kharaqa-f51811f6.html
wv_f6c6d3f5,1617,سَوَّلَ,sawwala,س-و-ل,verb,,Form II,4,6,4,4,enticed,সাজিয়ে দিয়েছে,آسان کردیا,अच्छा कर के दिखाया,menggoda,aldattıp sürüklemiş,آراسته است,a embelli / ont embelli,47:25,https://quranicwords.vercel.app/quran-words/sawwala-f6c6d3f5.html
wv_f8e73d08,1618,قُدَّ,qudda,ق-د-د,verb,,Form I,4,6,4,4,torn,ছেঁড়া,پھاڑی گئی,फाड़ी गई,koyak,yırtılmış,دریده شده,avait été déchirée,12:27,https://quranicwords.vercel.app/quran-words/qudda-f8e73d08.html
wv_fb568781,1619,يُحافِظُ,yuḥāfiẓu,ح-ف-ظ,verb,,Form III,4,6,4,4,guard,যত্ন করে,حفاظت کرتے ہیں,हिफ़ाज़त करते हैं,memelihara,korurlar,محافظت می کنند,gardent,23:9,https://quranicwords.vercel.app/quran-words/yuhafizu-fb568781.html
wn_004fd8df,1620,شَتَّى,shattā,ش-ت-ت,noun,Noun (Ism),,3,7,5,7,diverse,দ্বিধাবিভক্ত,مختلف,फटे हुए,bermacam-macam,dağınıktır,پراکنده,diverses,20:53,https://quranicwords.vercel.app/quran-words/shatta-004fd8df.html
wn_00f092d4,1621,نُكْر,nukr,ن-ك-ر,noun,Noun (Ism),,3,7,5,7,terrible,কঠিন,سخت,अंजाना,mengerikan,görülmemiş,سخت,terrible,18:87,https://quranicwords.vercel.app/quran-words/nukr-00f092d4.html
wn_0402e6b1,1622,سُدُس,sudus,س-د-س,noun,Noun (Ism),,3,7,5,8,sixth,এক ষষ্ঠাংশ,چھٹا حصہ,छठा हिस्सा,seperenam,altıda bir düşer,ششم,sixième,4:12,https://quranicwords.vercel.app/quran-words/sudus-0402e6b1.html
wn_0450b574,1623,ضِياء,ḍīʾ,ض-و-أ,noun,Noun (Ism),,3,7,5,8,light,আলো,روشن,रोशन,bersinar,ışık,حالی که روشنایی,lumière puissante,21:48,https://quranicwords.vercel.app/quran-words/di-0450b574.html
wn_06355d03,1624,آناء,ānāʾ,أ-ن-ي,noun,Noun (Ism),,3,7,5,8,hours,কিছু অংশে,گھڑیوں,घड़ियों,bagian,saatlerinde,اوقات,périodes,3:113,https://quranicwords.vercel.app/quran-words/ana-06355d03.html
wn_069b0d94,1625,راغِب,rāghib,ر-غ-ب,noun,Active participle (Ism Fāʿil),,3,7,5,8,turn devoutly,অনুরক্ত,رغبت کرنے والے,रग़बत करने वाले,orang-orang yang berharap,arzulayanlarız,راغبیم,désireux,68:32,https://quranicwords.vercel.app/quran-words/raghib-069b0d94.html
wn_06f9d9ff,1626,خِطاب,khiṭāb,خ-ط-ب,noun,Noun (Ism),,3,7,5,8,speech,কথা বলতে,بات,गुफ़्तगू,perkara,konuşma,هیچ سخنی,discussion,38:20,https://quranicwords.vercel.app/quran-words/khitab-06f9d9ff.html
wn_073751ec,1627,باطِن,bāṭin,ب-ط-ن,noun,Active participle (Ism Fāʿil),,3,7,5,9,Unapparent,তিনিই অব্যক্ত,باطن,बातिन,Batin,batındır,اوست پنهان,Celui dont rien n’est caché,57:3,https://quranicwords.vercel.app/quran-words/batin-073751ec.html
wn_0840c460,1628,حِمْل,ḥiml,ح-م-ل,noun,Noun (Ism),,3,7,5,9,load,বোঝা,بوجھ,बोझ,beban,yüktür,بار,charge,20:101,https://quranicwords.vercel.app/quran-words/himl-0840c460.html
wn_097a8c3c,1629,مُسَخَّرَة,musakhkharah,س-خ-ر,noun,Passive participle (Ism Mafʿūl),,3,7,5,9,subjected,অধীন হয়েছে,مسخر کیے گئے,मुसख़्ख़र किए गए,ditundukkan,boyun eğdirilmiştir,حالی که رام شده اند,rendus soumis,7:54,https://quranicwords.vercel.app/quran-words/musakhkharah-097a8c3c.html
wn_0a155c91,1630,حُسْبان,ḥusbān,ح-س-ب,noun,Noun (Ism),,3,7,5,9,calamity,গণনার জন্যে,حساب کا ذریعہ,अज़ाब,perhitungan,yıldırımlar,آفتی,catastrophe,18:40,https://quranicwords.vercel.app/quran-words/husban-0a155c91.html
wn_0a653b86,1631,شِرْب,shirb,ش-ر-ب,noun,Noun (Ism),,3,7,5,9,drink,পানি পান করার পালা,پینا,पानी पीने की बारी,minuman,su içme hakkı,بهرۂ آب خود,boisson,54:28,https://quranicwords.vercel.app/quran-words/shirb-0a653b86.html
wn_0a9e7203,1632,أَقْصا,aqṣā,ق-ص-و,noun,Noun (Ism),,3,7,5,10,farthest end,আকসা,اقصی,आख़िरी किनारे,ujung,Aksa'ya,منتهای,plus loin,36:20,https://quranicwords.vercel.app/quran-words/aqsa-0a9e7203.html
wn_0ac6aeff,1633,جامِع,jāmiʿ,ج-م-ع,noun,Active participle (Ism Fāʿil),,3,7,5,10,will gather,একত্রিতকারী,جمع کرنے والا,जमा करने वाला,mengumpulkan,bütün,گردآورنده,assemble,3:9,https://quranicwords.vercel.app/quran-words/jami-0ac6aeff.html
wn_0b1d81f8,1634,رَحْل,raḥl,ر-ح-ل,noun,Noun (Ism),,3,7,5,10,bag,মালপত্রের,سامان م,सामान,karung,yükünün,باردان,sacoche,12:70,https://quranicwords.vercel.app/quran-words/rahl-0b1d81f8.html
wn_0bcad6a6,1635,فِراش,firāsh,ف-ر-ش,noun,Noun (Ism),,3,7,5,10,couches,বিছানা সমূহের,ایسے فرشوں,ऐसे बिस्तरों,hamparan,döşek,بستر هایی که,lits,55:54,https://quranicwords.vercel.app/quran-words/firash-0bcad6a6.html
wn_0c6b7f79,1636,إِلْياس,ilyās,,noun,Proper noun,,3,7,5,10,Ilyas,ইলয়াস,الیاس,इलयास,Ilyas,İlyas,الیاس,Élie,37:130,https://quranicwords.vercel.app/quran-words/ilyas-0c6b7f79.html
wn_0d1fe205,1637,نَسَب,nasab,ن-س-ب,noun,Noun (Ism),,3,7,6,1,blood relationship,আত্মীয়তার বন্ধন,رخنہ,नसब,keturunan,nesep,صورت نسب,relation,25:54,https://quranicwords.vercel.app/quran-words/nasab-0d1fe205.html
wn_0e63685e,1638,مِدْرار,midrār,د-ر-ر,noun,Noun (Ism),,3,7,6,1,abundance,বৃষ্টি,بہت برسنے والا,बहुत बरसने वाला,lebat,bol bol,بارانی پیوسته,abondance,71:11,https://quranicwords.vercel.app/quran-words/midrar-0e63685e.html
wn_0ebcbdcc,1639,مَسْطُور,masṭūr,س-ط-ر,noun,Passive participle (Ism Mafʿūl),,3,7,6,1,written,লিখিত,لکھی ہوئی,लिखा हुआ,tertulis,yazılmıştır,نوشته شده,écrit,52:2,https://quranicwords.vercel.app/quran-words/mastur-0ebcbdcc.html
wn_10fb3651,1640,وَهّاب,wahhāb,و-ه-ب,noun,Noun (Ism),,3,7,6,1,Bestower,মহাদাতা,بہت عطا کرنے والا,बहुत अता करने वाला,Maha Pemberi,çok bağış yapansın,بسیار بخشاینده,Celui qui offre énormément,38:9,https://quranicwords.vercel.app/quran-words/wahhab-10fb3651.html
wn_11121f5b,1641,مَوْلُود,mawlūd,و-ل-د,noun,Passive participle (Ism Mafʿūl),,3,7,6,1,father,যার নবজাতক,جس کا بچہ,बच्चा,anak yang dilahirkan,baba,هیچ فرزندی,père,2:233,https://quranicwords.vercel.app/quran-words/mawlud-11121f5b.html
wn_133c50ec,1642,قَرْح,qarḥ,ق-ر-ح,noun,Noun (Ism),,3,7,6,2,wound,আঘাত,زخم,ज़ख़्म,luka,yara,زخمی,blessure,3:140,https://quranicwords.vercel.app/quran-words/qarh-133c50ec.html
wn_13dfa007,1643,رَغَد,raghad,ر-غ-د,noun,Noun (Ism),,3,7,6,2,abundance,প্রচুর,بافراغت,फ़राग़त,melimpah ruah,bol bol,فراوانی,abondance,16:112,https://quranicwords.vercel.app/quran-words/raghad-13dfa007.html
wn_1427ce8e,1644,بالِغَة,bālighah,ب-ل-غ,noun,Active participle (Ism Fāʿil),,3,7,6,2,conclusive,পরিপূর্ণ,باقی رہنے والی,पहुँचने वाली,jelas lagi kuat,sürecek,رسا,atteint,6:149,https://quranicwords.vercel.app/quran-words/balighah-1427ce8e.html
wn_1433f903,1645,قِسْمَة,qismah,ق-س-م,noun,Noun (Ism),,3,7,6,2,division,বণ্টন,تقسیم,तक़सीम,pembagian,paylaştırılacağını,تقسیم شده,partage,53:22,https://quranicwords.vercel.app/quran-words/qismah-1433f903.html
wn_179bb21d,1646,رِئاء,riʾāʾ,ر-أ-ي,noun,Verbal noun (Maṣdar),,3,7,6,2,be seen,দেখানোর জন্য,دکھاتے ہوئے,दिखाने के लिए,riya,gösteriş için,برای نشان دادن,fait de montrer,2:264,https://quranicwords.vercel.app/quran-words/ria-179bb21d.html
wn_1892b637,1647,مَذْمُوم,madhmūm,ذ-م-م,noun,Passive participle (Ism Mafʿūl),,3,7,6,3,disgraced,নিন্দিত অবস্হায়,ملامت زدہ,मज़म्मत किया हुआ,tercela,kınanmış olarak,نکو هیدۂ,méprisable,17:22,https://quranicwords.vercel.app/quran-words/madhmum-1892b637.html
wn_189a6812,1648,أَيْمَن,ayman,ي-م-ن,noun,Noun (Ism),,3,7,6,3,right,ডানদিকের,دائیں,तूर की दाईं जानिब,sebelah kanan,sağ,کوه طور,sud,19:52,https://quranicwords.vercel.app/quran-words/ayman-189a6812.html
wn_198324eb,1649,مَتِين,matīn,م-ت-ن,noun,Noun (Ism),,3,7,6,3,firm,বলিষ্ঠ,بہت پختہ,निहायत मज़बूत,teguh,sağlamdır,استوار,ferme,7:183,https://quranicwords.vercel.app/quran-words/matin-198324eb.html
wn_19c69578,1650,نَشْأَة,nashʾah,ن-ش-أ,noun,Noun (Ism),,3,7,6,3,creation,উঠানোর,اٹھانا,पैदाइश,kejadian,yaratmayı,آفریدن,création,56:62,https://quranicwords.vercel.app/quran-words/nashah-19c69578.html
wn_1b3598a7,1651,بَقَر,baqar,ب-ق-ر,noun,Noun (Ism),,3,7,6,3,cows,গরু,گائے,गाय,sapi,inek,گاوان,vaches,2:70,https://quranicwords.vercel.app/quran-words/baqar-1b3598a7.html
wn_1b8a1bc3,1652,مُبَدِّل,mubaddil,ب-د-ل,noun,Active participle (Ism Fāʿil),,3,7,6,4,can change,পরিবর্তনকারী,بدلنے والا,बदलने वाला,dapat merubah,değiştirebilecek,دگرگون کننده ای,personne qui peut changer,18:27,https://quranicwords.vercel.app/quran-words/mubaddil-1b8a1bc3.html
wn_1bd9b078,1653,مُخْرِج,mukhrij,خ-ر-ج,noun,Active participle (Ism Fāʿil),,3,7,6,4,bring forth,প্রকাশকারী,نکالنے والا,ज़ाहिर करने वाला,mengeluarkan,ortaya çıkaracaktır,بیرون آورنده,Celui qui fait sortir,9:64,https://quranicwords.vercel.app/quran-words/mukhrij-1bd9b078.html
wn_1c39c708,1654,صُورَة,ṣūrah,ص-و-ر,noun,Noun (Ism),,3,7,6,4,form,আকৃতিতে,شکل,जिस सूरत,gambar,surette,صورتی,forme,82:8,https://quranicwords.vercel.app/quran-words/surah-1c39c708.html
wn_1d01250b,1655,أُجاج,ujāj,أ-ج-ج,noun,Noun (Ism),,3,7,6,4,bitter,বিস্বাদ,نہایت تلخ,कड़वा,asin,acıdır,تلخ,amère,25:53,https://quranicwords.vercel.app/quran-words/ujaj-1d01250b.html
wn_1f293aca,1656,كَظِيم,kaẓīm,ك-ظ-م,noun,Noun (Ism),,3,7,6,4,filled with grief,উত্তেজনা প্রশমনকারী,سخت غمگین تھے,ग़म से भरा हुआ था,menahan marah,içi öfkeyle dolar,خشم خود را فرومی خورد,fortement restreint,43:17,https://quranicwords.vercel.app/quran-words/kazim-1f293aca.html
wn_1f327bcd,1657,مُتَّخِذ,muttakhidh,أ-خ-ذ,noun,Active participle (Ism Fāʿil),,3,7,6,5,One to take,গ্রহণকারিনী,بنانے والا,बनाने वाला,mengambil,edinmiş,گیرند گان,preneur,18:51,https://quranicwords.vercel.app/quran-words/muttakhidh-1f327bcd.html
wn_1ff612ea,1658,حَرِير,ḥarīr,ح-ر-ر,noun,Noun (Ism),,3,7,6,5,silk,রেশমের,ریشم ہوگا,रेशम,sutera,ipektir,ابریشم,soie,35:33,https://quranicwords.vercel.app/quran-words/harir-1ff612ea.html
wn_21ae7398,1659,رُمّان,rummān,ر-م-ن,noun,Noun (Ism),,3,7,6,5,pomegranates,আনার,انار,अनार,delima,nar,انار,grenade,55:68,https://quranicwords.vercel.app/quran-words/rumman-21ae7398.html
wn_223e94c9,1660,قَوارِيرا,qawārīrā,ق-ر-ر,noun,Noun (Ism),,3,7,6,5,crystal,কাঁঁচ,شیشے,शीशे,kaca-kaca,billur,بلور,verre,76:15,https://quranicwords.vercel.app/quran-words/qawarira-223e94c9.html
wn_22539d1c,1661,مَمات,mamāt,م-و-ت,noun,Noun (Ism),,3,7,6,5,death,মৃত্যুতে,موت,मौत,sesudah mati,ölümü,مرگ,mort,17:75,https://quranicwords.vercel.app/quran-words/mamat-22539d1c.html
wn_244aca4b,1662,عَمَد,ʿamad,ع-م-د,noun,Noun (Ism),,3,7,6,6,pillars,কোন খুঁটি,ستونوں,सुतूनों,tiang,direk,ستون های,piliers,13:2,https://quranicwords.vercel.app/quran-words/amad-244aca4b.html
wn_250d3d82,1663,رُهْبان,ruhbān,ر-ه-ب,noun,Noun (Ism),,3,7,6,6,monks,সংসার-বিরাগীদের,درویش,राहिब,rahib-rahib,rahipler,راهبانی,moines,5:82,https://quranicwords.vercel.app/quran-words/ruhban-250d3d82.html
wn_25b28c9c,1664,سَلْوَى,salwā,س-ل-و,noun,Noun (Ism),,3,7,6,6,quails,সালওয়া,سلوی,सलवा,salwa,bıldırcın,بلدرچین,cailles,20:80,https://quranicwords.vercel.app/quran-words/salwa-25b28c9c.html
wn_2cb28b37,1665,نِفاق,nifāq,ن-ف-ق,noun,Verbal noun (Maṣdar),,3,7,6,6,hypocrisy,কপটতায়,نفاق,निफ़ाक़,kemunafikan,iki yüzlülük,نفاق,hypocrisie,9:77,https://quranicwords.vercel.app/quran-words/nifaq-2cb28b37.html
wn_2cb54625,1666,مُسْتَقِرّ,mustaqirr,ق-ر-ر,noun,Active participle (Ism Fāʿil),,3,7,6,6,abiding,বিরামহীন,لکھا ہوا,मुसलसल,ada ketetapannya,kararlı,قرار گیرنده,installé,54:38,https://quranicwords.vercel.app/quran-words/mustaqirr-2cb54625.html
wn_2e79a3af,1667,مُؤْتَفِكَة,muʾtafikah,أ-ف-ك,noun,Active participle (Ism Fāʿil),,3,7,6,7,overturned cities,উলটে দেয়া বস্তীবাসীদের,اوندھی گرنے والی بستیاں,उलट जाने वाली बस्ती,Mu'tafikah,altüst olmuş kentler,شهر های واژگون شده,retournés,69:9,https://quranicwords.vercel.app/quran-words/mutafikah-2e79a3af.html
wn_2ed52a2c,1668,مَفاتِح,mafātiḥ,ف-ت-ح,noun,Noun (Ism),,3,7,6,7,keys,চাবিসমূহ,کنجیاں,चाबियाँ,kunci-kunci,anahtarları,کلیدهای,clés,6:59,https://quranicwords.vercel.app/quran-words/mafatih-2ed52a2c.html
wn_2ee5847d,1669,آثِم,āthim,أ-ث-م,noun,Active participle (Ism Fāʿil),,3,7,6,7,any sinner,পাপিষ্ঠ,کسی گناہ گار,अलबत्ता गुनाहगारों में से होंगे,berdosa,günahkar,گناهکار,pécheur,76:24,https://quranicwords.vercel.app/quran-words/athim-2ee5847d.html
wn_33517cbf,1670,حِفْظ,ḥifẓ,ح-ف-ظ,noun,Noun (Ism),,3,7,6,7,guard,সংরক্ষণ,حفاظت کا ذریعہ,हिफ़ाज़त के लिए,memelihara,koruduk,برای نگهداری,garde,37:7,https://quranicwords.vercel.app/quran-words/hifz-33517cbf.html
wn_3368a99e,1671,سِلْسِلَة,silsilah,س-ل-س-ل,noun,Noun (Ism),,3,7,6,7,chains,শিকল,زنجیر,ज़ंजीर,rantai,zincirler,زنجیرها,chaînes de métal,76:4,https://quranicwords.vercel.app/quran-words/silsilah-3368a99e.html
wn_355f1af6,1672,أَعَزّ,aʿazz,ع-ز-ز,noun,Noun (Ism),,3,7,6,8,mightier,অধিক শক্তিশালী,زیادہ عزت والا,ज़्यादा इज़्ज़त वाला,lebih gagah,daha mı üstündür,توانمند ترند,plus fort,11:92,https://quranicwords.vercel.app/quran-words/aazz-355f1af6.html
wn_373974df,1673,قِنطار,qinṭār,ق-ن-ط-ر,noun,Noun (Ism),,3,7,6,8,heap,অগাধ সম্পদ,خزانے,ख़जानों,harta,kantarlarca,دارایی بسیاری,grand nombre de possessions accumulées,4:20,https://quranicwords.vercel.app/quran-words/qintar-373974df.html
wn_3759d40f,1674,أَعْجَمِيّ,aʿjamiyy,ع-ج-م,noun,Noun (Ism),,3,7,6,8,foreign,অ-আরবি,عجمی,अजमी,bahasa ajam,a'cemi,عجمی,en langue étrangère,16:103,https://quranicwords.vercel.app/quran-words/ajamiyy-3759d40f.html
wn_382bc12f,1675,جِبْرِيل,jibrīl,,noun,Proper noun,,3,7,6,8,Jibreel,জিবরাঈল,اورجبرئیل,जिबराईल,Jibril,Cebrail'e,جبرئیل,Gabriel,2:98,https://quranicwords.vercel.app/quran-words/jibril-382bc12f.html
wn_3e29494d,1676,إِصْر,iṣr,أ-ص-ر,noun,Noun (Ism),,3,7,6,8,burden,বোঝা,بوجھ,ऐसा बोझ,berat,ağır,بار گرانی,fardeau,2:286,https://quranicwords.vercel.app/quran-words/isr-3e29494d.html
wn_4043eec8,1677,قاهِر,qāhir,ق-ه-ر,noun,Active participle (Ism Fāʿil),,3,7,6,9,Subjugator,পরাক্রমশালী,غالب,ग़लबा रखने वाला,berkuasa,eziciler olacağız,چیره,Dominateur,6:18,https://quranicwords.vercel.app/quran-words/qahir-4043eec8.html
wn_40dead6f,1678,ضَرْب,ḍarb,ض-ر-ب,noun,Noun (Ism),,3,7,6,9,move about,আঘাত,ضرب لگاتے ہوئے,चलने फिरने,berusaha,darbe indirdi,بزنید,coup,2:273,https://quranicwords.vercel.app/quran-words/darb-40dead6f.html
wn_40ea0ae3,1679,صافَّة,ṣāffah,ص-ف-ف,noun,Active participle (Ism Fāʿil),,3,7,6,9,spreading,ডানা মেলে চলছে,صف باندھنے والے,पर फैलाए,mengembangkan sayap,saflar halinde uçan,بال می گشایند,êtres qui étendent les ailes,67:19,https://quranicwords.vercel.app/quran-words/saffah-40ea0ae3.html
wn_41c46567,1680,قُرَّة,qurrah,ق-ر-ر,noun,Noun (Ism),,3,7,6,9,comfort,প্রশান্তি,ٹھنڈک,ठंडक,penyejuk,aydınlığı,روشنی,refroidissement,25:74,https://quranicwords.vercel.app/quran-words/qurrah-41c46567.html
wn_42a6b2d1,1681,جارِيَة,jāriyah,ج-ر-ي,noun,Active participle (Ism Fāʿil),,3,7,6,9,flowing,নৌযানের,بہتے,कश्ती,berlayar,akan,جاری,arche,88:12,https://quranicwords.vercel.app/quran-words/jariyah-42a6b2d1.html
wn_42e2234d,1682,مُلْقي,mulqy,ل-ق-ي,noun,Active participle (Ism Fāʿil),,3,7,6,10,going to throw,নিক্ষেপকারী,ڈالنے والے,डालने वाले,lemparkan,atacağınız,افکند گان,gens qui jettent,26:43,https://quranicwords.vercel.app/quran-words/mulqy-42e2234d.html
wn_43458d3e,1683,ذائِقَة,dhāʾiqah,ذ-و-ق,noun,Active participle (Ism Fāʿil),,3,7,6,10,taste,স্বাদ গ্রহণকারী,چکھنے والا,चखने वाला,merasakan,tadacaktır,چشندۂ,goûteuse,29:57,https://quranicwords.vercel.app/quran-words/dhaiqah-43458d3e.html
wn_43a6a8ef,1684,عَصْف,ʿaṣf,ع-ص-ف,noun,Noun (Ism),,3,7,6,10,husk,প্রলংকরী,بھس,तेज़ चलना,keras,savuranlara,توفیدنی,foin,55:12,https://quranicwords.vercel.app/quran-words/asf-43a6a8ef.html
wn_45b8eb4f,1685,مَشْرَب,mashrab,ش-ر-ب,noun,Noun (Ism),,3,7,6,10,drinks,পানীয়,پینے کی چیزیں,पीने की चीज़ें,minuman,içecekler,آشامیدنی ها,boissons,36:73,https://quranicwords.vercel.app/quran-words/mashrab-45b8eb4f.html
wn_465cd271,1686,حاقَّة,ḥāqqah,ح-ق-ق,noun,Active participle (Ism Fāʿil),,3,7,6,10,Inevitable Reality,সুনিশ্চিত ঘটনা,ثابت ہوکررہنے والی,हक़ होने वाली,keadaan yang sebenarnya,gerçekleşen,راستین,évènement vrai,69:1,https://quranicwords.vercel.app/quran-words/haqqah-465cd271.html
wn_46e2934e,1687,قَواعِد,qawāʿid,ق-ع-د,noun,Noun (Ism),,3,7,7,1,foundations,অতিক্রমকারিনী,بنیادوں,बुनियादें,dasar-dasar,oturan,پایه ها,fondations,2:127,https://quranicwords.vercel.app/quran-words/qawaid-46e2934e.html
wn_4ac2304d,1688,بَقِيَّت,baqiyyat,ب-ق-ي,noun,Noun (Ism),,3,7,7,1,remains,অবশিষ্ট,باقی مانندہ,अन्जाम पर नज़र रखने वाले,sisa,bıraktıkları,باز ماندۂ,reste,11:86,https://quranicwords.vercel.app/quran-words/baqiyyat-4ac2304d.html
wn_4b77cff4,1689,قِرَدَة,qiradah,ق-ر-د,noun,Noun (Ism),,3,7,7,1,apes,বানর,بندر,बन्दर,kera,maymunlar,بوزینگانی,singes,7:166,https://quranicwords.vercel.app/quran-words/qiradah-4b77cff4.html
wn_4bca27c7,1690,مُسَلَّمَة,musallamah,س-ل-م,noun,Passive participle (Ism Mafʿūl),,3,7,7,1,paid,সমর্পিত হবে,سپرد کیا گیا,सुपुर्द की जाएगी,diserahkan,kusursuz,پرداخت شده,payé,4:92,https://quranicwords.vercel.app/quran-words/musallamah-4bca27c7.html
wn_4c17444f,1691,غاشِيَة,ghāshiyah,غ-ش-و,noun,Active participle (Ism Fāʿil),,3,7,7,1,overwhelming,আচ্ছন্নকারী,ڈھانپ لینے والی,ओढ़ना,meliputi,sargın bir belanın,فرا گیرنده,celle qui couvre,12:107,https://quranicwords.vercel.app/quran-words/ghashiyah-4c17444f.html
wn_4cd0c2a9,1692,خَسار,khasār,خ-س-ر,noun,Noun (Ism),,3,7,7,2,loss,ক্ষতি,خسارے,ख़सारे,kerugian,ziyan,زیانکاری,perte,17:82,https://quranicwords.vercel.app/quran-words/khasar-4cd0c2a9.html
wn_4ce3e86c,1693,بَرَكَة,barakah,ب-ر-ك,noun,Noun (Ism),,3,7,7,2,blessings,কল্যাণ,برکتوں,बरकतें,keberkahan,bereketlerle,برکت هایی,bénédictions,7:96,https://quranicwords.vercel.app/quran-words/barakah-4ce3e86c.html
wn_4dcea12e,1694,صَغِير,ṣaghīr,ص-غ-ر,noun,Noun (Ism),,3,7,7,2,small,ছোট,چھوٹا,छोटा,kecil,az olsun,خردسالی,petit,54:53,https://quranicwords.vercel.app/quran-words/saghir-4dcea12e.html
wn_4e607ecf,1695,سَرابِيل,sarābīl,س-ر-ب-ل,noun,Noun (Ism),,3,7,7,2,garments,পোশাকসমূহ,کرتے,कुर्ते,pakaian,elbiseler,جامه هایی را که,tuniques,16:81,https://quranicwords.vercel.app/quran-words/sarabil-4e607ecf.html
wn_4fbac88f,1696,بُشْر,bushr,ب-ش-ر,noun,Noun (Ism),,3,7,7,2,glad tidings,সু-সংবাদ স্বরুপ,خوش خبری بنا کر,ख़ुशख़बरी बना कर,kabar gembira,müjdeci,مژده دهنده,bonnes nouvelles,25:48,https://quranicwords.vercel.app/quran-words/bushr-4fbac88f.html
wn_535d0adc,1697,إِطْعام,iṭʿām,ط-ع-م,noun,Verbal noun (Maṣdar),,3,7,7,3,feeding,খাদ্য খাওয়ানো,کھانا کھلانا,खाना खिलाना,memberi makan,doyurmaktır,طعام دادن,fait de nourrir,90:14,https://quranicwords.vercel.app/quran-words/itam-535d0adc.html
wn_53f424ff,1698,بَرْزَخ,barzakh,ب-ر-ز-خ,noun,Noun (Ism),,3,7,7,3,barrier,অন্তরায়,پردہ,परदा,dinding,engel,برزخی,obstruction,55:20,https://quranicwords.vercel.app/quran-words/barzakh-53f424ff.html
wn_55a5d92d,1699,قَوّام,qawwām,ق-و-م,noun,Noun (Ism),,3,7,7,3,custodians,অবিচল,قائم رہنے والے,क़ायम रहने वाले,orang-orang yang menegakkan,ayakta tutan,برپا دارند گان,très fermes,4:135,https://quranicwords.vercel.app/quran-words/qawwam-55a5d92d.html
wn_55f9b7ca,1700,مُنتَهَى,muntahā,ن-ه-ي,noun,Passive participle (Ism Mafʿūl),,3,7,7,3,final goal,শেষপ্রান্তে,المنتہی,इन्तिहा,akhir tujuan,Müntehâ'nın,پایان,destination finale,53:42,https://quranicwords.vercel.app/quran-words/muntaha-55f9b7ca.html
wn_5852b34c,1701,خَمْسَة,khamsah,خ-م-س,noun,Noun (Ism),,3,7,7,3,five,পাঁচ,پانچ,पाँच,berlima,beş kişi,پنج تن اند,Cinq,18:22,https://quranicwords.vercel.app/quran-words/khamsah-5852b34c.html
wn_58af6563,1702,نَفَقَة,nafaqah,ن-ف-ق,noun,Noun (Ism),,3,7,7,4,any spending,খরচা খরচ,بھی خرچ کرنے کی چیز,ख़र्च,sesuatu nafkah,masraf,نفقه ای,dépense,9:121,https://quranicwords.vercel.app/quran-words/nafaqah-58af6563.html
wn_5bc35f59,1703,آخِذ,ākhidh,أ-خ-ذ,noun,Active participle (Ism Fāʿil),,3,7,7,4,has grasp,গ্রহণকারী হয়ে,لینے والے ہوں گے,पकड़ने वाला,memegang,alırlar,گیرنده,prenant,11:56,https://quranicwords.vercel.app/quran-words/akhidh-5bc35f59.html
wn_5c08affe,1704,شَهَوَة,shahawah,ش-ه-و,noun,Noun (Ism),,3,7,7,4,desire,কুপ্রবৃত্তির,خواہشات,ख़्वाहिशात,hawa nafsu,şehvetlerine,خواسته های,désirs,3:14,https://quranicwords.vercel.app/quran-words/shahawah-5c08affe.html
wn_5c269619,1705,وِعاء,wiʿāʾ,و-ع-ي,noun,Noun (Ism),,3,7,7,4,bag,পাত্রের,تھیلے,थैले,karung,yükünden,باردان,récipient,12:76,https://quranicwords.vercel.app/quran-words/wia-5c269619.html
wn_603d60cb,1706,مَشْحُون,mashḥūn,ش-ح-ن,noun,Passive participle (Ism Mafʿūl),,3,7,7,4,laden,বোঝাই,بھری ہوئی تھی,भरी हुई,penuh muatan,dolu,پربار,chargée,37:140,https://quranicwords.vercel.app/quran-words/mashhun-603d60cb.html
wn_60924cb3,1707,مُخْتال,mukhtāl,خ-ي-ل,noun,Noun (Ism),,3,7,7,5,proud,উদ্ধত,خود پسند,ख़ुद पसंद,sombong,kendini beğenenleri,خود بالندۂ,prétentieux,4:36,https://quranicwords.vercel.app/quran-words/mukhtal-60924cb3.html
wn_60e22919,1708,حاجَة,ḥājah,ح-و-ج,noun,Noun (Ism),,3,7,7,5,need,অভিপ্রায়,حاجت,हाजत,hajat,arzuya,احساس نیازی,exigence,40:80,https://quranicwords.vercel.app/quran-words/hajah-60e22919.html
wn_62658781,1709,صابِئ,ṣābiʾ,ص-ب-أ,noun,Proper noun,,3,7,7,5,Sabians,সাবরী,صابی,साबी,orang-orang Shabi-in,sabiiler,صابئین,Sabéens,5:69,https://quranicwords.vercel.app/quran-words/sabi-62658781.html
wn_62d2ad95,1710,جَوار,jawār,ج-ر-ي,noun,Active participle (Ism Fāʿil),,3,7,7,5,ships,চলমান,جہاز,कश्तियाँ,kapal-kapal,akıp gidenlere,روندگان,bateaux,42:32,https://quranicwords.vercel.app/quran-words/jawar-62d2ad95.html
wn_6401de83,1711,مُنكِر,munkir,ن-ك-ر,noun,Active participle (Ism Fāʿil),,3,7,7,5,knew him not,অপরিচিত-অজ্ঞাত,انکاری,इन्कार करने वाले,memungkiri,inkar,انکار می کنند؟,gens qui rejettent,12:58,https://quranicwords.vercel.app/quran-words/munkir-6401de83.html
wn_64a40eaf,1712,أُفّ,uff,أ-ف-ف,noun,Noun (Ism),,3,7,7,6,Uff,ধিক,اف,उफ़,ah,Öf,اف,Pouah,21:67,https://quranicwords.vercel.app/quran-words/uff-64a40eaf.html
wn_6634c857,1713,مَعْذِرَة,maʿdhirah,ع-ذ-ر,noun,Noun (Ism),,3,7,7,6,To be absolved,অজুহাত পেশ,معذرت پیش کرنے کے لیے,माज़रत,alasan,ma'zeret için,عذری باشد,excuse,7:164,https://quranicwords.vercel.app/quran-words/madhirah-6634c857.html
wn_68caa483,1714,سَكَن,sakan,س-ك-ن,noun,Noun (Ism),,3,7,7,6,reassurance,আবাসস্থল,باعث سکون,बाइसे सुकून,beristirahat,dinlenme zamanı,آرامش,endroit de tranquillité,9:103,https://quranicwords.vercel.app/quran-words/sakan-68caa483.html
wn_6a9f3121,1715,مُضْغَة,muḍghah,م-ض-غ,noun,Noun (Ism),,3,7,7,6,embryonic lump,মাংসপিন্ড,بوٹی,गोश्त की बोटी,segumpal daging,çiğnemlik ete,پاره گوشتی,morceau de chair,23:14,https://quranicwords.vercel.app/quran-words/mudghah-6a9f3121.html
wn_6ababd90,1716,مُعاجِز,muʿājiz,ع-ج-ز,noun,Active participle (Ism Fāʿil),,3,7,7,6,cause failure,ব্যর্থ করে দেখাতে,عاجز کرنے والے,आजिज़ करने वाले बनकर,melemahkan,aciz bırakmağa,عاجز گرانه,gens qui rendent incapable,22:51,https://quranicwords.vercel.app/quran-words/muajiz-6ababd90.html
wn_6b0fffbf,1717,كُفُور,kufūr,ك-ف-ر,noun,Noun (Ism),,3,7,7,7,disbelief,অস্বীকৃতি,انکار کرنا,कुफ़्र करने,ingkar,inkarda,ناسپاسی,mécréance,25:50,https://quranicwords.vercel.app/quran-words/kufur-6b0fffbf.html
wn_6b1b8900,1718,قَدِيم,qadīm,ق-د-م,noun,Noun (Ism),,3,7,7,7,old,পুরনো,پرانا,पुरानी,dahulu,eski,دیرینۂ خودی,ancien,12:95,https://quranicwords.vercel.app/quran-words/qadim-6b1b8900.html
wn_6b513043,1719,عُلْيا,ʿulyā,ع-ل-و,noun,Noun (Ism),,3,7,7,7,high,সমুচ্চ,بلند,बुलन्द,tinggi,yüce,بلندتر,hauts,20:4,https://quranicwords.vercel.app/quran-words/ulya-6b513043.html
wn_6bdc6fe8,1720,أَوْتاد,awtād,و-ت-د,noun,Noun (Ism),,3,7,7,7,stakes,কিলক ও স্তম্ভসমূহের,میخوں,मेख़ों वाले,bala tentara,kazıklar,میخ ها,piquets,89:10,https://quranicwords.vercel.app/quran-words/awtad-6bdc6fe8.html
wn_6db048bc,1721,تِلْقاء,tilqāʾ,ل-ق-ي,noun,Noun (Ism),,3,7,7,7,towards,দিকে,طرف,अपनी तरफ़,arah,tarafına,سوی,direction,28:22,https://quranicwords.vercel.app/quran-words/tilqa-6db048bc.html
wn_7021ca4e,1722,عاقِر,ʿāqir,ع-ق-ر,noun,Active participle (Ism Fāʿil),,3,7,7,8,barren,বন্ধ্যা,بانجھ,बाँझ,mandul,kısırdır,نازا,stérile,19:5,https://quranicwords.vercel.app/quran-words/aqir-7021ca4e.html
wn_710cf89a,1723,فاكِه,fākih,ف-ك-ه,noun,Active participle (Ism Fāʿil),,3,7,7,8,amusement,আনন্দকারী,خوش ہورہے ہوں گے,ऐश करने वाले,bersenang-senang,eğlenirler,درحالی که شادمان اند,joyeux,36:55,https://quranicwords.vercel.app/quran-words/fakih-710cf89a.html
wn_713ea37b,1724,مَلْجَإ,maljaʾ,ل-ج-أ,noun,Noun (Ism),,3,7,7,8,refuge,আশ্রয়স্থল,جائے پناہ,जाए पनाह,tempat berlindung,sığınacak bir yer,پناهگاهی,refuge,9:57,https://quranicwords.vercel.app/quran-words/malja-713ea37b.html
wn_716cd691,1725,سُندُس,sundus,,noun,Noun (Ism),,3,7,7,8,fine silk,মিহি রেশমের,باریک ریشم,बारीक रेशम,kain sutera halus,ince ipekten,دیبای نازک,soie fine,44:53,https://quranicwords.vercel.app/quran-words/sundus-716cd691.html
wn_72a1f822,1726,داع,dāʿ,د-ع-و,noun,Active participle (Ism Fāʿil),,3,7,7,8,caller,আহ্বানকারীর,پکارنے والے,तरफ़ पुकारने वाले,menyeru,du'a edenin,دعوت کننده,appeleur,54:6,https://quranicwords.vercel.app/quran-words/da-72a1f822.html
wn_72f2fb07,1727,نَكال,nakāl,ن-ك-ل,noun,Noun (Ism),,3,7,7,9,deterrent punishment,শাস্তি,عبرت,अज़ाब,peringatan,azabıyle,عبرتی,châtiment exemplaire,2:66,https://quranicwords.vercel.app/quran-words/nakal-72f2fb07.html
wn_76874194,1728,خائِف,khāʾif,خ-و-ف,noun,Active participle (Ism Fāʿil),,3,7,7,9,fearful,ভীত অবস্থায়,ڈرتے ہوئے,डरते हुए,dengan rasa takut,korka korka,ترسان,quelqu’un qui a peur,28:18,https://quranicwords.vercel.app/quran-words/khaif-76874194.html
wn_76e1faf7,1729,سَمِين,samīn,س-م-ن,noun,Noun (Ism),,3,7,7,9,fat,মোটাসোটা,موٹی,मोटी,gemuk,semiz,فربه,grasses,51:26,https://quranicwords.vercel.app/quran-words/samin-76e1faf7.html
wn_790f602c,1730,حَدائِق,ḥadāʾiq,ح-د-ق,noun,Noun (Ism),,3,7,7,9,gardens,বাগানসমূহ,باغات,बाग़ात,kebun-kebun,bahçeler,باغ های,jardins entourés de murs,27:60,https://quranicwords.vercel.app/quran-words/hadaiq-790f602c.html
wn_7927e34f,1731,أَوْثان,awthān,و-ث-ن,noun,Noun (Ism),,3,7,7,9,idols,মূর্তিগুলোকে,بتوں,बुतों,berhala-berhala,birtakım putlar,بتانی,idoles,29:17,https://quranicwords.vercel.app/quran-words/awthan-7927e34f.html
wn_793fd2b7,1732,أَشْقَى,ashqā,ش-ق-و,noun,Noun (Ism),,3,7,7,10,most wretched,নিতান্ত হতভাগ্য,بدبخت,निहायत बदबख़्त,orang yang celaka,bahtsız olan,بد بخت ترین,plus misérable,92:15,https://quranicwords.vercel.app/quran-words/ashqa-793fd2b7.html
wn_7a4fd590,1733,ذُلّ,dhull,ذ-ل-ل,noun,Noun (Ism),,3,7,7,10,disgrace,অপমানের,ذلت,आजिज़ी,kehinaan,küçülme,ذلّت,humiliation,42:45,https://quranicwords.vercel.app/quran-words/dhull-7a4fd590.html
wn_7cb7e3df,1734,لَهَب,lahab,ل-ه-ب,noun,Noun (Ism),,3,7,7,10,Blazing Flames,আগুনের শিখা,آگ کی لپٹ,अबू लहब,begejolak,Leheb'in,زبانۂ آتش,flamberie avec flamme,111:3,https://quranicwords.vercel.app/quran-words/lahab-7cb7e3df.html
wn_7ccb2c9d,1735,مَوْثِق,mawthiq,و-ث-ق,noun,Noun (Ism),,3,7,7,10,promise,প্রতিশ্রুতি,پختہ وعدہ اپنا,पुख़्ता वादा,janji,kesin söz,پیمانی استوار,engagement,12:66,https://quranicwords.vercel.app/quran-words/mawthiq-7ccb2c9d.html
wn_82c63fd1,1736,عِير,ʿīr,ع-ي-ر,noun,Noun (Ism),,3,7,7,10,caravan,যাত্রীদল,اہل قافلہ,ऐ क़ाफ़िले वालो,kafilah,kervan,کاروان,caravane,12:82,https://quranicwords.vercel.app/quran-words/ir-82c63fd1.html
wn_84db6223,1737,تابِع,tābiʿ,ت-ب-ع,noun,Active participle (Ism Fāʿil),,3,7,8,1,attendants,অধীনস্থ পুরুষরা,لیے جو پیروی کرنے والے,ज़ेरदस्त,pengikut,tabi'leri,وابستگانی که,serviteurs suiveurs,24:31,https://quranicwords.vercel.app/quran-words/tabi-84db6223.html
wn_8500c002,1738,تَضَرُّع,taḍarruʿ,ض-ر-ع,noun,Verbal noun (Maṣdar),,3,7,8,1,humbly,কাতরভাবে,عاجزی,आजिज़ी,merendahkan diri,yalvararak,زاری,humilité,7:55,https://quranicwords.vercel.app/quran-words/tadarru-8500c002.html
wn_8501c374,1739,قُرْبان,qurbān,ق-ر-ب,noun,Noun (Ism),,3,7,8,1,gods as a way of approach,কুরবানি,تقرب کے لیے,क़ुर्बानी करना,korban,birer kurban,برای تقرب,rapprochement,46:28,https://quranicwords.vercel.app/quran-words/qurban-8501c374.html
wn_87244cac,1740,أُسْوَة,uswah,أ-س-و,noun,Noun (Ism),,3,7,8,1,example,আদর্শ,نمونہ,नमूना,suri tauladan,örnek,سر مشقی,exemple,60:6,https://quranicwords.vercel.app/quran-words/uswah-87244cac.html
wn_885c6d15,1741,عِمْران,ʿimrān,,noun,Proper noun,,3,7,8,1,Imran,ইমরানের,عمران,इमरान,Imran,İmran'ın,عمران,Joachim,3:33,https://quranicwords.vercel.app/quran-words/imran-885c6d15.html
wn_892c69f5,1742,قانِتَة,qānitah,ق-ن-ت,noun,Active participle (Ism Fāʿil),,3,7,8,2,obedient,অনুগত নারীগণ,اطاعت گزار,इताअत गुज़ार,taat,gönülden ita'at eden,زنان فرمانبردار,obéissantes,66:5,https://quranicwords.vercel.app/quran-words/qanitah-892c69f5.html
wn_8978c15a,1743,مُصْفَرّ,muṣfarr,ص-ف-ر,noun,Active participle (Ism Fāʿil),,3,7,8,2,turn yellow,হলুদবর্ণ,زرد,ज़र्द,kekuning-kuningan,sararmış,زرد شده,jaune,30:51,https://quranicwords.vercel.app/quran-words/musfarr-8978c15a.html
wn_8b14bb7d,1744,فَواكِه,fawākih,ف-ك-ه,noun,Noun (Ism),,3,7,8,2,fruits,ফলমূল,پھل,फल,buah-buahan,meyvalar,میوه های,fruits,23:19,https://quranicwords.vercel.app/quran-words/fawakih-8b14bb7d.html
wn_8b574d90,1745,غَنَم,ghanam,غ-ن-م,noun,Noun (Ism),,3,7,8,2,sheep,ছাগলের,بکری,बकरियों,kambing,davarının,وگوسفندان,chèvres,21:78,https://quranicwords.vercel.app/quran-words/ghanam-8b574d90.html
wn_8c4d34d5,1746,مَعِيشَة,maʿīshah,ع-ي-ش,noun,Noun (Ism),,3,7,8,2,life,জীবন যাপন,گزران,मईशत,penghidupan,geçim,زندگی ای,vie,20:124,https://quranicwords.vercel.app/quran-words/maishah-8c4d34d5.html
wn_8d72f300,1747,أَتْراب,atrāb,ت-ر-ب,noun,Noun (Ism),,3,7,8,3,well-matched,সমবয়স্কা,ہم عمر,हम उमर,sebaya,hep yaşıt,نارپستان هم سال,même âge,78:33,https://quranicwords.vercel.app/quran-words/atrab-8d72f300.html
wn_8dc357c7,1748,مُصَلّي,muṣally,ص-ل-و,noun,Active participle (Ism Fāʿil),,3,7,8,3,those who pray,নামাজীদের,نماز پڑھنے والوں,नमाज़ पढ़ने वालों,orang-orang yang menegakkan sholat,namaz kılanlar,نماز گزاران,ceux qui prient,70:22,https://quranicwords.vercel.app/quran-words/musally-8dc357c7.html
wn_90cab594,1749,فُرات,furāt,ف-ر-ت,noun,Noun (Ism),,3,7,8,3,sweet,সুপেয়,پیاس بجھانے والا,ख़ुश मज़ा,segar,susuzluğu giderici,گوارا,sucrée,77:27,https://quranicwords.vercel.app/quran-words/furat-90cab594.html
wn_9153a05a,1750,كُرْه,kurh,ك-ر-ه,noun,Noun (Ism),,3,7,8,3,hardship,অপ্রিয়,تکلیف,तक्लीफ़,susah payah,zahmetle,مشقت,désagrément,46:15,https://quranicwords.vercel.app/quran-words/kurh-9153a05a.html
wn_91fcff06,1751,مَغْرَم,maghram,غ-ر-م,noun,Noun (Ism),,3,7,8,3,debt,জরিমানা,تاوان,तावान,hutang,angarya,زیان,dette,52:40,https://quranicwords.vercel.app/quran-words/maghram-91fcff06.html
wn_9533e380,1752,مَسْنُون,masnūn,س-ن-ن,noun,Passive participle (Ism Mafʿūl),,3,7,8,4,altered,দুর্গন্ধযুক্ত,سڑے ہوئے,बदबूदार,berbentuk,değişken,بویناک,puante,15:26,https://quranicwords.vercel.app/quran-words/masnun-9533e380.html
wn_95d5e692,1753,خُسْران,khusrān,خ-س-ر,noun,Noun (Ism),,3,7,8,4,loss,ক্ষতি,خسارا,ख़सारा,kerugian,ziyan,زیان,perte,4:119,https://quranicwords.vercel.app/quran-words/khusran-95d5e692.html
wn_9820c151,1754,أَحَبّ,aḥabb,ح-ب-ب,noun,Noun (Ism),,3,7,8,4,more beloved,অধিক প্রিয়,زیادہ پیارے,ज़्यादा महबूब,lebih aku sukai,daha iyidir,خوشایند ترست,plus aimés,12:8,https://quranicwords.vercel.app/quran-words/ahabb-9820c151.html
wn_988846f7,1755,ذَرْع,dharʿ,ذ-ر-ع,noun,Noun (Ism),,3,7,8,4,uneasy,রক্ষা করতে,دل,दिल,dada,huzursuzca,جهت توانایی,capacité,11:77,https://quranicwords.vercel.app/quran-words/dhar-988846f7.html
wn_9a42aa3a,1756,مَيْمَنَة,maymanah,ي-م-ن,noun,Noun (Ism),,3,7,8,4,right,ডান দিকের,دائیں ہاتھ,दाऐं हाथ वाले,kanan,sağın,بختان,droite,56:8,https://quranicwords.vercel.app/quran-words/maymanah-9a42aa3a.html
wn_9b530e90,1757,رَبّانِيِّن,rabbāniyyin,ر-ب-ب,noun,Noun (Ism),,3,7,8,5,Rabbis,আল্লাহওয়ালা,اللہ والے,रब्बानी,orang-orang alim mereka,Rabbanilere,الله پرستان,rabbins,5:63,https://quranicwords.vercel.app/quran-words/rabbaniyyin-9b530e90.html
wn_9b5bc23d,1758,وَقْت,waqt,و-ق-ت,noun,Noun (Ism),,3,7,8,5,time,সময়,وقت,जिसका वक़्त,waktu,vaktin,وقت,temps,15:38,https://quranicwords.vercel.app/quran-words/waqt-9b5bc23d.html
wn_9d3a1cb0,1759,خاسِئ,khāsiʾ,خ-س-أ,noun,Active participle (Ism Fāʿil),,3,7,8,5,despised,ঘৃণিত,ذلیل,ज़लील,hina,aşağılık,رانده,écartés avec mépris,7:166,https://quranicwords.vercel.app/quran-words/khasi-9d3a1cb0.html
wn_9de4c547,1760,بِكْر,bikr,ب-ك-ر,noun,Noun (Ism),,3,7,8,5,virgins,কুমারী,جوان,कुँवारियाँ,gadis-gadis perawan,bakire,جوان,jeune,56:36,https://quranicwords.vercel.app/quran-words/bikr-9de4c547.html
wn_9e126f46,1761,مُقْسِط,muqsiṭ,ق-س-ط,noun,Active participle (Ism Fāʿil),,3,7,8,5,those who act justly,ন্যায়বিচারকারিদের,انصاف کرنے والوں,इन्साफ़ करने वालों,orang-orang yang berbuat adil,adalet yapanları,دادگران,gens justes,60:8,https://quranicwords.vercel.app/quran-words/muqsit-9e126f46.html
wn_9e503dc2,1762,مَشْهُود,mashhūd,ش-ه-د,noun,Passive participle (Ism Mafʿūl),,3,7,8,6,ever witnessed,উপস্হিতির সময়,حاضر کیا گیا,हाज़िर किए हुए,disaksikan,herkesin tanık olacağı,مشهودی,quelque chose de témoigné,17:78,https://quranicwords.vercel.app/quran-words/mashhud-9e503dc2.html
wn_a00deeea,1763,مُسَوَّمَة,musawwamah,س-و-م,noun,Passive participle (Ism Mafʿūl),,3,7,8,6,Marked,চিহ্নিত,نشان لگے ہوئے,निशान ज़दा,diberi tanda,işaretlenmiş,نشان کرده شده,marquées,51:34,https://quranicwords.vercel.app/quran-words/musawwamah-a00deeea.html
wn_a0eef103,1764,هادِي,hādī,ه-د-ي,noun,Active participle (Ism Fāʿil),,3,7,8,6,guide,পথ প্রদর্শক,ہدایت دینے والا,हिदायत देने वाला,orang yang memberi petunjuk,yol gösteren,راه نمایی,guide,7:186,https://quranicwords.vercel.app/quran-words/hadi-a0eef103.html
wn_a186350f,1765,صَرْصَر,ṣarṣar,ص-ر-ص-ر,noun,Noun (Ism),,3,7,8,6,furious,ঝঞ্জা,تند,तुंद व तेज़,gemuruh,uğultulu,تند,violent,54:19,https://quranicwords.vercel.app/quran-words/sarsar-a186350f.html
wn_a22f53cc,1766,قاصِرَة,qāṣirah,ق-ص-ر,noun,Active participle (Ism Fāʿil),,3,7,8,6,companions of modest gaze,আনত,جھکانے والیاں,नीची रखने वालियाँ,pendek,diken,زنان فروهشته,femmes qui se restreignent,37:48,https://quranicwords.vercel.app/quran-words/qasirah-a22f53cc.html
wn_a46ff1ba,1767,لاعِب,lāʿib,ل-ع-ب,noun,Active participle (Ism Fāʿil),,3,7,8,7,play,কৌতুককারীদের,کھیل تماشے کے طور,खेलते हुए,bermain-main,eğlence için,بازی کنان,joueurs,44:38,https://quranicwords.vercel.app/quran-words/laib-a46ff1ba.html
wn_a5315629,1768,ذِئْب,dhiʾb,ذ-أ-ب,noun,Noun (Ism),,3,7,8,7,wolf,নেকড়ে বাঘ,بھیڑیا,भेड़िया,serigala,kurt,گرگ,loup,12:14,https://quranicwords.vercel.app/quran-words/dhib-a5315629.html
wn_a79965c9,1769,خَصْم,khaṣm,خ-ص-م,noun,Noun (Ism),,3,7,8,7,litigants,বিবদমান দু'পক্ষ,جھگڑنے والوں,झगड़ने वाले,dua orang bermusuhan,davacıların,دشمنان یکدیگرند,deux adversaires de dispute,38:21,https://quranicwords.vercel.app/quran-words/khasm-a79965c9.html
wn_a802d027,1770,دَكّ,dakk,د-ك-ك,noun,Verbal noun (Maṣdar),,3,7,8,7,crumbled to dust,চূর্ণ,خوب ریزہ,ख़ूब रेज़ा-रेज़ा करना,goncangan,sarsıla,خرد,pulvérisation,7:143,https://quranicwords.vercel.app/quran-words/dakk-a802d027.html
wn_a804df36,1771,مَرْفُوعَة,marfūʿah,ر-ف-ع,noun,Passive participle (Ism Mafʿūl),,3,7,8,7,Exalted,সুউচ্চ,بلند,ऊँची,ditinggikan,yükseltilmiş,برافراشته,élevés,80:14,https://quranicwords.vercel.app/quran-words/marfuah-a804df36.html
wn_a808b1b3,1772,نَوْم,nawm,ن-و-م,noun,Noun (Ism),,3,7,8,8,sleep,ঘুম,نیند,नींद,tidur,uyku,خواب,sommeil,2:255,https://quranicwords.vercel.app/quran-words/nawm-a808b1b3.html
wn_a8b2c840,1773,نُصُب,nuṣub,ن-ص-ب,noun,Noun (Ism),,3,7,8,8,altars,পূজার বেদীগুলো,آستانوں,आस्तानों,berhala-berhala,dikili taşlar,بت ها,pierre pour le sacrifice polythéiste,5:90,https://quranicwords.vercel.app/quran-words/nusub-a8b2c840.html
wn_a8d083fe,1774,بَيان,bayān,ب-ي-ن,noun,Noun (Ism),,3,7,8,8,declaration,ভাব প্রকাশ করতে,بولنا,बयान,jelas,açıklamadır,بیانی,explication,3:138,https://quranicwords.vercel.app/quran-words/bayan-a8d083fe.html
wn_a92c223a,1775,مُنتَقِم,muntaqim,ن-ق-م,noun,Active participle (Ism Fāʿil),,3,7,8,8,take retribution,প্রতিশোধ গ্রহণকারী,انتقام لینے والے,इन्तक़ाम लेने वाले,menyiksa,öc alıcıyız,انتقام گیرند گانیم,vengeurs,43:41,https://quranicwords.vercel.app/quran-words/muntaqim-a92c223a.html
wn_a969ac38,1776,سُكارَى,sukārā,س-ك-ر,noun,Noun (Ism),,3,7,8,8,intoxicated,নেশাগ্রস্ত,نشے میں,नशे,mabuk,sarhoş,مست,ivres,4:43,https://quranicwords.vercel.app/quran-words/sukara-a969ac38.html
wn_aa82a7bb,1777,دائِرَة,dāʾirah,د-و-ر,noun,Noun (Ism),,3,7,8,9,turn,ভাগ্য বিপর্যয়,مصیبت,गर्दिश,giliran,bela başına gelsin,حادثه بدی,tournure de fortune,9:98,https://quranicwords.vercel.app/quran-words/dairah-aa82a7bb.html
wn_ab374664,1778,ضِغْث,ḍighth,ض-غ-ث,noun,Noun (Ism),,3,7,8,9,bunch,অর্থহীন,تنکوں کا چھوٹا سا مٹھا,परेशान,campur aduk,karmakarışık,خواب های,tas,38:44,https://quranicwords.vercel.app/quran-words/dighth-ab374664.html
wn_addd4ea6,1779,كاشِف,kāshif,ك-ش-ف,noun,Active participle (Ism Fāʿil),,3,7,8,9,remover,অপসারণকারী,دور کرنے والا,दूर करने वाला,menghilangkan,açacak,بردارنده ای,enleveurs,6:17,https://quranicwords.vercel.app/quran-words/kashif-addd4ea6.html
wn_ae8fa543,1780,رَجْع,rajʿ,ر-ج-ع,noun,Noun (Ism),,3,7,8,9,return,প্রত্যাবর্তন,پلٹنا,पलटना,air,dönüştür,باز گشتی,retour,50:3,https://quranicwords.vercel.app/quran-words/raj-ae8fa543.html
wn_b102919c,1781,غَيْث,ghayth,غ-ي-ث,noun,Noun (Ism),,3,7,8,9,rain,বৃষ্টি,بارش,बारिश,hujan,yağmuru,باران,pluie favorable,57:20,https://quranicwords.vercel.app/quran-words/ghayth-b102919c.html
wn_b161beb0,1782,مُضِلّ,muḍill,ض-ل-ل,noun,Active participle (Ism Fāʿil),,3,7,8,10,misleader,বিভ্রান্তকারী,بھٹکانے والا,गुमराह करने वाला,menyesatkan,yoldan şaşırtanları,گمراه کننده ای,ceux qui égarent,39:37,https://quranicwords.vercel.app/quran-words/mudill-b161beb0.html
wn_b1c3a1c1,1783,مُسْلِمَة,muslimah,س-ل-م,noun,Active participle (Ism Fāʿil),,3,7,8,10,submissive,অনুগত,فرماں بردار,फ़रमाबरदार,muslimat,müslüman kadınlar,زنان مسلمان,musulmanes,2:128,https://quranicwords.vercel.app/quran-words/muslimah-b1c3a1c1.html
wn_b1e62b03,1784,غَمْرَة,ghamrah,غ-م-ر,noun,Noun (Ism),,3,7,8,10,confusion,অজ্ঞানতার,غفلت,ग़फ़्लत,kebodohan,aptallık,غفلتی,inondation qui submerge,23:63,https://quranicwords.vercel.app/quran-words/ghamrah-b1e62b03.html
wn_b326c31a,1785,مَحِيض,maḥīḍ,ح-ي-ض,noun,Passive participle (Ism Mafʿūl),,3,7,8,10,menstruation,কালে,حیض,हैज़,haid,adet,حیض,menstruation,65:4,https://quranicwords.vercel.app/quran-words/mahid-b326c31a.html
wn_b556ee23,1786,مُهْطِع,muhṭiʿ,ه-ط-ع,noun,Active participle (Ism Fāʿil),,3,7,8,10,Racing ahead,ছুটোছুটি করবে,تیزی سے دوڑنے والے ہوں گے,तेज़ी से दौड़ने वाले,bergegas,koşarlar,حالی که شتابان,gens qui courent,54:8,https://quranicwords.vercel.app/quran-words/muhti-b556ee23.html
wn_b576fbd3,1787,مُقَرَّن,muqarran,ق-ر-ن,noun,Passive participle (Ism Mafʿūl),,3,7,9,1,bound,আবদ্ধ,جکڑے ہوئے,जकड़े हुए,bersama-sama,bağlı olarak,بسته شدگان,attachés,38:38,https://quranicwords.vercel.app/quran-words/muqarran-b576fbd3.html
wn_b675f717,1788,حَكَم,ḥakam,ح-ك-م,noun,Noun (Ism),,3,7,9,1,arbitrator,একজন সালিশ,منصف,मुन्सिफ़,seorang hakam,hakem,داوری,arbitre,4:35,https://quranicwords.vercel.app/quran-words/hakam-b675f717.html
wn_b6f250f2,1789,حَرّ,ḥarr,ح-ر-ر,noun,Noun (Ism),,3,7,9,1,heat,গরম,گرمی,गर्मी,panas,sıcaktan,گرما,chaleur,16:81,https://quranicwords.vercel.app/quran-words/harr-b6f250f2.html
wn_b7346ac8,1790,وارِد,wārid,و-ر-د,noun,Active participle (Ism Fāʿil),,3,7,9,1,will come,প্রবেশকারী,وارد ہونے والے,वारिद,datang,gireceksiniz,وارد شوندگان اید,gens qui arrivent,21:98,https://quranicwords.vercel.app/quran-words/warid-b7346ac8.html
wn_b8c5c9db,1791,وابِل,wābil,و-ب-ل,noun,Noun (Ism),,3,7,9,1,heavy rain,প্রবল বৃষ্টি,تیز بارش,तेज़ बारिश,hujan lebat,bol yağmur,بارانی تند,pluie sévère,2:265,https://quranicwords.vercel.app/quran-words/wabil-b8c5c9db.html
wn_b97297b0,1792,حاشِر,ḥāshir,ح-ش-ر,noun,Active participle (Ism Fāʿil),,3,7,9,2,gatherers,সংগ্রহকারীদেরকে,اکٹھا کرنے والوں,इकट्ठा करने वाले,berkumpul,toplayıcılar,گرد آورانی,assembleurs,26:53,https://quranicwords.vercel.app/quran-words/hashir-b97297b0.html
wn_bd1d368a,1793,واق,wāq,و-ق-ي,noun,Active participle (Ism Fāʿil),,3,7,9,2,defender,রক্ষাকারী,بچانے والا,बचाने वाला,seorang pelindung,koruyacak,نگاه دارنده ای,préservateur,13:34,https://quranicwords.vercel.app/quran-words/waq-bd1d368a.html
wn_bded0d5c,1794,بَيات,bayāt,ب-ي-ت,noun,Noun (Ism),,3,7,9,2,night,রাতে,رات,रात,diwaktu malam,gece vakti,شبانگاه,nuit,7:97,https://quranicwords.vercel.app/quran-words/bayat-bded0d5c.html
wn_be0e4ea2,1795,حَزَن,ḥazan,ح-ز-ن,noun,Noun (Ism),,3,7,9,2,sorrow,দুঃখে,غم,ग़म,duka-cita,başlarına derd,اندوهی,tristesse,35:34,https://quranicwords.vercel.app/quran-words/hazan-be0e4ea2.html
wn_bef1ebf4,1796,زَقُّوم,zaqqūm,ز-ق-م,noun,Proper noun,,3,7,9,2,Zaqqum,যাক্কুমের,زقوم,जक़्क़ूम,zaqqum,Zakkum,زقوم,Zaqqoûm,56:52,https://quranicwords.vercel.app/quran-words/zaqqum-bef1ebf4.html
wn_bfbfc7a0,1797,مُنقَلِب,munqalib,ق-ل-ب,noun,Active participle (Ism Fāʿil),,3,7,9,3,return,প্রত্যাবর্তন কারী,لوٹنے والے,पलटने वाले,dikembalikan,döneceğiz,باز گردند گانیم,retourneurs,7:125,https://quranicwords.vercel.app/quran-words/munqalib-bfbfc7a0.html
wn_c0343f81,1798,طاعَة,ṭāʿah,ط-و-ع,noun,Noun (Ism),,3,7,9,3,obedience,আনুগত্য,اطاعت,इताअत,ketaatan,ita'at etmektir,فرمانبرداری,obéissance,47:21,https://quranicwords.vercel.app/quran-words/taah-c0343f81.html
wn_c193260a,1799,مَوْتَت,mawtat,م-و-ت,noun,Noun (Ism),,3,7,9,3,death,মৃত্যু,موت,मौत,kematian,ölümden,مردن,mort,44:56,https://quranicwords.vercel.app/quran-words/mawtat-c193260a.html
wn_c1c4f54e,1800,مَدْحُور,madḥūr,د-ح-ر,noun,Passive participle (Ism Mafʿūl),,3,7,9,3,abandoned,বিতাড়িত হয়ে,رحمت سے دور,रहमत से दूर किया हुआ,terbuang,kovulmuş olarak,رانده شده,banni,17:39,https://quranicwords.vercel.app/quran-words/madhur-c1c4f54e.html
wn_c2ba00f8,1801,والِدَة,wālidah,و-ل-د,noun,Active participle (Ism Fāʿil),,3,7,9,3,mother,মাকে,مائیں,माँऐं,para ibu,anne,مادران,mère,2:233,https://quranicwords.vercel.app/quran-words/walidah-c2ba00f8.html
wn_c2c8ebb2,1802,سارِق,sāriq,س-ر-ق,noun,Active participle (Ism Fāʿil),,3,7,9,4,male thief,চোর,چور,चोर मर्द,orang-orang yang mencuri,hırsız,دزدان,voleur,5:38,https://quranicwords.vercel.app/quran-words/sariq-c2c8ebb2.html
wn_c3a25b5e,1803,رَهْط,rahṭ,ر-ه-ط,noun,Noun (Ism),,3,7,9,4,family heads,একটি দল,گروہ,गिरोह,kaum,kişi,کس,hommes,27:48,https://quranicwords.vercel.app/quran-words/raht-c3a25b5e.html
wn_c4513408,1804,زانِيَة,zāniyah,ز-ن-ي,noun,Active participle (Ism Fāʿil),,3,7,9,4,fornicatress,ব্যভিচারিণী,زانیہ,ज़निया औरत,perempuan yang berzina,zina eden kadın,زن زناکار,fornicatrice,24:3,https://quranicwords.vercel.app/quran-words/zaniyah-c4513408.html
wn_c49ea951,1805,زَفِير,zafīr,ز-ف-ر,noun,Noun (Ism),,3,7,9,4,sighing,আর্তনাদ,جوش کی آوازیں,चिल्लाना होगा,bernapas panjang,homurtusunu,خروش,sanglot,21:100,https://quranicwords.vercel.app/quran-words/zafir-c49ea951.html
wn_c4a1e1c1,1806,مُعْتَد,muʿtad,ع-د-و,noun,Active participle (Ism Fāʿil),,3,7,9,4,transgressor,সীমা লংঘনকারী,حد سے بڑھنے والا,हद से बढ़ने वाला,melampaui batas,saldırgan,تجاوز کنندۂ,transgresseur contre la vérité,83:12,https://quranicwords.vercel.app/quran-words/mutad-c4a1e1c1.html
wn_c5fed315,1807,نَفَر,nafar,ن-ف-ر,noun,Noun (Ism),,3,7,9,5,group,এক দলকে,گروہ,गिरोह,golongan,adamca,گروهی,individus,72:1,https://quranicwords.vercel.app/quran-words/nafar-c5fed315.html
wn_c66feeb9,1808,قاسِيَة,qāsiyah,ق-س-و,noun,Active participle (Ism Fāʿil),,3,7,9,5,hard,কঠিন,سخت,सख़्त,keras,kaskatı,برای آنان که سخت,ceux dont sont durs,5:13,https://quranicwords.vercel.app/quran-words/qasiyah-c66feeb9.html
wn_c9b2470b,1809,مُبْصِرَة,mubṣirah,ب-ص-ر,noun,Active participle (Ism Fāʿil),,3,7,9,5,visible,উজ্জ্বল,دیکھنے والا,रौशन,terang,aydınlatıcı,روشنگرانه,quelque chose qui donne la vue,27:13,https://quranicwords.vercel.app/quran-words/mubsirah-c9b2470b.html
wn_ca082949,1810,سُحْت,suḥt,س-ح-ت,noun,Noun (Ism),,3,7,9,5,forbidden,অবৈধ,حرام,हराम,haram,haram,حرام,interdit,5:62,https://quranicwords.vercel.app/quran-words/suht-ca082949.html
wn_ca81fa46,1811,مَثْنَى,mathnā,ث-ن-ي,noun,Noun (Ism),,3,7,9,5,two,দুই,دو ، دو,दो-दो,berdua,ikişer,دو دو,deux,35:1,https://quranicwords.vercel.app/quran-words/mathna-ca81fa46.html
wn_cb5ac51d,1812,سامِرِيّ,sāmiriyy,س-م-ر,noun,Proper noun,,3,7,9,6,Samiri,সামেরী,سامری,सामरी,Samiri,Samiri,سامری,samaritain,20:85,https://quranicwords.vercel.app/quran-words/samiriyy-cb5ac51d.html
wn_cb74f95c,1813,يَئُوس,yaʾūs,ي-أ-س,noun,Noun (Ism),,3,7,9,6,despair,হতাশ,بہت مایوس,निहायत मायूस,berputus asa,hemen üzülür,ناامید,désespéré,17:83,https://quranicwords.vercel.app/quran-words/yaus-cb74f95c.html
wn_cba795d1,1814,فِسْق,fisq,ف-س-ق,noun,Noun (Ism),,3,7,9,6,disobedience,অবৈধ,فسق,गुनाह,fasik,fısk,نافرمانی,acte immoral,6:145,https://quranicwords.vercel.app/quran-words/fisq-cba795d1.html
wn_cbcf3993,1815,زَبُور,zabūr,ز-ب-ر,noun,Proper noun,,3,7,9,6,Zaboor,যাবুর,زبور,ज़बूर,Zabur,Zebur'u,زبور,livre,17:55,https://quranicwords.vercel.app/quran-words/zabur-cbcf3993.html
wn_cc922fd6,1816,تارِك,tārik,ت-ر-ك,noun,Active participle (Ism Fāʿil),,3,7,9,6,give up,পরিত্যাগকারী,چھوڑنے والے,छोड़ने वाले,meninggalkan,bırakacaksın,ترک کننده باشی,quelqu’un qui abandonne,11:12,https://quranicwords.vercel.app/quran-words/tarik-cc922fd6.html
wn_ce93103c,1817,زان,zān,ز-ن-ي,noun,Active participle (Ism Fāʿil),,3,7,9,7,fornicator,ব্যভিচারী,زانی,ज़ानी मर्द,laki-laki yang berzina,zina eden erkek,مرد زناکار,fornicateur,24:3,https://quranicwords.vercel.app/quran-words/zan-ce93103c.html
wn_d09b6caf,1818,عاجِلَة,ʿājilah,ع-ج-ل,noun,Active participle (Ism Fāʿil),,3,7,9,7,immediate,দ্রুত অর্জিত,جلدی ملنے والی چیز,जल्द मिलने वाली,cepat,acele olanı,جهان زود گذر,immédiate,75:20,https://quranicwords.vercel.app/quran-words/ajilah-d09b6caf.html
wn_d1d24a63,1819,مُقام,muqām,ق-و-م,noun,Passive participle (Ism Mafʿūl),,3,7,9,7,resting place,বাসস্থান,جائے قیام,क़यामगाह,tempat,makamdır,اقامتگاهی,endroit où se tenir debout,25:66,https://quranicwords.vercel.app/quran-words/muqam-d1d24a63.html
wn_d22da760,1820,جَهْرَة,jahrah,ج-ه-ر,noun,Noun (Ism),,3,7,9,7,manifestly,প্রকাশ্যে,سامنے,ऐलानिया,nyata,açıkça,آشکارا,manifestement,2:55,https://quranicwords.vercel.app/quran-words/jahrah-d22da760.html
wn_d2f75562,1821,رَوْح,rawḥ,ر-و-ح,noun,Noun (Ism),,3,7,9,7,Mercy of Allah,অনুগ্রহ,رحمت,रहमत,rahmat,rahatlık,رحمت,soulagement,12:87,https://quranicwords.vercel.app/quran-words/rawh-d2f75562.html
wn_d334d950,1822,جُزْء,juzʾ,ج-ز-أ,noun,Noun (Ism),,3,7,9,8,portion,অংশ,حصہ,हिस्सा,bagian,parça,بخشی,partie,15:44,https://quranicwords.vercel.app/quran-words/juz-d334d950.html
wn_d3b7b8bb,1823,مَيْسِر,maysir,ي-س-ر,noun,Noun (Ism),,3,7,9,8,games of chance,জুয়া,جوئے,जुए,judi,kumar,قمار,jeu de hasard,5:90,https://quranicwords.vercel.app/quran-words/maysir-d3b7b8bb.html
wn_d4ead2e3,1824,تَحْوِيل,taḥwīl,ح-و-ل,noun,Verbal noun (Maṣdar),,3,7,9,8,any alteration,পরিবর্তন,بدلنے,तब्दीली,memindahkan,değişiklik,هیچ تغییری,altération,17:77,https://quranicwords.vercel.app/quran-words/tahwil-d4ead2e3.html
wn_d5c80df3,1825,رَشِيد,rashīd,ر-ش-د,noun,Noun (Ism),,3,7,9,8,right-minded,সদাচারী,راست باز,समझदार,cerdik,aklı başında,خرد مند,bien guidé,11:78,https://quranicwords.vercel.app/quran-words/rashid-d5c80df3.html
wn_d5f72bd2,1826,طَوْل,ṭawl,ط-و-ل,noun,Noun (Ism),,3,7,9,8,afford,অনুগ্রহের,فضل,बड़े फ़ज़ल वाला,karunia,lutuf,روی توانگری,richesse,4:25,https://quranicwords.vercel.app/quran-words/tawl-d5f72bd2.html
wn_d6e0d57b,1827,فِصال,fiṣāl,ف-ص-ل,noun,Noun (Ism),,3,7,9,9,weaning,দুধ ছাড়াতে,دودھ چھڑانے کا باھم رضا مندی,दूध छुड़ाने,menyapih,sütten kesmek,باز گرفتن,cessation de l’allaitement,2:233,https://quranicwords.vercel.app/quran-words/fisal-d6e0d57b.html
wn_d7530917,1828,وَزْن,wazn,و-ز-ن,noun,Noun (Ism),,3,7,9,9,any weight,ওজন,وزن,वज़न,timbangan,tartı,ارزشی,mesure du poids,18:105,https://quranicwords.vercel.app/quran-words/wazn-d7530917.html
wn_d7931c20,1829,خائِن,khāʾin,خ-و-ن,noun,Active participle (Ism Fāʿil),,3,7,9,9,betrayers,বিশ্বাসঘাতকদের,خیانت کاروں,ख़यानत करने वालों,orang-orang yang berkhianat,hainleri,خیانت کنندگان,trompeurs,12:52,https://quranicwords.vercel.app/quran-words/khain-d7931c20.html
wn_d92b1b34,1830,دانِيَة,dāniyah,د-ن-و,noun,Active participle (Ism Fāʿil),,3,7,9,9,hanging low,ঝুলন্ত,جھکے پڑ رہے ہوں گے,क़रीब होंगे,dekat,aşağıya sarkmış,دسترس,proches,6:99,https://quranicwords.vercel.app/quran-words/daniyah-d92b1b34.html
wn_da246094,1831,سَيّارَة,sayyārah,س-ي-ر,noun,Noun (Ism),,3,7,9,9,caravan,এক যাত্রীদল,قافلہ,क़ाफ़िला,orang-orang yang berjalan,kervan,رهگذاران,caravane,12:19,https://quranicwords.vercel.app/quran-words/sayyarah-da246094.html
wn_ddc3af2d,1832,بَهِيمَة,bahīmah,ب-ه-م,noun,Noun (Ism),,3,7,9,10,beast,চতুষ্পদ,جانوروں,चौपायों,binatang,dört ayaklı,دام های,bêtes,22:28,https://quranicwords.vercel.app/quran-words/bahimah-ddc3af2d.html
wn_e00c271a,1833,قُبُل,qubul,ق-ب-ل,noun,Noun (Ism),,3,7,9,10,before,সামনাসামনি,سامنے,सामने,berhadap-hadapan,açıkça,رویارویی,devant,18:55,https://quranicwords.vercel.app/quran-words/qubul-e00c271a.html
wn_e0283e92,1834,مَوالِي,mawālī,و-ل-ي,noun,Noun (Ism),,3,7,9,10,heirs,আমার স্বগোত্রদের,اپنے بھائی بندوں,वारिस,kaum keluargaku,varisler,خویشاوندان,héritiers,4:33,https://quranicwords.vercel.app/quran-words/mawali-e0283e92.html
wn_e07fc790,1835,فِتْيَة,fityah,ف-ت-ي,noun,Noun (Ism),,3,7,9,10,youths,যুবক,چند نوجوان تھے,उन नौजवानों,pemuda-pemuda,gençler,جوانان,jeunes gens,18:13,https://quranicwords.vercel.app/quran-words/fityah-e07fc790.html
wn_e16318c1,1836,جالُوت,jālūt,,noun,Proper noun,,3,7,9,10,Jalut,জালুতকে,جالوت,जालूत,Jalut,Calut'u,جالوت,Goliath,2:251,https://quranicwords.vercel.app/quran-words/jalut-e16318c1.html
wn_e35247d3,1837,مُدْخَل,mudkhal,د-خ-ل,noun,Passive participle (Ism Mafʿūl),,3,7,10,1,entrance,প্রবেশ করা,داخل کرنا,दाख़िल करना,tempat masuk,yere,آوردنی,endroit où l’on fait entrer,22:59,https://quranicwords.vercel.app/quran-words/mudkhal-e35247d3.html
wn_e3dd9442,1838,سافِل,sāfil,س-ف-ل,noun,Active participle (Ism Fāʿil),,3,7,10,1,low,সব নীচুর,نچلوں,निचलों,tempat yang rendah,aşağısına,پست تران,bas,95:5,https://quranicwords.vercel.app/quran-words/safil-e3dd9442.html
wn_e5278229,1839,فَتِيل,fatīl,ف-ت-ل,noun,Noun (Ism),,3,7,10,1,hair on a date-seed,একবিন্দুও,دھاگے برابر,धागे बराबर,sedikitpun,kıl kadar,اندازه رشته هسته خرمایی,brin entremêlé,4:49,https://quranicwords.vercel.app/quran-words/fatil-e5278229.html
wn_e795c611,1840,حُطام,ḥuṭām,ح-ط-م,noun,Noun (Ism),,3,7,10,1,debris,খড়কুটায়,ریزہ ریزہ,चूरा-चूरा,hancur,kuru bir çöp,ریز ریز,débris,56:65,https://quranicwords.vercel.app/quran-words/hutam-e795c611.html
wn_e7b69e2d,1841,زَبَد,zabad,ز-ب-د,noun,Noun (Ism),,3,7,10,1,foam,ফেনা,جھاگ,झाग,buih,köpük,کفی,mousse,13:17,https://quranicwords.vercel.app/quran-words/zabad-e7b69e2d.html
wn_e8f2ef73,1842,إِيتاء,ītāʾ,أ-ت-ي,noun,Verbal noun (Maṣdar),,3,7,10,2,giving,আদায় করতে,ادا کرنے,अदा करना,membayarkan,vermeyi,دادن,fait de donner,21:73,https://quranicwords.vercel.app/quran-words/ita-e8f2ef73.html
wn_e93e7faf,1843,فَجّ,fajj,ف-ج-ج,noun,Noun (Ism),,3,7,10,2,broad passes,প্রশস্ত,کشادہ,कुशादा,jalan,geniş,راه,chemins larges,21:31,https://quranicwords.vercel.app/quran-words/fajj-e93e7faf.html
wn_ea6ee92a,1844,سَيِّد,sayyid,س-و-د,noun,Noun (Ism),,3,7,10,2,noble,নেতা,سردار,सरदार,ketua,efendi,آقا,chef,3:39,https://quranicwords.vercel.app/quran-words/sayyid-ea6ee92a.html
wn_eaeb9fad,1845,عاصِم,ʿāṣim,ع-ص-م,noun,Active participle (Ism Fāʿil),,3,7,10,2,protector,রক্ষাকারী,بچانے والا,बचाने वाला,pelindung,kurtaracak kimse,نگهدار نده ای,protecteur,40:33,https://quranicwords.vercel.app/quran-words/asim-eaeb9fad.html
wn_eb946dd1,1846,فِدْيَة,fidyah,ف-د-ي,noun,Noun (Ism),,3,7,10,2,ransom,বিনিময়,فدیہ,फ़िदया,bayarlah fidyah,fidye,جا یگز ینی,rançon,2:184,https://quranicwords.vercel.app/quran-words/fidyah-eb946dd1.html
wn_ed36ef3b,1847,بَطْش,baṭsh,ب-ط-ش,noun,Verbal noun (Maṣdar),,3,7,10,3,power,শক্তিতে,پکڑ,पकड़,kekuatan,tutuşu,جهت زور مندی,saisie violente,43:8,https://quranicwords.vercel.app/quran-words/batsh-ed36ef3b.html
wn_f093e49d,1848,مُهْتَد,muhtad,ه-د-ي,noun,Active participle (Ism Fāʿil),,3,7,10,3,guided one,সঠিক পথপ্রাপ্ত,ہدایت پانے والا,हिदायत याफ़्ता,orang yang mendapat petunjuk,doğru yolda olanlar,راه یاب,guidé,57:26,https://quranicwords.vercel.app/quran-words/muhtad-f093e49d.html
wn_f12acd32,1849,فَرْد,fard,ف-ر-د,noun,Noun (Ism),,3,7,10,3,alone,একাকী,اکیلا,अकेला,seorang diri,tek başına,تنها,seul,19:80,https://quranicwords.vercel.app/quran-words/fard-f12acd32.html
wn_f2ff89fa,1850,أَعْظَم,aʿẓam,ع-ظ-م,noun,Noun (Ism),,3,7,10,3,greater,অতি বড়,زیادہ بڑے,ज़्यादा बड़े,lebih besar,daha büyüktür,برترند,plus hauts,9:20,https://quranicwords.vercel.app/quran-words/azam-f2ff89fa.html
wn_f42a8588,1851,مُتَرَبِّص,mutarabbiṣ,ر-ب-ص,noun,Active participle (Ism Fāʿil),,3,7,10,3,waiting,অপেক্ষাকারী,انتظار کرنے والے,इन्तिज़ार करने वाले,menunggu,gözetenleriz,انتظار برانیم,ceux qui attendent,20:135,https://quranicwords.vercel.app/quran-words/mutarabbis-f42a8588.html
wn_f5d4408b,1852,سَمُوم,samūm,س-م-م,noun,Noun (Ism),,3,7,10,4,Scorching Fire,অতি উত্তপ্ত,لُو,आग की लपट,sangat panas,hücrelere işleyen,سوزان,vent à grande chaleur,52:27,https://quranicwords.vercel.app/quran-words/samum-f5d4408b.html
wn_f6f19563,1853,ناصِيَة,nāṣiyah,ن-ص-ي,noun,Noun (Ism),,3,7,10,4,forelock,সামনের চুল,پیشانی,पेशानी,umbun-umbun,perçem,موی پیشانی,toupet,96:16,https://quranicwords.vercel.app/quran-words/nasiyah-f6f19563.html
wn_f99a2e57,1854,هَيِّن,hayyin,ه-و-ن,noun,Noun (Ism),,3,7,10,4,easy,তুচ্ছ,بہت آسان,बहुत आसान,mudah,kolaydır,آسان,facile,19:21,https://quranicwords.vercel.app/quran-words/hayyin-f99a2e57.html
wn_fac6c79d,1855,جار,jār,ج-و-ر,noun,Noun (Ism),,3,7,10,4,neighbor,প্রতিবেশী,پڑوسی,पड़ोसी,tetangga,komşuya,وهمسایه,voisin,8:48,https://quranicwords.vercel.app/quran-words/jar-fac6c79d.html
wn_fb552da7,1856,تَسْلِيم,taslīm,س-ل-م,noun,Verbal noun (Maṣdar),,3,7,10,4,submission,আনুগত্য,سلام بھیجنا,ख़ूब सलाम भेजना,kesejahteraan,içtenlikle,سلام گفتنی,soumission,4:65,https://quranicwords.vercel.app/quran-words/taslim-fb552da7.html
wn_fbebe508,1857,غَرُور,gharūr,غ-ر-ر,noun,Noun (Ism),,3,7,10,5,deceiver,ধোঁকাবাজ,دھوکے باز,उस बड़े धोखेबाज़,para penipu,aldatıcı,فریب دهنده,extrême trompeur,57:14,https://quranicwords.vercel.app/quran-words/gharur-fbebe508.html
wn_fc0ff5d2,1858,ثُلَّة,thullah,ث-ل-ل,noun,Noun (Ism),,3,7,10,5,company,বহুসংখ্যক,بڑا گروہ,बड़ा गिरोह होगा,rombongan,bölümü,گروهی,grand groupe,56:13,https://quranicwords.vercel.app/quran-words/thullah-fc0ff5d2.html
wn_ffd26120,1859,غائِب,ghāʾib,غ-ي-ب,noun,Active participle (Ism Fāʿil),,3,7,10,5,absent,অনুপস্থিত,غائب,ग़ायब,gaib,onlardan uzak,غائبان,absents,7:7,https://quranicwords.vercel.app/quran-words/ghaib-ffd26120.html
wv_051c3bd5,1860,اسْتَفْتَحُ,astaftaḥu,ف-ت-ح,verb,,Form X,3,6,4,5,sought victory,জয়ী হয়ে চাইলো,فیصلہ چاہا,फ़ैसला चाहा,mohon kemenangan,fetih istediler,طلب پیروزی کردند,ont demandé la victoire,14:15,https://quranicwords.vercel.app/quran-words/astaftahu-051c3bd5.html
wv_08debb0f,1861,كَسَوْ,kasaw,ك-س-و,verb,,Form I,3,6,4,5,clothed,ঢেকে দিই,پہنچایا,पहनाया हम ने,bungkus,sonre giydirdik,پوشانیدیم,avons ensuite revêtu,23:14,https://quranicwords.vercel.app/quran-words/kasaw-08debb0f.html
wv_09f236a2,1862,أَحَسَّ,aḥassa,ح-س-س,verb,,Form IV,3,6,4,5,perceived,অনুভব করল,انہیں محسوس ہوا,महसूस किया,menyadari,hissettikleri,احساس کرد,a ressenti,21:12,https://quranicwords.vercel.app/quran-words/ahassa-09f236a2.html
wv_0ca57769,1863,سُقِطَ,suqiṭa,س-ق-ط,verb,,Form I,3,6,4,5,fall,পড়েছে,پڑچکے ہیں,गिराए गए,menyesali,düşmüşlerdir,افتاده اند,est tombé,7:149,https://quranicwords.vercel.app/quran-words/suqita-0ca57769.html
wv_0cf44154,1864,يُحْدِثُ,yuḥdithu,ح-د-ث,verb,,Form IV,3,6,4,5,may cause,বলি,پیدا کردے,पैदा कर दे,ceritakan,anlatıncaya,خود آغاز کنم,produise de manière nouvelle,20:113,https://quranicwords.vercel.app/quran-words/yuhdithu-0cf44154.html
wv_0daa2225,1865,طَفِقَ,ṭafiqa,ط-ف-ق,verb,,Form I,3,6,4,6,began,উভয়ে শুরু করলো,دونوں لگے,दोनों चिपकाने लगे,keduanya memulai,başladılar,آغاز کردند,ont commencé,20:121,https://quranicwords.vercel.app/quran-words/tafiqa-0daa2225.html
wv_10cffc10,1866,يَغِيظُ,yaghīẓu,غ-ي-ظ,verb,,Form I,3,6,4,6,angers,রাগান্বিত করে,غصہ دلائے,ग़ुस्सा दिलाए,menerbitkan marah,öfkelendirecek,به خشم آورد,rend furieux,9:120,https://quranicwords.vercel.app/quran-words/yaghizu-10cffc10.html
wv_12ecba6f,1867,يَشَّقَّقُ,yashshaqqaqu,ش-ق-ق,verb,,Form V,3,6,4,6,split,বিদীর্ণ হবে,پھٹ جائے گا,फट जाएगा,pecah belah,parçalandığı,بشکافد,devient fendue,2:74,https://quranicwords.vercel.app/quran-words/yashshaqqaqu-12ecba6f.html
wv_1474a8d6,1868,تَأَخَّرَ,taʾakhkhara,أ-خ-ر,verb,,Form V,3,6,4,6,delays,পরে হয়েছে,بعد میں ہوا,ताख़ीर करे,akan datang,gelecek,تاخیر کند,a tardé,2:203,https://quranicwords.vercel.app/quran-words/taakhkhara-1474a8d6.html
wv_16ba9e5d,1869,خَوَّلَ,khawwala,خ-و-ل,verb,,Form II,3,6,4,6,bestows on,দান করেন,عطا کردیتا ہے,अता कर देता है,memberinya,ona verdiği,ارزانی کند به او,lui accorde,39:8,https://quranicwords.vercel.app/quran-words/khawwala-16ba9e5d.html
wv_17154003,1870,يَتَعَدَّ,yataʿadda,ع-د-و,verb,,Form V,3,6,4,7,transgresses,লংঘন করবে,تجاوز کرے گا,तजावुज़ करेगा,ia melanggar,aşarsa,تجاوز کند,transgresse,65:1,https://quranicwords.vercel.app/quran-words/yataadda-17154003.html
wv_1855cec7,1871,حَالَ,ḥāla,ح-و-ل,verb,,Form I,3,6,4,7,barrier will be placed,অন্তরাল করা হবে,حائل کردیا جائے گا,रुकावट डाल दी जाएगी,dihalangi,bu sırada girdi,جدایی افتد,ont séparé,34:54,https://quranicwords.vercel.app/quran-words/hala-1855cec7.html
wv_18fe4555,1872,ٱسْتَمْسَكَ,astamsaka,م-س-ك,verb,,Form X,3,6,4,7,grasped,ধারণ করল,تھام لیا,थाम लिया,ia telah berpegang,yapışmıştır,چنگ زده است,a fermement pris,2:256,https://quranicwords.vercel.app/quran-words/astamsaka-18fe4555.html
wv_1ab4e863,1873,تُنكِحُ,tunkiḥu,ن-ك-ح,verb,,Form IV,3,6,4,7,marry,বিয়ে দাও,نکاح کردو,निकाह कर दो,nikahkanlah,evlendirin,به همسری دهید,donnez en mariage,24:32,https://quranicwords.vercel.app/quran-words/tunkihu-1ab4e863.html
wv_1daa9fbe,1874,يَتَضَرَّعُ,yataḍarraʿu,ض-ر-ع,verb,,Form V,3,6,4,7,humble,নতি স্বীকার করে,عاجزی کریں,आजिज़ी करें,merendahkan diri,yalvarıp yakarsınlar,زاری کنند,s’humilient,7:94,https://quranicwords.vercel.app/quran-words/yatadarrau-1daa9fbe.html
wv_1ecc0d34,1875,يَلْمِزُ,yalmizu,ل-م-ز,verb,,Form I,3,6,4,8,criticize,দোষারোপ করে,الزام دیتے ہیں,ताना देते हैं,mencela,çekiştiren,عیب جویی می کنند,critiquent,9:79,https://quranicwords.vercel.app/quran-words/yalmizu-1ecc0d34.html
wv_1f072412,1876,كُبِتَ,kubita,ك-ب-ت,verb,,Form I,3,6,4,8,be disgraced,লাঞ্ছিত করা হবে,ذلیل کیے گئے,ज़लील किए गए थे,dihinakan,tepelendikleri,نگونسار شدند,ont été abaissés,58:5,https://quranicwords.vercel.app/quran-words/kubita-1f072412.html
wv_22d53a88,1877,رَبَطْ,rabaṭ,ر-ب-ط,verb,,Form I,3,6,4,8,made firm,দৃঢ় করতাম,باندھ دیا,मज़बूत कर दिया,meneguhkan,metanet bağlamıştık,استوار ساختیم,avons renforcé,18:14,https://quranicwords.vercel.app/quran-words/rabat-22d53a88.html
wv_2441f578,1878,حَرَصْ,ḥaraṣ,ح-ر-ص,verb,,Form I,3,6,4,8,desire,আকাঙ্ক্ষা কর,حرص کرو,हिर्स करें आप,ingin sekali,isteseniz,آزمند باشید,désirerais ardemment,12:103,https://quranicwords.vercel.app/quran-words/haras-2441f578.html
wv_258f1543,1879,فاءُ,fāʾu,ف-ي-أ,verb,,Form I,3,6,4,8,return,ফিরে আসে,رجوع کریں,पलट आए,kembali,dönerlerse,باز آیند,reviennent,2:226,https://quranicwords.vercel.app/quran-words/fau-258f1543.html
wv_26281ebf,1880,يَتَخَطَّفَ,yatakhaṭṭafa,خ-ط-ف,verb,,Form V,3,6,4,9,while are being taken away,উৎখাত করা হবে,اچک لیے جائیں گے,उचक लिए जाऐंगे,disambar petir,atılırız,ربوده می شوند,serions saisis avec force,29:67,https://quranicwords.vercel.app/quran-words/yatakhattafa-26281ebf.html
wv_27c06fa4,1881,أَفَلَ,afala,أ-ف-ل,verb,,Form I,3,6,4,9,set,অস্তমিত হলো,چھپ گیا,छुप गया,terbenam,batınca,غروب کرد,est disparu,6:77,https://quranicwords.vercel.app/quran-words/afala-27c06fa4.html
wv_287a6065,1882,أَكْنَن,aknan,ك-ن-ن,verb,,Form IV,3,6,4,9,concealed,গোপন কর,چھپایا,छुपाए रखो,menyembunyikan,gizlemenizden,پنهان کنید,cachez,2:235,https://quranicwords.vercel.app/quran-words/aknan-287a6065.html
wv_295ed7ee,1883,تَنتَشِرُ,tantashiru,ن-ش-ر,verb,,Form VIII,3,6,4,9,dispersing,ছড়িয়ে পড়ছো,پھیلتے چلے جارہے ہو,फैलते चले जारहे हो,bertebaran,yayılıyorsunuz,پراکنده می شوید,se dispersent,30:20,https://quranicwords.vercel.app/quran-words/tantashiru-295ed7ee.html
wv_299345ec,1884,اصْطَبِرْ,aṣṭabir,ص-ب-ر,verb,,Form VIII,3,6,4,9,be constant,দৃঢ় থাকো,جمے رہو,क़ायम रहिए,bersabarlah,sabret,شکیبا باش,endure,19:65,https://quranicwords.vercel.app/quran-words/astabir-299345ec.html
wv_2aedc811,1885,وَزَنُ,wazanu,و-ز-ن,verb,,Form I,3,6,4,10,weigh,ওজন করবে,تولو,तोलो,timbanglah,tartın,وزن کنید,mesurez le poids,26:182,https://quranicwords.vercel.app/quran-words/wazanu-2aedc811.html
wv_2b9952c5,1886,خَطِفَ,khaṭifa,خ-ط-ف,verb,,Form I,3,6,4,10,snatches,কেড়ে নেয়,اچک لے جاتا ہے,उचक ले जाए,menyambar,kapan,برباید,vole rapidement,37:10,https://quranicwords.vercel.app/quran-words/khatifa-2b9952c5.html
wv_2cad02ee,1887,قَسَتْ,qasat,ق-س-و,verb,,Form I,3,6,4,10,hardened,এখন শক্ত হয়ে গিয়েছে,سخت ہوگئے,सख़्त हो गए,menjadi keras,katılaştı,سخت شد,se sont endurcis,2:74,https://quranicwords.vercel.app/quran-words/qasat-2cad02ee.html
wv_2f28f132,1888,ٱرْتَضَىٰ,artaḍā,ر-ض-و,verb,,Form VIII,3,6,4,10,has approved,পছন্দ করেছেন,راضی ہوجائے,पसंद करे,meridai,razı,از او خشنود باشد,est satisfait,72:27,https://quranicwords.vercel.app/quran-words/artada-2f28f132.html
wv_305189ba,1889,نُسِفَتْ,nusifat,ن-س-ف,verb,,Form I,3,6,4,10,are blown away,ধুনে ফেলা হবে,اڑا دیئے جائیں گے,उड़ा दिए जाऐंगे,dihancurkan,ufalanıp savrulduğu,خُردِ پراکنده گردند,auront été pulvérisées,77:10,https://quranicwords.vercel.app/quran-words/nusifat-305189ba.html
wv_307ded76,1890,فَازَ,fāza,ف-و-ز,verb,,Form I,3,6,5,1,has attained,সফল হবে,کامیاب ہوا,कामयाब हुआ,ia beruntung,ermiş olur,رستگار شده است,a réussi,33:71,https://quranicwords.vercel.app/quran-words/faza-307ded76.html
wv_309c4858,1891,تَلْقَفُ,talqafu,ل-ق-ف,verb,,Form I,3,6,5,1,swallow,গিলে ফেলতে লাগলো,نگل رہا تھا,निगल रही थी,menelan,yakalayıp yutuyor,فرو برد,a attrapé par la bouche,7:117,https://quranicwords.vercel.app/quran-words/talqafu-309c4858.html
wv_310aac8b,1892,يُذَبِّحُ,yudhabbiḥu,ذ-ب-ح,verb,,Form II,3,6,5,1,slaughtering,জবেহ করতো,خوب ذبح کرتے تھے,ख़ूब ज़िबाह करते थे,menyembelih,boğazlayıp,سرمی بریدند,égorgeaient,2:49,https://quranicwords.vercel.app/quran-words/yudhabbihu-310aac8b.html
wv_3a5b29c6,1893,أَسَّسَ,assasa,أ-س-س,verb,,Form II,3,6,5,1,founded,ভিত্তি স্হাপন করেছে,بنیاد رکھی,बुनियाद रखी,mendirikan,kuran,بنا نهاده است,a fondé,9:108,https://quranicwords.vercel.app/quran-words/assasa-3a5b29c6.html
wv_478d7d99,1894,حَسُنَ,ḥasuna,ح-س-ن,verb,,Form I,3,6,5,1,good,অতি উত্তম,اچھا ہے,कितना अच्छा है,sebaik-baik,ne güzel,نیکو,sont bons,18:31,https://quranicwords.vercel.app/quran-words/hasuna-478d7d99.html
wv_4998f292,1895,يَسْتَفِزَّ,yastafizza,ف-ز-ز,verb,,Form X,3,6,5,2,incite,পদস্খলিত করো,بہکالے,बहका ले,hasunglah,yerinden oynat,بر انگیز,incite à la folie,17:64,https://quranicwords.vercel.app/quran-words/yastafizza-4998f292.html
wv_4ad2617f,1896,تُحَدِّثُ,tuḥaddithu,ح-د-ث,verb,,Form II,3,6,5,2,will report,বর্ণনা করবে,بیان کرے گی,बयान करेगी,ia menceritakan,söyler,با زگو می کند,racontera,99:4,https://quranicwords.vercel.app/quran-words/tuhaddithu-4ad2617f.html
wv_4bb1584a,1897,نُشِرَتْ,nushirat,ن-ش-ر,verb,,Form I,3,6,5,2,are laid open,উন্মোচিত হবে,پھیلادیئے جائیں گے,फैला दिए जाऐंगे,disebarkan,açılıp yayıldığı,گشوده شوند,seront déployées,81:10,https://quranicwords.vercel.app/quran-words/nushirat-4bb1584a.html
wv_4bb9b135,1898,اسْتَكْثَرْ,astakthar,ك-ث-ر,verb,,Form X,3,6,5,2,acquire more,অনেককে অনুগামী করেছো তোমরা,بہت زیادہ لیا,बहुत ज़्यादा ले लिए,telah banyak,çok uğraştınız,بسیار یافتید,avez trop abusé,74:6,https://quranicwords.vercel.app/quran-words/astakthar-4bb9b135.html
wv_4ce8987e,1899,ٱخْتَلَطَ,akhtalaṭa,خ-ل-ط,verb,,Form VIII,3,6,5,2,absorbs,ঘন হয়ে উঠে,خلط ملط ہوگئی,मिल जाए,bercampur,birbirine karıştığı,آمیخته باشد,est mélangé,10:24,https://quranicwords.vercel.app/quran-words/akhtalata-4ce8987e.html
wv_51e19274,1900,تَمَنَّىٰٓ,tamannā,م-ن-ي,verb,,Form I,3,6,5,3,recited,আকাঙ্ক্ষা করেছে,تمنا کر رہے تھے,तमन्ना कर रहे थे,berangan-angan,arzu ettiği,آرزو می کردند,a récité,22:52,https://quranicwords.vercel.app/quran-words/tamanna-51e19274.html
wv_56df9987,1901,يُلاقُ,yulāqu,ل-ق-ي,verb,,Form III,3,6,5,3,meet,দেখা পায়,آ ملیں,जा मिलें,menemui,kavuşuncaya,دیدار کنند,rencontreront,52:45,https://quranicwords.vercel.app/quran-words/yulaqu-56df9987.html
wv_576063fe,1902,وَجِلَتْ,wajilat,و-ج-ل,verb,,Form I,3,6,5,3,fear,কেঁপে উঠে,ڈر جاتے ہیں,डर जाते हैं,bergetar,titrer,بترسد,sont effrayés,22:35,https://quranicwords.vercel.app/quran-words/wajilat-576063fe.html
wv_57dc0c79,1903,اسْتَنكَفُ,astankafu,ن-ك-ف,verb,,Form X,3,6,5,3,disdained,হেয় জ্ঞান করলো,عار سمجھا,आर महसूस की,enggan,çekinen,ابا ورزیدند,ont eu du mépris,4:173,https://quranicwords.vercel.app/quran-words/astankafu-57dc0c79.html
wv_5be02786,1904,خَفَّتْ,khaffat,خ-ف-ف,verb,,Form I,3,6,5,3,light,হালকা হবে,ہلکے ہوئے,हल्के हुए,ringan,hafif gelirse,سبک شود,pèsent légères,23:103,https://quranicwords.vercel.app/quran-words/khaffat-5be02786.html
wv_5fe60f33,1905,أَلْفَ,alfa,ل-ف-و,verb,,Form IV,3,6,5,4,found,উভয়ে পেলো,پایا,पाया,dapati,buldular,یافتند,ont trouvé,37:69,https://quranicwords.vercel.app/quran-words/alfa-5fe60f33.html
wv_675d8519,1906,ابْيَضَّتْ,abyaḍḍat,ب-ي-ض,verb,,Form IX,3,6,5,4,became white,উজ্জ্বল হবে,سفید ہوئے,सफ़ेद हो गईं,menjadi putih,ağaran,سفید شد,seront devenus blancs,12:84,https://quranicwords.vercel.app/quran-words/abyaddat-675d8519.html
wv_683160d0,1907,اخْفِضْ,akhfiḍ,خ-ف-ض,verb,,Form I,3,6,5,4,lower,অবনত করো,جھکا دے,झुका दीजिए,rendahkanlah,indir,فرودآور,abaisse,26:215,https://quranicwords.vercel.app/quran-words/akhfid-683160d0.html
wv_6a696817,1908,أَضَآءَ,aḍaʾāʾa,ض-و-أ,verb,,Form IV,3,6,5,4,flashes,আলোকিত করলো,روشن کردیا,रोशन कर दिया,bersinar,aydınlattığı,روشن کرد,a illuminé,2:20,https://quranicwords.vercel.app/quran-words/adaaa-6a696817.html
wv_6b4f6a7c,1909,زالَ,zāla,ز-و-ل,verb,,Form I,3,6,5,4,should cease,কক্ষচ্যুত হয়,دونوں ٹل جائیں,दोनों टल जाऐं,keduanya lenyap,ikisi yıkılsa,فرو لغزند,cessaient,35:41,https://quranicwords.vercel.app/quran-words/zala-6b4f6a7c.html
wv_6cd66e69,1910,تَيَمَّمُ,tayammamu,ي-م-م,verb,,Form V,3,6,5,5,do tayammum,তায়াম্মুম কর,تیمم کرلو,तयम्मुम कर लो,bertayamumlah,teyemmüm edin,آنگاه آهنگ,visez,4:43,https://quranicwords.vercel.app/quran-words/tayammamu-6cd66e69.html
wv_6e7fe6c4,1911,تُقْسِطُ,tuqsiṭu,ق-س-ط,verb,,Form IV,3,6,5,5,deal justly,ন্যায় বিচার কর,انصاف کرو,इन्साफ़ करो,berlaku adil,adaletli davranmaktan,دادگری کنید,soyez justes,60:8,https://quranicwords.vercel.app/quran-words/tuqsitu-6e7fe6c4.html
wv_6f83de13,1912,يُلْحِدُ,yulḥidu,ل-ح-د,verb,,Form IV,3,6,5,5,deviate,ইঙ্গিত করে,غلط اشارہ کرتے ہیں,इल्हाद करते हैं,ingkar,eğriliğe sapan,کجروی می کنند,dévient,7:180,https://quranicwords.vercel.app/quran-words/yulhidu-6f83de13.html
wv_711a6c3b,1913,يَكْفُلُ,yakfulu,ك-ف-ل,verb,,Form I,3,6,5,5,takes charge,তত্ত্বাবধান করবে,کفالت کرے گا,किफ़ालत करेगा,akan memelihara,kefil olacak,سر پرستی کند,sera responsable,3:44,https://quranicwords.vercel.app/quran-words/yakfulu-711a6c3b.html
wv_7959973a,1914,أَنشَرَ,anshara,ن-ش-ر,verb,,Form IV,3,6,5,5,revive,জীবিত করি,اٹھا کھڑا کرے گا,उठा खड़ा करेगा,hidupkan,canlandırdık,برانگیزدش,le ressuscitera,43:11,https://quranicwords.vercel.app/quran-words/anshara-7959973a.html
wv_7a3e99f1,1915,أَفَآءَ,afaʾāʾa,ف-ي-أ,verb,,Form IV,3,6,5,6,restored,গণীমত করে দিয়েছেন,لوٹایا,लौटाया,memberikan,verdiği,باز گردانده است,a rendu,59:6,https://quranicwords.vercel.app/quran-words/afaaa-7a3e99f1.html
wv_7f065422,1916,لُمْ,lum,ل-و-م,verb,,Form I,3,6,5,6,blame,তিরস্কার করো,ملامت کرو,बल्कि मलामत करो,celalah,kınayın,ملامت کنید,blâmez,14:22,https://quranicwords.vercel.app/quran-words/lum-7f065422.html
wv_84b84624,1917,عَنِ,ʿani,ع-ن-ت,verb,,Form I,3,6,5,6,distresses you,অসুবিধায় পড়,ضرر پہنچائے,मशक़्कत में पड़ो,derita,size sıkıntı verecek,بدرنج افتید شما,met en difficulté,3:118,https://quranicwords.vercel.app/quran-words/ani-84b84624.html
wv_8540503b,1918,كُوِّرَتْ,kuwwirat,ك-و-ر,verb,,Form II,3,6,5,6,is wrapped up,নিষ্প্রভ হবে,لپیٹ دیا جائے گا,लपेट दिया जाएगा,digulung,büzüldüğü,درهم پیچیده شود,sera enroulé,81:1,https://quranicwords.vercel.app/quran-words/kuwwirat-8540503b.html
wv_87f192d1,1919,يَعْدُ,yaʿdu,ع-د-و,verb,,Form I,3,6,5,6,transgressed,সীমালঙ্ঘন করতো,زیادتی کرتے تھے,ज़्यादती करते थे,melanggar aturan,haddi aşıyorlardı,تجاوز می کردند,ont transgressé,7:163,https://quranicwords.vercel.app/quran-words/yadu-87f192d1.html
wv_8a274b97,1920,يَتَبَدَّلِ,yatabaddali,ب-د-ل,verb,,Form V,3,6,5,7,exchange,পরিবর্তন করবে,آپ بدل ڈالیں,बदल लें,boleh kamu mengganti,değiştirirse,جا یگز ین کند,prennes en échange,33:52,https://quranicwords.vercel.app/quran-words/yatabaddali-8a274b97.html
wv_8b4f9369,1921,مَحَوْ,maḥaw,م-ح-و,verb,,Form I,3,6,5,7,erased,নিষ্প্রভ করেছি,مٹادی,मिटा दी,maka,sildik,محوکردیم,avons ensuite éliminé,17:12,https://quranicwords.vercel.app/quran-words/mahaw-8b4f9369.html
wv_95d3af4c,1922,تُسْقِطَ,tusqiṭa,س-ق-ط,verb,,Form IV,3,6,5,7,cause to fall,পতিত করবো,گرائے,गिरा दें,jatuhkan,düşürmelisin,بیفکنی,fasses tomber,17:92,https://quranicwords.vercel.app/quran-words/tusqita-95d3af4c.html
wv_98c8e11c,1923,امْسَحُ,amsaḥu,م-س-ح,verb,,Form I,3,6,5,7,wipe,মাসেহ করবে,مسح کرو,मसह करो,sapulah,sürün,مسح کنید,passez,4:43,https://quranicwords.vercel.app/quran-words/amsahu-98c8e11c.html
wv_992cfc71,1924,طَابَ,ṭāba,ط-ي-ب,verb,,Form I,3,6,5,7,have done well,ছেড়ে দেয়,خوشحال ہوئے,अच्छे रहे,baik,bağışlarlarsa,بخشیدند,avez bien fait,39:73,https://quranicwords.vercel.app/quran-words/taba-992cfc71.html
wv_99e32227,1925,رَاغَ,rāgha,ر-و-غ,verb,,Form I,3,6,5,8,turned,চলে গেল,پلٹا,गया,pergi,da gizlice sokuldu,حمله کرد,a ensuite tourné avec ruse,37:93,https://quranicwords.vercel.app/quran-words/ragha-99e32227.html
wv_9ad04a74,1926,نََٔا,nā,ن-أ-ي,verb,,Form I,3,6,5,8,becomes remote,এড়িয়ে চলে,دور ہوتا ہے,दूर कर लेता है,menjauhkan diri,döner,دور کند,s’éloigne,17:83,https://quranicwords.vercel.app/quran-words/na-9ad04a74.html
wv_9c8115e9,1927,يَجْأَرُ,yajʾaru,ج-أ-ر,verb,,Form I,3,6,5,8,cry for help,চিৎকার করে উঠবে,فریاد کرتے ہو,चिल्लाने लगेंगे,berteriak,feryada başlarlar,فریاد می کنند,implorerons l’aide en criant,16:53,https://quranicwords.vercel.app/quran-words/yajaru-9c8115e9.html
wv_9d047930,1928,سَحَرُ,saḥaru,س-ح-ر,verb,,Form I,3,6,5,8,bewitched,জাদু করলো,مسحور کردیا,मसहूर कर दिया,menyihir,büyülediler,جادو کردند,ont ensorcelé,7:116,https://quranicwords.vercel.app/quran-words/saharu-9d047930.html
wv_9ecdb5cb,1929,يَرْكُضُ,yarkuḍu,ر-ك-ض,verb,,Form I,3,6,5,8,were fleeing,পালাতে লাগলো,دوڑتے تھے,भागने लगे,lari tergesa-gesa,kaçıyorlardı,می گریختند,s’enfuient en frappant des pieds,21:12,https://quranicwords.vercel.app/quran-words/yarkudu-9ecdb5cb.html
wv_a0258bd1,1930,انفَضُّ,anfaḍḍu,ف-ض-ض,verb,,Form VII,3,6,5,9,rushed,ছুটে গেল,تماشے کو مائل ہوگئے,दौड़ पड़े,menuju,dağılıp,پراکنده می شوند,se sont dispersés,62:11,https://quranicwords.vercel.app/quran-words/anfaddu-a0258bd1.html
wv_a12b068e,1931,يُوزَعُ,yūzaʿu,و-ز-ع,verb,,Form I,3,6,5,9,set in rows,নানা দলে ভাগ করা হবে,جمع کیے جائیں گے,गिरोहों में तक़सीम किए जाऐंगे,dibagi-bagi,araya getirilirler,بازداشته می شدند,seront restreints,27:17,https://quranicwords.vercel.app/quran-words/yuzau-a12b068e.html
wv_a3706687,1932,يُمْنَى,yumnā,م-ن-ي,verb,,Form IV,3,6,5,9,emit,নির্গত,نطفہ تم ٹپکاتے ہو,टपकाया जाता है,dipancarkan,atıldığı,ریخته می شود,est expulsée par éjaculation,56:58,https://quranicwords.vercel.app/quran-words/yumna-a3706687.html
wv_a6df7b1a,1933,اطَّيَّرْ,aṭṭayyar,ط-ي-ر,verb,,Form V,3,6,5,9,consider you a bad omen,অমঙ্গল ভাবছি,برا شگون لیتے ہیں,बुरा शगून लिया,mendapat celaka,uğursuzluğa uğradık,به فال بد گرفتیم,voyons un mauvais présage,27:47,https://quranicwords.vercel.app/quran-words/attayyar-a6df7b1a.html
wv_a8cf696e,1934,اعْتَرَفُ,aʿtarafu,ع-ر-ف,verb,,Form VIII,3,6,5,9,confess,এভাবে তারা স্বীকার করবে,اعتراف کرلیا,एतराफ़ कर लिया,mengakui,itiraf ettiler,اقرار کردند,avons ensuite reconnu,67:11,https://quranicwords.vercel.app/quran-words/atarafu-a8cf696e.html
wv_a9a72db3,1935,يَأْلَمُ,yaʾlamu,أ-ل-م,verb,,Form I,3,6,5,10,are suffering,যন্ত্রণা,بھی تکلیف اٹھاتے ہیں,तकलीफ़ उठाते,menderita sakit,acı çekiyorsanuz,آسیب دیده و دردمند می شوند,souffrez,4:104,https://quranicwords.vercel.app/quran-words/yalamu-a9a72db3.html
wv_acb99822,1936,أَفْرِغْ,afrigh,ف-ر-غ,verb,,Form IV,3,6,5,10,pour,ঢেলে দেই,انڈیلوں,उँडेलूं,akan tuangkan,dökeyim,بریزم,déverse,18:96,https://quranicwords.vercel.app/quran-words/afrigh-acb99822.html
wv_b033c68c,1937,أُتْرِفُ,utrifu,ت-ر-ف,verb,,Form IV,3,6,5,10,luxury they were given,তোমাদের সম্ভোগ দেয়া হয়েছিলো,آرام دیئے گئے,ऐश दिए गए,bersenang-senang,şımartıldığınız,آسودگی داده شد به شما,avez reçu du confort,11:116,https://quranicwords.vercel.app/quran-words/utrifu-b033c68c.html
wv_b1b68e73,1938,يُبْدِئُ,yubdiʾu,ب-د-أ,verb,,Form IV,3,6,5,10,originates,অস্তিত্ব দান করেন,ابتدا کرتا ہے,इब्तिदा करता है,memulai menciptakan,başlatıyor,آغاز می کند,crée à l’origine,85:13,https://quranicwords.vercel.app/quran-words/yubdiu-b1b68e73.html
wv_b1fada70,1939,أَحْضَرَتْ,aḥḍarat,ح-ض-ر,verb,,Form IV,3,6,5,10,are swayed,উপস্থিত করেছে,حاضر کیا,रख दी गई,ia sediakan,hazırdır,حاضر ساخته است,a présentée,4:128,https://quranicwords.vercel.app/quran-words/ahdarat-b1fada70.html
wv_b3270182,1940,ٱحْتَمَلَ,aḥtamala,ح-م-ل,verb,,Form VIII,3,6,6,1,bear,বহন করবে,اٹھا لیا,उठा लिया,membawa,taşıdı,بر دوش گرفته اند,porte ensuite,33:58,https://quranicwords.vercel.app/quran-words/ahtamala-b3270182.html
wv_b3a87cc6,1941,تَنفُذُ,tanfudhu,ن-ف-ذ,verb,,Form I,3,6,6,1,pass beyond,অতিক্রম করে পালাও,نکل بھاگو,निकल जाओ,menembus,geçin gidin,نفوذ کنید,passer à travers,55:33,https://quranicwords.vercel.app/quran-words/tanfudhu-b3a87cc6.html
wv_b3bd1e5a,1942,غَدَ,ghada,غ-د-و,verb,,Form I,3,6,6,1,left early morning,চললো,صبح سویرے نکلے,सुबह सवेरे निकले,berangkat pada pagi hari,erkenden,بامداد رفتند,es parti dans la matinée,3:121,https://quranicwords.vercel.app/quran-words/ghada-b3bd1e5a.html
wv_b40f2927,1943,وُقِفُ,wuqifu,و-ق-ف,verb,,Form I,3,6,6,1,are made to stand,দাঁড় করান হবে,کھڑے کیے جائیں گے,खड़े किए जाऐंगे,dihentikan,durdurulmuş,نگاه داشته شوند,seront arrêtés,6:27,https://quranicwords.vercel.app/quran-words/wuqifu-b40f2927.html
wv_b5801190,1944,يَسْتَبْدِلْ,yastabdil,ب-د-ل,verb,,Form X,3,6,6,1,will replace you,পরিবর্তন করবেন,بدل دے گا,बदल देगा,mengganti,yerinize getirir,جایگزین کند,échangera,47:38,https://quranicwords.vercel.app/quran-words/yastabdil-b5801190.html
wv_b71fa998,1945,طَالَ,ṭāla,ط-و-ل,verb,,Form I,3,6,6,2,grew long,অতিবাহিত হল,لمبی ہوگئی,तवील हो गई,panjang,geçen,دراز شد,est ensuite devenue longue,21:44,https://quranicwords.vercel.app/quran-words/tala-b71fa998.html
wv_bb43690e,1946,أَذَّنَ,adhdhana,أ-ذ-ن,verb,,Form II,3,6,6,2,called out,ঘোষণা দিলো,پکارا,पुकारा,berseru,seslendi,آواز داد,a annoncé,12:70,https://quranicwords.vercel.app/quran-words/adhdhana-bb43690e.html
wv_bc25e394,1947,يَلِجَ,yalija,و-ل-ج,verb,,Form I,3,6,6,2,penetrates,ঢোকে,داخل ہوتا ہے,दाख़िल होता है,masuk,geçinceye,فرومی رود,pénètre,34:2,https://quranicwords.vercel.app/quran-words/yalija-bc25e394.html
wv_c0184f55,1948,يَلْ,yal,ل-و-ي,verb,,Form I,3,6,6,2,distort,মন রাখা কথা বল,موڑ دو گے,मोड़ दोगे,memutar balikkan,eğip bükerler,زبان بپیچانید,tordent,4:135,https://quranicwords.vercel.app/quran-words/yal-c0184f55.html
wv_c02ae238,1949,تُرْجِي,turjī,ر-ج-و,verb,,Form IV,3,6,6,2,may defer,দূরে রাখতে পারো,آپ دور رکیں,दूर रखें,boleh menangguhkan,geri bırakır,به تاخیر می افکنی,peux mettre en attente,33:51,https://quranicwords.vercel.app/quran-words/turji-c02ae238.html
wv_caeaf77e,1950,زُلْزِلُ,zulzilu,ز-ل-ز-ل,verb,,Form I,3,6,6,3,is shaken,কম্পিত করা হয়েছিল,ہلا مارے گئے,हिला दिए गए,digoncangkan,sarsıldığı,به لرزه انداخته شود,ont été secoués,99:1,https://quranicwords.vercel.app/quran-words/zulzilu-caeaf77e.html
wv_cf784ef0,1951,يَمِيلُ,yamīlu,م-ي-ل,verb,,Form I,3,6,6,3,assault,আক্রমণ করবে,جھک جاؤ,झुक जाओ,akan menyerbu,birden yapsalar,بتا زند,attaqueraient donc,4:102,https://quranicwords.vercel.app/quran-words/yamilu-cf784ef0.html
wv_d112c0a3,1952,كَنَزْ,kanaz,ك-ن-ز,verb,,Form I,3,6,6,3,hoarded,জমা করেছিলে,جمع کیا,जमा किया,simpan,yığdıklarınız,می انباشتید,avez amassés,9:35,https://quranicwords.vercel.app/quran-words/kanaz-d112c0a3.html
wv_d1f7877d,1953,فَارَ,fāra,ف-و-ر,verb,,Form I,3,6,6,3,gushes forth,উথলে উঠবে,ابل پڑے,जोश मारा,memancar air,kaynadığında,جوشید,a débordé,23:27,https://quranicwords.vercel.app/quran-words/fara-d1f7877d.html
wv_d263d79e,1954,ٱدَّٰرَكَ,addāraka,د-ر-ك,verb,,Form VI,3,6,6,3,is arrested,পেতো,فنا ہوگیا,गुम हो गया,mendapatkannya,ardarda geldi,به پایان رسیده,a englobé,27:66,https://quranicwords.vercel.app/quran-words/addaraka-d263d79e.html
wv_daf511b4,1955,تَمِيدَ,tamīda,م-ي-د,verb,,Form I,3,6,6,4,shake,ঢলে পড়ে,ڈگمگا جائے گی,ढुलक जाए,bergoncang,sarsar,نلرزاند,se mette à bouger violemment,21:31,https://quranicwords.vercel.app/quran-words/tamida-daf511b4.html
wv_dbbfe7d4,1956,حَسَدَ,ḥasada,ح-س-د,verb,,Form I,3,6,6,4,envies,হিংসা করে,حسد کرے,हसद रे,ia dengki,hased ettiği,حسد ورزد,veulent-ils que perdent,113:5,https://quranicwords.vercel.app/quran-words/hasada-dbbfe7d4.html
wv_dbedf9d7,1957,يَرْهَبُ,yarhabu,ر-ه-ب,verb,,Form I,3,6,6,4,fearful,ভয় করে,ڈرتے ہیں,डरते थे,takut,korkanlar,می ترسند,redoutent,7:154,https://quranicwords.vercel.app/quran-words/yarhabu-dbedf9d7.html
wv_dc4f21d4,1958,غَوَىٰ,ghawā,غ-و-ي,verb,,Form I,3,6,6,4,erred,পথভ্রষ্ট হয়েছিলাম আমরা,بھٹک گئے,गुमराह हुए,sesat,kendimiz azdığımız,به بیراهه رفت,s’est donc égaré du droit chemin,20:121,https://quranicwords.vercel.app/quran-words/ghawa-dc4f21d4.html
wv_de4ee332,1959,أَوْجَسَ,awjasa,و-ج-س,verb,,Form IV,3,6,6,4,felt,অনুভব করলেন,چھپایا,महसूस किया,merasa,bu yüzden duydu,احساس کرد,A donc ressenti,51:28,https://quranicwords.vercel.app/quran-words/awjasa-de4ee332.html
wv_deb41341,1960,بَصُرَتْ,baṣurat,ب-ص-ر,verb,,Form I,3,6,6,5,perceived,দেখে যেতে থাকলো,دیکھتی رہی,देखती रही,ia melihat,da gözetledi,دید,a donc regardé,20:96,https://quranicwords.vercel.app/quran-words/basurat-deb41341.html
wv_dec83ad9,1961,يُنكِرُ,yunkiru,ن-ك-ر,verb,,Form IV,3,6,6,5,deny,অস্বীকার করবে,انکار کرتا ہے,इन्कार करते हैं,ingkari,inkar eden,انکار می کند,rejette,13:36,https://quranicwords.vercel.app/quran-words/yunkiru-dec83ad9.html
wv_e01edba3,1962,بَقِىَ,baqiā,ب-ق-ي,verb,,Form I,3,6,6,5,remained,বকেয়া আছে,باقی ہو,बाक़ी रह गया हो,tersisa,geri kalan,مانده است,reste,2:278,https://quranicwords.vercel.app/quran-words/baqia-e01edba3.html
wv_e97a0c27,1963,يَدَّعُ,yaddaʿu,د-ع-و,verb,,Form VIII,3,6,6,5,ask,চাইবে,تقاضا کرتے,तलब करेंगे,minta,istedikleri,درخواست می کردید,réclament,41:31,https://quranicwords.vercel.app/quran-words/yaddau-e97a0c27.html
wv_ef8abcb4,1964,زَهَقَ,zahaqa,ز-ه-ق,verb,,Form I,3,6,6,5,perished,বিলুপ্ত হয়েছে,زائل ہوگیا,मिट गया,telah lenyap,gitti,نابود شد,a péri,17:81,https://quranicwords.vercel.app/quran-words/zahaqa-ef8abcb4.html
wv_f16e65b3,1965,فَزِعَ,faziʿa,ف-ز-ع,verb,,Form I,3,6,6,6,will be terrified,ভয় পেলো,ڈر جائیں گے,घबरा गया,dikagetkan,korkmuştu,به هراس افتند,a alors été terrifié,27:87,https://quranicwords.vercel.app/quran-words/fazia-f16e65b3.html
wv_f601f4fc,1966,يَسْتَخْفُ,yastakhfu,خ-ف-ي,verb,,Form X,3,6,6,6,seek to hide,লুকাতে চায়,چھپتے ہیں,छुप सकते हैं,bersembunyi,gizleniyorlar,پنهان می دارند,cherchent à se cacher,4:108,https://quranicwords.vercel.app/quran-words/yastakhfu-f601f4fc.html
wn_0016be40,1967,وَطَر,waṭar,و-ط-ر,noun,Noun (Ism),,2,7,10,5,necessary,প্রয়োজন,حاجت,हाजत,keperluan,ilişiğini,حاجت خود,nécessité,33:37,https://quranicwords.vercel.app/quran-words/watar-0016be40.html
wn_0163bdd2,1968,أَبْرَص,abraṣ,ب-ر-ص,noun,Noun (Ism),,2,7,10,5,leper,কুষ্ঠ ব্যাধিগ্রস্থকে,برص والے,बरस वाले,orang berpenyakit sopak,alacalıyı,پیس,lépreux,3:49,https://quranicwords.vercel.app/quran-words/abras-0163bdd2.html
wn_0165851d,1969,خَرْج,kharj,خ-ر-ج,noun,Noun (Ism),,2,7,10,6,expenditure,কর,خراج,ख़राज,ganti rugi,vergi,مزدی را؟,dépense,18:94,https://quranicwords.vercel.app/quran-words/kharj-0165851d.html
wn_026b9f12,1970,تَصْدِيق,taṣdīq,ص-د-ق,noun,Verbal noun (Maṣdar),,2,7,10,6,confirmation,সত্যায়ন,تصدیق,तसदीक़,ia membenarkan,doğrulanmasıdır,تصدیق می کند,confirmation,10:37,https://quranicwords.vercel.app/quran-words/tasdiq-026b9f12.html
wn_02844318,1971,مائِدَة,māʾidah,م-ي-د,noun,Noun (Ism),,2,7,10,6,table spread,খাদ্য পূর্ণ পাত্র,خوان,दस्तरख़्वान,hidangan,sofra,خوانی,table servie,5:112,https://quranicwords.vercel.app/quran-words/maidah-02844318.html
wn_02b78b00,1972,قِطَع,qiṭaʿ,ق-ط-ع,noun,Noun (Ism),,2,7,10,6,are tracks,টুকরা,ٹکڑوں,टुकड़े,bagian-bagian,kıt'alar,قطعه هایی,lambeaux,13:4,https://quranicwords.vercel.app/quran-words/qita-02b78b00.html
wn_0352df6a,1973,سَرّاء,sarrāʾ,س-ر-ر,noun,Noun (Ism),,2,7,10,6,ease,খুশীর,خوشحالی,ख़ुशी,kesenangan,sevinç,آسایش,facilité,3:134,https://quranicwords.vercel.app/quran-words/sarra-0352df6a.html
wn_0395a97c,1974,طَرِيّ,ṭariyy,ط-ر-و,noun,Noun (Ism),,2,7,10,7,fresh,তাজা,تازہ,तरो ताज़ा,lembut,taptaze,تازه,fraîche,16:14,https://quranicwords.vercel.app/quran-words/tariyy-0395a97c.html
wn_03d7ef4b,1975,عاصِف,ʿāṣif,ع-ص-ف,noun,Active participle (Ism Fāʿil),,2,7,10,7,stormy,ঝড়ের,تیز ہوا,तेज़ हवा,badai,fırtınalı,باد خیز,violent,14:18,https://quranicwords.vercel.app/quran-words/asif-03d7ef4b.html
wn_048f3e11,1976,كاشِفَة,kāshifah,ك-ش-ف,noun,Active participle (Ism Fāʿil),,2,7,10,7,any remover,প্রকাশকারী,دور کرنے والیاں,दूर करने वाली,membuka,açacak kimse,طرف کنندۂ,être qui peut enlever,53:58,https://quranicwords.vercel.app/quran-words/kashifah-048f3e11.html
wn_0628576c,1977,اسْتِكْبار,astikbār,ك-ب-ر,noun,Verbal noun (Maṣdar),,2,7,10,7,arrogance,ঔদ্ধত্য প্রকাশ করে,تکبر کرنا,तकब्बुर करना,karena kesombongan,büyüklük taslama,تکبّر ورزیدنی,orgueil,35:43,https://quranicwords.vercel.app/quran-words/astikbar-0628576c.html
wn_06ad5d76,1978,مُخَلَّد,mukhallad,خ-ل-د,noun,Passive participle (Ism Mafʿūl),,2,7,10,7,immortal,চির,ہمیشہ رہنے والے,हमेशा रहने वाले,kekal,ebedi yaşamağa erdirilmiş,جاودانه,rendus éternels,56:17,https://quranicwords.vercel.app/quran-words/mukhallad-06ad5d76.html
wn_06d9a3ef,1979,غُثاء,ghuthāʾ,غ-ث-و,noun,Noun (Ism),,2,7,10,8,rubbish of dead leaves,আবর্জনায়,خشک گھاس,कूड़ा,kering,sel süprüntüsü haline,خاشاک سیل آورده,ordure mélangée à des feuilles pourrissantes,23:41,https://quranicwords.vercel.app/quran-words/ghutha-06d9a3ef.html
wn_06fb3054,1980,ضِرار,ḍirār,ض-ر-ر,noun,Verbal noun (Maṣdar),,2,7,10,8,harm,ক্ষতি করার,تکلیف دینے کے لیے,ज़रर पहुँचाने के लिए,kemudharatan,zarar vermek,برای زیان رساندن,dommage,9:107,https://quranicwords.vercel.app/quran-words/dirar-06fb3054.html
wn_075b2518,1981,أَضْعَف,aḍʿaf,ض-ع-ف,noun,Noun (Ism),,2,7,10,8,weaker,অধিক দুর্বল,زیادہ کمزور,कमज़ोर तर,lebih lemah,daha zayıftır,ضیعف تر,plus faible,72:24,https://quranicwords.vercel.app/quran-words/adaf-075b2518.html
wn_07a42c6c,1982,هالِك,hālik,ه-ل-ك,noun,Active participle (Ism Fāʿil),,2,7,10,8,destroyed,জীবন ধ্বংসকারীদের,ہلاک ہونے والوں,हलाक होने वाली,binasa,helak olacaktır,نابود شوندگان,détruite,28:88,https://quranicwords.vercel.app/quran-words/halik-07a42c6c.html
wn_08225370,1983,دَفْع,dafʿ,د-ف-ع,noun,Verbal noun (Maṣdar),,2,7,10,8,Allah checks,প্রতিহত,دور کرتا,दूर करना,menolak,savmasaydı,دفع کردن,fait que repousse,22:40,https://quranicwords.vercel.app/quran-words/daf-08225370.html
wn_08d71bf0,1984,مُسَبِّح,musabbiḥ,س-ب-ح,noun,Active participle (Ism Fāʿil),,2,7,10,9,glorify,মহিমা ঘোষণাকারী,تسبیح کرنے والوں,तस्बीह करने वाले,orang-orang yang bertasbih,tesbih edenler,تسبیح کنندگان,ceux qui déclarent La Perfection d’Allâh,37:166,https://quranicwords.vercel.app/quran-words/musabbih-08d71bf0.html
wn_08d7bf10,1985,مَعْلُومَة,maʿlūmah,ع-ل-م,noun,Noun (Ism),,2,7,10,9,known,নির্দিষ্ট,معلوم,मालूम,dimaklumi,belirli,معلوم,connus,22:28,https://quranicwords.vercel.app/quran-words/malumah-08d7bf10.html
wn_09561300,1986,زِلْزال,zilzāl,ز-ل-ز-ل,noun,Noun (Ism),,2,7,10,9,shake,প্রকম্পন,ہلا مارا جانا,हिला मारा जाना,goncangan,sarsıntı,جنبانیدنی,secouage,33:11,https://quranicwords.vercel.app/quran-words/zilzal-09561300.html
wn_09a2cc0f,1987,مُتَتابِعَيْن,mutatābiʿayn,ت-ب-ع,noun,Active participle (Ism Fāʿil),,2,7,10,9,consecutively,একটানা,مسلسل,मुसलसल,berturut-turut,aralıksız olarak,پی درپی,consécutifs,58:4,https://quranicwords.vercel.app/quran-words/mutatabiayn-09a2cc0f.html
wn_0bb474c2,1988,نَسْف,nasf,ن-س-ف,noun,Noun (Ism),,2,7,10,9,particles,উড়িয়ে দেয়া,گرا دینا,बिखेर देना,berhamburan,ufalayıp,پاشیدنی,dispersion,20:105,https://quranicwords.vercel.app/quran-words/nasf-0bb474c2.html
wn_0c93a540,1989,مُثْقَل,muthqal,ث-ق-ل,noun,Passive participle (Ism Mafʿūl),,2,7,10,10,burdened,বোঝাগ্রস্থ,بوجھل ہورہے,दबे जा रहे,orang-orang yang dibebani,ağır bir yük altındadırlar,گرانبارند,surchargés,68:46,https://quranicwords.vercel.app/quran-words/muthqal-0c93a540.html
wn_0ddf743c,1990,ذُباب,dhubāb,ذ-ب-ب,noun,Noun (Ism),,2,7,10,10,fly,একটি মাছিও,مکھی,मक्खी,lalat itu,sinek,مگس,mouche,22:73,https://quranicwords.vercel.app/quran-words/dhubab-0ddf743c.html
wn_0eefefaf,1991,وَلايَت,walāyat,و-ل-ي,noun,Noun (Ism),,2,7,10,10,protection,অভিভাবকত্বের,مدد,सारा इख़्तियार,pertolongan,velilik,یاری از آن,autorité,18:44,https://quranicwords.vercel.app/quran-words/walayat-0eefefaf.html
wn_0ff6b56e,1992,زُجاجَة,zujājah,ز-ج-ج,noun,Noun (Ism),,2,7,10,10,glass,একটি কাঁচপাত্রের,فانوس,शीशा,dalam kaca,cam,شیشه,récipient de verre,24:35,https://quranicwords.vercel.app/quran-words/zujajah-0ff6b56e.html
wn_107541ce,1993,كاهِن,kāhin,ك-ه-ن,noun,Noun (Ism),,2,7,10,10,soothsayer,কোন গণকের,کسی کا ہن,किसी काहिन,dukun,kahinin,کاهنی,devin,69:42,https://quranicwords.vercel.app/quran-words/kahin-107541ce.html
wn_113a60c5,1994,عُتُوّ,ʿutuww,ع-ت-و,noun,Noun (Ism),,2,7,11,1,insolence,অবাধ্য,سرکشی,सरकशी,kelewat batas,azgınlık,سرکشی,insolence,25:21,https://quranicwords.vercel.app/quran-words/utuww-113a60c5.html
wn_11e10ff4,1995,نَزْغ,nazgh,ن-ز-غ,noun,Noun (Ism),,2,7,11,1,evil suggestion,কুমন্ত্রণা,وسوسہ,वसवसा,gangguan,kötü bir düşünce,انگیزشی,incitation au mal,41:36,https://quranicwords.vercel.app/quran-words/nazgh-11e10ff4.html
wn_1202a52f,1996,لُغُوب,lughūb,ل-غ-ب,noun,Noun (Ism),,2,7,11,1,fatigue,ক্লান্তি,تکان,किसी थकावट,kelelahan,usanç,درماندگی ای,épuisement,50:38,https://quranicwords.vercel.app/quran-words/lughub-1202a52f.html
wn_123105a1,1997,سائِغ,sāʾigh,س-و-غ,noun,Active participle (Ism Fāʿil),,2,7,11,1,palatable,উপাদেয়,خوش گوار,ख़ुशगवार,lezat,kayar,گواراست,simple à avaler,16:66,https://quranicwords.vercel.app/quran-words/saigh-123105a1.html
wn_129b1cee,1998,تِسْعَة,tisʿah,ت-س-ع,noun,Noun (Ism),,2,7,11,1,nine,উনিশ,نو,उन्नीस,sembilan,dokuz,نه,dix-neuf,27:48,https://quranicwords.vercel.app/quran-words/tisah-129b1cee.html
wn_12f20e5e,1999,قَبِيل,qabīl,ق-ب-ل,noun,Noun (Ism),,2,7,11,2,before,সামনাসামনি,سامنے,सामने,berhadap-hadapan,karşımıza,رویاروی,en face,17:92,https://quranicwords.vercel.app/quran-words/qabil-12f20e5e.html
wn_13899762,2000,جِدار,jidār,ج-د-ر,noun,Noun (Ism),,2,7,11,2,wall,একটি দেয়াল,دیوار,दीवार,dinding,duvar,دیوار,mur,18:77,https://quranicwords.vercel.app/quran-words/jidar-13899762.html
wn_14046bfb,2001,ثُلاث,thulāth,ث-ل-ث,noun,Noun (Ism),,2,7,11,2,or three,তিনটি,تین تین,तीन-तीन,bertiga,üçer,سه سه,ou trois,35:1,https://quranicwords.vercel.app/quran-words/thulath-14046bfb.html
wn_14520994,2002,كِبْرِياء,kibrīʾ,ك-ب-ر,noun,Noun (Ism),,2,7,11,2,greatness,গৌরব-গরিমা,بڑائی,बड़ाई,kebesaran,büyüklüğün,بزرگی,grandeur,45:37,https://quranicwords.vercel.app/quran-words/kibri-14520994.html
wn_14e87305,2003,صَفْح,ṣafḥ,ص-ف-ح,noun,Noun (Ism),,2,7,11,2,disregarding,প্রত্যাহার,درگزر کرتے ہوئے,ऐराज़ करते हुए,hentikan,hoşgörü,رویگردانی,détournement,43:5,https://quranicwords.vercel.app/quran-words/safh-14e87305.html
wn_14f1da96,2004,غِشاوَة,ghishāwah,غ-ش-و,noun,Noun (Ism),,2,7,11,3,veil,আবরণ,پردہ,पर्दा,tutup,perde,پرده ای,voile fin,2:7,https://quranicwords.vercel.app/quran-words/ghishawah-14f1da96.html
wn_154d66f0,2005,خَمْسِين,khamsīn,خ-م-س,noun,Noun (Ism),,2,7,11,3,fifty,পঞ্চাশ,پچاس,पचास,lima puluh,elli,پنجاه,cinquante,70:4,https://quranicwords.vercel.app/quran-words/khamsin-154d66f0.html
wn_1552aba4,2006,مَصْفُوفَة,maṣfūfah,ص-ف-ف,noun,Passive participle (Ism Mafʿūl),,2,7,11,3,lined up,সারি সারি,صف باندھے ہوئے,क़तार में रखे हुए,berbaris,dizilmiş,کنار هم چیده,alignés,88:15,https://quranicwords.vercel.app/quran-words/masfufah-1552aba4.html
wn_159a3c90,2007,ساهي,sāhy,س-ه-و,noun,Active participle (Ism Fāʿil),,2,7,11,3,heedlessness,উদাসীন,بھولے ہوئے,गाफ़िल,lalai,gaflet ederler,غافل اند,gens qui négligent,51:11,https://quranicwords.vercel.app/quran-words/sahy-159a3c90.html
wn_15bf4528,2008,سَراب,sarāb,س-ر-ب,noun,Noun (Ism),,2,7,11,3,mirage,মরীচিকা,سراب,सराब,fatamorgana,serab,همچون سراب,mirage,78:20,https://quranicwords.vercel.app/quran-words/sarab-15bf4528.html
wn_16bb0854,2009,حَجَر,ḥajar,ح-ج-ر,noun,Noun (Ism),,2,7,11,4,stone,পাথরকে,اس پتھر,इस पत्थर,batu,taşa,سنگ,rocher,2:60,https://quranicwords.vercel.app/quran-words/hajar-16bb0854.html
wn_172b7e6f,2010,نَجِيّ,najiyy,ن-ج-و,noun,Noun (Ism),,2,7,11,4,conversation,অন্তরঙ্গ আলাপের জন্যে,سرگوشیاں کرنے,सरगोशी के लिए,berbisik,fısıldaşarak,راز گویان,consultation secrète,19:52,https://quranicwords.vercel.app/quran-words/najiyy-172b7e6f.html
wn_17dde3f7,2011,ذَنُوب,dhanūb,ذ-ن-ب,noun,Noun (Ism),,2,7,11,4,portion,শাস্তির অংশ,حصہ ہے،,हिस्सा,bahagian,payı,سهم,crime,51:59,https://quranicwords.vercel.app/quran-words/dhanub-17dde3f7.html
wn_187d78d2,2012,أَمانَت,amānat,أ-م-ن,noun,Noun (Ism),,2,7,11,4,Trust,এ-আমানত,امانت,अमानत,amanat,emaneti,امانت,ce qui est confié,33:72,https://quranicwords.vercel.app/quran-words/amanat-187d78d2.html
wn_1935aef8,2013,عَصِيّ,ʿaṣiyy,ع-ص-ي,noun,Noun (Ism),,2,7,11,4,disobedient,অবাধ্য,نافرمان,नाफ़रमान,durhaka,isyan etmiştir,بسیار نافرمان,désobéissant,19:14,https://quranicwords.vercel.app/quran-words/asiyy-1935aef8.html
wn_19747b88,2014,مُطْمَئِنَّة,muṭmaʾinnah,ط-م-أ-ن,noun,Active participle (Ism Fāʿil),,2,7,11,5,content,নিশ্চিন্ত,مطمئن,मुत्मइन,tenang,huzur içinde,آرام,en tranquillité,16:112,https://quranicwords.vercel.app/quran-words/mutmainnah-19747b88.html
wn_1b3fdb41,2015,عَسِير,ʿasīr,ع-س-ر,noun,Noun (Ism),,2,7,11,5,difficult,কঠিন,بہت سخت,बहुत सख़्त,kesulitan,çetin,دشوار,difficile,74:9,https://quranicwords.vercel.app/quran-words/asir-1b3fdb41.html
wn_1bf7a1ab,2016,شِعْر,shiʿr,ش-ع-ر,noun,Noun (Ism),,2,7,11,5,poetry,কবিতা,شعر,शेअर,syair,şiir,شعر گفتن,poésie,36:69,https://quranicwords.vercel.app/quran-words/shir-1bf7a1ab.html
wn_1bf7e314,2017,ثابِت,thābit,ث-ب-ت,noun,Active participle (Ism Fāʿil),,2,7,11,5,firm,সুদৃঢ়,ثابت,मज़बूत,kokoh,sabit,استوار,ferme,14:24,https://quranicwords.vercel.app/quran-words/thabit-1bf7e314.html
wn_1c130e93,2018,غُراب,ghurāb,غ-ر-ب,noun,Noun (Ism),,2,7,11,5,crow,এক কাক,کوا,कौआ,burung gagak,karga,زاغ,corbeau,5:31,https://quranicwords.vercel.app/quran-words/ghurab-1c130e93.html
wn_1c4f63a1,2019,صُلْح,ṣulḥ,ص-ل-ح,noun,Noun (Ism),,2,7,11,6,reconciliation,আপোষ নিষ্পত্তি,صلح,सुलह करना,perdamaian,anlaşma,آشتی,réconciliation,4:128,https://quranicwords.vercel.app/quran-words/sulh-1c4f63a1.html
wn_1c7bf79b,2020,كِذّاب,kidhdhāb,ك-ذ-ب,noun,Verbal noun (Maṣdar),,2,7,11,6,any falsehood,মিথ্যা,جھوٹی بات,झूठ,dusta,tekzib,تکذیب سخنی,démenti,78:35,https://quranicwords.vercel.app/quran-words/kidhdhab-1c7bf79b.html
wn_1e403233,2021,مَواخِر,mawākhir,م-خ-ر,noun,Noun (Ism),,2,7,11,6,cleaving,পানি বিদীর্ণকারী,پھاڑنے والی,फाड़ने वाली,berlayar,denizi yara yara gitmektedir,شکافندگان,fendeurs,35:12,https://quranicwords.vercel.app/quran-words/mawakhir-1e403233.html
wn_1e9b8a6e,2022,ناظِرَة,nāẓirah,ن-ظ-ر,noun,Active participle (Ism Fāʿil),,2,7,11,6,looking,দৃষ্টিমান হবে,دیکھتی ہوں,देखने वाली हूँ,melihat,bakar,منتظر خواهم ماند,ensuite observatrice,75:23,https://quranicwords.vercel.app/quran-words/nazirah-1e9b8a6e.html
wn_1f35bf9d,2023,ماكِر,mākir,م-ك-ر,noun,Active participle (Ism Fāʿil),,2,7,11,6,planners,পরিকল্পনাকারীদের,تدبیر کرنے والا,ख़ुफ़िया तदबीर करने वालों,pembuat tipu daya,tuzak kurandır,نیرنگ ورزان,ceux qui rusent,3:54,https://quranicwords.vercel.app/quran-words/makir-1f35bf9d.html
wn_1f75b4a6,2024,مَسْرُور,masrūr,س-ر-ر,noun,Passive participle (Ism Mafʿūl),,2,7,11,7,happily,আনন্দচিত্তে,خوش,मसरूर,bergembira,sevinçli,شادمان,heureux,84:9,https://quranicwords.vercel.app/quran-words/masrur-1f75b4a6.html
wn_1fc08008,2025,سَكْرَة,sakrah,س-ك-ر,noun,Noun (Ism),,2,7,11,7,stupor,যন্ত্রণা,بےہوشی,बेहोशी,kepayahan,sarhoşluğu,مستی,stupeur,50:19,https://quranicwords.vercel.app/quran-words/sakrah-1fc08008.html
wn_2000df45,2026,شُكُور,shukūr,ش-ك-ر,noun,Noun (Ism),,2,7,11,7,thanks,কৃতজ্ঞতা,شکرگزار ہونے,शुक्रगुज़ारी,bersyukur,teşekkür,سپاس بگزارد,remerciement,76:9,https://quranicwords.vercel.app/quran-words/shukur-2000df45.html
wn_2098dd8d,2027,إِكْرام,ikrām,ك-ر-م,noun,Verbal noun (Maṣdar),,2,7,11,7,Honor,মর্যাদা,کرم والی,इज़्ज़त वाला,kemuliaan,ikram,ارجمند,Honneur attribué,55:27,https://quranicwords.vercel.app/quran-words/ikram-2098dd8d.html
wn_210ef46d,2028,حاسِب,ḥāsib,ح-س-ب,noun,Active participle (Ism Fāʿil),,2,7,11,7,account,হিসাব গ্রহণকারীদের,حساب لگانے والے,सब हिसाब लेने वालों,membuat perhitungan,hesab gören,حسابرس باشیم,ceux qui dénombrent,6:62,https://quranicwords.vercel.app/quran-words/hasib-210ef46d.html
wn_22771cc6,2029,واقِعَة,wāqiʿah,و-ق-ع,noun,Active participle (Ism Fāʿil),,2,7,11,8,Event,ঘটনাটি,واقع ہونے والی,वाक़ेअ होने वाली,kejadian,olacak olan,رخ دهنده,Évènement qui arrive,56:1,https://quranicwords.vercel.app/quran-words/waqiah-22771cc6.html
wn_22f34740,2030,أَعْراف,aʿrāf,ع-ر-ف,noun,Noun (Ism),,2,7,11,8,heights,আ'রাফের,اعراف,आराफ़,A'raf,A'raf,اعراف,élévations,7:48,https://quranicwords.vercel.app/quran-words/araf-22f34740.html
wn_244f9139,2031,سَقِيم,saqīm,س-ق-م,noun,Noun (Ism),,2,7,11,8,ill,অসুস্থ,بیمار تھے,बीमार था,sakit,hasta bir halde iken,بیمار بود,malade,37:145,https://quranicwords.vercel.app/quran-words/saqim-244f9139.html
wn_24bb0b0b,2032,عَمي,ʿamy,ع-م-ي,noun,Noun (Ism),,2,7,11,8,blind,অন্ধ,اندھے,अँधे,buta,kör,نابینایند,aveugle,7:64,https://quranicwords.vercel.app/quran-words/amy-24bb0b0b.html
wn_256328ac,2033,أَعْرَج,aʿraj,ع-ر-ج,noun,Noun (Ism),,2,7,11,8,lame,পঙ্গুর,لنگڑے,लँगड़े,orang pincang,topal,لنگ,boiteux,48:17,https://quranicwords.vercel.app/quran-words/araj-256328ac.html
wn_2721a9df,2034,سِراع,sirāʿ,س-ر-ع,noun,Verbal noun (Maṣdar),,2,7,11,9,hurrying,ত্রস্তব্যস্ত,جلدی کرتے ہوئے,तेज़ दौड़ने वाले होंगे,dengan cepat,hızlı hızlı,درحالی که شتابان بیرون آیند,rapides,50:44,https://quranicwords.vercel.app/quran-words/sira-2721a9df.html
wn_27f706a6,2035,شَطَط,shaṭaṭ,ش-ط-ط,noun,Noun (Ism),,2,7,11,9,enormity,গর্হিত,حق سے دور بات,ज़्यादती की बातें,jauh dari kebenaran,saçma sapan,سخنی ناروا,parole qui dépasse les limites,18:14,https://quranicwords.vercel.app/quran-words/shatat-27f706a6.html
wn_28290679,2036,قَسَم,qasam,ق-س-م,noun,Noun (Ism),,2,7,11,9,oath,শপথ,قسم,बड़ी क़सम,sumpah,yemin,سوگندی,serment,89:5,https://quranicwords.vercel.app/quran-words/qasam-28290679.html
wn_2975f923,2037,لُقْمان,luqmān,,noun,Proper noun,,2,7,11,9,Luqman,লুকমান,لقمان,लुक़्मान,Luqmân,Lokman,لقمان,Louqmân,31:13,https://quranicwords.vercel.app/quran-words/luqman-2975f923.html
wn_2ac2e774,2038,مَمْدُود,mamdūd,م-د-د,noun,Passive participle (Ism Mafʿūl),,2,7,11,9,extended,বিপুল,بہت,लम्बा चौड़ा,memanjang,uzamış,فراوان,étendue,56:30,https://quranicwords.vercel.app/quran-words/mamdud-2ac2e774.html
wn_2ae73e2b,2039,غُلْف,ghulf,غ-ل-ف,noun,Noun (Ism),,2,7,11,10,wrapped,আচ্ছাদিত,غلاف,ग़िलाफ़,tertutup,kılıflıdır,پوشش,enveloppés,2:88,https://quranicwords.vercel.app/quran-words/ghulf-2ae73e2b.html
wn_2bb30a82,2040,شَنَآن,shanaʾān,ش-ن-أ,noun,Noun (Ism),,2,7,11,10,hatred,বিদ্বেষ,دشمنی,दुश्मनी,kebencian,beslediğiniz kin,دشمنی,haine,5:8,https://quranicwords.vercel.app/quran-words/shanaan-2bb30a82.html
wn_2bc68424,2041,رَوْضَة,rawḍah,ر-و-ض,noun,Noun (Ism),,2,7,11,10,flowering meadows,বাগানসমূহের,باغ,बाग़,taman,bahçe,باغ های,prairie,42:22,https://quranicwords.vercel.app/quran-words/rawdah-2bc68424.html
wn_2c80491f,2042,عَجِيب,ʿajīb,ع-ج-ب,noun,Noun (Ism),,2,7,11,10,amazing,অদ্ভুত,بہت ہی عجیب,अजीब,sangat ajaib,tuhaf,شگفت,étonnante,50:2,https://quranicwords.vercel.app/quran-words/ajib-2c80491f.html
wn_2d29e195,2043,رَضاعَة,raḍāʿah,ر-ض-ع,noun,Noun (Ism),,2,7,11,10,nursing,দুধ পান করান,دودھ کی مدت,रज़ाअत,penyusuan,emzirmeyi,راه شیر خوارگی,allaitement,4:23,https://quranicwords.vercel.app/quran-words/radaah-2d29e195.html
wn_2d51c483,2044,كَعْبَة,kaʿbah,ك-ع-ب,noun,Proper noun,,2,7,12,1,Kabah,ক্বাবা,کعبہ,काबा,Ka'bah,Ka'be'ye,کعبه,Kaʿbah,5:97,https://quranicwords.vercel.app/quran-words/kabah-2d51c483.html
wn_2db81a47,2045,سَدِيد,sadīd,س-د-د,noun,Noun (Ism),,2,7,12,1,appropriate,সঠিক,درست,दुरुस्त,benar,doğru,استوار,juste,4:9,https://quranicwords.vercel.app/quran-words/sadid-2db81a47.html
wn_2f31343e,2046,حَمِيَّة,ḥamiyyah,ح-م-ي,noun,Noun (Ism),,2,7,12,1,disdain,হঠকারিতা,حمیت,हमीयत,kesombongan,öfke ve gayreti,تعصّب,mépris,48:26,https://quranicwords.vercel.app/quran-words/hamiyyah-2f31343e.html
wn_2fe31b06,2047,وِرْد,wird,و-ر-د,noun,Noun (Ism),,2,7,12,1,place,উপস্থিত স্থান,وارد ہونے والا,घाट,keadaan dahaga,yaya ve susuz olarak,آیندی,arrivée à l’eau des animaux,11:98,https://quranicwords.vercel.app/quran-words/wird-2fe31b06.html
wn_30fc0d0a,2048,عِتِيّ,ʿitiyy,ع-ت-و,noun,Noun (Ism),,2,7,12,1,extreme,অবাধ্য,حد سے باہر,इन्तिहाई दर्जे,durhaka,isyan edeni,سرکشی,insolence,19:8,https://quranicwords.vercel.app/quran-words/itiyy-30fc0d0a.html
wn_31ac2808,2049,سَيْل,sayl,س-ي-ل,noun,Noun (Ism),,2,7,12,2,flood,প্লাবন,سیلاب,सैलाब,arus,sel,سیل,flot,34:16,https://quranicwords.vercel.app/quran-words/sayl-31ac2808.html
wn_329021d0,2050,بِطانَة,biṭānah,ب-ط-ن,noun,Noun (Ism),,2,7,12,2,intimates,অন্তরঙ্গ বন্ধু,دلی دوست,दिली दोस्त,teman akrab,kendinize dost,دوست نهانی ای,confidents,3:118,https://quranicwords.vercel.app/quran-words/bitanah-329021d0.html
wn_32d456af,2051,أَسْوَأ,aswaʾ,س-و-أ,noun,Noun (Ism),,2,7,12,2,worst,নিকৃষ্ট কাজের,بد ترین,बदतरीन,paling buruk,en kötülerini,بدترین کاری,pire,41:27,https://quranicwords.vercel.app/quran-words/aswa-32d456af.html
wn_332c8977,2052,باخِع,bākhiʿ,ب-خ-ع,noun,Active participle (Ism Fāʿil),,2,7,12,2,kill,ধ্বংসকারী,ہلاک کرنے والے,हलाक करने वाले,membinasakan,helak edeceksin,هلاک سازی,quelqu’un qui t’égorge,26:3,https://quranicwords.vercel.app/quran-words/bakhi-332c8977.html
wn_33ab8b82,2053,تُبَّع,tubbaʿ,,noun,Proper noun,,2,7,12,2,Tubba,তুব্বা,تبع,क़ौमे तुब्बअ,Tubba,Tubba,تبع,Toubbaʿ,50:14,https://quranicwords.vercel.app/quran-words/tubba-33ab8b82.html
wn_33def4e9,2054,تَنُّور,tannūr,,noun,Noun (Ism),,2,7,12,3,oven,চুলা,تنور,तन्नूर,dapur,tandır,تنور,four à pain,11:40,https://quranicwords.vercel.app/quran-words/tannur-33def4e9.html
wn_33e19e8d,2055,جُرُز,juruz,ج-ر-ز,noun,Noun (Ism),,2,7,12,3,barren,ঊষর,بنجر,चटियल,tandus,kupkuru,بی گیاه,sans végétation,18:8,https://quranicwords.vercel.app/quran-words/juruz-33e19e8d.html
wn_345067cd,2056,وَثاق,wathāq,و-ث-ق,noun,Noun (Ism),,2,7,12,3,bond,বাঁধন,بندھن,बन्धन,ikatan,bağı,بند,menottes,47:4,https://quranicwords.vercel.app/quran-words/wathaq-345067cd.html
wn_3451c6ab,2057,طُوفان,ṭūfān,ط-و-ف,noun,Noun (Ism),,2,7,12,3,flood,প্লাবন,طوفان,तूफ़ान,taufan,tufan,توفان,inondation,7:133,https://quranicwords.vercel.app/quran-words/tufan-3451c6ab.html
wn_361a7ea2,2058,هَباء,habāʾ,ه-ب-و,noun,Noun (Ism),,2,7,12,3,dust,ধুলিকণায়,باریک خاک,गर्द-ओ-ग़ुबार,debu,toz duman,غباری,poussière,25:23,https://quranicwords.vercel.app/quran-words/haba-361a7ea2.html
wn_373b9a8a,2059,إِلّ,ill,أ-ل-ل,noun,Noun (Ism),,2,7,12,4,kinship,আত্মীয়তার,قرات,किसी क़राबत,kerabat,yakınlık,حق خویشاوندی,relation familiale,9:10,https://quranicwords.vercel.app/quran-words/ill-373b9a8a.html
wn_39111bfa,2060,فَزَع,fazaʿ,ف-ز-ع,noun,Noun (Ism),,2,7,12,4,terror,ভয়,گھبراہٹ,घबराहट,kejutan,korku,هراس,terreur,27:89,https://quranicwords.vercel.app/quran-words/faza-39111bfa.html
wn_39f7b3be,2061,عَدْو,ʿadw,ع-د-و,noun,Noun (Ism),,2,7,12,4,enmity,শত্রুতাবশতঃ,زیادتی کرکے,ज़्यादती,melampaui batas,düşmanlıkla,دشمنی,hostilité montrée en étant injustes,6:108,https://quranicwords.vercel.app/quran-words/adw-39f7b3be.html
wn_3a11e92d,2062,طَوِيل,ṭawīl,ط-و-ل,noun,Noun (Ism),,2,7,12,4,long,দীর্ঘ,طویل,तवील,panjang,uzun süre,دراز,long,76:26,https://quranicwords.vercel.app/quran-words/tawil-3a11e92d.html
wn_3a1af401,2063,ذاكِر,dhākir,ذ-ك-ر,noun,Active participle (Ism Fāʿil),,2,7,12,4,men who remember,পুরুষ স্মরণকারীগণ,ذکر کرنے والے,ज़िक्र करने वाले मर्द,laki-laki yang mengingat,zikreden erkekler,مردان یادکننده,hommes qui se rappellent,33:35,https://quranicwords.vercel.app/quran-words/dhakir-3a1af401.html
wn_3c861561,2064,بَدِيع,badīʿ,ب-د-ع,noun,Noun (Ism),,2,7,12,5,Originator,তিনি স্রষ্টা,نئے سرے سے پیدا کرنے والا,ईजाद करने वाला,pencipta,yaratıcısıdır,نو پدیداورنده,Inventeur,2:117,https://quranicwords.vercel.app/quran-words/badi-3c861561.html
wn_3de32114,2065,مَرْعَى,marʿā,ر-ع-ي,noun,Noun (Ism),,2,7,12,5,pasture,তৃণ,چارہ,चारा,rumput-rumputan,otlağı,چراگاه,pâture,87:4,https://quranicwords.vercel.app/quran-words/mara-3de32114.html
wn_3e1b54c3,2066,سِدْر,sidr,س-د-ر,noun,Noun (Ism),,2,7,12,5,lote trees,কুলগাছ,بیری,बेरियों,bidara,sedir ağaçları,درخت کنار,jujubier de Palestine,56:28,https://quranicwords.vercel.app/quran-words/sidr-3e1b54c3.html
wn_3e4ee4f1,2067,أَوْدِيَة,awdiyah,و-د-ي,noun,Noun (Ism),,2,7,12,5,valleys,উপত্যকাসমূহ,وادیاں,वादियाँ,lembah-lembah,dereler,رودها,vallées,13:17,https://quranicwords.vercel.app/quran-words/awdiyah-3e4ee4f1.html
wn_3ead898c,2068,مُجِيب,mujīb,ج-و-ب,noun,Active participle (Ism Fāʿil),,2,7,12,5,All-Responsive,যিনি ডাকের সাড়া দেন,جواب دینے والا,जवाब देने बाला,memperkenankan,kabul buyurmuştuk,اجابت کننده,Celui qui répond,11:61,https://quranicwords.vercel.app/quran-words/mujib-3ead898c.html
wn_3ec857af,2069,وَدُود,wadūd,و-د-د,noun,Noun (Ism),,2,7,12,6,Most Loving,প্রেমময়,محبت کرنے والا,बहुत मुहब्बत करने वाला,Maha Pengasih,sevendir,دوستدار,très affectueux,11:90,https://quranicwords.vercel.app/quran-words/wadud-3ec857af.html
wn_3edb67b8,2070,رَأْفَة,raʾfah,ر-أ-ف,noun,Noun (Ism),,2,7,12,6,compassion,করুণা,ترس,तरस,belas kasihan,acıma duygusu,نرمی,compassion,57:27,https://quranicwords.vercel.app/quran-words/rafah-3edb67b8.html
wn_3f23deb1,2071,غَوْر,ghawr,غ-و-ر,noun,Noun (Ism),,2,7,12,6,sunken,ভূগর্ভস্থ,خشک,गहरा,masuk dalam tanah kering,dibe,فرورفته,partante dans la terre,18:41,https://quranicwords.vercel.app/quran-words/ghawr-3f23deb1.html
wn_3f8d391c,2072,خَوّان,khawwān,خ-و-ن,noun,Noun (Ism),,2,7,12,6,treacherous,খিয়ানতকারী,خیانت کار,बहुत ख़ाइन,orang yang berkhianat,hain,خیانتکار,grand trompeur,22:38,https://quranicwords.vercel.app/quran-words/khawwan-3f8d391c.html
wn_3fc9400c,2073,عَشَرَة,ʿasharah,ع-ش-ر,noun,Noun (Ism),,2,7,12,6,ten,দশ,دس,दस,sepuluh,on,ده,dix,5:89,https://quranicwords.vercel.app/quran-words/asharah-3fc9400c.html
wn_40345dbb,2074,فُرادَى,furādā,ف-ر-د,noun,Noun (Ism),,2,7,12,7,alone,অথবা এক এক জন,اکیلے، اکیلے,अकेले-अकेले,sendiri-sendiri,tek olarak,یک,individuellement,6:94,https://quranicwords.vercel.app/quran-words/furada-40345dbb.html
wn_403c6ebc,2075,راسِخ,rāsikh,ر-س-خ,noun,Active participle (Ism Fāʿil),,2,7,12,7,ones who are firm,সুগভীর,راسخ,पुख़्ताकार,orang-orang yang mendalam,derinleşmiş olanlar,وپای برجایان,ceux qui sont fermes,4:162,https://quranicwords.vercel.app/quran-words/rasikh-403c6ebc.html
wn_405705e5,2076,تَرْتِيل,tartīl,ر-ت-ل,noun,Verbal noun (Maṣdar),,2,7,12,7,measured rhythmic recitation,তারতিলসহ,آہستہ آہستہ پڑھنا,ठहर-ठहर कर पढ़ना,bacaan yang baik,ağır ağır,آرامی و پیاپی,récitation en parties organisées et distinctes,73:4,https://quranicwords.vercel.app/quran-words/tartil-405705e5.html
wn_415ab9c9,2077,خُبْر,khubr,خ-ب-ر,noun,Noun (Ism),,2,7,12,7,any knowledge,অভিজ্ঞতায়,خبر,इल्म,pengalaman,haberdar edilerek,آگاهی,information,18:68,https://quranicwords.vercel.app/quran-words/khubr-415ab9c9.html
wn_41664807,2078,صَغِيرَة,ṣaghīrah,ص-غ-ر,noun,Noun (Ism),,2,7,12,7,small,ছোট,چھوٹا,किसी छोटी,kecil,küçük,خرد,petite,9:121,https://quranicwords.vercel.app/quran-words/saghirah-41664807.html
wn_4222d2b2,2079,أَكْرَم,akram,ك-ر-م,noun,Noun (Ism),,2,7,12,8,Most Generous,বড়ই অনুগ্রহশীল,بڑا کریم,सब से ज़्यादा करम वाला,amat mulia,en büyük kerem sahibidir,گرامی ترین,Plus Généreux,96:3,https://quranicwords.vercel.app/quran-words/akram-4222d2b2.html
wn_4350724b,2080,آزِفَة,āzifah,أ-ز-ف,noun,Active participle (Ism Fāʿil),,2,7,12,8,Approaching,আসন্ন,قریب آلگا,क़रीब आ लगा,dekat,yaklaşan,نزدیک,celle qui s’approche,40:18,https://quranicwords.vercel.app/quran-words/azifah-4350724b.html
wn_436dbd1a,2081,سَمِيّ,samiyy,س-م-و,noun,Noun (Ism),,2,7,12,8,any similarity,নামকরণ,ہم نام,हम नाम,nama,adaş,همنامی,nommé,19:65,https://quranicwords.vercel.app/quran-words/samiyy-436dbd1a.html
wn_4403c176,2082,مُلْتَحَد,multaḥad,ل-ح-د,noun,Passive participle (Ism Mafʿūl),,2,7,12,8,any refuge,আশ্রয়স্থল,جائے پناہ,जाएपनाह,tempat berlindung,sığınacak kimse,هیچ پناهگاهی,refuge,72:22,https://quranicwords.vercel.app/quran-words/multahad-4403c176.html
wn_441ad1bb,2083,أَصْغَر,aṣghar,ص-غ-ر,noun,Noun (Ism),,2,7,12,8,smaller,ক্ষুদ্রতর,چھوٹا,छोटा,lebih kecil,daha küçüğü,خر دتر,plus petit,34:3,https://quranicwords.vercel.app/quran-words/asghar-441ad1bb.html
wn_442048f1,2084,زُلْفَة,zulfah,ز-ل-ف,noun,Noun (Ism),,2,7,12,9,approach,অংশে,حصہ,नज़दीक,dekat,yakın vakitlerinde,نزدیک,proximité,11:114,https://quranicwords.vercel.app/quran-words/zulfah-442048f1.html
wn_44cd0f9d,2085,داخِل,dākhil,د-خ-ل,noun,Active participle (Ism Fāʿil),,2,7,12,9,enter,প্রবেশ করবো,داخل ہونے والوں,दाख़िल होने वाले,orang-orang yang masuk,girenlerle,داخل شدگان,ceux qui entrent,5:22,https://quranicwords.vercel.app/quran-words/dakhil-44cd0f9d.html
wn_454af817,2086,خَبال,khabāl,خ-ب-ل,noun,Noun (Ism),,2,7,12,9,confusion,অনিষ্ট সাধনে,فساد,किसी ख़राबी,kerusakan,bozgunculuktan,تباهی,désordre,9:47,https://quranicwords.vercel.app/quran-words/khabal-454af817.html
wn_45d1b683,2087,عالِيَة,ʿāliyah,ع-ل-و,noun,Active participle (Ism Fāʿil),,2,7,12,9,elevated,সুউচ্চ,بلند,बुलन्द जन्नत,tinggi,yüksek,والا,élevé,69:22,https://quranicwords.vercel.app/quran-words/aliyah-45d1b683.html
wn_45f53731,2088,سَبْح,sabḥ,س-ب-ح,noun,Noun (Ism),,2,7,12,9,occupation,ব্যস্ততা,تیرنا,तेज़ी से तैरना,cepat,uğraşacağın şeyler,تلاشی,flottement,73:7,https://quranicwords.vercel.app/quran-words/sabh-45f53731.html
wn_466288f1,2089,نَخْلَة,nakhlah,ن-خ-ل,noun,Noun (Ism),,2,7,12,10,date-palm,খেজুর গাছের,درخت,खजूर,pohon kurma,hurma,تنۂ خرما,dattier,19:25,https://quranicwords.vercel.app/quran-words/nakhlah-466288f1.html
wn_47b66c29,2090,أَشِر,ashir,أ-ش-ر,noun,Noun (Ism),,2,7,12,10,insolent,দাম্ভিক,اترانے والا,बहुत इतराने वाला,sombong,küstahtır,خود پسند,insolent,54:25,https://quranicwords.vercel.app/quran-words/ashir-47b66c29.html
wn_48a1c4b1,2091,عاصِفَة,ʿāṣifah,ع-ص-ف,noun,Noun (Ism),,2,7,12,10,forcefully,ঝটিকার,ان ہواؤں کی جو تیز چلتی,तुंदो तेज़ चलने वाली,bertiup,esip,تندرا,ensuite les vents qui soufflent violemment,21:81,https://quranicwords.vercel.app/quran-words/asifah-48a1c4b1.html
wn_48a3661c,2092,تَأْثِيم,taʾthīm,أ-ث-م,noun,Verbal noun (Maṣdar),,2,7,12,10,sin,পাপকর্ম,گناہ,गुनाह,menimbulkan dosa,günaha sokan bir laf,گناهی,péché,52:23,https://quranicwords.vercel.app/quran-words/tathim-48a3661c.html
wn_49b01f4b,2093,جَدَل,jadal,ج-د-ل,noun,Noun (Ism),,2,7,12,10,argument,ঝগড়াটে,جھگڑنے والا,झगड़ने,bantahan,tartışmacıdır,برای چون و چرا,argumentation,43:58,https://quranicwords.vercel.app/quran-words/jadal-49b01f4b.html
wn_4a1a62c0,2094,مُرْتَفَق,murtafaq,ر-ف-ق,noun,Passive participle (Ism Mafʿūl),,2,7,13,1,resting place,আশ্রয়স্থল,مقام,आरामग़ाह,tempat istirahat,ağırlanma,منزلگاهی,endroit contre lequel s’appuyer,18:29,https://quranicwords.vercel.app/quran-words/murtafaq-4a1a62c0.html
wn_4a9afdd1,2095,نافِلَة,nāfilah,ن-ف-ل,noun,Noun (Ism),,2,7,13,1,addition,অতিরিক্ত,زائد,नफ़िल,sholat sunnat,bağış olarak,افزودنی,supplément volontaire,21:72,https://quranicwords.vercel.app/quran-words/nafilah-4a9afdd1.html
wn_4bb8dd5d,2096,عُذْر,ʿudhr,ع-ذ-ر,noun,Noun (Ism),,2,7,13,1,excuse,অজুহাতের শেষ সীমায়,عذر,उज़र,alasan,özür,حجّتی باشد,excuse,18:76,https://quranicwords.vercel.app/quran-words/udhr-4bb8dd5d.html
wn_4ca649eb,2097,خَطَأ,khaṭaʾ,خ-ط-أ,noun,Noun (Ism),,2,7,13,1,mistake,ভুলবশত,خطا,ख़ता,bersalah,yanlışlık,خطا,erreur,4:92,https://quranicwords.vercel.app/quran-words/khata-4ca649eb.html
wn_4d15cc73,2098,مُسْوَدّ,muswadd,س-و-د,noun,Active participle (Ism Fāʿil),,2,7,13,1,dark,কালো,سیاہ,सियाह,hitam pekat,kapkara,سیاه,noir,16:58,https://quranicwords.vercel.app/quran-words/muswadd-4d15cc73.html
wn_4d4af1bb,2099,هَشِيم,hashīm,ه-ش-م,noun,Noun (Ism),,2,7,13,2,dry stalks,ভুষি,ریزہ ریزہ,चूरा-चूरा,kering,çöp kırıntıları,درهم شکسته,végétation sèche,18:45,https://quranicwords.vercel.app/quran-words/hashim-4d4af1bb.html
wn_4e48a539,2100,مِرْصاد,mirṣād,ر-ص-د,noun,Noun (Ism),,2,7,13,2,lying in wait,ঘাঁটি,گھات,घात,tempat penantian,gözetleme yeri,کمین,attente,78:21,https://quranicwords.vercel.app/quran-words/mirsad-4e48a539.html
wn_51d498e7,2101,مُسْتَمِرّ,mustamirr,م-ر-ر,noun,Active participle (Ism Fāʿil),,2,7,13,2,continuing,ক্রমাগত,مستقل,जारी,terus menerus,devam eden,دائمی,continuelle,54:2,https://quranicwords.vercel.app/quran-words/mustamirr-51d498e7.html
wn_520a8ac2,2102,رَفَث,rafath,ر-ف-ث,noun,Noun (Ism),,2,7,13,2,approach,যৌন সম্ভোগ করবে,رغبت کرنا,जिन्सी गुफ़्तगू करना,bercampur,kadına yaklaşmak,آمیز شی,rapport sexuel,2:187,https://quranicwords.vercel.app/quran-words/rafath-520a8ac2.html
wn_52e8c4be,2103,عُمْرَة,ʿumrah,ع-م-ر,noun,Noun (Ism),,2,7,13,2,Umrah,ওমরাহ,عمرے,उमरा,umrah,ömreyi,عمره,ʿOumrah,2:196,https://quranicwords.vercel.app/quran-words/umrah-52e8c4be.html
wn_537a0e1b,2104,رَسّ,rass,ر-س-س,noun,Noun (Ism),,2,7,13,3,Ar-Raas,কূপ,الرس,असहाबे-रस,Rass,Res,رسّ,grand puits,50:12,https://quranicwords.vercel.app/quran-words/rass-537a0e1b.html
wn_54efea02,2105,خَوالِف,khawālif,خ-ل-ف,noun,Noun (Ism),,2,7,13,3,those who stay behind,অন্তঃপুরবাসিনীদের,پیچھے راہنے والیوں,साथ पीछे रहने वालों,orang yang tinggal,geri kalan kadınlarla,واپس ماند گان,celles qui restent à l’arrière,9:87,https://quranicwords.vercel.app/quran-words/khawalif-54efea02.html
wn_55fe3c13,2106,أَسْفار,asfār,س-ف-ر,noun,Noun (Ism),,2,7,13,3,books,কিতাবসমূহ,بوجھ,किताबें,kitab yang tebal,kitaplar,کتابی چند,livres,62:5,https://quranicwords.vercel.app/quran-words/asfar-55fe3c13.html
wn_563e53ae,2107,سُبات,subāt,س-ب-ت,noun,Noun (Ism),,2,7,13,3,rest,বিশ্রাম,آرام کا ذریعہ,आराम का ज़रिया,istirahat,dinlenme,راحتی,repos,78:9,https://quranicwords.vercel.app/quran-words/subat-563e53ae.html
wn_567c0aff,2108,مَخْمَصَة,makhmaṣah,خ-م-ص,noun,Noun (Ism),,2,7,13,3,hunger,ক্ষুধা,بھوک,भूख,kelaparan,açlık,گرسنگی,faim,9:120,https://quranicwords.vercel.app/quran-words/makhmasah-567c0aff.html
wn_56c2a0de,2109,مُطْمَئِنّ,muṭmaʾinn,ط-م-أ-ن,noun,Active participle (Ism Fāʿil),,2,7,13,4,content,অটল,اطمینان کے ساتھ,इत्मिनान के साथ,tenteram,mutmain olduğu halde,آرامش,en état de tranquillité,16:106,https://quranicwords.vercel.app/quran-words/mutmainn-56c2a0de.html
wn_56c9efbd,2110,طَهُور,ṭahūr,ط-ه-ر,noun,Noun (Ism),,2,7,13,4,pure,পবিত্র,پانی,पाक,bersih,tertemiz,پاک,purifiante,25:48,https://quranicwords.vercel.app/quran-words/tahur-56c9efbd.html
wn_56ce420c,2111,تَفْضِيل,tafḍīl,ف-ض-ل,noun,Verbal noun (Maṣdar),,2,7,13,4,excellence,যথার্থ মর্যাদা,فضیلت,फ़जीलत,kelebihan,tam bir üstünlükle,برتری,favorisation,17:21,https://quranicwords.vercel.app/quran-words/tafdil-56ce420c.html
wn_5743dd44,2112,أَمَنَة,amanah,أ-م-ن,noun,Noun (Ism),,2,7,13,4,security,নিরাপত্তার জন্যে,امن والی,अमन,ketentraman,güven,آرا مشی,sécurité,8:11,https://quranicwords.vercel.app/quran-words/amanah-5743dd44.html
wn_57768436,2113,دِيَة,diyah,و-د-ي,noun,Noun (Ism),,2,7,13,4,blood money,রক্ত মূল্য,خون بہا,दियत,membayar diyat,diyet,خونبهایی,prix de sang,4:92,https://quranicwords.vercel.app/quran-words/diyah-57768436.html
wn_57bc32ae,2114,ذَلُول,dhalūl,ذ-ل-ل,noun,Noun (Ism),,2,7,13,5,subservient,অধীন,تابع,जोती हुई,mudah dipergunakan,boynu eğik,رام,entraînée,67:15,https://quranicwords.vercel.app/quran-words/dhalul-57bc32ae.html
wn_582ab0ba,2115,خُسْر,khusr,خ-س-ر,noun,Noun (Ism),,2,7,13,5,loss,ক্ষতি,ناکامی,ख़सारा,kerugian,ziyan,زیانکاری,perte,103:2,https://quranicwords.vercel.app/quran-words/khusr-582ab0ba.html
wn_585c8c9a,2116,اتِّباع,attibāʿ,ت-ب-ع,noun,Verbal noun (Maṣdar),,2,7,13,5,following,অনুসরণ করা,پیروی کرنا,पैरवी करना,hendaklah mengikuti,uymalıdır,دنبال کردن,demande,4:157,https://quranicwords.vercel.app/quran-words/attiba-585c8c9a.html
wn_5866c187,2117,مَهْلِك,mahlik,ه-ل-ك,noun,Noun (Ism),,2,7,13,5,destruction,ধ্বংসের সময়,ہلاکت کے وقت,हलाकत के वक़्त,kebinasaan,helakine,هلاک شدن,destruction,27:49,https://quranicwords.vercel.app/quran-words/mahlik-5866c187.html
wn_59001ff3,2118,عَضُد,ʿaḍud,ع-ض-د,noun,Noun (Ism),,2,7,13,5,helper,সাহায্যকারীরূপে,مددگار,बाज़ू,pembantu,yardımcı,مددکاری,souteneur,18:51,https://quranicwords.vercel.app/quran-words/adud-59001ff3.html
wn_5937c87b,2119,مُنقَلَب,munqalab,ق-ل-ب,noun,Passive participle (Ism Mafʿūl),,2,7,13,6,return,প্রত্যাবর্তনস্থলে,انجام,लौटने की जगह,tempat kembali,akıbet,جایگاهی,lieu de retour,18:36,https://quranicwords.vercel.app/quran-words/munqalab-5937c87b.html
wn_594d065a,2120,لَبَن,laban,ل-ب-ن,noun,Noun (Ism),,2,7,13,6,milk,দুধ,دودھ,दूध,air susu,süt,شیری,lait,16:66,https://quranicwords.vercel.app/quran-words/laban-594d065a.html
wn_5953eab4,2121,تَدْمِير,tadmīr,د-م-ر,noun,Verbal noun (Maṣdar),,2,7,13,6,destruction,ধ্বংস,اس کو تباہ کرنا,तबाह कर देना,sebenar-benar binasa,darmadağın,سختی,destruction,25:36,https://quranicwords.vercel.app/quran-words/tadmir-5953eab4.html
wn_5989a121,2122,بَصطَة,baṣṭah,ب-س-ط,noun,Noun (Ism),,2,7,13,6,abundantly,প্রসারতা,فراخی,फ़राख़ी,keluasan,gücünü,فراخی,abondamment,2:247,https://quranicwords.vercel.app/quran-words/bastah-5989a121.html
wn_59ce127f,2123,كَثْرَة,kathrah,ك-ث-ر,noun,Noun (Ism),,2,7,13,6,abundance,আধিক্য,کثرت,कसरत,banyak,çokluğu,فراوانی,abondance,5:100,https://quranicwords.vercel.app/quran-words/kathrah-59ce127f.html
wn_5a65d9e4,2124,إِسْراف,isrāf,س-ر-ف,noun,Verbal noun (Maṣdar),,2,7,13,7,extravagantly,সীমালঙ্ঘন করে,اسراف کرتے ہوئے,इसराफ़ करते हुए,lebih dari batas,israf,اسراف,gaspillage,4:6,https://quranicwords.vercel.app/quran-words/israf-5a65d9e4.html
wn_5b292f18,2125,مُسْتَوْدَع,mustawdaʿ,و-د-ع,noun,Passive participle (Ism Mafʿūl),,2,7,13,7,resting place,গচ্ছিত রাখার স্থান,سپرد کیے جانے کی جگہ,सुपुर्द किए जाने की जगह,tempat simpanan,emanet yeri vardır,سپردنگاهی,lieu de dépôt,6:98,https://quranicwords.vercel.app/quran-words/mustawda-5b292f18.html
wn_5b89c1e8,2126,رَيْحان,rayḥān,ر-و-ح,noun,Noun (Ism),,2,7,13,7,bounty,উত্তম জীবনোপকরণ,خوشبودار پھول,उम्दा रिज़्क़,harum baunya,güzel rızık,بویی خوش,approvisionnement,56:89,https://quranicwords.vercel.app/quran-words/rayhan-5b89c1e8.html
wn_5c7223fe,2127,أَتْقَى,atqā,و-ق-ي,noun,Noun (Ism),,2,7,13,7,righteous,পরম মুত্তাকীকে,سب سے زیادہ پرہیزگار,निहायत परहेज़गार,berbakti,en muttaki olan,پرهیزکارترین,plus pieux,92:17,https://quranicwords.vercel.app/quran-words/atqa-5c7223fe.html
wn_5d11ee98,2128,مَثانِي,mathānī,ث-ن-ي,noun,Noun (Ism),,2,7,13,7,oft-repeated,পুনরাবৃত্ত,دہرائی جانے والی,दोहराई जाने वाली,berulang-ulang,ikişerli,دوتایی ها,souvent répétées,39:23,https://quranicwords.vercel.app/quran-words/mathani-5d11ee98.html
wn_5ede3b44,2129,مُقَدَّس,muqaddas,ق-د-س,noun,Passive participle (Ism Mafʿūl),,2,7,13,8,sacred,পবিত্র,مقدس,मुक़द्दस,suci,kutsal,پاک,sacrée,79:16,https://quranicwords.vercel.app/quran-words/muqaddas-5ede3b44.html
wn_5f0b92c6,2130,لَذَّة,ladhdhah,ل-ذ-ذ,noun,Noun (Ism),,2,7,13,8,delicious,সুস্বাদু,باعث لذت,बाइसे लज़्ज़त,lezat rasanya,lezzet veren,خوشگوار,délicieuse,37:46,https://quranicwords.vercel.app/quran-words/ladhdhah-5f0b92c6.html
wn_60790db0,2131,نَقِير,naqīr,ن-ق-ر,noun,Noun (Ism),,2,7,13,8,speck on a date seed,এক কপর্দকও,تل برابر,खजूर की गुठली में सुराख़ बराबर,sedikitpun,zerre kadar,اندازه گودی پشت هسته خرمایی,creux de noyau de datte,4:53,https://quranicwords.vercel.app/quran-words/naqir-60790db0.html
wn_60f3e034,2132,عَدّ,ʿadd,ع-د-د,noun,Noun (Ism),,2,7,13,8,counting,গণনা,گننا,ख़ूब गिनना,perhitungan,bir,شمارش کرده,compte,19:94,https://quranicwords.vercel.app/quran-words/add-60f3e034.html
wn_61f6a246,2133,نَسْل,nasl,ن-س-ل,noun,Noun (Ism),,2,7,13,8,progeny,জীব-জন্তুর বংশ,نسل,नस्ल,binatang ternak,nesli,نسل,progéniture,2:205,https://quranicwords.vercel.app/quran-words/nasl-61f6a246.html
wn_6202b54d,2134,مَحْجُور,maḥjūr,ح-ج-ر,noun,Passive participle (Ism Mafʿūl),,2,7,13,9,forbidden,দুর্ভেদ্য,بند کیا جانا,मज़बूत,membatasi,kavuşmalarına engel,باز دارنده,interdit,25:22,https://quranicwords.vercel.app/quran-words/mahjur-6202b54d.html
wn_6302e305,2135,مَسّ,mass,م-س-س,noun,Noun (Ism),,2,7,13,9,touch,স্পর্শ,لپٹنا,छू कर,sentuhan,dokunuşunu,تماس,toucher,54:48,https://quranicwords.vercel.app/quran-words/mass-6302e305.html
wn_637a06e1,2136,لِزام,lizām,ل-ز-م,noun,Noun (Ism),,2,7,13,9,inevitable,অবশ্যম্ভাবী,چمٹ جانے والا,चिमट जाने वाला,melekat,gerekli,لازم می شد,attachement,25:77,https://quranicwords.vercel.app/quran-words/lizam-637a06e1.html
wn_64efa79c,2137,خَوْض,khawḍ,خ-و-ض,noun,Verbal noun (Maṣdar),,2,7,13,9,discourse,অর্থহীন যুক্তি প্রদানের,جھگڑے,बहस,kesesatan,batıl şeyler,بیهوده گویی,discussion,52:12,https://quranicwords.vercel.app/quran-words/khawd-64efa79c.html
wn_654e80d1,2138,مَنضُود,manḍūd,ن-ض-د,noun,Passive participle (Ism Mafʿūl),,2,7,13,9,layered,একটানা,تہ بہ تہ,तह -ब-तह,bersusun-susun,birbirini izleyen,برهم چیده,aux couches superposées,56:29,https://quranicwords.vercel.app/quran-words/mandud-654e80d1.html
wn_66dc9a75,2139,مَحْفُوظ,maḥfūẓ,ح-ف-ظ,noun,Passive participle (Ism Mafʿūl),,2,7,13,10,Guarded,সুরক্ষিত,محفوظ,महफ़ूज़,terjaga,korunan,محفوظ,gardé,85:22,https://quranicwords.vercel.app/quran-words/mahfuz-66dc9a75.html
wn_67e50610,2140,خَفِيّ,khafiyy,خ-ف-ي,noun,Noun (Ism),,2,7,13,10,secret,গোপন,خفیہ,छुपी,lembut,gizli,پنهان,secret,19:3,https://quranicwords.vercel.app/quran-words/khafiyy-67e50610.html
wn_6855ba99,2141,مَقالِيد,maqālīd,ق-ل-د,noun,Noun (Ism),,2,7,13,10,keys,চাবিসমূহ,خزانے,कुंजियाँ,kunci-kunci,anahtarları,کلید های,clés,39:63,https://quranicwords.vercel.app/quran-words/maqalid-6855ba99.html
wn_68ae0fa0,2142,مَرْجان,marjān,م-ر-ج,noun,Noun (Ism),,2,7,13,10,coral,প্রবাল,موتی,मरजान,marjan,mercan,مرجان,grandes perles,55:58,https://quranicwords.vercel.app/quran-words/marjan-68ae0fa0.html
wn_690dae0b,2143,مُتَّبَع,muttabaʿ,ت-ب-ع,noun,Passive participle (Ism Mafʿūl),,2,7,13,10,followed,পিছনে অনুসরণ করা হবে,پیچھا کیے جانے والے,पीछा किए जाने वाले,orang-orang yang diikuti,takibedileceksiniz,تعقیب شدگان اید,suivis,44:23,https://quranicwords.vercel.app/quran-words/muttaba-690dae0b.html
wn_69547199,2144,مُؤْصَدَة,muʾṣadah,و-ص-د,noun,Noun (Ism),,2,9,1,1,closed in,অবরুদ্ধ করে দেয়া হবে,بند کی ہوئی,बन्द की हुई,terikat,kapatılıp kilitlenecektir,دربسته,renfermé,90:20,https://quranicwords.vercel.app/quran-words/musadah-69547199.html
wn_698f0724,2145,صُلْب,ṣulb,ص-ل-ب,noun,Noun (Ism),,2,9,1,1,backbone,মেরুদণ্ড,پیٹھ کی ہڈی,पीठ,tulang belakang,bel,پشت,colonne vertébrale,86:7,https://quranicwords.vercel.app/quran-words/sulb-698f0724.html
wn_69c6e374,2146,افْتِراء,aftirāʾ,ف-ر-ي,noun,Verbal noun (Maṣdar),,2,9,1,1,inventing,মিথ্যা রচনা করে,جھوٹ گھڑتے ہوئے,झूठ गढ़ते हुए,mengada-adakan,iftira ederek,روی بهتان,invention,6:140,https://quranicwords.vercel.app/quran-words/aftira-69c6e374.html
wn_6a11eb7f,2147,حاش,ḥāsh,ح-و-ش,noun,Noun (Ism),,2,9,1,1,Allah forbid,পবিত্রতা,حاش,हाशा लिल्लाह,Maha Sempurna,haşa,پاک,Perfection,12:51,https://quranicwords.vercel.app/quran-words/hash-6a11eb7f.html
wn_6ae7b241,2148,واصِب,wāṣib,و-ص-ب,noun,Active participle (Ism Fāʿil),,2,9,1,1,constantly,অবিরাম,دائمی,दायमी,selama-lamanya,daima,دائم,perpétuel,16:52,https://quranicwords.vercel.app/quran-words/wasib-6ae7b241.html
wn_6b728589,2149,قُدُّوس,quddūs,ق-د-س,noun,Noun (Ism),,2,9,1,2,Holy,অতীব প্রবিত্র,بہت مقدس,निहायत पाक,Maha Suci,Kuddûs'tür,بس پاکِ,Très Saint,62:1,https://quranicwords.vercel.app/quran-words/quddus-6b728589.html
wn_6bce4ae0,2150,طُلُوع,ṭulūʿ,ط-ل-ع,noun,Noun (Ism),,2,9,1,2,rising,উদয়ের,طلوع ہونے,तुलूअ होने,terbit,doğmadan,آمدن,lever,50:39,https://quranicwords.vercel.app/quran-words/tulu-6bce4ae0.html
wn_6ca9edc8,2151,تارَة,tārah,ت-و-ر,noun,Noun (Ism),,2,9,1,2,another time,একবার,مرتبہ,दूसरी मर्तबा,sekali,kez daha,بار,fois,17:69,https://quranicwords.vercel.app/quran-words/tarah-6ca9edc8.html
wn_6cb71cfe,2152,وَدْق,wadq,و-د-ق,noun,Noun (Ism),,2,9,1,2,rain,বৃষ্টি,بارش,बारिश,hujan,yağmurun,قطرات باران,pluie,30:48,https://quranicwords.vercel.app/quran-words/wadq-6cb71cfe.html
wn_6d17928c,2153,أَحْكَم,aḥkam,ح-ك-م,noun,Noun (Ism),,2,9,1,2,Most Just,উত্তম বিচারক,بہترین فیصلہ کرنے والا,बेहतर हाकिम,paling adil menghukum,en iyi hükmedenisin,حاکم ترین,juge le mieux,11:45,https://quranicwords.vercel.app/quran-words/ahkam-6d17928c.html
wn_6e377513,2154,مَعْصِيَت,maʿṣiyat,ع-ص-ي,noun,Noun (Ism),,2,9,1,3,disobedience,অবাধ্যতার,نافرمانی,रसूल की नाफ़रमानी,mendurhakai,isyan,نافرمانی,désobéissance,58:9,https://quranicwords.vercel.app/quran-words/masiyat-6e377513.html
wn_6ee2986a,2155,إِمْلاق,imlāq,م-ل-ق,noun,Verbal noun (Maṣdar),,2,9,1,3,poverty,দারিদ্রের,تنگدستی کی وجہ,तंगदस्ती,kemiskinan,fakirlik,تنگدستی,pauvreté extrême,17:31,https://quranicwords.vercel.app/quran-words/imlaq-6ee2986a.html
wn_6efc28e3,2156,عَتِيد,ʿatīd,ع-ت-د,noun,Noun (Ism),,2,9,1,3,ready,তৎপর,تیار,तैयार,sedia,hazır,آماده,préparé,50:23,https://quranicwords.vercel.app/quran-words/atid-6efc28e3.html
wn_6f37bf33,2157,حَشْر,ḥashr,ح-ش-ر,noun,Noun (Ism),,2,9,1,3,gathering,সমবেত করা,حشر,इकट्ठा करना,pengumpulan,haşirde,حشری,assemblement,50:44,https://quranicwords.vercel.app/quran-words/hashr-6f37bf33.html
wn_708fa82a,2158,خَفِيف,khafīf,خ-ف-ف,noun,Noun (Ism),,2,9,1,3,light,লঘু,ہلکا,हल्का,dalam keadaan ringan,hafif,سبک,léger,9:41,https://quranicwords.vercel.app/quran-words/khafif-708fa82a.html
wn_7099993a,2159,بَخْس,bakhs,ب-خ-س,noun,Noun (Ism),,2,9,1,4,any loss,অবিচারের,کم,कम,murah,düşük,نا چیز,réduction,72:13,https://quranicwords.vercel.app/quran-words/bakhs-7099993a.html
wn_70abb874,2160,مُغْني,mughny,غ-ن-ي,noun,Active participle (Ism Fāʿil),,2,9,1,4,avert,কাজে আসবে,بچانے والے,दूर करने वाले,melepaskan,savabilir,دفع توانید کرد,utiles,40:47,https://quranicwords.vercel.app/quran-words/mughny-70abb874.html
wn_70dc4d2b,2161,تَفْجِير,tafjīr,ف-ج-ر,noun,Verbal noun (Maṣdar),,2,9,1,4,abundantly,খুব প্রবাহিত করা,پھاڑ لے جانا,ख़ूब जारी करना,dengan pancaran,fışkırtarak,روان کردنی,jaillissement,76:6,https://quranicwords.vercel.app/quran-words/tafjir-70dc4d2b.html
wn_711508ee,2162,إِدْرِيس,idrīs,,noun,Proper noun,,2,9,1,4,Idris,ইদরীস,ادریس,इदरीस,Idris,İdris'i,ادریس,Idrîs,19:56,https://quranicwords.vercel.app/quran-words/idris-711508ee.html
wn_72304efb,2163,جَلْدَة,jaldah,ج-ل-د,noun,Noun (Ism),,2,9,1,4,lash,দোররা,کوڑے,कोड़े,deraan,değnek,تازیانه,coups de fouets,24:2,https://quranicwords.vercel.app/quran-words/jaldah-72304efb.html
wn_73396f49,2164,نُسُك,nusuk,ن-س-ك,noun,Noun (Ism),,2,9,1,5,sacrifice,কুরবানি,قربانی,क़ुर्बानी,berkurban,kurbandan,قربانی,sacrifice,2:196,https://quranicwords.vercel.app/quran-words/nusuk-73396f49.html
wn_735e588c,2165,إِكْراه,ikrāh,ك-ر-ه,noun,Verbal noun (Maṣdar),,2,9,1,5,compulsion,জবরদস্তি,جبر,नहीं कोई जबर,paksaan,zorlama,اجباری,contrainte,2:256,https://quranicwords.vercel.app/quran-words/ikrah-735e588c.html
wn_740cea9c,2166,أَسِف,asif,أ-س-ف,noun,Noun (Ism),,2,9,1,5,grieved,অনুতপ্ত অবস্থায়,افسوس کرتے ہوئے,अफ़सोस करते हुए,duka-cita,üzgün bir halde,اندوهناک,attristé,7:150,https://quranicwords.vercel.app/quran-words/asif-740cea9c.html
wn_75424270,2167,مَنازِل,manāzil,ن-ز-ل,noun,Noun (Ism),,2,9,1,5,phases,কক্ষপথ,منزلیں,मंज़िलें,tempat-tempat,belli menzillere göre,منزل ها,phases,36:39,https://quranicwords.vercel.app/quran-words/manazil-75424270.html
wn_7635963c,2168,قَبَس,qabas,ق-ب-س,noun,Noun (Ism),,2,9,1,5,burning,অঙ্গার,انگارے,जलता हुआ,nyala api,koru,افروخته,torche,27:7,https://quranicwords.vercel.app/quran-words/qabas-7635963c.html
wn_772e6337,2169,عَقَبَة,ʿaqabah,ع-ق-ب,noun,Noun (Ism),,2,9,1,6,steep path,কষ্টসাধ্য গিরিপথ,دشوار گزار گھاٹی,घाटी,pendakian,sarp yokuşa,گردنه,chemin escarpé,90:11,https://quranicwords.vercel.app/quran-words/aqabah-772e6337.html
wn_78af5808,2170,هَيْهات,hayhāt,,noun,Noun (Ism),,2,9,1,6,far,দূরে,بہت دور,बहुत दूर,jauh,heyhat,دور,très loin,23:36,https://quranicwords.vercel.app/quran-words/hayhat-78af5808.html
wn_78bdc6c3,2171,مُسْتَعان,mustaʿān,ع-و-ن,noun,Passive participle (Ism Mafʿūl),,2,9,1,6,One sought for help,সহায়স্থল,جس سے مدد طلب کی جاتی,जिस से मदद तलब की जाती,tempat dimintai pertolongan,O'nun yardımına sığınılır,باید یاری خواست,Celui dont l’aide est demandée,12:18,https://quranicwords.vercel.app/quran-words/mustaan-78bdc6c3.html
wn_78cd16d7,2172,كامِلَة,kāmilah,ك-م-ل,noun,Active participle (Ism Fāʿil),,2,9,1,6,full,পূর্ণ,پورے,पूरे,sempurna,tam olarak,تمامی,complets,16:25,https://quranicwords.vercel.app/quran-words/kamilah-78cd16d7.html
wn_7902cf5f,2173,صُنْع,ṣunʿ,ص-ن-ع,noun,Noun (Ism),,2,9,1,6,work,কর্ম,کاریگری,काम,perbuatan,işlerini,ساختۂ,œuvre,18:104,https://quranicwords.vercel.app/quran-words/sun-7902cf5f.html
wn_79e46186,2174,صابِرَة,ṣābirah,ص-ب-ر,noun,Active participle (Ism Fāʿil),,2,9,1,7,patient women,ধৈয্যশীল নারীগণ,صبر کرنے والی عورتیں,सब्र करने वाली औरतें,orang yang sabar,sabreden,زنان شکیبا,endurants,33:35,https://quranicwords.vercel.app/quran-words/sabirah-79e46186.html
wn_7a4388f1,2175,أَخْدان,akhdān,خ-د-ن,noun,Noun (Ism),,2,9,1,7,secret lovers,উপ-পতি,چھپے دوست,छुपे दोस्त,gendak,dost,دوستان پنهانی,amantes,5:5,https://quranicwords.vercel.app/quran-words/akhdan-7a4388f1.html
wn_7a4626cc,2176,ظَلِيل,ẓalīl,ظ-ل-ل,noun,Noun (Ism),,2,9,1,7,cool shade,ঘন,سایہ دینے والا,घने,menaungi,eşsiz,سایه بان,couverte d’ombre,77:31,https://quranicwords.vercel.app/quran-words/zalil-7a4626cc.html
wn_7a96c062,2177,مُصَيْطِر,muṣayṭir,س-ط-ر,noun,Active participle (Ism Fāʿil),,2,9,1,7,controllers,নিয়ন্তা,محافظ,निगहबान,berkuasa,hakim olan,چیره یابندگان اند,ceux qui contrôlent,52:37,https://quranicwords.vercel.app/quran-words/musaytir-7a96c062.html
wn_7ac6af3c,2178,عِلِّيّ,ʿilliyy,ع-ل-و,noun,Noun (Ism),,2,9,1,7,Illiyin,উচ্চ মর্যাদাসম্পন্ন,علیین,इल्लीयीन,illiyyin,İlliyyin,علیون,ʿIlliyyoûn,83:18,https://quranicwords.vercel.app/quran-words/illiyy-7ac6af3c.html
wn_7aebd28d,2179,رَصَد,raṣad,ر-ص-د,noun,Noun (Ism),,2,9,1,8,guard,পেতে রাখা,محافظ,घात,mengintai,gözetleyen,نگهبانانی,attend,72:27,https://quranicwords.vercel.app/quran-words/rasad-7aebd28d.html
wn_7b5188c0,2180,كَلالَة,kalālah,ك-ل-ل,noun,Noun (Ism),,2,9,1,8,Kalala,পিতামাতা ও সন্তানহীন,کلالہ,कलाला,kalalah,evladı ve ana babası olmayıp,کلاله,celui sans parents et sans enfants,4:176,https://quranicwords.vercel.app/quran-words/kalalah-7b5188c0.html
wn_7cb5ea84,2181,سُعُر,suʿur,س-ع-ر,noun,Noun (Ism),,2,9,1,8,madness,বিকৃতবুদ্ধির,جنون,जुनून,dalam siksaan,çılgınlık,دیوانگی اند,folie,54:47,https://quranicwords.vercel.app/quran-words/suur-7cb5ea84.html
wn_7ce2a3ec,2182,باقي,bāqy,ب-ق-ي,noun,Active participle (Ism Fāʿil),,2,9,1,8,remaining ones,অবশিষ্ট,باقی رہنے والوں,बाक़ी रहने वाले,orang-orang yang tetap,geride kalanları,باقی ماندگان,ceux qui restaient,26:120,https://quranicwords.vercel.app/quran-words/baqy-7ce2a3ec.html
wn_7da18d9c,2183,كُسالَى,kusālā,ك-س-ل,noun,Noun (Ism),,2,9,1,8,lazily,অলস,سست ہوتے,इन्तिहाई सुस्ती,malas,üşene üşene,پژمرده دلان اند,paresseux,4:142,https://quranicwords.vercel.app/quran-words/kusala-7da18d9c.html
wn_7dafc70c,2184,سِخْرِيّ,sikhriyy,س-خ-ر,noun,Noun (Ism),,2,9,1,9,mockery,ঠাট্টার পাত্ররূপে,مذاق,मज़ाक़,buah ejekan,alay konusu,بودیم به مسخره,ridicule,23:110,https://quranicwords.vercel.app/quran-words/sikhriyy-7dafc70c.html
wn_7ddb3398,2185,رَشاد,rashād,ر-ش-د,noun,Noun (Ism),,2,9,1,9,right,সঠিক,درست,भलाई,petunjuk,doğru,راست و درست,bien,40:38,https://quranicwords.vercel.app/quran-words/rashad-7ddb3398.html
wn_7ed9a77e,2186,حُرّ,ḥurr,ح-ر-ر,noun,Noun (Ism),,2,9,1,9,freeman,স্বাধীন ব্যাক্তি,آزاد,आज़ाद,orang merdeka,hür,آزاد,homme libre,2:178,https://quranicwords.vercel.app/quran-words/hurr-7ed9a77e.html
wn_7fb860db,2187,صالُوا,ṣālū,ص-ل-ي,noun,Active participle (Ism Fāʿil),,2,9,1,9,burn,জ্বলবে,داخل ہونے والے,जलने वाले,masuk,gireceklerdir,داخل شوندگان,gens qui brûlent,38:59,https://quranicwords.vercel.app/quran-words/salu-7fb860db.html
wn_806c48ae,2188,وَجِيه,wajīh,و-ج-ه,noun,Noun (Ism),,2,9,1,9,honorable,মর্যাদাবান,باعزت,बहुत बाइज़्ज़त,terhormat,itibarlı,آبرومند,illustre,33:69,https://quranicwords.vercel.app/quran-words/wajih-806c48ae.html
wn_819de857,2189,أَقَلّ,aqall,ق-ل-ل,noun,Noun (Ism),,2,9,1,10,fewer,অতি কম,کم تر ہوں,कमतर हूँ,lebih sedikit,daha az,کمتر,moins,72:24,https://quranicwords.vercel.app/quran-words/aqall-819de857.html
wn_81c6108d,2190,حَذَر,ḥadhar,ح-ذ-ر,noun,Verbal noun (Maṣdar),,2,9,1,10,fear,ভয়ে,ڈر,बचने के लिए,takut,korkusuyla,ترس,méfiance avec peur,2:19,https://quranicwords.vercel.app/quran-words/hadhar-81c6108d.html
wn_8259f316,2191,شَمائِل,shamāʾil,ش-م-ل,noun,Noun (Ism),,2,9,1,10,to the left,বাম,بائیں,बाऐं,kiri,soldan,چپ,gauche,16:48,https://quranicwords.vercel.app/quran-words/shamail-8259f316.html
wn_8496e98e,2192,قاسِط,qāsiṭ,ق-س-ط,noun,Active participle (Ism Fāʿil),,2,9,1,10,unjust,সত্য বিমুখরা,ظالم لوگ,ज़ालिम,orang-orang yang sesat,doğru yoldan sapanlar,ستمکاران,gens justes,72:15,https://quranicwords.vercel.app/quran-words/qasit-8496e98e.html
wn_85f42e04,2193,أَصْدَق,aṣdaq,ص-د-ق,noun,Noun (Ism),,2,9,1,10,more truthful,অধিক সত্য,زیادہ سچا,ज़्यादा सच्चा,lebih benar,daha doğru,راستگوتر,plus véridique,4:87,https://quranicwords.vercel.app/quran-words/asdaq-85f42e04.html
wn_868defcb,2194,بارِد,bārid,ب-ر-د,noun,Active participle (Ism Fāʿil),,2,9,2,1,cool,ঠাণ্ডা,ٹھنڈا,ठंडा,sejuk,serin,سرد,froide,56:44,https://quranicwords.vercel.app/quran-words/barid-868defcb.html
wn_86a7dcd4,2195,قِرْطاس,qirṭās,ق-ر-ط-س,noun,Noun (Ism),,2,9,2,1,parchment,কাগজসমূহে,پارہ پارہ,काग़ज़,kertas,parça parça kağıtlar,کاغذهایی,feuilles,6:7,https://quranicwords.vercel.app/quran-words/qirtas-86a7dcd4.html
wn_86fa889d,2196,عَمًى,ʿamanā,ع-م-ي,noun,Noun (Ism),,2,9,2,1,blindness,অন্ধতা,اندھا پن,अंधापन,buta,körlüktür,مایۂ کوری,aveuglement,41:44,https://quranicwords.vercel.app/quran-words/amana-86fa889d.html
wn_87f0334e,2197,كَهْل,kahl,ك-ه-ل,noun,Noun (Ism),,2,9,2,1,maturity,পরিণত বয়সে,اڈھیر عمر,अधेड़ उम्र,dewasa,yetişkin iken,میانسالی,âge moyen,3:46,https://quranicwords.vercel.app/quran-words/kahl-87f0334e.html
wn_8804b443,2198,مَدّ,madd,م-د-د,noun,Verbal noun (Maṣdar),,2,9,2,1,extension,অবকাশ,خوب ڈھیل,ख़ूब ढील देना,panjang,bi süre,افزودنی,extension,19:75,https://quranicwords.vercel.app/quran-words/madd-8804b443.html
wn_8851db9b,2199,حُطَمَة,ḥuṭamah,ح-ط-م,noun,Noun (Ism),,2,9,2,2,Crusher,বিচূর্ণকারী স্থান,حطمہ,हुतामा,Hutamah,Hutame,حطمه,Al-Ḥouṭamah,104:4,https://quranicwords.vercel.app/quran-words/hutamah-8851db9b.html
wn_8966d77d,2200,حاجِز,ḥājiz,ح-ج-ز,noun,Noun (Ism),,2,9,2,2,barrier,আড়াল,روکنے والا,परदा,orang-orang yang menahan,engel,باز دارنده,barrière qui empêche,27:61,https://quranicwords.vercel.app/quran-words/hajiz-8966d77d.html
wn_8983783c,2201,خائِنَة,khāʾinah,خ-و-ن,noun,Active participle (Ism Fāʿil),,2,9,2,2,stealthy glance,প্রতারণা,خیانت,किसी ना किसी ख़यानत,khianat,hainlik,خیانت,tromperie,40:19,https://quranicwords.vercel.app/quran-words/khainah-8983783c.html
wn_89912f57,2202,مَنشُور,manshūr,ن-ش-ر,noun,Passive participle (Ism Mafʿūl),,2,9,2,2,unrolled,উন্মুক্ত,نشر کیا ہوا,खुले हुए,terbentang,açılmış olarak,برگشاده,déroulée,52:3,https://quranicwords.vercel.app/quran-words/manshur-89912f57.html
wn_89b26e4e,2203,مَجْمُوع,majmūʿ,ج-م-ع,noun,Passive participle (Ism Mafʿūl),,2,9,2,2,be gathered,একত্র করার,جس میں جمع کیے جائیں گے,जमा किए जाऐंगे,dikumpulkan,toplanacağı,گرد آورده شوند,assemblés,11:103,https://quranicwords.vercel.app/quran-words/majmu-89b26e4e.html
wn_89eaf3fb,2204,فِراق,firāq,ف-ر-ق,noun,Verbal noun (Maṣdar),,2,9,2,3,parting,বিচ্ছেদ,جدائی,जुदाई,berpisah,ayrılmasıdır,جدایی,séparation,18:78,https://quranicwords.vercel.app/quran-words/firaq-89eaf3fb.html
wn_89f90989,2205,مَقْضِيّ,maqḍiyy,ق-ض-ي,noun,Passive participle (Ism Mafʿūl),,2,9,2,3,decreed,অনিবার্য,فیصلہ,तयशुदा,diputuskan,karara bağlanarak,انجام پذیر,décidé,19:71,https://quranicwords.vercel.app/quran-words/maqdiyy-89f90989.html
wn_8b497e45,2206,زَعِيم,zaʿīm,ز-ع-م,noun,Noun (Ism),,2,9,2,3,responsible,মুখপাত্র,ضامن,ज़ामिन,bertanggung jawab,kefildir,ضامن,affirmateur,68:40,https://quranicwords.vercel.app/quran-words/zaim-8b497e45.html
wn_8b840d4f,2207,فالِق,fāliq,ف-ل-ق,noun,Active participle (Ism Fāʿil),,2,9,2,3,Cleaver,তিনিই বিদীর্ণকারী,پھاڑنے والا,फाड़ने वाला,membelah,karanlığı yarıp,شکافنده,Fendeur,6:96,https://quranicwords.vercel.app/quran-words/faliq-8b840d4f.html
wn_8bddf0ef,2208,عُسْرَة,ʿusrah,ع-س-ر,noun,Noun (Ism),,2,9,2,3,difficulty,অভাবগ্রস্ত,تنگی,तंगदस्त,kesukaran,darlık,تنگی و مشکل,difficulté,9:117,https://quranicwords.vercel.app/quran-words/usrah-8bddf0ef.html
wn_8c0b95f1,2209,أَعْجاز,aʿjāz,ع-ج-ز,noun,Noun (Ism),,2,9,2,4,trunks,কাণ্ড সমূহ,تنے,तने,batang,kütükleri,تنه های,troncs,54:20,https://quranicwords.vercel.app/quran-words/ajaz-8c0b95f1.html
wn_8c6acaa7,2210,نُهَى,nuhā,ن-ه-ي,noun,Noun (Ism),,2,9,2,4,intelligence,বিবেক,عقل,अक़्ल वालों के लिए,pengertian,akıl,خرد,intelligence,20:54,https://quranicwords.vercel.app/quran-words/nuha-8c6acaa7.html
wn_8d11ccec,2211,بَرِيَّة,bariyyah,ب-ر-أ,noun,Noun (Ism),,2,9,2,4,creatures,সৃষ্টির,مخلوق,मख़लूक़,makhluk,yaratılmışların,آفریدگانند,créatures,98:7,https://quranicwords.vercel.app/quran-words/bariyyah-8d11ccec.html
wn_8d5537ea,2212,أَنف,anf,أ-ن-ف,noun,Noun (Ism),,2,9,2,4,nose,নাক,ناک,नाक,hidung,buruna,بینی,nez,5:45,https://quranicwords.vercel.app/quran-words/anf-8d5537ea.html
wn_8d67c044,2213,مُمَزَّق,mumazzaq,م-ز-ق,noun,Passive participle (Ism Mafʿūl),,2,9,2,4,disintegration,খুব ছিন্ন-বিচ্ছিন্ন,ریزہ ریزہ کیا جاتا,रेज़ह-रेज़ह किया जाना,sehancur-hancurnya,dağılıp,پاره پاره شده,dispersion,34:7,https://quranicwords.vercel.app/quran-words/mumazzaq-8d67c044.html
wn_8e2256b4,2214,نَقْص,naqṣ,ن-ق-ص,noun,Noun (Ism),,2,9,2,5,deficit,ক্ষতির,نقصان کرنا,कमी,kekurangan,darlığıyla,وکاهشی,diminution,7:130,https://quranicwords.vercel.app/quran-words/naqs-8e2256b4.html
wn_8e2c2e50,2215,مَعايِش,maʿāyish,ع-ي-ش,noun,Noun (Ism),,2,9,2,5,livelihood,জীবিকার,اسباب معیشت,असबाबे मईशत,keperluan hidup,geçimlikler,اسباب زندگانی,subsistances,7:10,https://quranicwords.vercel.app/quran-words/maayish-8e2c2e50.html
wn_8e708823,2216,مَجْمَع,majmaʿ,ج-م-ع,noun,Noun (Ism),,2,9,2,5,junction,সংগমস্থলে,جمع ہونے کی جگہ,जमा होने की जगह,pertemuan,birleştiği yere,جایگاه به هم پیوستن,lieu d’intersection,18:61,https://quranicwords.vercel.app/quran-words/majma-8e708823.html
wn_8ef33e3b,2217,فَعّال,faʿʿāl,ف-ع-ل,noun,Active participle (Ism Fāʿil),,2,9,2,5,All-Accomplisher,নিশ্চিতভাবে সম্পাদনকারী,بہت کرنے والا,कर गुज़रने वाला,berbuat,yapandır,کننده,Celui qui fait toujours,11:107,https://quranicwords.vercel.app/quran-words/faal-8ef33e3b.html
wn_8f0b1f90,2218,رَعْد,raʿd,ر-ع-د,noun,Noun (Ism),,2,9,2,5,thunder,গর্জন,کڑک,कड़क,guruh,gök gürlemesi,رعد,tonnerre,2:19,https://quranicwords.vercel.app/quran-words/rad-8f0b1f90.html
wn_8f6060a0,2219,ضَيِّق,ḍayyiq,ض-ي-ق,noun,Noun (Ism),,2,9,2,6,narrow,ইসলামের অনুসরণে,تنگ,तंग,sempit,dar,تنگ,étroit,25:13,https://quranicwords.vercel.app/quran-words/dayyiq-8f6060a0.html
wn_8f8a3bcc,2220,عَتِيق,ʿatīq,ع-ت-ق,noun,Noun (Ism),,2,9,2,6,Ancient,প্রাচীন,قدیم,क़दीम,kuno,Eski,دیرین,Antique,22:29,https://quranicwords.vercel.app/quran-words/atiq-8f8a3bcc.html
wn_902784fc,2221,نَعْمَة,naʿmah,ن-ع-م,noun,Noun (Ism),,2,9,2,6,ease,নেয়ামতের,نعمت,नेअमतों वाले,kenikmatan,ni'met,خوشی و آسایشی را که,biens,73:11,https://quranicwords.vercel.app/quran-words/namah-902784fc.html
wn_908b48d1,2222,نَدامَة,nadāmah,ن-د-م,noun,Noun (Ism),,2,9,2,6,regret,অনুতাপ,ندامت,नदामत,penyesalan,pişmanlıklarını,پشیمانی خود,regret,10:54,https://quranicwords.vercel.app/quran-words/nadamah-908b48d1.html
wn_913e4a73,2223,حِطَّة,ḥiṭṭah,ح-ط-ط,noun,Noun (Ism),,2,9,2,6,Repentance,ক্ষমার কথা,بخش دے,हित्तातुन,bebaskan dosa,affet,آمرزشی,descente,2:58,https://quranicwords.vercel.app/quran-words/hittah-913e4a73.html
wn_9196a17a,2224,بادِي,bādī,ب-د-و,noun,Active participle (Ism Fāʿil),,2,9,2,7,immature in opinion,অপরিপক্ক,بظاہر,बज़ाहिर,mengembara,sığ,صحرانشین می بودند,ce qui est révélé,11:27,https://quranicwords.vercel.app/quran-words/badi-9196a17a.html
wn_91d2c56f,2225,مُنزَل,munzal,ن-ز-ل,noun,Passive participle (Ism Mafʿūl),,2,9,2,7,landing place,অবতরণস্থানে,اتارنے کی جگہ,उतारने की जगह,diturunkan,indirilmiş,جایی,endroit de descente,23:29,https://quranicwords.vercel.app/quran-words/munzal-91d2c56f.html
wn_92dcaa2c,2226,إِقام,iqām,ق-و-م,noun,Verbal noun (Maṣdar),,2,9,2,7,establishing,প্রতিষ্ঠা করতে,قائم کرنے,क़ायम करना,mendirikan,kılmaktan,برپا داشتن,accomplissement,24:37,https://quranicwords.vercel.app/quran-words/iqam-92dcaa2c.html
wn_93db77fe,2227,مِلْح,milḥ,م-ل-ح,noun,Noun (Ism),,2,9,2,7,salty,লোনা,نمکین,खारी,asin,tuzlu,شور,salée,25:53,https://quranicwords.vercel.app/quran-words/milh-93db77fe.html
wn_94452811,2228,مَرْقُوم,marqūm,ر-ق-م,noun,Passive participle (Ism Mafʿūl),,2,9,2,7,written,চিহ্নিত,رقم کی ہوئی,लिखी हुई,tertulis,yazılmış,نوشته شده,écrit,83:9,https://quranicwords.vercel.app/quran-words/marqum-94452811.html
wn_95ed9618,2229,ثاقِب,thāqib,ث-ق-ب,noun,Active participle (Ism Fāʿil),,2,9,2,8,piercing,উজ্জ্বল,چمکتا,चमकता हुआ,cemerlang,delici,درخشان,brillante,37:10,https://quranicwords.vercel.app/quran-words/thaqib-95ed9618.html
wn_96152104,2230,شَهْوَة,shahwah,ش-ه-و,noun,Noun (Ism),,2,9,2,8,lust,যৌন লালসার,شہوت کے ساتھ,शहवत के लिए,nafsu,şehvetle,روی شهوت,désir,27:55,https://quranicwords.vercel.app/quran-words/shahwah-96152104.html
wn_96980614,2231,تَبَع,tabaʿ,ت-ب-ع,noun,Noun (Ism),,2,9,2,8,followers,অধীন,تابع,ताबेअ,pengikut,tabi,پیرو,suiveurs,40:47,https://quranicwords.vercel.app/quran-words/taba-96980614.html
wn_96c07d6e,2232,مَغْلُولَة,maghlūlah,غ-ل-ل,noun,Passive participle (Ism Mafʿūl),,2,9,2,8,chained,অবরুদ্ধ,بندھا ہوا,बँधा हुआ,terbelenggu,bağlanmış,بسته,enchaînée,17:29,https://quranicwords.vercel.app/quran-words/maghlulah-96c07d6e.html
wn_9714b31c,2233,نُعاس,nuʿās,ن-ع-س,noun,Noun (Ism),,2,9,2,8,slumber,তন্দ্রা,اونگھ,ऊँघ,kantuk,hafif bir uyku,خوابی سبک,petit sommeil,3:154,https://quranicwords.vercel.app/quran-words/nuas-9714b31c.html
wn_981d758d,2234,نُشُوز,nushūz,ن-ش-ز,noun,Noun (Ism),,2,9,2,9,ill-conduct,দুর্ব্যবহারের,سرکشی,ज़्यादती करने,nusyuz,huysuzluğundan,ناسازگاری,abandon,4:128,https://quranicwords.vercel.app/quran-words/nushuz-981d758d.html
wn_9a810c36,2235,هَلُمّ,halumm,ه-ل-م,noun,Noun (Ism),,2,9,2,9,Bring forward,উপস্হিত করো,حاضر کرو,आओ,bawalah kemari,gelin,بیاورید,Amenez,6:150,https://quranicwords.vercel.app/quran-words/halumm-9a810c36.html
wn_9accd275,2236,جُبّ,jubb,ج-ب-ب,noun,Noun (Ism),,2,9,2,9,well,কূপের,کنوئیں,कुएँ,sumur,kuyunun,چاه,puits sans gaine,12:10,https://quranicwords.vercel.app/quran-words/jubb-9accd275.html
wn_9b4a8bd2,2237,عِجاف,ʿijāf,ع-ج-ف,noun,Noun (Ism),,2,9,2,9,lean ones,শুঁটকো,دبلی,दुबली,kurus,zayıf,گاو لاغر,maigres,12:46,https://quranicwords.vercel.app/quran-words/ijaf-9b4a8bd2.html
wn_9b75e9a8,2238,بَراءَة,barāʾah,ب-ر-أ,noun,Noun (Ism),,2,9,2,9,exemption,মুক্তির সনদ,برات,بَرَآءَةٌ,berlepas diri,beraet,امان نامه ای,dispense,54:43,https://quranicwords.vercel.app/quran-words/baraah-9b75e9a8.html
wn_9c0e62e1,2239,مُفْتَرًى,muftaranā,ف-ر-ي,noun,Passive participle (Ism Mafʿūl),,2,9,2,10,invented,অলীক,بناوٹی,गढ़ा हुआ,diada-adakan,uydurulmuş,بربافته شده,inventé,28:36,https://quranicwords.vercel.app/quran-words/muftarana-9c0e62e1.html
wn_9c371530,2240,وُثْقَى,wuthqā,و-ث-ق,noun,Noun (Ism),,2,9,2,10,firm,সুদৃঢ়,مضبوط,मज़बूत,teguh,en sağlam,استوارتر,plus solide,2:256,https://quranicwords.vercel.app/quran-words/wuthqa-9c371530.html
wn_9d919d31,2241,سُلَّم,sullam,س-ل-م,noun,Noun (Ism),,2,9,2,10,ladder,সিঁড়ি,سیڑھی,सीढ़ी,tangga,merdiven,نردبانی,échelle,6:35,https://quranicwords.vercel.app/quran-words/sullam-9d919d31.html
wn_9dd7e3b1,2242,مُلِيم,mulīm,ل-و-م,noun,Active participle (Ism Fāʿil),,2,9,2,10,blameworthy,নিজেকে ধিক্কারকারী হলো,ملامت زدہ تھا,मलामत ज़दा था,seorang tercela,kendi kendini kınıyordu,خور سرزنش بود,blâmable,37:142,https://quranicwords.vercel.app/quran-words/mulim-9dd7e3b1.html
wn_9e33123c,2243,مَزِيد,mazīd,ز-ي-د,noun,Passive participle (Ism Mafʿūl),,2,9,2,10,more,আরও,مزید بھی,मज़ीद,tambahan,daha,بیش از آن هم هست,davantage,50:35,https://quranicwords.vercel.app/quran-words/mazid-9e33123c.html
wn_9ffcccdf,2244,تَماثِيل,tamāthīl,م-ث-ل,noun,Noun (Ism),,2,9,3,1,statues,ভাস্কর্য,تصویریں,मुजस्समे,patung-patung,heykeller,تندیس هایی,représentations en pierre,21:52,https://quranicwords.vercel.app/quran-words/tamathil-9ffcccdf.html
wn_a242d8a9,2245,مَسْكَنَة,maskanah,س-ك-ن,noun,Noun (Ism),,2,9,3,1,misery,অনটন,محتاجی,मोहताजी,kelemahan,miskinlik,بینوایی,extrême pauvreté,2:61,https://quranicwords.vercel.app/quran-words/maskanah-a242d8a9.html
wn_a25b494f,2246,خِيانَة,khīnah,خ-و-ن,noun,Noun (Ism),,2,9,3,1,betrayal,বিশ্বাসভঙ্গের,خیانت,ख़यानत,pengkhianatan,hiyanet etmesinden,خیانتی,tromperie,8:58,https://quranicwords.vercel.app/quran-words/khinah-a25b494f.html
wn_a36ad6b2,2247,خِيَرَة,khiyarah,خ-ي-ر,noun,Noun (Ism),,2,9,3,1,choice,বেছে নেয়ার স্বাধীনতা,اختیار,इख़्तियार,pilihan,seçim,اختیار,choix,28:68,https://quranicwords.vercel.app/quran-words/khiyarah-a36ad6b2.html
wn_a38a96c9,2248,سِنّ,sinn,س-ن-ن,noun,Noun (Ism),,2,9,3,1,tooth,দাঁত,دانت,दाँत,gigi,dişe,دندان,dent,5:45,https://quranicwords.vercel.app/quran-words/sinn-a38a96c9.html
wn_a47f1a1a,2249,صَدّ,ṣadd,ص-د-د,noun,Verbal noun (Maṣdar),,2,9,3,2,hindering,বাধাদেওয়া,روکنا,रोकना,menghalangi,alıkoymak,باز داشتن,empêchement,2:217,https://quranicwords.vercel.app/quran-words/sadd-a47f1a1a.html
wn_a4811db9,2250,وَسِيلَة,wasīlah,و-س-ل,noun,Noun (Ism),,2,9,3,2,means,নৈকট্য লাভের উপায়,ذریعہ,वसीला,jalan,vesile,دستاویز,moyen de rapprochement,5:35,https://quranicwords.vercel.app/quran-words/wasilah-a4811db9.html
wn_a4819163,2251,تابُوت,tābūt,,noun,Noun (Ism),,2,9,3,2,ark,সিন্দুকের,تابوت,ताबूत,peti,Tabut'un,صندوق,coffre,2:248,https://quranicwords.vercel.app/quran-words/tabut-a4819163.html
wn_a5a04723,2252,ذِمَّة,dhimmah,ذ-م-م,noun,Noun (Ism),,2,9,3,2,covenant of protection,প্রতিশ্রুতির,معاہدے,किसी मुआहिदे,perjanjian,andlaşma,پیمانی,pacte de protection,9:10,https://quranicwords.vercel.app/quran-words/dhimmah-a5a04723.html
wn_a693d257,2253,وَهْن,wahn,و-ه-ن,noun,Noun (Ism),,2,9,3,2,weakness,কষ্ট,کمزوری,कमज़ोरी पर कमज़ोरी,kelelahan,zayıflık,درحال سستی,faiblesse accompagnée de paresse,31:14,https://quranicwords.vercel.app/quran-words/wahn-a693d257.html
wn_a6f37718,2254,مَعاذ,maʿādh,ع-و-ذ,noun,Noun (Ism),,2,9,3,3,Allah forbid,আশ্রয়,پناہ,पनाह,berlindung,sığınırım,پناه بر,Refuge,12:79,https://quranicwords.vercel.app/quran-words/maadh-a6f37718.html
wn_aa06341f,2255,مَنثُور,manthūr,ن-ث-ر,noun,Passive participle (Ism Mafʿūl),,2,9,3,3,dispersed,বিক্ষিপ্ত,بکھری ہوئی,परागन्दा,bertaburan,saçılmış,پرا کنده,dispersée,25:23,https://quranicwords.vercel.app/quran-words/manthur-aa06341f.html
wn_aa8bb4e2,2256,مُهَيْمِن,muhaymin,ه-م-ن,noun,Active participle (Ism Fāʿil),,2,9,3,3,guardian,সংরক্ষক,نگہبان,निगहबान,Mengawal,kollayıp koruyucu olarak,مراقب,gardien,5:48,https://quranicwords.vercel.app/quran-words/muhaymin-aa8bb4e2.html
wn_ab346f12,2257,حَفِيّ,ḥafiyy,ح-ف-و,noun,Noun (Ism),,2,9,3,3,Ever Gracious,অনুগ্রহশীল,باخبر,पूरे बाख़बर,benar-benar mengetahui,biliyormuşsun,بسیار مهربان,extrêmement affectueux,19:47,https://quranicwords.vercel.app/quran-words/hafiyy-ab346f12.html
wn_abf5706c,2258,مَأْجُوج,maʾjūj,,noun,Proper noun,,2,9,3,3,Majuj,মাজুজ,ماجوج,माजूज,Ma'juj,Me'cuc,ماجوج,Magog,21:96,https://quranicwords.vercel.app/quran-words/majuj-abf5706c.html
wn_ac14f9e7,2259,خُلُق,khuluq,خ-ل-ق,noun,Noun (Ism),,2,9,3,4,custom,চরিত্রের,اخلاق,आदत,adat kebiasaan,ahlak,خوی و روش,caractère,26:137,https://quranicwords.vercel.app/quran-words/khuluq-ac14f9e7.html
wn_ac53d6ac,2260,زَجْرَة,zajrah,ز-ج-ر,noun,Noun (Ism),,2,9,3,4,cry,বিকট আওয়াজ,ڈانٹ,डाँट होगी,hentakan,haykırıştır,فریاد,cri pour conduire,37:19,https://quranicwords.vercel.app/quran-words/zajrah-ac53d6ac.html
wn_ac6b22b4,2261,سَراح,sarāḥ,س-ر-ح,noun,Noun (Ism),,2,9,3,4,release,বিদায়,رخصت کرنا,रुख़्सत करना,perceraian,bırakışla,رها نمودنی,libération par divorce,33:28,https://quranicwords.vercel.app/quran-words/sarah-ac6b22b4.html
wn_acf2c0e8,2262,يابِسَة,yābisah,ي-ب-س,noun,Noun (Ism),,2,9,3,4,dry,শুকনো,خشک,ख़ुश्क,kering,kuru,خشک,secs,12:46,https://quranicwords.vercel.app/quran-words/yabisah-acf2c0e8.html
wn_adca62b1,2263,رُبُع,rubuʿ,ر-ب-ع,noun,Noun (Ism),,2,9,3,4,fourth,এক চতুর্থাংশ,چوتھا حصہ,चौथा हिस्सा,seperempat,dörtte biri,چهارم,quart,4:12,https://quranicwords.vercel.app/quran-words/rubu-adca62b1.html
wn_addf0864,2264,دَخَل,dakhal,د-خ-ل,noun,Noun (Ism),,2,9,3,5,deception,প্রবঞ্চনার মাধ্যম,بہانہ,धोखा देने का ज़रिया,tipu daya,bozan bir şey,نیرنگی,tromperie,16:94,https://quranicwords.vercel.app/quran-words/dakhal-addf0864.html
wn_ae5b2964,2265,نَضْرَة,naḍrah,ن-ض-ر,noun,Noun (Ism),,2,9,3,5,radiance,উৎফুল্লতা,تازگی,ताज़गी,bersinar,parlaklık,خرمّی,beauté dans les visages de joie,83:24,https://quranicwords.vercel.app/quran-words/nadrah-ae5b2964.html
wn_aee028d4,2266,حامِيَة,ḥāmiyah,ح-م-ي,noun,Active participle (Ism Fāʿil),,2,9,3,5,intensely hot,উত্তপ্ত,بھڑکتی ہوئی,भड़कती हुई,sangat panas,kızgın,بس گرم و سوزان,ardent,101:11,https://quranicwords.vercel.app/quran-words/hamiyah-aee028d4.html
wn_af2f5947,2267,جِسْم,jism,ج-س-م,noun,Noun (Ism),,2,9,3,5,physique,শারীরিক শক্তিতে,جسم,जिस्म,tubuh,cisminin,وجسم,condition physique,2:247,https://quranicwords.vercel.app/quran-words/jism-af2f5947.html
wn_afcce4b0,2268,تَثْبِيت,tathbīt,ث-ب-ت,noun,Verbal noun (Maṣdar),,2,9,3,5,certainty,চিত্ত স্থিরতায়,اورپختگی,पुख़्तगी के लिए,menguatkan,kökleştirmek için,واستواری,affermissement,2:265,https://quranicwords.vercel.app/quran-words/tathbit-afcce4b0.html
wn_b10201e0,2269,قَيِّمَة,qayyimah,ق-و-م,noun,Noun (Ism),,2,9,3,6,correct,সঠিক,درست,दुरुस्त,betul,doğru,استوار,celle qui est correcte,98:3,https://quranicwords.vercel.app/quran-words/qayyimah-b10201e0.html
wn_b1105323,2270,خامِسَة,khāmisah,خ-م-س,noun,Noun (Ism),,2,9,3,6,fifth,পঞ্চমবার,پانچویں دفعہ,पाँचवीं बार,kelima,beşinci defa,بار پنجم,cinquième,24:7,https://quranicwords.vercel.app/quran-words/khamisah-b1105323.html
wn_b16e290e,2271,صَدِيق,ṣadīq,ص-د-ق,noun,Noun (Ism),,2,9,3,6,friend,বন্ধু,دوست،,दोस्त,sahabat,dostumuz,دوستی,ami,26:101,https://quranicwords.vercel.app/quran-words/sadiq-b16e290e.html
wn_b28c1f6a,2272,تَتْبِير,tatbīr,ت-ب-ر,noun,Verbal noun (Maṣdar),,2,9,3,6,destruction,ধ্বংস,تباہ کرنا,बुरी तरह तबाह करना,penguasaan sepenuhnya,helak ederek,درهم سکتستنی,destruction en morceaux,25:39,https://quranicwords.vercel.app/quran-words/tatbir-b28c1f6a.html
wn_b2fa378a,2273,جَراد,jarād,ج-ر-د,noun,Noun (Ism),,2,9,3,6,locusts,পঙ্গপাল,ٹڈی دل,टिड्डियाँ,belalang,çekirge,ملخ,sauterelles,54:7,https://quranicwords.vercel.app/quran-words/jarad-b2fa378a.html
wn_b3a2340f,2274,بُور,būr,ب-و-ر,noun,Noun (Ism),,2,9,3,7,ruined,ধ্বংসপ্রাপ্ত,شامت زدہ,हलाक होने वाले,binasa,helaki hak eden,خورِ هلاکت,ruinés,48:12,https://quranicwords.vercel.app/quran-words/bur-b3a2340f.html
wn_b484caf4,2275,جُنَّة,junnah,ج-ن-ن,noun,Noun (Ism),,2,9,3,7,cover,ঢাল,ڈھال,ढाल,perisai,kalkan,سپر,couverture,58:16,https://quranicwords.vercel.app/quran-words/junnah-b484caf4.html
wn_b4f205b2,2276,ابْنَت,abnat,ب-ن-ي,noun,Noun (Ism),,2,9,3,7,daughter,কন্যা,بیٹی,बेटी,puteri,kızı,دختر,fille,66:12,https://quranicwords.vercel.app/quran-words/abnat-b4f205b2.html
wn_b5d25704,2277,قَلائِد,qalāʾid,ق-ل-د,noun,Noun (Ism),,2,9,3,7,garlanded,গলায় চিহ্নবিশিষ্ট পশুগুলোকে,قلادے والے,पट्टे वाले जानवरों,binatang yang diberi kalung,tasmalı kurbanlıkları,قربانی های نشان دار,colliers mis aux animaux sacrificiels,5:2,https://quranicwords.vercel.app/quran-words/qalaid-b5d25704.html
wn_b6e6dd1c,2278,ذِراع,dhirāʿ,ذ-ر-ع,noun,Noun (Ism),,2,9,3,7,cubits,হাত,گز,गज़,hasta,arşın,گز,mesures,69:32,https://quranicwords.vercel.app/quran-words/dhira-b6e6dd1c.html
wn_b7b2ea25,2279,مَفْرُوض,mafrūḍ,ف-ر-ض,noun,Passive participle (Ism Mafʿūl),,2,9,3,8,appointed,নির্দিষ্ট,طے شدہ,फ़र्ज़ किया गया,ditentukan,ayrılmıştır,معین,connue,4:118,https://quranicwords.vercel.app/quran-words/mafrud-b7b2ea25.html
wn_b81fba3e,2280,جِبِلَّة,jibillah,ج-ب-ل,noun,Noun (Ism),,2,9,3,8,generations,জনগোষ্ঠীকেও,مخلوق,मख़्लूक़,sejumlah,kuşağı,نسل های,créations,26:184,https://quranicwords.vercel.app/quran-words/jibillah-b81fba3e.html
wn_b82469e8,2281,دُخان,dukhān,د-خ-ن,noun,Noun (Ism),,2,9,3,8,smoke,ধোঁয়া,دھواں تھا,धुवाँ था,asap,duman halinde olan,دود بود,fumée,41:11,https://quranicwords.vercel.app/quran-words/dukhan-b82469e8.html
wn_b83628cc,2282,سَفاهَة,safāhah,س-ف-ه,noun,Noun (Ism),,2,9,3,8,foolishness,কোন নির্বুদ্ধিতা,حماقت,बेवक़ूफ़ी,keadaan kurang akal,beyinsizlik,بی خردی ای,faiblesse d’esprit,7:67,https://quranicwords.vercel.app/quran-words/safahah-b83628cc.html
wn_b886fa22,2283,زِيادَة,zīdah,ز-ي-د,noun,Noun (Ism),,2,9,3,8,increase,আরও বেশি,اضافہ,ज़्यादती,menambah,daha ileri gitmektir,افزایشی,accroissement,9:37,https://quranicwords.vercel.app/quran-words/zidah-b886fa22.html
wn_b971eb6f,2284,أَمَل,amal,أ-م-ل,noun,Noun (Ism),,2,9,3,9,hope,আকাঙ্ক্ষা হিসেবে,امید,उम्मीद,angan-angan,arzu,آرزو,espoir lointain,18:46,https://quranicwords.vercel.app/quran-words/amal-b971eb6f.html
wn_b9f2b643,2285,صِبْغَة,ṣibghah,ص-ب-غ,noun,Noun (Ism),,2,9,3,9,at coloring,রং,رنگ,रंग,agama,boyası,درنگار گری,religion,2:138,https://quranicwords.vercel.app/quran-words/sibghah-b9f2b643.html
wn_ba700827,2286,شَهِيق,shahīq,ش-ه-ق,noun,Noun (Ism),,2,9,3,9,inhaling,চিৎকার,دھاڑتا,चिल्लाना,jeritan,homurtusunu,صدایی گوش خراش,soupir,67:7,https://quranicwords.vercel.app/quran-words/shahiq-ba700827.html
wn_baaf2889,2287,خَلّاق,khallāq,خ-ل-ق,noun,Noun (Ism),,2,9,3,9,Creator,মহাস্রষ্টা,خلاق,ख़ूब पैदा करने वाला,Maha Pencipta,yaratandır,آفرینندۂ,Grand Créateur,15:86,https://quranicwords.vercel.app/quran-words/khallaq-baaf2889.html
wn_bae6f52e,2288,فِرْدَوْس,firdaws,,noun,Proper noun,,2,9,3,9,Paradise,ফিরদাউসের,فردوس,फ़िरदौस,firdaus,Firdevs,فردوس,Firdaws,18:107,https://quranicwords.vercel.app/quran-words/firdaws-bae6f52e.html
wn_bc052ba6,2289,بِضْع,biḍʿ,ب-ض-ع,noun,Noun (Ism),,2,9,3,10,few,কয়েক,چند,चंद सालों,beberapa,birkaç,چند,quelques,30:4,https://quranicwords.vercel.app/quran-words/bid-bc052ba6.html
wn_bc679769,2290,ظاهِرَة,ẓāhirah,ظ-ه-ر,noun,Active participle (Ism Fāʿil),,2,9,3,10,apparent,দৃশ্যমান,ظاہری,ज़ाहिर,lahir,açıkça görünen,آشکارا,manifestement,31:20,https://quranicwords.vercel.app/quran-words/zahirah-bc679769.html
wn_bc8aebb1,2291,حَناجِر,ḥanājir,ح-ن-ج-ر,noun,Noun (Ism),,2,9,3,10,throats,কণ্ঠসমূহে,حلق,गलों तक,kerongkongan,gırtlaklara,حنجره ها,larynx,40:18,https://quranicwords.vercel.app/quran-words/hanajir-bc8aebb1.html
wn_bc8d7ad7,2292,تَكاثُر,takāthur,ك-ث-ر,noun,Verbal noun (Maṣdar),,2,9,3,10,competition in increase,পারস্পরিক প্রাচুর্য লাভের প্রতিযোগিতা,دوسرے سے کثرت حاصل کرنا,कसरत की तलब,berbangga-banggaan,çokluk yarışı,زیاده خواهی,compétition en nombre,57:20,https://quranicwords.vercel.app/quran-words/takathur-bc8d7ad7.html
wn_bca93218,2293,أَزْلام,azlām,ز-ل-م,noun,Noun (Ism),,2,9,3,10,divining arrows,ভাগ্য নির্ধারক তীরগুলো,بانسے,फ़ाल के तीर,mengundi nasib dengan anak panah,şans okları,تیرهای قرعه,flèches de tirage,5:90,https://quranicwords.vercel.app/quran-words/azlam-bca93218.html
wn_bcf22e28,2294,يَأْجُوج,yaʾjūj,,noun,Proper noun,,2,9,4,1,Yajuj,ইয়াজুজ,یاجوج,याजूज,Ya'juj,Ye'cuc,یاجوج,Gog,21:96,https://quranicwords.vercel.app/quran-words/yajuj-bcf22e28.html
wn_bdba4c62,2295,حُرُمَة,ḥurumah,ح-ر-م,noun,Noun (Ism),,2,9,4,1,for all the violations,মর্যাদাসমূহের,حرمتوں,हुरमतों,larangan,hürmetler,حرمت ها,choses sacrées,2:194,https://quranicwords.vercel.app/quran-words/hurumah-bdba4c62.html
wn_bdf69ea8,2296,كِبْر,kibr,ك-ب-ر,noun,Noun (Ism),,2,9,4,1,greatness,অহংকার,تکبر,बड़ाई,kebesaran,büyüklük,بلند پروازی,grandeur,40:56,https://quranicwords.vercel.app/quran-words/kibr-bdf69ea8.html
wn_be659bf9,2297,غَضْبان,ghaḍbān,غ-ض-ب,noun,Noun (Ism),,2,9,4,1,angry,রাগান্বিত হয়ে,بہت غصے,बहुत ग़ुस्से,dalam keadaan marah,kızgın,خشمناک,colère,20:86,https://quranicwords.vercel.app/quran-words/ghadban-be659bf9.html
wn_bf657fc6,2298,بَهِيج,bahīj,ب-ه-ج,noun,Noun (Ism),,2,9,4,1,beautiful,নয়নজুড়ানো,بارونق,बारौनक़,indah,güzel,دل انگیزی,beau,50:7,https://quranicwords.vercel.app/quran-words/bahij-bf657fc6.html
wn_bfaf5829,2299,عِيشَة,ʿīshah,ع-ي-ش,noun,Noun (Ism),,2,9,4,2,life,জীবনের,زندگی میں ہوگا,ज़िन्दगी में होगा,kehidupan,hayat,زندگانی,vie,69:21,https://quranicwords.vercel.app/quran-words/ishah-bfaf5829.html
wn_bfee7331,2300,أَشْتات,ashtāt,ش-ت-ت,noun,Noun (Ism),,2,9,4,2,scattered groups,আলাদা আলাদা ভাবে,الگ الگ,अलग-अलग,bermacam-macam,ayrı ayrı,پراکنده,séparés,99:6,https://quranicwords.vercel.app/quran-words/ashtat-bfee7331.html
wn_c0713705,2301,غُرُوب,ghurūb,غ-ر-ب,noun,Noun (Ism),,2,9,4,2,setting,অস্তের,غروب,ग़ुरूब होने,terbenam,batmadan,غروب,coucher,50:39,https://quranicwords.vercel.app/quran-words/ghurub-c0713705.html
wn_c1238cd8,2302,مالِئ,māliʾ,م-ل-أ,noun,Active participle (Ism Fāʿil),,2,9,4,2,fill,এভাবে পূর্ণকারী হবে,بھرنے والے,भरने वाले,memenuhi,dolduracaklar,پر خواهید کرد,ensuite des gens qui remplissent,37:66,https://quranicwords.vercel.app/quran-words/mali-c1238cd8.html
wn_c1cf8d22,2303,غِطاء,ghiṭāʾ,غ-ط-و,noun,Noun (Ism),,2,9,4,2,cover,পর্দা,پردے,पर्दे,tertutup,perde,پوششی,objet couvrant,18:101,https://quranicwords.vercel.app/quran-words/ghita-c1cf8d22.html
wn_c1e1c480,2304,صَبِيّ,ṣabiyy,ص-ب-و,noun,Noun (Ism),,2,9,4,3,child,ছোট্ট শিশু,بچپن میں ہی,बचपन ही,anak kecil,çocuk iken,حالت کود کی,enfant,19:29,https://quranicwords.vercel.app/quran-words/sabiyy-c1e1c480.html
wn_c253d6a1,2305,مُقْتَصِد,muqtaṣid,ق-ص-د,noun,Active participle (Ism Fāʿil),,2,9,4,3,moderate,মধ্যপন্থী,بعض اعتدال برتتے ہوتے,मयाना रू,berlaku tengah-tengah,orta gidendir,معتدل و میانه رو اند,quelqu’un qui est modéré,35:32,https://quranicwords.vercel.app/quran-words/muqtasid-c253d6a1.html
wn_c31bce34,2306,مَيْل,mayl,م-ي-ل,noun,Noun (Ism),,2,9,4,3,deviation,ঝুঁকা,جھک جانا,झुक जाना,berpaling,sapıklığa,کامل,inclinaison,4:27,https://quranicwords.vercel.app/quran-words/mayl-c31bce34.html
wn_c32a40ca,2307,إِبْكار,ibkār,ب-ك-ر,noun,Noun (Ism),,2,9,4,3,morning,প্রভাতে,صبح,सुबह के वक़्त,pagi hari,sabah,بامداد,matin,40:55,https://quranicwords.vercel.app/quran-words/ibkar-c32a40ca.html
wn_c3a4f781,2308,إِعْراض,iʿrāḍ,ع-ر-ض,noun,Verbal noun (Maṣdar),,2,9,4,3,desertion,উপেক্ষার,بےرخی,बेरुख़ी,pergi meninggalkan,yüz çevirmesinden,روگردانی,détournement,4:128,https://quranicwords.vercel.app/quran-words/irad-c3a4f781.html
wn_c5df5be6,2309,إِسْرار,isrār,س-ر-ر,noun,Verbal noun (Maṣdar),,2,9,4,4,secretly,গোপনে বলা,تنہائی میں کرنا,राज़दारना तौर,rahasia,sır olarak,راز نهادنی,annonciation secrète,71:9,https://quranicwords.vercel.app/quran-words/israr-c5df5be6.html
wn_c6994669,2310,نَمْل,naml,ن-م-ل,noun,Noun (Ism),,2,9,4,4,ants,পিঁপড়েদের,چیونٹیو,चींटियों,semut,karınca,مورچگان,fourmilles,27:18,https://quranicwords.vercel.app/quran-words/naml-c6994669.html
wn_c71af079,2311,شافِع,shāfiʿ,ش-ف-ع,noun,Active participle (Ism Fāʿil),,2,9,4,4,intercessors,সুপারিশকারীদের,سفارشیوں,सिफ़ारिशियों,orang-orang yang memberi pertolongan,şefa'atçilerin,شفاعت کنندگان,intercesseurs,26:100,https://quranicwords.vercel.app/quran-words/shafi-c71af079.html
wn_c83833a0,2312,عَفْو,ʿafw,ع-ف-و,noun,Noun (Ism),,2,9,4,4,forgiveness,উদ্বৃত্ত,درگزر,ज़ाइद अज़ ज़रुरत,lebih dari keperluan,Af,افزون,surplus,7:199,https://quranicwords.vercel.app/quran-words/afw-c83833a0.html
wn_c8454f60,2313,أَنفال,anfāl,ن-ف-ل,noun,Noun (Ism),,2,9,4,4,spoils of war,যুদ্ধলব্ধ সম্পদ,غنیمتوں,ग़नीमतें,harta rampasan perang,ganimetler,غنایم,butins,8:1,https://quranicwords.vercel.app/quran-words/anfal-c8454f60.html
wn_c8c51448,2314,عَظْم,ʿaẓm,ع-ظ-م,noun,Noun (Ism),,2,9,4,5,my bones,হাড়,ہڈیاں میری,हड्डियाँ,tulang,kemik,استخوان,os,19:4,https://quranicwords.vercel.app/quran-words/azm-c8c51448.html
wn_ca5f6ffa,2315,رَهَق,rahaq,ر-ه-ق,noun,Noun (Ism),,2,9,4,5,any burden,অহংকার,تکبر,किसी ज़्यादती,durhaka,kötülük edilmesinden,سرکشی,péché,72:13,https://quranicwords.vercel.app/quran-words/rahaq-ca5f6ffa.html
wn_ca8f4094,2316,خامِد,khāmid,خ-م-د,noun,Active participle (Ism Fāʿil),,2,9,4,5,extinct,নিথর নিস্তব্ধ হয়ে গেলো,بجھی ہوئی آگ,बुझी हुई,padam,sönmüş ateş,خاموش شدند,éteints,21:15,https://quranicwords.vercel.app/quran-words/khamid-ca8f4094.html
wn_cc8bfa9d,2317,بِناء,bināʾ,ب-ن-ي,noun,Noun (Ism),,2,9,4,5,canopy,ছাদ,چھت,छत,atap,bina,بنایی,toit,40:64,https://quranicwords.vercel.app/quran-words/bina-cc8bfa9d.html
wn_cd0feb9b,2318,رَأْى,raʾā,ر-أ-ي,noun,Noun (Ism),,2,9,4,5,immature in opinion,মতের,دیکھنا,देखना,pandangan,görüşlü,دیدن,perception,11:27,https://quranicwords.vercel.app/quran-words/raa-cd0feb9b.html
wn_ce0127bc,2319,غافِر,ghāfir,غ-ف-ر,noun,Active participle (Ism Fāʿil),,2,9,4,6,Forgiver,ক্ষমাকারী,بخشش فرمانے والا,बख़्शने वाला,mengampuni,bağışlayandır,آمرزندگانی,Pardonneur,40:3,https://quranicwords.vercel.app/quran-words/ghafir-ce0127bc.html
wn_ce5aac8f,2320,مُفْتَري,muftary,ف-ر-ي,noun,Active participle (Ism Fāʿil),,2,9,4,6,inventors,মিথ্যা রচনাকারীদের,جھوٹ باندھنے والوں,झूठ गढ़ने वाले,mengada-adakan,iftiracıları,دروغ بافان,inventeurs,11:50,https://quranicwords.vercel.app/quran-words/muftary-ce5aac8f.html
wn_ce66f41d,2321,راعي,rāʿy,ر-ع-ي,noun,Active participle (Ism Fāʿil),,2,9,4,6,observers,পালনকারী,نگران,निगरानी करने वाले,memelihara,gözetirler,رعایت کنندگان اند,gens qui portent attention,23:8,https://quranicwords.vercel.app/quran-words/ray-ce66f41d.html
wn_ce954062,2322,مُتَصَدِّق,mutaṣaddiq,ص-د-ق,noun,Active participle (Ism Fāʿil),,2,9,4,6,charitable,দানকারীদেরকে,صدقہ دینے والے مرد,सदक़ा करने वालों,laki-laki yang sedekah,sadaka veren erkekler,صدقه دهندگان,charitables,12:88,https://quranicwords.vercel.app/quran-words/mutasaddiq-ce954062.html
wn_cea937a2,2323,وَزِير,wazīr,و-ز-ر,noun,Noun (Ism),,2,9,4,6,assistant,একজন সাহায্যকারী,مددگار,मददगार,pembantu,vezir,همراه و یاور,assistant,25:35,https://quranicwords.vercel.app/quran-words/wazir-cea937a2.html
wn_cf12336a,2324,مَرَح,maraḥ,م-ر-ح,noun,Noun (Ism),,2,9,4,7,exultantly,দম্ভভরে,اکڑ کر,अकड़ कर,angkuh,böbürlenerek,خرامان,insolemment,31:18,https://quranicwords.vercel.app/quran-words/marah-cf12336a.html
wn_cf5af4da,2325,أَثاث,athāth,أ-ث-ث,noun,Noun (Ism),,2,9,4,7,furnishing,গৃহসামগ্রী,سامان,साज़ो सामान,perabotan rumah tangga,eşyaca,اسباب خانه,possessions de ménage,16:80,https://quranicwords.vercel.app/quran-words/athath-cf5af4da.html
wn_d0215c76,2326,مَنّاع,mannāʿ,م-ن-ع,noun,Noun (Ism),,2,9,4,7,Forbidder,প্রতিবন্ধক,بہت روکنے والا,बहुत रोकने वाला,menghalangi,engel olan,بازدارندۂ,refuse fortement,50:25,https://quranicwords.vercel.app/quran-words/manna-d0215c76.html
wn_d02ead72,2327,ثُعْبان,thuʿbān,ث-ع-ب,noun,Noun (Ism),,2,9,4,7,serpent,অজগর,اژدھا تھا,अज़दहा था,ular,ejderha,اژدهایی,serpent mâle,7:107,https://quranicwords.vercel.app/quran-words/thuban-d02ead72.html
wn_d15a84f1,2328,حاضِرَة,ḥāḍirah,ح-ض-ر,noun,Active participle (Ism Fāʿil),,2,9,4,7,present,অবস্থিত,حاضر,किनारे,dekat,kıyısında,دستاده ست,présente,2:282,https://quranicwords.vercel.app/quran-words/hadirah-d15a84f1.html
wn_d2c4df47,2329,بَغِيّ,baghiyy,ب-غ-ي,noun,Noun (Ism),,2,9,4,8,unchaste,ব্যভিচারিণী,بدکار,बदकार,pelacur,iffetsiz,بدکاره,fornicatrice,19:20,https://quranicwords.vercel.app/quran-words/baghiyy-d2c4df47.html
wn_d6e62be7,2330,مُتَعَمِّد,mutaʿammid,ع-م-د,noun,Active participle (Ism Fāʿil),,2,9,4,8,intentionally,ইচ্ছাকৃত,جان بوجھ کر,जान बूझ कर,dengan sengaja,kasden,بد عمد,quelqu’un qui fait intentionnellement,4:93,https://quranicwords.vercel.app/quran-words/mutaammid-d6e62be7.html
wn_d6ec594d,2331,أَفّاك,affāk,أ-ف-ك,noun,Active participle (Ism Fāʿil),,2,9,4,8,liar,ঘোর মিথ্যাবাদী,بہت جھوٹے,बहुत झूठे,banyak berdusta,yalancı,دروغگوی,extrême menteur aux mensonges maléfiques,45:7,https://quranicwords.vercel.app/quran-words/affak-d6ec594d.html
wn_d6f54b6d,2332,دَهْر,dahr,د-ه-ر,noun,Noun (Ism),,2,9,4,8,time,কালের,زمانہ,ज़माना,masa,zamandan,روزگار,temps,76:1,https://quranicwords.vercel.app/quran-words/dahr-d6f54b6d.html
wn_d70c16b3,2333,أَكْمَه,akmah,ك-م-ه,noun,Noun (Ism),,2,9,4,8,blind,জন্মান্ধকে,مادرزاد اندھے,पैदाइशी अँधे,orang buta,anadan doğma körü,کور مادر زاد,aveugle de naissance,3:49,https://quranicwords.vercel.app/quran-words/akmah-d70c16b3.html
wn_d78cabc6,2334,دائِم,dāʾim,د-و-م,noun,Active participle (Ism Fāʿil),,2,9,4,9,constant,চিরস্হায়ী,دائمی,दवाम,kekal,daimdirler,مداومت دارند,constants,70:23,https://quranicwords.vercel.app/quran-words/daim-d78cabc6.html
wn_d849ab32,2335,رُفات,rufāt,ر-ف-ت,noun,Noun (Ism),,2,9,4,9,crumbled particles,চূর্ণ-বিচূর্ণ,ریزہ ریزہ,चूरा-चूरा,benda-benda yang hancur,ufalanmış toprak,اعضای ازهم پاشیده,en morceaux,17:49,https://quranicwords.vercel.app/quran-words/rufat-d849ab32.html
wn_d85a061e,2336,نائِم,nāʾim,ن-و-م,noun,Active participle (Ism Fāʿil),,2,9,4,9,asleep,ঘুমন্ত অবস্থায়,سو رہے تھے,सो रहे थे,orang-orang yang tidur,uyurlarken,خفتان باشند,dormeurs,7:97,https://quranicwords.vercel.app/quran-words/naim-d85a061e.html
wn_d8c25090,2337,مَنصُور,manṣūr,ن-ص-ر,noun,Passive participle (Ism Mafʿūl),,2,9,4,9,helped,সাহায্যপ্রাপ্ত,مدد دیئے جانے والے,मदद किए जाऐंगे,orang yang mendapat pertolongan,zafere ulaştırılanlar,یاری خواهند شد,aidé contre l’ennemi,17:33,https://quranicwords.vercel.app/quran-words/mansur-d8c25090.html
wn_d96338fb,2338,يَنبُوع,yanbūʿ,ن-ب-ع,noun,Noun (Ism),,2,9,4,9,spring,একটি ঝর্না,چشموں,चश्मा,mata air,göze,چشمه ای,source d’eau,17:90,https://quranicwords.vercel.app/quran-words/yanbu-d96338fb.html
wn_d9aa26bc,2339,مُحْدَث,muḥdath,ح-د-ث,noun,Passive participle (Ism Mafʿūl),,2,9,4,10,anew,নতুন,نئی,नई,baru,yeni,نو,produit de manière nouvelle,21:2,https://quranicwords.vercel.app/quran-words/muhdath-d9aa26bc.html
wn_d9f7755a,2340,غَسّاق,ghassāq,غ-س-ق,noun,Noun (Ism),,2,9,4,10,purulence,পুঁজ,بہتی پیپ,पीप,air luka dan nanah,irin,خونابه ای بدبو,pus,78:25,https://quranicwords.vercel.app/quran-words/ghassaq-d9f7755a.html
wn_da510670,2341,خالِص,khāliṣ,خ-ل-ص,noun,Active participle (Ism Fāʿil),,2,9,4,10,pure,একনিষ্ঠ,خالص,ख़ालिस,bersih,halis,خالص,pur,16:66,https://quranicwords.vercel.app/quran-words/khalis-da510670.html
wn_dbede30c,2342,سِقايَة,siqāyah,س-ق-ي,noun,Noun (Ism),,2,9,4,10,drinking cup,পানপাত্র,پانی پلانا,पानी पिलाना,pemberi minum,su tasını,آب دادن,fait de donner à boire,12:70,https://quranicwords.vercel.app/quran-words/siqayah-dbede30c.html
wn_dc3fb700,2343,آنِيَة,āniyah,أ-ن-ي,noun,Active participle (Ism Fāʿil),,2,9,4,10,boiling,ফুটন্ত,کھولتے ہوئے پانی,खौलते हुए पानी,sangat panas,kaynamış,جوشان,chauffée au maximum,88:5,https://quranicwords.vercel.app/quran-words/aniyah-dc3fb700.html
wn_dc6aec03,2344,بَطْشَة,baṭshah,ب-ط-ش,noun,Noun (Ism),,2,9,5,1,seizure,পাকড়াও,پکڑ,पकड़,hantaman,vuruşla,بزرگ ترین حمله,saisissement violent,44:16,https://quranicwords.vercel.app/quran-words/batshah-dc6aec03.html
wn_dd10ce4c,2345,طُوًى,ṭuwanā,ط-و-ي,noun,Noun (Ism),,2,9,5,1,Tuwa,তুওয়া,طوی,तुवा,Tuwa,Tuva'da,طوی,Ṭouwâ,79:16,https://quranicwords.vercel.app/quran-words/tuwana-dd10ce4c.html
wn_dd63cdc6,2346,مِكْيال,mikyāl,ك-ي-ل,noun,Noun (Ism),,2,9,5,1,measure,মাপ,ناپ,नाप,takaran,ölçüyü,پیمانه,mesure du volume,11:85,https://quranicwords.vercel.app/quran-words/mikyal-dd63cdc6.html
wn_dddf4d23,2347,ثانِي,thānī,ث-ن-ي,noun,Noun (Ism),,2,9,5,1,second,দ্বিতীয়,دو,दूसरा,bengkok,ikincisiydi,حالی که دومین,deuxième,9:40,https://quranicwords.vercel.app/quran-words/thani-dddf4d23.html
wn_ddea10d8,2348,أَوْفَى,awfā,و-ف-ي,noun,Noun (Ism),,2,9,5,1,fullest,অধিক পালনকারী,زیادہ پورا کرنے والا,ज़्यादा पूरा करने वाला,cukup,daha çok durabilir,وفا کننده تر,accomplit plus,53:41,https://quranicwords.vercel.app/quran-words/awfa-ddea10d8.html
wn_de37ceeb,2349,عَذْب,ʿadhb,ع-ذ-ب,noun,Noun (Ism),,2,9,5,2,fresh,সুমিষ্ট,میٹھا,मीठा,tawar,tatlı,شیرین,agréable à boire,35:12,https://quranicwords.vercel.app/quran-words/adhb-de37ceeb.html
wn_dea04693,2350,تَصْرِيف,taṣrīf,ص-ر-ف,noun,Verbal noun (Maṣdar),,2,9,5,2,directing,আবর্তনে,نیز گردش,गर्दिश,pergerakan,estirmesinde,گردانیدن,fait de diriger,2:164,https://quranicwords.vercel.app/quran-words/tasrif-dea04693.html
wn_dfb85942,2351,أَسَف,asaf,أ-س-ف,noun,Noun (Ism),,2,9,5,2,grief,দুঃখে,بہت افسوس کرکے,ग़म के मारे,penyesalan,üzüntüden,اندوه,chagrin,18:6,https://quranicwords.vercel.app/quran-words/asaf-dfb85942.html
wn_dfde8d6a,2352,سَيْر,sayr,س-ي-ر,noun,Noun (Ism),,2,9,5,2,journey,চলার মতো,مسافت,बहुत चलना,perjalanan,yürümeyi,رفت و آمد,départ,34:18,https://quranicwords.vercel.app/quran-words/sayr-dfde8d6a.html
wn_e1332954,2353,مُؤَذِّن,muʾadhdhin,أ-ذ-ن,noun,Active participle (Ism Fāʿil),,2,9,5,2,announcer,এক ঘোষক,پکارنے والا,पुकारने वाला,orang yang menyeru,tellal,آواز دهنده ای,annonciateur,12:70,https://quranicwords.vercel.app/quran-words/muadhdhin-e1332954.html
wn_e163241a,2354,رَمِيم,ramīm,ر-م-م,noun,Noun (Ism),,2,9,5,3,decomposed,পচাগলা জরাজীর্ণ,بہت پرانی ہوگئی ہوں,बोसीदा हो चुकी होंगी,sudah hancur,çürümüş,پوسیده اند,vieux et décomposés,36:78,https://quranicwords.vercel.app/quran-words/ramim-e163241a.html
wn_e1e9e84e,2355,ماكِث,mākith,م-ك-ث,noun,Active participle (Ism Fāʿil),,2,9,5,3,abide,অবস্থানকারী,رہنے والے,रहने वाले,kekal,kalacaklardır,ماند گارید,restants,18:3,https://quranicwords.vercel.app/quran-words/makith-e1e9e84e.html
wn_e2349553,2356,طالُوت,ṭālūt,,noun,Proper noun,,2,9,5,3,Talut,তালুত,طالوت,तालूत,Talut,Talut,طالوت,Saül,2:247,https://quranicwords.vercel.app/quran-words/talut-e2349553.html
wn_e3290ad1,2357,الْيَسَع,al-yasaʿ,,noun,Proper noun,,2,9,5,3,Al-Yasa,আল-ইয়াসায়া,الیسع,अल यसअ,Alyasa,el-Yesa'a,والیسع,Élisée,38:48,https://quranicwords.vercel.app/quran-words/al-yasa-e3290ad1.html
wn_e3a7c117,2358,سَلِيم,salīm,س-ل-م,noun,Noun (Ism),,2,9,5,3,sound,প্রশান্ত,سلامت,सलामत,selamat,sağlam ve temiz,سالم,en bon état,37:84,https://quranicwords.vercel.app/quran-words/salim-e3a7c117.html
wn_e4bb2caa,2359,أَقْسَط,aqsaṭ,ق-س-ط,noun,Noun (Ism),,2,9,5,4,more just,অধিক ন্যায়সঙ্গত,زیادہ انصاف والا,ज़्यादा इन्साफ़ वाला,lebih adil,daha adaletli,عادلانه تر,plus juste,33:5,https://quranicwords.vercel.app/quran-words/aqsat-e4bb2caa.html
wn_e5cadf83,2360,أَعْلَوْن,aʿlawn,ع-ل-و,noun,Noun (Ism),,2,9,5,4,superior,বিজয়ী,بلند,ग़ालिब रहने वाले,diatas,galip durumda,برترید,ceux qui sont supérieurs,3:139,https://quranicwords.vercel.app/quran-words/alawn-e5cadf83.html
wn_e5f6e892,2361,مَعارِج,maʿārij,ع-ر-ج,noun,Noun (Ism),,2,9,5,4,stairways,ঊর্ধ্বারোহণের সোপানসমূহের অধিকারী,سیڑھیاں,उरूज वाला,tangga,merdivenler,نیز نردبان هایی,chemins de montée,43:33,https://quranicwords.vercel.app/quran-words/maarij-e5f6e892.html
wn_e688d75e,2362,جِدال,jidāl,ج-د-ل,noun,Noun (Ism),,2,9,5,4,quarrelling,কলহ-বিবাদ করবে,جھگڑا کرے,झगड़ा करना,bertengkar,kavga etmek,ستیزی,argumentation,2:197,https://quranicwords.vercel.app/quran-words/jidal-e688d75e.html
wn_e6987a54,2363,سَرْمَد,sarmad,س-ر-م-د,noun,Noun (Ism),,2,9,5,4,continuous,সুদীর্ঘ,ہمیشہ,हमेशा,terus menerus,sürekli,همیشگی,continu,28:71,https://quranicwords.vercel.app/quran-words/sarmad-e6987a54.html
wn_e6a2a860,2364,بَرْد,bard,ب-ر-د,noun,Noun (Ism),,2,9,5,5,cool,ঠাণ্ডা,ٹھنڈک,ठंडक,dingin,serin,خنکی,froid,21:69,https://quranicwords.vercel.app/quran-words/bard-e6a2a860.html
wn_e6bd035f,2365,بَعِير,baʿīr,ب-ع-ر,noun,Noun (Ism),,2,9,5,5,camel,এক উটবোঝাই,اونٹ,ऊँट,seekor unta,deve,شتر,chameau,12:72,https://quranicwords.vercel.app/quran-words/bair-e6bd035f.html
wn_e707a6ff,2366,سِدْرَة,sidrah,س-د-ر,noun,Noun (Ism),,2,9,5,5,Lote Tree,কুলগাছটিকে,سدرہ,बेरी के दरख़्त,Sidratil,Sidretü'l,سدره,jujubier de Palestine,53:14,https://quranicwords.vercel.app/quran-words/sidrah-e707a6ff.html
wn_e7460b86,2367,زُمَر,zumar,ز-م-ر,noun,Noun (Ism),,2,9,5,5,groups,দলে দলে,گروہ در گروہ,गिरोह दर गिरोह,berbondong-bondong,bölük bölük,گروه گروه,groupes aux sons incompréhensibles,39:73,https://quranicwords.vercel.app/quran-words/zumar-e7460b86.html
wn_e7636bd9,2368,ظالِمِي,ẓālimī,ظ-ل-م,noun,Noun (Ism),,2,9,5,5,wronging,অত্যাচারী অবস্থায়,ظلم کرنے والے,ज़ुल्म करने वाले,dalam keadaan zalim,yazık eden kimselere,حالی که ستمکار بوده اند,injustes,16:28,https://quranicwords.vercel.app/quran-words/zalimi-e7636bd9.html
wn_e76a0669,2369,مَثُوبَة,mathūbah,ث-و-ب,noun,Verbal noun (Maṣdar),,2,9,5,6,recompense,পরিণতির দিক দিয়ে,ثواب,बदले के ऐतबार,pembalasan,cezası,پاداش,récompense,5:60,https://quranicwords.vercel.app/quran-words/mathubah-e76a0669.html
wn_e7fc53e1,2370,مُطَلَّقَة,muṭallaqah,ط-ل-ق,noun,Passive participle (Ism Mafʿūl),,2,9,5,6,women who are divorced,তালাকপ্রাপ্তা স্ত্রীরা,عورتیں جو طلاق یافتہ,तलाक़ याफ़्ता औरतें,wanita-wanita yang ditalak,boşanmış kadınlar,زنان طلاق داده شده,divorcées,2:228,https://quranicwords.vercel.app/quran-words/mutallaqah-e7fc53e1.html
wn_e90d59ef,2371,مَشْكُور,mashkūr,ش-ك-ر,noun,Passive participle (Ism Mafʿūl),,2,9,5,6,appreciated,প্রশংসীত,قابل قدر,क़ाबिले क़दर,disyukuri,karşılığı verilir,سپاس داشته شده,remercié,76:22,https://quranicwords.vercel.app/quran-words/mashkur-e90d59ef.html
wn_e93f420f,2372,أَسْرَع,asraʿ,س-ر-ع,noun,Noun (Ism),,2,9,5,6,more swift,অধিক দ্রুত,زیادہ تیز,ज़्यादा जल्द,lebih cepat,daha hızlıdır,تند ترین,plus rapide,10:21,https://quranicwords.vercel.app/quran-words/asra-e93f420f.html
wn_e968cf09,2373,حافِظَة,ḥāfiẓah,ح-ف-ظ,noun,Active participle (Ism Fāʿil),,2,9,5,6,guarding,নারী সংরক্ষকগণ,حفاظت کرنے والیاں,हिफ़ाज़त करने वालियाँ,menjaga diri,korurlar,زنان نگهدارندۂ,femmes qui gardent,4:34,https://quranicwords.vercel.app/quran-words/hafizah-e968cf09.html
wn_eb476df4,2374,طارِق,ṭāriq,ط-ر-ق,noun,Active participle (Ism Fāʿil),,2,9,5,7,night comer,রাতে আত্মপ্রকাশকারী,رات کو آنے والا,रात को आने वाला,datang di malam hari,tarık,ستارۂ شبگرد,celui qui vient de nuit,86:1,https://quranicwords.vercel.app/quran-words/tariq-eb476df4.html
wn_eb5d6b6f,2375,مُظْلِم,muẓlim,ظ-ل-م,noun,Active participle (Ism Fāʿil),,2,9,5,7,those in darkness,অন্ধকার,اندھیرے میں داخل ہوجاتے,अंधेरे में हो जाते,gelap gulita,kapkaranlık,تاریک,assombrissante,36:37,https://quranicwords.vercel.app/quran-words/muzlim-eb5d6b6f.html
wn_eb9a4380,2376,مِيراث,mīrāth,و-ر-ث,noun,Noun (Ism),,2,9,5,7,heritage,উত্তারাধিকার,میراث,मीरास,mewarisi,mirası,میراث,héritage,3:180,https://quranicwords.vercel.app/quran-words/mirath-eb9a4380.html
wn_ec76a80e,2377,مُحْكَمَة,muḥkamah,ح-ك-م,noun,Passive participle (Ism Mafʿūl),,2,9,5,7,absolutely clear,দ্ব্যর্থহীন,محکم,मोहकम,jelas maksudnya,hükmü açık,محکم,absolument claire,3:7,https://quranicwords.vercel.app/quran-words/muhkamah-ec76a80e.html
wn_ec82a7b3,2378,خُوار,khūr,خ-و-ر,noun,Verbal noun (Maṣdar),,2,9,5,7,lowing sound,হাম্বা শব্দ,آواز تھی,गाय की आवाज़,bersuara,böğürmesi,بانگی بود,mugissement,20:88,https://quranicwords.vercel.app/quran-words/khur-ec82a7b3.html
wn_ed9a52fd,2379,مُخَلَّقَة,mukhallaqah,خ-ل-ق,noun,Passive participle (Ism Mafʿūl),,2,9,5,8,formed,পূর্ণাকৃতির,صورت دیا گیا,शक्ल वाली,kejadiannya,biçimlenmemiş,صورت داده,créée,22:5,https://quranicwords.vercel.app/quran-words/mukhallaqah-ed9a52fd.html
wn_ef4adaa1,2380,قِطْر,qiṭr,ق-ط-ر,noun,Noun (Ism),,2,9,5,8,molten copper,গলানো তামা,پگھلا ہوا تانبا,पिघला हुआ ताँबा,leburan,erimiş katran,مس گدا خته,cuivre,18:96,https://quranicwords.vercel.app/quran-words/qitr-ef4adaa1.html
wn_f035384e,2381,ثالِث,thālith,ث-ل-ث,noun,Noun (Ism),,2,9,5,8,third,তৃতীয়,تین,तीसरा,tiga,üçüncüsüdür,یکی از سه,troisième,5:73,https://quranicwords.vercel.app/quran-words/thalith-f035384e.html
wn_f11fc468,2382,إِبِل,ibil,أ-ب-ل,noun,Noun (Ism),,2,9,5,8,camels,উট,اونٹ,ऊँट,unta,deveden,شتران,chameaux,88:17,https://quranicwords.vercel.app/quran-words/ibil-f11fc468.html
wn_f2abb9ce,2383,مَتاب,matāb,ت-و-ب,noun,Noun (Ism),,2,9,5,8,repentance,অনুতপ্ত হয়ে,پلٹنا,पलटना,sebenar-benar taubat,tevbesi kabul edilmiş olarak,باز گشتی,repentir,25:71,https://quranicwords.vercel.app/quran-words/matab-f2abb9ce.html
wn_f2b3263f,2384,مُسْتَهْزِء,mustahziʾ,ه-ز-أ,noun,Active participle (Ism Fāʿil),,2,9,5,9,mockers,উপহাসকারী,مذاق اڑانے والوں,मज़ाक़ उड़ाने वाले,orang-orang yang berolok-olok,alay edenler,ریشخند کنندگان,moqueurs,2:14,https://quranicwords.vercel.app/quran-words/mustahzi-f2b3263f.html
wn_f2e1864d,2385,رُباع,rubāʿ,ر-ب-ع,noun,Noun (Ism),,2,9,5,9,or four,চারটি,چار چار,चार- चार,berempat,dörder,وچهار چهار,ou quatre,35:1,https://quranicwords.vercel.app/quran-words/ruba-f2e1864d.html
wn_f5101e41,2386,تَوْفِيق,tawfīq,و-ف-ق,noun,Verbal noun (Maṣdar),,2,9,5,9,reconciliation,সম্প্রীতিসহ,باہم موافقت,मुवाफ़िक़त,perdamaian yang sempurna,uzlaştırmak,هماهنگی,accord,4:62,https://quranicwords.vercel.app/quran-words/tawfiq-f5101e41.html
wn_f568ab13,2387,مَرِيد,marīd,م-ر-د,noun,Noun (Ism),,2,9,5,9,rebellious,উদ্ধত,سرکش,सरकश,durhaka,asi,سرکش,très rebelle,4:117,https://quranicwords.vercel.app/quran-words/marid-f568ab13.html
wn_f5c0cfec,2388,بَنان,banān,ب-ن-ن,noun,Noun (Ism),,2,9,5,9,fingertip,জোড়ায় জোড়ায়,جوڑ,पोर,ujung jari,parmağına,سرانگشتی,doigt,8:12,https://quranicwords.vercel.app/quran-words/banan-f5c0cfec.html
wn_f8409de7,2389,عَنكَبُوت,ʿankabūt,ع-ن-ك-ب,noun,Noun (Ism),,2,9,5,10,spider,মাকড়শার,مکڑی,मकड़ी,laba-laba,örümcek,عنکبوت,araignée,29:41,https://quranicwords.vercel.app/quran-words/ankabut-f8409de7.html
wn_f846c55b,2390,خُفْيَة,khufyah,خ-ف-ي,noun,Noun (Ism),,2,9,5,10,privately,গোপনে,چپکے چپکے,चुपके-चुपके,sembunyi,açık olarak,نهانی,en secret,7:55,https://quranicwords.vercel.app/quran-words/khufyah-f846c55b.html
wn_f85636cf,2391,خاطِئَة,khāṭiʾah,خ-ط-أ,noun,Active participle (Ism Fāʿil),,2,9,5,10,sinful,পাপীর,خطا کار,ख़ताकार,salah,günahkar,خطا کار,fait erreur,96:16,https://quranicwords.vercel.app/quran-words/khatiah-f85636cf.html
wn_f92acda4,2392,عارِض,ʿāriḍ,ع-ر-ض,noun,Active participle (Ism Fāʿil),,2,9,5,10,cloud,মেঘমালা,اس بادل,बादल,awan,buluttur,ابری,assemblement de nuages,46:24,https://quranicwords.vercel.app/quran-words/arid-f92acda4.html
wn_f9b3be05,2393,طَلاق,ṭalāq,ط-ل-ق,noun,Noun (Ism),,2,9,5,10,divorce,তালাক,طلاق,तलाक़,bertalak,boşama,طلاق,divorce,2:227,https://quranicwords.vercel.app/quran-words/talaq-f9b3be05.html
wn_fb476aaa,2394,حَطَب,ḥaṭab,ح-ط-ب,noun,Noun (Ism),,2,9,6,1,firewood,ইন্ধন,ایندھن,ईंधन,kayu bakar,odun,هیزمی,bois de chauffage,72:15,https://quranicwords.vercel.app/quran-words/hatab-fb476aaa.html
wn_fbacbd49,2395,مُحْصِن,muḥṣin,ح-ص-ن,noun,Active participle (Ism Fāʿil),,2,9,6,1,being chaste,বিবাহকারী হিসেবে,قید نکاح میں لانے والے,निकाह में लाने वाले,mengawininya,iffetli kişiler olarak,حالی پاکدامنان باشید,chastes,5:5,https://quranicwords.vercel.app/quran-words/muhsin-fbacbd49.html
wn_fbd721bb,2396,أَذَلّ,adhall,ذ-ل-ل,noun,Noun (Ism),,2,9,6,1,more humble,চরম অপমানিতদের,زیادہ ذلیل,ज़लील तरीन,orang-orang hina,alçak olanı,ذلیل تر,celui qui est plus vil,63:8,https://quranicwords.vercel.app/quran-words/adhall-fbd721bb.html
wn_fd52d1b2,2397,مُشْتَرِك,mushtarik,ش-ر-ك,noun,Active participle (Ism Fāʿil),,2,9,6,1,sharers,সম অংশীদার হবে,مشترک,बाहम शरीक होंगे,orang-orang yang bersekutu,ortaksınız,باهم شریک هستید,associés,37:33,https://quranicwords.vercel.app/quran-words/mushtarik-fd52d1b2.html
wn_fdeaea44,2398,نِداء,nidāʾ,ن-د-ي,noun,Verbal noun (Maṣdar),,2,9,6,1,call,আওয়াজ,آواز,आवाज़,seruan,bağırtıdan,ندایی,appel,19:3,https://quranicwords.vercel.app/quran-words/nida-fdeaea44.html
wn_fe9eada4,2399,سِجِّين,sijjīn,س-ج-ن,noun,Noun (Ism),,2,9,6,2,Sijjin,কয়েদখানা,سجین,सिज्जीन,sijjin,Siccin,سجّین,Sijjîn,83:8,https://quranicwords.vercel.app/quran-words/sijjin-fe9eada4.html
wn_ff131b58,2400,أَصْفاد,aṣfād,ص-ف-د,noun,Noun (Ism),,2,9,6,2,chains,শেকলসমূহের,بیڑیوں,बेड़ियों,belenggu,zincirler,زنجیرها,fers,38:38,https://quranicwords.vercel.app/quran-words/asfad-ff131b58.html
wn_ff28eb52,2401,خَيْط,khayṭ,خ-ي-ط,noun,Noun (Ism),,2,9,6,2,thread,রেখা,دھاگہ,धागा,benang,iplik,رشته,fil,2:187,https://quranicwords.vercel.app/quran-words/khayt-ff28eb52.html
wn_ff43d423,2402,كاظِم,kāẓim,ك-ظ-م,noun,Active participle (Ism Fāʿil),,2,9,6,2,choked,দমনকারী,خارش,ग़म से भरे हुए,menahan kesedihan,yutkunur dururlar,حالی که فرو برندگان خشم باشند,ceux qui restreignent,40:18,https://quranicwords.vercel.app/quran-words/kazim-ff43d423.html
wn_ffe91318,2403,عُرْف,ʿurf,ع-ر-ف,noun,Noun (Ism),,2,9,6,2,one after another,কল্যাণ সুরূপ,پے در پے,मुतवातिर,kebaikan,birbiri ardınca,پیاپی,succession,77:1,https://quranicwords.vercel.app/quran-words/urf-ffe91318.html
wv_0049e184,2404,جَنَحُ,janaḥu,ج-ن-ح,verb,,Form I,2,6,6,6,incline,ঝুঁকে পড়ে,مائل ہوں,माइल हों,condong,yanaşırlarsa,گراییدند,inclinent,8:61,https://quranicwords.vercel.app/quran-words/janahu-0049e184.html
wv_026506db,2405,ٱسْتَحَقَّ,astaḥaqqa,ح-ق-ق,verb,,Form X,2,6,6,6,guilty,উপযুক্ত হয়েছে,حق ثابت ہوا,मुस्तहिक़ हुए हैं,berhak,haksızlık edilenlerden,ستم رفته است,avaient un droit,5:107,https://quranicwords.vercel.app/quran-words/astahaqqa-026506db.html
wv_0527d14f,2406,يَأْتَمِرُ,yaʾtamiru,أ-م-ر,verb,,Form VIII,2,6,6,6,are taking counsel,পরামর্শ করেছে,مشورہ کررہے ہیں,मशवरा कर रहे हैं,berunding,aralarında konuşuyorlar,رای زنی می کنند,se sont consultés,28:20,https://quranicwords.vercel.app/quran-words/yatamiru-0527d14f.html
wv_0534dd65,2407,رَتَّلْ,rattal,ر-ت-ل,verb,,Form II,2,6,6,7,recite,ধীরে ধীরে আবৃতি করো,آہستہ آہستہ پڑھو,ठहर-ठहर कर पढ़िए,bacalah,oku,شمرده بخوان,récite en parties organisées et distinctes,73:4,https://quranicwords.vercel.app/quran-words/rattal-0534dd65.html
wv_05b32e7b,2408,تَجَلَّىٰ,tajallā,ج-ل-و,verb,,Form I,2,6,6,7,shines in brightness,আলোকিত হয়,تجلی کی,तजल्ली की,menampakkan,göründüğü,تجلی کرد,se manifeste avec sa beauté,92:2,https://quranicwords.vercel.app/quran-words/tajalla-05b32e7b.html
wv_05dfa53b,2409,أَجَّلَ,ajjala,أ-ج-ل,verb,,Form II,2,6,6,7,appointed,নির্ধারিত করেছিলে,نے مقرر کی,मुअख़्खर किए गए,ditentukan,ertelenmiştir,تعین وقت شده است,as déterminé,6:128,https://quranicwords.vercel.app/quran-words/ajjala-05dfa53b.html
wv_062d8dde,2410,أَرْكَسَ,arkasa,ر-ك-س,verb,,Form IV,2,6,6,7,are plunged,ঝাঁপিয়ে পড়ে,الٹے لوٹا دیے گئے,उल्टा दिए जाते हैं,terjerumus,başaşağı atılırlar,نگو نسارمی شوند,sont renvoyés,4:91,https://quranicwords.vercel.app/quran-words/arkasa-062d8dde.html
wv_0705a3f3,2411,يُثْبِتُ,yuthbitu,ث-ب-ت,verb,,Form IV,2,6,6,7,confirms,বহাল রাখেন,قائم رکھتا ہے,साबित रखता है,menetapkan,bırakır,ثابت می کند,établit,13:39,https://quranicwords.vercel.app/quran-words/yuthbitu-0705a3f3.html
wv_082c0e7d,2412,يَنسَخُ,yansakhu,ن-س-خ,verb,,Form I,2,6,6,8,abolishes,দূর করেছেন,منسوخ کرتے ہیں,पस मिटा देता है,hapuskan,neshedersek,زائل می گرداند,annule,22:52,https://quranicwords.vercel.app/quran-words/yansakhu-082c0e7d.html
wv_08f43dc8,2413,يَخْتَصُّ,yakhtaṣṣu,خ-ص-ص,verb,,Form VIII,2,6,6,8,chooses,বাছাই করেন,خاص کرلیتا ہے,ख़ास कर लेता है,menentukan,has kılar,اختصاص می دهد,privilégie,3:74,https://quranicwords.vercel.app/quran-words/yakhtassu-08f43dc8.html
wv_0a088eb3,2414,يُخادِعُ,yukhādiʿu,خ-د-ع,verb,,Form III,2,6,6,8,deceive,ধোঁকাবাজী করে,دھوکہ دیتے ہیں,धोखा देते हैं,akan menipu,aldatmağa çalışırlar,فریب دهند,cherchent à tromper,4:142,https://quranicwords.vercel.app/quran-words/yukhadiu-0a088eb3.html
wv_0ccdd60e,2415,تَأَذَّنَ,taʾadhdhana,أ-ذ-ن,verb,,Form V,2,6,6,8,declared,ঘোষণা করেন,خبر دی,आगाह कर दिया,memaklumkan,ilan etmişti,آگاه کرد,a annoncé,7:167,https://quranicwords.vercel.app/quran-words/taadhdhana-0ccdd60e.html
wv_0d134108,2416,أُحْكِمَتْ,uḥkimat,ح-ك-م,verb,,Form IV,2,6,6,8,are perfected,সুপ্রতিষ্ঠিত করা হয়েছে,پختہ کی گئیں,पुख़्ता की गई हैं,disusun dengan rapi,sağlamlaştırılmış,استواری یافته,ont été perfectionnés,11:1,https://quranicwords.vercel.app/quran-words/uhkimat-0d134108.html
wv_12d28ca9,2417,تَظاهَرُ,taẓāharu,ظ-ه-ر,verb,,Form VI,2,6,6,9,support one another,সাহায্য করছ,غلبہ پاتے ہو,चढ़ाई करते हो,membantu,birleşiyorsunuz,در حالی که پشتیبانی می کنیدیکدیگررا,soutenez l’un l’autre,2:85,https://quranicwords.vercel.app/quran-words/tazaharu-12d28ca9.html
wv_12d7a0c3,2418,صَعِقَ,ṣaʿiqa,ص-ع-ق,verb,,Form I,2,6,6,9,fall dead,মূর্ছা যাবে,بےہوش ہوجائیں گے,बेहोश हो जाएगा,pingsan,ölür,می میرد,mourra ensuite foudroyé par le son,39:68,https://quranicwords.vercel.app/quran-words/saiqa-12d7a0c3.html
wv_14a7dad1,2419,تَبَّ,tabba,ت-ب-ب,verb,,Form I,2,6,6,9,Perish,ধ্বংস হোক,ٹوٹ گئے,टूट गए,binasalah,kurusun,نابود باد,soient détruites,111:1,https://quranicwords.vercel.app/quran-words/tabba-14a7dad1.html
wv_1833d1cf,2420,تَراضَ,tarāḍa,ر-ض-و,verb,,Form VI,2,6,6,9,agree,পরস্পর রাজী হও,باہم رضا مند ہوجائیں,बाहम रज़ामंद हो जाऐं,saling merelakan,anlaştıkları,به توافق برسند,sont en accord mutuel,2:232,https://quranicwords.vercel.app/quran-words/tarada-1833d1cf.html
wv_1854d589,2421,اجْلِدُ,ajlidu,ج-ل-د,verb,,Form I,2,6,6,9,flog,দোররা মারবে,کوڑے مارو,पस कोड़े मारो,deralah,vurun,بزنید,fouettez,24:2,https://quranicwords.vercel.app/quran-words/ajlidu-1854d589.html
wv_19b5b759,2422,ضَعُفَ,ḍaʿufa,ض-ع-ف,verb,,Form I,2,6,6,10,weak,দুর্বল,کتنا کمزور ہے,कितना कमज़ोर है,lemah,aciz,چه ناتواں اند,Sont faibles,22:73,https://quranicwords.vercel.app/quran-words/daufa-19b5b759.html
wv_1d17bc70,2423,يَنسِلُ,yansilu,ن-س-ل,verb,,Form I,2,6,6,10,descend,ছুটে আসবে,اتر رہے ہوں گے,तेज़ चल पड़ेंगे,datang,akın etmeye başladıkları,می شتابند,se précipiteront,21:96,https://quranicwords.vercel.app/quran-words/yansilu-1d17bc70.html
wv_20e11e04,2424,لِن,lin,ل-ي-ن,verb,,Form I,2,6,6,10,dealt gently,নরম হয়েছ,نرم دل ہو,नर्म हो गए आप,berlaku lemah lembut,yumuşak davrandın,نر مخوشدی,as été doux,3:159,https://quranicwords.vercel.app/quran-words/lin-20e11e04.html
wv_233d7028,2425,بَعُدَتْ,baʿudat,ب-ع-د,verb,,Form I,2,6,6,10,was long,দীর্ঘ লাগলো,دور ہوئے,दूर हुए,jauh,uzak geldi,دور شد,a été lointain,9:42,https://quranicwords.vercel.app/quran-words/baudat-233d7028.html
wv_23bd50dc,2426,يَتَخَيَّرُ,yatakhayyaru,خ-ي-ر,verb,,Form V,2,6,6,10,choose,পছন্দ কর,پسند کرو,पसंद करते हो,memilih,beğendikleri,برمی گزینید,choisissent,68:38,https://quranicwords.vercel.app/quran-words/yatakhayyaru-23bd50dc.html
wv_2596a830,2427,يُحادُّ,yuḥāddu,ح-د-د,verb,,Form III,2,6,7,1,oppose,বিরোধিতা করে,مخالفت کرتے ہیں,मुख़ालिफ़त करते हैं,menentang,düşman olan,مخالفت می کنند,s’opposent,58:20,https://quranicwords.vercel.app/quran-words/yuhaddu-2596a830.html
wv_25a54a27,2428,حَآدَّ,ḥaʾādda,ح-د-د,verb,,Form III,2,6,7,1,oppose,বিরোধিতা করে,مخالفت کی,मुख़ालिफ़त की,ia menentang,düşman,مخالفت کرده است,s’est opposé,58:22,https://quranicwords.vercel.app/quran-words/haadda-25a54a27.html
wv_26b17311,2429,أَخْبَتُ,akhbatu,خ-ب-ت,verb,,Form IV,2,6,7,1,humble themselves,বিনয়াবনত হয়েছে,عاجزی کی,आजिज़ी की,merendahkan diri,gönülden boyun eğenler,فروتنی کردند,se sont humiliés,11:23,https://quranicwords.vercel.app/quran-words/akhbatu-26b17311.html
wv_27b1f680,2430,يَشْفِ,yashfi,ش-ف-ي,verb,,Form I,2,6,7,1,will heal,আরোগ্য করবেন,شفا دے گا,शिफ़ा बख़्शेगा,akan mengobati,şifa versin,وشفا دهد,guérira,9:14,https://quranicwords.vercel.app/quran-words/yashfi-27b1f680.html
wv_2817f942,2431,تَراءَتِ,tarāʾati,ر-أ-ي,verb,,Form VI,2,6,7,1,came in sight,পরস্পরে সম্মুখীন হলো,آمنے سامنے ہوئے,एक-दूसरे को देखा,saling melihat,birbirini görünce,رویاروی شدند,se sont vus,8:48,https://quranicwords.vercel.app/quran-words/taraati-2817f942.html
wv_28f1bad3,2432,يَتَعَلَّمُ,yataʿallamu,ع-ل-م,verb,,Form V,2,6,7,2,learn,তবুও তারা শিখে,سیکھتے تھے,पस वो सीखते थे,belajar,öğreniyorlardı,می آمو ختند,apprenaient,2:102,https://quranicwords.vercel.app/quran-words/yataallamu-28f1bad3.html
wv_2b13cd01,2433,بُعْثِرَ,buʿthira,ب-ع-ث-ر,verb,,Form I,2,6,7,2,are overturned,উঠানো হবে,نکالا جائے گا,खोल दी जाऐंगी,di bongkar,dışarı atıldığı,برانگیخته شود,sera retourné,82:4,https://quranicwords.vercel.app/quran-words/buthira-2b13cd01.html
wv_2d8c503e,2434,يَخْلُدْ,yakhlud,خ-ل-د,verb,,Form I,2,6,7,2,live forever,চিরস্থায়ী হবে,ہمیشہ رہو گے,हमेशा रहेगा,kekal,ebedi yaşarsınız diye,جاوید ماند,restera éternellement,26:129,https://quranicwords.vercel.app/quran-words/yakhlud-2d8c503e.html
wv_2e3a228a,2435,أَنصِتُ,anṣitu,ن-ص-ت,verb,,Form IV,2,6,7,2,Listen quietly,চুপ করে শোনো,خاموش رہو,ख़ामोश रहो,diamlah,susun,خاموش باشید,soyez silencieux,46:29,https://quranicwords.vercel.app/quran-words/ansitu-2e3a228a.html
wv_30638b74,2436,أَعَانَ,aʿāna,ع-و-ن,verb,,Form IV,2,6,7,2,helped,সাহায্য করেছে,مدد کی اس کی,मदद की उसकी,membantunya,yardım etti,کمک نموده است,ont aidé,25:4,https://quranicwords.vercel.app/quran-words/aana-30638b74.html
wv_312ac080,2437,حَرِّضِ,ḥarriḍi,ح-ر-ض,verb,,Form II,2,6,7,3,encourage,উদ্বুদ্ধ কর,ابھار دئیے,उभारिए,kobarkanlah semangat,teşvik et,برانگیز,encourage,4:84,https://quranicwords.vercel.app/quran-words/harridi-312ac080.html
wv_33ac6244,2438,تَفِيضُ,tafīḍu,ف-ي-ض,verb,,Form I,2,6,7,3,flowing,ঝরাচ্ছিলো,بہہ رہی ہیں,बह पड़ती हैं,mencucurkan,akarak,جاری باشد,débordaient,9:92,https://quranicwords.vercel.app/quran-words/tafidu-33ac6244.html
wv_3a0b62d1,2439,سَلَّطَ,sallaṭa,س-ل-ط,verb,,Form II,2,6,7,3,gives power,আধিপত্য দেন,مسلط کرتا ہے,मुसल्लत करता है,memberikan kekuasaan,musallat eder,مسلط می کند,fait dominer,59:6,https://quranicwords.vercel.app/quran-words/sallata-3a0b62d1.html
wv_3a6af666,2440,نُصِبَتْ,nuṣibat,ن-ص-ب,verb,,Form I,2,6,7,3,are fixed,স্থাপন করা হয়েছে,نصب کردیئے گئے ہیں,नसब किए गए,ia ditegakkan,dikilmiş,نصب شده اند,ont été dressées,88:19,https://quranicwords.vercel.app/quran-words/nusibat-3a6af666.html
wv_3ac45a8f,2441,حَارَبَ,ḥāraba,ح-ر-ب,verb,,Form III,2,6,7,3,warred,যুদ্ধ করেছে,جنگ کی,जंग की,telah memerangi,savaşan,جنگیده اند,est allé en guerre,9:107,https://quranicwords.vercel.app/quran-words/haraba-3ac45a8f.html
wv_3be6ddc8,2442,وَرَدَ,warada,و-ر-د,verb,,Form I,2,6,7,4,came,পৌঁছলো,پہنچا,वारिद हुआ,sampai,varınca,رسید,est arrivé,28:23,https://quranicwords.vercel.app/quran-words/warada-3be6ddc8.html
wv_3c21a8d5,2443,اكْتالُ,aktālu,ك-ي-ل,verb,,Form VIII,2,6,7,4,take a measure,মেপে নেয়,ناپ کرلیتے ہیں,नाप कर लेते हैं,menerima takaran,şey ölçüp aldıkları,به پیمانه ستانند,prennent une mesure,83:2,https://quranicwords.vercel.app/quran-words/aktalu-3c21a8d5.html
wv_3cccf582,2444,يُغاثُ,yughāthu,غ-ي-ث,verb,,Form IV,2,6,7,4,will be given abundant rain,পানি দেয়া হবে,فریاد رسی کئے جائیں گے,फ़रियादरसी किए जाऐंगे,diberi hujan,bol yağmur verilir,باران شود,recevront une pluie favorable,12:49,https://quranicwords.vercel.app/quran-words/yughathu-3cccf582.html
wv_3d02e7db,2445,دَنَا,danā,د-ن-و,verb,,Form IV,2,6,7,4,approached,কাছে এল,قریب آیا,क़रीब हुआ,mendekat,yaklaştı,نزدیک شد,s’est approché,53:8,https://quranicwords.vercel.app/quran-words/dana-3d02e7db.html
wv_4239749f,2446,صَلَحَ,ṣalaḥa,ص-ل-ح,verb,,Form I,2,6,7,4,righteous,সৎকর্ম করেছে,صالح ہوا,नेक हुआ,berbuat baik,iyi olan,شایسته باشد,a été vertueux,13:23,https://quranicwords.vercel.app/quran-words/salaha-4239749f.html
wv_427d3ea9,2447,نَجَا,najā,ن-ج-و,verb,,Form I,2,6,7,5,have escaped,বেঁচে গিয়েছো,نجات پا گیا تھا,निजात पा गए हो,selamat,kurtuldun,نجات یافته بود,a été sauvé,28:25,https://quranicwords.vercel.app/quran-words/naja-427d3ea9.html
wv_4aa3d37c,2448,تَصْطَلُ,taṣṭalu,ص-ل-ي,verb,,Form VIII,2,6,7,5,warm yourselves,আগুন পোহাতে পারো,تاپ سکو,ताप सको,berdiang,ısınırsınız,خود را گرم کنید,réchauffer,27:7,https://quranicwords.vercel.app/quran-words/tastalu-4aa3d37c.html
wv_4fda7d15,2449,أَدْلَىٰ,adlā,د-ل-و,verb,,Form IV,2,6,7,5,let down,নামিয়ে দিলো,ڈالا,डाला,maka,sarkıttı,انداخت,a ensuite fait descendre,12:19,https://quranicwords.vercel.app/quran-words/adla-4fda7d15.html
wv_50048cda,2450,يَخْتانُ,yakhtānu,خ-و-ن,verb,,Form VIII,2,6,7,5,deceive,খিয়ানত করে,خیانت کرتے,ख़यानत करते,khianat,hainlik eden,خیانت می کنند,trompent,4:107,https://quranicwords.vercel.app/quran-words/yakhtanu-50048cda.html
wv_51557adf,2451,ذُلِّلَتْ,dhullilat,ذ-ل-ل,verb,,Form II,2,6,7,5,will hang low,আয়ত্তাধীন করা হবে,نزدیک کئے گئے,ताबेअ कर दिए जाऐंगे,didekatkan,eğdirilmiştir,فرود آمده است,sons baissés,76:14,https://quranicwords.vercel.app/quran-words/dhullilat-51557adf.html
wv_52a0bb3a,2452,صَمُّ,ṣammu,ص-م-م,verb,,Form I,2,6,7,6,became deaf,বধির হয়ে রইলো,بہرے ہوگئے,बहरे हो गए,menjadi tuli,sağır kesildiler,کر گشتند,sont devenus sourds,5:71,https://quranicwords.vercel.app/quran-words/sammu-52a0bb3a.html
wv_52e5fc1f,2453,نَكَصَ,nakaṣa,ن-ك-ص,verb,,Form I,2,6,7,6,turned away,সড়ে পড়লো,الٹے پاؤ بھاگا,पलट गया,ia berbalik,dönüp,باز گشت,s’est retourné pour se retirer,8:48,https://quranicwords.vercel.app/quran-words/nakasa-52e5fc1f.html
wv_53a26298,2454,بُرِّزَتِ,burrizati,ب-ر-ز,verb,,Form II,2,6,7,6,made manifest,খোলা হবে,کھول دی جائے گی,ज़ाहिर कर दी जाएगी,diperlihatkan,karşısına çıkarılır,آشکار شود,sera mis en avant,26:91,https://quranicwords.vercel.app/quran-words/burrizati-53a26298.html
wv_55fe0225,2455,يَسْفِكُ,yasfiku,س-ف-ك,verb,,Form I,2,6,7,6,will shed,ঝরাবে,بہائے گا,बहाएगा,menumpahkan,döken,ریز د,fera couler,2:30,https://quranicwords.vercel.app/quran-words/yasfiku-55fe0225.html
wv_5604b1c9,2456,أَرْبَىٰ,arbā,ر-ب-و,verb,,Form IV,2,6,7,6,more numerous,বেশী লাভবান,بڑھی ہوئی,ज़्यादा बढ़ी हुई,lebih banyak,artırır,افزون تر,plus nombreuse,16:92,https://quranicwords.vercel.app/quran-words/arba-5604b1c9.html
wv_5744a9c7,2457,خَشَعَتِ,khashaʿati,خ-ش-ع,verb,,Form I,2,6,7,7,humbled,ক্ষীণ হবে,دب جائیں گی,दब जाऐंगी,khusyuk,kısılır,پست می شود,seront humbles,20:108,https://quranicwords.vercel.app/quran-words/khashaati-5744a9c7.html
wv_58b21a9e,2458,انشُزُ,anshuzu,ن-ش-ز,verb,,Form I,2,6,7,7,Rise up,উঠে যাও,اٹھ جاؤ,उठ जाओ,bangunlah,kalkın,برخیزید,levez vous,58:11,https://quranicwords.vercel.app/quran-words/anshuzu-58b21a9e.html
wv_5942a671,2459,دُكَّتِ,dukkati,د-ك-ك,verb,,Form I,2,6,7,7,crushed,চূর্ণবিচূর্ণ করা হবে,دونوں توڑ دئیے جائیں گے,दोनों रेज़ा-रेज़ा कर दिए जाऐंगे,digoncangkan,dümdüz edildiği,درهم کوبیده شد,est pulvérisée,69:14,https://quranicwords.vercel.app/quran-words/dukkati-5942a671.html
wv_59597bce,2460,ظَلَّلْ,ẓallal,ظ-ل-ل,verb,,Form II,2,6,7,7,shaded,ছায়া করলাম,سایہ کیا,साया किया,naungi,gölge yaptık,سایبان ساختیم,avons placé comme ombre,2:57,https://quranicwords.vercel.app/quran-words/zallal-59597bce.html
wv_5b5b2bf1,2461,قَسَمْ,qasam,ق-س-م,verb,,Form I,2,6,7,7,distribute,বণ্টন করি,تقسیم کی,तक़सीम कर रखी है,membagi-bagi,taksim ettik,قسمت کرده ایم,avons distribué,43:32,https://quranicwords.vercel.app/quran-words/qasam-5b5b2bf1.html
wv_5c440ed7,2462,يُسْحَبُ,yusḥabu,س-ح-ب,verb,,Form I,2,6,7,8,will be dragged,টেনে নিয়ে যাওয়া হবে,گھسیٹے جائیں گے,घसीटे जाऐंगे,di seret,sürüklenceklerdir,کشیده شوند,seront traînés,40:71,https://quranicwords.vercel.app/quran-words/yushabu-5c440ed7.html
wv_5ed6ac3e,2463,مُزِّقْ,muzziq,م-ز-ق,verb,,Form II,2,6,7,8,have disintegrated,ছিন্ন-বিচ্ছিন্ন করা হবে,ریزہ ریزہ کر دئیے جاؤ گے,रेज़ह-रेज़ह कर दिए जाओगे,hancur,parçalandığınız,پاره پاره شوید,serez désintégrés,34:7,https://quranicwords.vercel.app/quran-words/muzziq-5ed6ac3e.html
wv_5f341b76,2464,يَسْبَحُ,yasbaḥu,س-ب-ح,verb,,Form I,2,6,7,8,are floating,বিচরণ করছে,تیر رہے ہیں,तैर रहे हैं,beredar,yüzmektedir,شناورند,flotte,36:40,https://quranicwords.vercel.app/quran-words/yasbahu-5f341b76.html
wv_5f4b7146,2465,أَكْمَلْ,akmal,ك-م-ل,verb,,Form IV,2,6,7,8,have perfected,পূর্ণ করলাম,نے مکمل کردیا,मुकम्मल कर दिया,sempurnakan,olgunlaştırdım,کامل کردم,ai rendu parfaitement complète,5:3,https://quranicwords.vercel.app/quran-words/akmal-5f4b7146.html
wv_5fc422c6,2466,يَتَعارَفُ,yataʿārafu,ع-ر-ف,verb,,Form VI,2,6,7,8,will recognize each other,পরস্পরে চিনবে,پہچان رکھتے تھے,एक दूसरे को पहचानते रहे,saling berkenalan,tanışırlar,می شناسند,se reconnaîtront,10:45,https://quranicwords.vercel.app/quran-words/yataarafu-5fc422c6.html
wv_61af9a4c,2467,أَخْطَأْ,akhṭaʾ,خ-ط-أ,verb,,Form IV,2,6,7,9,err,ভুল করি,خطا کریں,ख़ता करें,bersalah,yanılarak,خطا کرده باشید,avez fait par erreur,2:286,https://quranicwords.vercel.app/quran-words/akhta-61af9a4c.html
wv_642f02be,2468,يَمِيزَ,yamīza,م-ي-ز,verb,,Form I,2,6,7,9,separates,পৃথক করবেন,چھانٹ دے,छाँट दे,membedakan,ayırıncaya,جدا کند,distingue,3:179,https://quranicwords.vercel.app/quran-words/yamiza-642f02be.html
wv_6491f3b5,2469,يَتَكَبَّرُ,yatakabbaru,ك-ب-ر,verb,,Form V,2,6,7,9,are arrogant,অহংকার করবে,تکبر کرتے ہیں,तकब्बुर करते हैं,menyombongkan,büyüklenenleri,کبرمی ورزند,sois orgueilleux,7:146,https://quranicwords.vercel.app/quran-words/yatakabbaru-6491f3b5.html
wv_68f5bc2e,2470,يَفْسَحِ,yafsaḥi,ف-س-ح,verb,,Form I,2,6,7,9,will make room,প্রশস্থতা দেবেন,کشادگی پیدا کردے گا,कुशादगी कर देगा,melapangkan,genişlik versin,جا باز می کند,fera de la place,58:11,https://quranicwords.vercel.app/quran-words/yafsahi-68f5bc2e.html
wv_696661ba,2471,اغْلُظْ,aghluẓ,غ-ل-ظ,verb,,Form I,2,6,7,9,be stern,কঠোর হও,سختی کیجئے,सख़्ती कीजिए,bersikap keraslah,katı davran,درشتی کن,sois dur,9:73,https://quranicwords.vercel.app/quran-words/aghluz-696661ba.html
wv_6a12225d,2472,بَرَّأَ,barraʾa,ب-ر-أ,verb,,Form II,2,6,7,10,cleared,নির্দোষ প্রমাণ করলেন,بری کردیا,बरी कर दिया,membebaskannya,onu beraat ettirdi,تبرئه کرد,a donc désavoué,33:69,https://quranicwords.vercel.app/quran-words/barraa-6a12225d.html
wv_6aaf0c36,2473,نافَقُ,nāfaqu,ن-ف-ق,verb,,Form III,2,6,7,10,hypocrites,মুনাফিকি করেছে,منافقت کی,मुनाफ़िक़त की,munafik,iki yüzlülük eden,نفاق ورزیدند,ont été hypocrites,3:167,https://quranicwords.vercel.app/quran-words/nafaqu-6aaf0c36.html
wv_6b2c3826,2474,بَطَنَ,baṭana,ب-ط-ن,verb,,Form I,2,6,7,10,concealed,অপ্রকাশ্য,چھپا ہوا ہو,छुपे हों,tersembunyi,kapalısına,پنهان باشد,est caché,6:151,https://quranicwords.vercel.app/quran-words/batana-6b2c3826.html
wv_6b9817e4,2475,تَرْجُفُ,tarjufu,ر-ج-ف,verb,,Form I,2,6,7,10,will quake,কাঁপবে,کانپے گی,काँपेगी,bergoncang,sarsar,بجنبد,tremblera,79:6,https://quranicwords.vercel.app/quran-words/tarjufu-6b9817e4.html
wv_6e2987dc,2476,عَرَّفَ,ʿarrafa,ع-ر-ف,verb,,Form II,2,6,7,10,made known,ব্যক্ত করল,بتادیا,बता दिया,memberitahukan,bildirmişti,شناسانید,a rendu connu,66:3,https://quranicwords.vercel.app/quran-words/arrafa-6e2987dc.html
wv_6e87dd95,2477,اسْوَدَّتْ,aswaddat,س-و-د,verb,,Form IX,2,8,1,1,turn black,মলিন হবে,سیاہ ہوئے,स्याह होंगे,menjadi hitam,kararan,سیاه شده,seront devenus noirs,3:106,https://quranicwords.vercel.app/quran-words/aswaddat-6e87dd95.html
wv_70423ee5,2478,يَتَرَقَّبُ,yataraqqabu,ر-ق-ب,verb,,Form V,2,8,1,1,vigilant,সতর্ক হয়ে,خبر لیتے ہوئے,ख़ुफ़िया टोह लगाते हुए,menunggu-nunggu,gözetleyerek,مراقب بود,était vigilant,28:21,https://quranicwords.vercel.app/quran-words/yataraqqabu-70423ee5.html
wv_736400ee,2479,ٱسْتَحْوَذَ,astaḥwadha,ح-و-ذ,verb,,Form X,2,8,1,1,Has overcome,প্রভুত্ব বিস্তার করেছে,غالب آگیا,ग़लबा पा लिया,menguasai,kuşatmıştır,چیره گشته است,A dirigé avec contrôle complet,58:19,https://quranicwords.vercel.app/quran-words/astahwadha-736400ee.html
wv_7392aab9,2480,وَجَّهْ,wajjah,و-ج-ه,verb,,Form II,2,8,1,1,have turned,মুখ ফেরাচ্ছি,رخ کرلیا,रुख़ कर लिया,menghadapkan,çevirdim,گردانیده ام,ai dirigé,6:79,https://quranicwords.vercel.app/quran-words/wajjah-7392aab9.html
wv_751d0620,2481,يُزْجِي,yuzjī,ز-ج-و,verb,,Form IV,2,8,1,1,drives,চালনা করেন,چلاتا ہے,चलाता है,mengarak,sürer,روانه می کند,dirige,17:66,https://quranicwords.vercel.app/quran-words/yuzji-751d0620.html
wv_75fde8f6,2482,عَضُّ,ʿaḍḍu,ع-ض-ض,verb,,Form I,2,8,1,2,bite,কামড়ায়,کاٹتے ہیں,काटते हैं,menggigit,ısırırlar,می گزند,mordent,3:119,https://quranicwords.vercel.app/quran-words/addu-75fde8f6.html
wv_7919435f,2483,أَخْلَصُ,akhlaṣu,خ-ل-ص,verb,,Form IV,2,8,1,2,are sincere,একনিষ্ঠভাবে গ্রহণ করে,خالص کرلیا,ख़ालिस कर लिया,mengikhlaskan,yapanlar,وخالص گرداندند,ont dévoué,4:146,https://quranicwords.vercel.app/quran-words/akhlasu-7919435f.html
wv_795b54a6,2484,أَزَاغَ,azāgha,ز-ي-غ,verb,,Form IV,2,8,1,2,deviate,বক্র করে দিলেন,ٹیڑھا کردیا,टेढ़ा कर दिया,memalingkan,eğriltti,منحرف کرد,a fait dévier,61:5,https://quranicwords.vercel.app/quran-words/azagha-795b54a6.html
wv_7a9aa9dc,2485,عَبَسَ,ʿabasa,ع-ب-س,verb,,Form I,2,8,1,2,frowned,কপাল কুচড়াল,ترش رو ہوا,तेवरी चढ़ाई,bermasam muka,surat astı,روی ترش کرد,a froncé,80:1,https://quranicwords.vercel.app/quran-words/abasa-7a9aa9dc.html
wv_7cd6536c,2486,قَيَّضْ,qayyaḍ,ق-ي-ض,verb,,Form II,2,8,1,2,have destined,নির্ধারণ করেছি,مقرر کیے,मुक़र्रर किए,tetapkan,musallat ettik,گماردیم,avons désigné,41:25,https://quranicwords.vercel.app/quran-words/qayyad-7cd6536c.html
wv_7ebd5dce,2487,أَكْثَرُ,aktharu,ك-ث-ر,verb,,Form IV,2,8,1,3,frequent,করেছো তুমি বড় বেশী,کثرت سے کیا,कसरत से किया,banyak berbuat,çok ileri gittin,بسیار,as rendu abondante,11:32,https://quranicwords.vercel.app/quran-words/aktharu-7ebd5dce.html
wv_7f02366e,2488,تَعاوَنُ,taʿāwanu,ع-و-ن,verb,,Form VI,2,8,1,3,help one another,সহযোগিতা করবে,تعاون کرو,तआवुन करो,tolong menolonglah,yardımlaşın,ویاری کنید همد یگر را,entraidez-vous,5:2,https://quranicwords.vercel.app/quran-words/taawanu-7f02366e.html
wv_7f093d4c,2489,كالُ,kālu,ك-ي-ل,verb,,Form I,2,8,1,3,measure,মেপে দিবে,ناپو,नापो,menakar,ölçtüğünüz,پیمانه کنید,mesurez le volume,17:35,https://quranicwords.vercel.app/quran-words/kalu-7f093d4c.html
wv_849c09fd,2490,يَقْنُتْ,yaqnut,ق-ن-ت,verb,,Form I,2,8,1,3,is obedient,অনুগত হবে,اطاعت کرے گی,इताअत करेगी,taat,ita'ate devam ederse,فرمانبرداری کند,obéit,33:31,https://quranicwords.vercel.app/quran-words/yaqnut-849c09fd.html
wv_853802b5,2491,سَخِطَ,sakhiṭa,س-خ-ط,verb,,Form I,2,8,1,3,became angry,অসন্তুষ্ট হয়েছেন,ناراض ہوا,नाराज़ हुआ,kemurkaan,kızarlar,خشم گرفت,s’est énervé,5:80,https://quranicwords.vercel.app/quran-words/sakhita-853802b5.html
wv_8607846c,2492,يُعَظِّمْ,yuʿaẓẓim,ع-ظ-م,verb,,Form II,2,8,1,4,honors,সম্মান করে,تعظیم کرے گا,ताज़ीम करेगा,memuliakan,saygı gösterirse,بزرگ بدارد,respecte avec haute considération,22:32,https://quranicwords.vercel.app/quran-words/yuazzim-8607846c.html
wv_87159069,2493,أَثْمَرَ,athmara,ث-م-ر,verb,,Form IV,2,8,1,4,bears fruit,ফলবান হয়,پھل لائے,फल लाए,berbuah,meyva verdiği,بار دهد,produit des fruits,6:141,https://quranicwords.vercel.app/quran-words/athmara-87159069.html
wv_875be607,2494,اضْمُمْ,aḍmum,ض-م-م,verb,,Form I,2,8,1,4,draw,চেপে ধরো,ملادے,मिला ले,dekapkanlah,sok,پیوست کن,serre,28:32,https://quranicwords.vercel.app/quran-words/admum-875be607.html
wv_87bd6a4d,2495,تَبَّرْ,tabbar,ت-ب-ر,verb,,Form II,2,8,1,4,destroyed,ধ্বংস করেছি,ہلاک کیا,हलाक किया,telah membinasakan,helak ettik,درهم شکستیم,avons détruits en morceaux,25:39,https://quranicwords.vercel.app/quran-words/tabbar-87bd6a4d.html
wv_8b53bafb,2496,غِيضَ,ghīḍa,غ-ي-ض,verb,,Form I,2,8,1,4,subsided,শুষে নেয়া হলো,خشک کردیا گیا,ख़ुश्क कर दिया गया,disurutkan,çekildi,فروکش کرد,est devenue diminuée,11:44,https://quranicwords.vercel.app/quran-words/ghida-8b53bafb.html
wv_907f1041,2497,يَلْهَثْ,yalhath,ل-ه-ث,verb,,Form I,2,8,1,5,lolls out his tongue,হাঁপাতে থাকে,زبان باہر نکالتا ہے,ज़बान लटकाता है,ia menjulurkan lidahnya,dilini sarkıtıp solur,زبان از دهان بیرون آورد,respire rapidement,7:176,https://quranicwords.vercel.app/quran-words/yalhath-907f1041.html
wv_94dc77fa,2498,يُنزَفُ,yunzafu,ن-ز-ف,verb,,Form IV,2,8,1,5,will be intoxicated,মাতাল হবে,عقل زائل کئے جائیں گے,अक़्ल ज़ाइल किए जाऐंगे,dihalangi,sarhoş,مست شوند,seront enivrés,37:47,https://quranicwords.vercel.app/quran-words/yunzafu-94dc77fa.html
wv_95be2d22,2499,يَعْرِشُ,yaʿrishu,ع-ر-ش,verb,,Form I,2,8,1,5,construct,উঁচু করতে,چڑھاتے ہیں,ऊपर चढ़ाते हैं,bangun,kurdukları çardaklardan,می سازند,construisaient,16:68,https://quranicwords.vercel.app/quran-words/yarishu-95be2d22.html
wv_97b99ce6,2500,كَثُرَ,kathura,ك-ث-ر,verb,,Form I,2,8,1,5,much,অধিকও হয়,بکثرت ہو,कसीर,banyak,çok da olsa,بسیار باشد,est beaucoup,4:7,https://quranicwords.vercel.app/quran-words/kathura-97b99ce6.html
wv_9ad6310c,2501,تَوارَتْ,tawārat,و-ر-ي,verb,,Form VI,2,8,1,5,were hidden,অদৃশ্য হয়ে গেলো,سورج چھپ گیا,छुप गए,tersembunyi,gizlendi,نهان شد,soient cachées,38:32,https://quranicwords.vercel.app/quran-words/tawarat-9ad6310c.html
wv_9bf20a70,2502,حَصِرَتْ,ḥaṣirat,ح-ص-ر,verb,,Form I,2,8,1,6,restraining,অনিচ্ছুক,تنگ ہوئے,तंग हो गए,terkepung,sıkılarak,درحالی که به تنگ آمده است,sont restreints,4:90,https://quranicwords.vercel.app/quran-words/hasirat-9bf20a70.html
wv_a44697e0,2503,رَعَ,raʿa,ر-ع-ي,verb,,Form I,2,8,1,6,pasture,চড়াও,چراؤ,चराओ,gembalakanlah,otlatın,بچرانید,faites pâturer,20:54,https://quranicwords.vercel.app/quran-words/raa-a44697e0.html
wv_a666799d,2504,مَرَجَ,maraja,م-ر-ج,verb,,Form I,2,8,1,6,released,প্রবাহিত করেছেন,ملائے,छोड़ दिया,alirkan,salıverdi,به هم آمیخته,a placé ensembles,55:19,https://quranicwords.vercel.app/quran-words/maraja-a666799d.html
wv_aa4044e1,2505,يَعْصِرُ,yaʿṣiru,ع-ص-ر,verb,,Form I,2,8,1,6,pressing,নিংড়ে বের করছি,رس نچوڑیں گے,निचोड़ रहा हूँ,memeras,sıkarlar,بیفشرند,pressais,12:36,https://quranicwords.vercel.app/quran-words/yasiru-aa4044e1.html
wv_aa55f054,2506,أَشْفَقْ,ashfaq,ش-ف-ق,verb,,Form IV,2,8,1,6,feared,ভয় পেলো,ڈر گئے,डर गए,merasa takut,korktular,ترسیدند,étaient effrayés,33:72,https://quranicwords.vercel.app/quran-words/ashfaq-aa55f054.html
wv_b14f1f6d,2507,أَثْخَن,athkhan,ث-خ-ن,verb,,Form IV,2,8,1,7,has battled strenuously,সম্পূর্ণরূপে নিঃশেষ করবে,اچھی طرح خون بہا دے,अच्छी तरह ख़ून बहा दे,ia memecah belah,ağır basıncaya,از توان اندازد,ait infligé un massacre,8:67,https://quranicwords.vercel.app/quran-words/athkhan-b14f1f6d.html
wv_b251baca,2508,اجْتَمَعُ,ajtamaʿu,ج-م-ع,verb,,Form VIII,2,8,1,7,gathered,একত্র হয়,جمع ہوجائیں,जमा हो जाऐं,berkumpul,araya toplansalar,جمع شوند,s’assemblaient,17:88,https://quranicwords.vercel.app/quran-words/ajtamau-b251baca.html
wv_b486861b,2509,تَرْكَنُ,tarkanu,ر-ك-ن,verb,,Form I,2,8,1,7,have inclined,ঝুঁকে পড়তে,جھک جاتا,झुक जाते,condong,yanaşacaktın,میل کنی,t’incliner,17:74,https://quranicwords.vercel.app/quran-words/tarkanu-b486861b.html
wv_b5cb81bd,2510,أَوْعَىٰٓ,awʿā,و-ع-ي,verb,,Form IV,2,8,1,7,hoarded,সংরক্ষিত রেখেছে,سمیٹ کر رکھا,समेट कर रखा,menyimpannya,biriktireni,بیندوخته است,a ensuite mis dans un récipient,70:18,https://quranicwords.vercel.app/quran-words/awa-b5cb81bd.html
wv_b5e138f6,2511,ٱلْتَقَطَ,al-taqaṭa,ل-ق-ط,verb,,Form VIII,2,8,1,7,picked him up,তুলে নিলো,اٹھالیا,पस उठा लिया,memungutnya,nihayet onu aldı,بر گرفتند,a ensuite récupéré d’un endroit surprenant,28:8,https://quranicwords.vercel.app/quran-words/al-taqata-b5e138f6.html
wv_b74709d4,2512,ٱسْتَيْسَرَ,astaysara,ي-س-ر,verb,,Form X,2,8,1,8,obtained with ease,সহজলভ্য হবে,میسر آئے,मयस्सर आए,mudah didapat,kolayına geleni,آنچه میسر است,est facile,2:196,https://quranicwords.vercel.app/quran-words/astaysara-b74709d4.html
wv_ba39d4a1,2513,انتَبَذَتْ,antabadhat,ن-ب-ذ,verb,,Form VIII,2,8,1,8,withdrew,পৃথক হয়ে গেলো,الگ ہوئی,अलग हो गई,ia meninggalkan,ayrılıp çekilmişti,کناره گرفت,s’est retirée,19:16,https://quranicwords.vercel.app/quran-words/antabadhat-ba39d4a1.html
wv_ba790eab,2514,لَجُّ,lajju,ل-ج-ج,verb,,Form I,2,8,1,8,persist,অবিচল,اڑے ہوئے ہیں,अड़े हुए हैं,terus-menerus,direnmektedirler,سر سختی می کنند,ont persisté,67:21,https://quranicwords.vercel.app/quran-words/lajju-ba790eab.html
wv_bb4b7daa,2515,تُبْرِئُ,tubriʾu,ب-ر-أ,verb,,Form IV,2,8,1,8,cure,নিরাময় করতে তুমি,اچھا کردیتا ہوں,अच्छा कर देता था,menyembuhkan,iyileştiririm,بهبودی من بخشیدی,guéris,3:49,https://quranicwords.vercel.app/quran-words/tubriu-bb4b7daa.html
wv_bc09f987,2516,يُهْرَعُ,yuhraʿu,ه-ر-ع,verb,,Form I,2,8,1,8,hastened,ছুটে চলছে,دوڑتی ہوئی,तेज़ दौड़ते हुए,bergegas-gegas,koşarak,به شتاب می دویدند,couraient,37:70,https://quranicwords.vercel.app/quran-words/yuhrau-bc09f987.html
wv_bcc6be0c,2517,شَرَعَ,sharaʿa,ش-ر-ع,verb,,Form I,2,8,1,9,has ordained,বিধান দিয়েছে,مقرر کر رکھے ہیں,मुक़र्रर कर दिया,mensyari'atkan,şeriat kılan,مقرّر داشت,a dicté comme loi,42:13,https://quranicwords.vercel.app/quran-words/sharaa-bcc6be0c.html
wv_bd92e0c6,2518,تَزْرَعُ,tazraʿu,ز-ر-ع,verb,,Form I,2,8,1,9,will sow,চাষ করবে,اگاؤ گے,खेती-बाड़ी करोगे,bertanam,ekin,زراعت کنید,sèmerez,12:47,https://quranicwords.vercel.app/quran-words/tazrau-bd92e0c6.html
wv_bead0be4,2519,يَدُعُّ,yaduʿʿu,د-ع-ع,verb,,Form I,2,8,1,9,repulses,ধাক্কা দেওয়া হবে,دھکے دیئے جائیں گے,ढकेले जाऐंगे,di dorong,kakılırlar,به تندی می راند,rejette violemment,107:2,https://quranicwords.vercel.app/quran-words/yaduu-bead0be4.html
wv_c026ebee,2520,يُدْهِنُ,yudhinu,د-ه-ن,verb,,Form IV,2,8,1,9,should compromise,নমনীয় হও,بھی سستی کریں,ढीले पड़ें,akan bersikap lemah lembut,da yağcılık yapsınlar,نرمی و سازش کنند,prendraient alors à la légère,68:9,https://quranicwords.vercel.app/quran-words/yudhinu-c026ebee.html
wv_c19e25d4,2521,أَسْلَفَتْ,aslafat,س-ل-ف,verb,,Form IV,2,8,1,9,did previously,অতিবাহিত করেছ,پہلے کیا,कर चुके,lalui,yaptığınız işlerden,پیش فرستاده بود,a mis en avant,10:30,https://quranicwords.vercel.app/quran-words/aslafat-c19e25d4.html
wv_c1ff30d1,2522,صَغَتْ,ṣaghat,ص-غ-و,verb,,Form I,2,8,1,10,inclined,ঝুঁকেছিল,جھک پڑے,झुक पड़े हैं,condong,sapmış olmasından,منحرف شده است,se sont penchés,66:4,https://quranicwords.vercel.app/quran-words/saghat-c1ff30d1.html
wv_c2bcf414,2523,صَلَبُ,ṣalabu,ص-ل-ب,verb,,Form I,2,8,1,10,will be crucified,শূলবিদ্ধ হবে,سولی چڑھایا جائے گا,पस वो सूली चढ़ाया जाएगा,akan disalib,asılacak,به دار آویخته می شود,sera crucifié,12:41,https://quranicwords.vercel.app/quran-words/salabu-c2bcf414.html
wv_cb1e04b8,2524,تَفْقِدُ,tafqidu,ف-ق-د,verb,,Form I,2,8,1,10,are missing,হারিয়েছি,گم پاتے ہو,गुम पाते हैं,kehilangan,kaybettik,گم کرده اید؟,avez qui vous manque,12:72,https://quranicwords.vercel.app/quran-words/tafqidu-cb1e04b8.html
wv_cf007315,2525,ٱنسَلَخَ,ansalakha,س-ل-خ,verb,,Form VII,2,8,1,10,detached,অতিবাহিত হয়,نکل بھاگا,गुज़र जाऐं,melepaskan diri,geçtiği,بگذرد,s’est ensuite complètement séparé,7:175,https://quranicwords.vercel.app/quran-words/ansalakha-cf007315.html
wv_cffe1b7f,2526,اسْتَشْهِدُ,astashhidu,ش-ه-د,verb,,Form X,2,8,1,10,call for evidence,সাক্ষী চাও,گواہ بنا لو,गवाह बना लो,datangkanlah saksi-saksi,şahid getirin,گواه بگیرید,demander de témoigner,2:282,https://quranicwords.vercel.app/quran-words/astashhidu-cffe1b7f.html
wv_d09914e2,2527,يَفْجُرَ,yafjura,ف-ج-ر,verb,,Form I,2,8,2,1,cause to gush forth,প্রবাহিত করবে,جاری کرے,जारी करो,memancarkan,fışkırtıncaya,جاری کنی,fasses jaillir,17:90,https://quranicwords.vercel.app/quran-words/yafjura-d09914e2.html
wv_d26f131f,2528,يَهِيجُ,yahīju,ه-ي-ج,verb,,Form I,2,8,2,1,dries,শুকিয়ে যায়,خشک ہوجاتی ہے,ख़ुश्क हो जाती है,ia menjadi kering,kurur,پژ مرده شود,devient sèche,57:20,https://quranicwords.vercel.app/quran-words/yahiju-d26f131f.html
wv_d5238b44,2529,زَلَلْ,zalal,ز-ل-ل,verb,,Form I,2,8,2,1,slip,পদস্খলন কর,لڑکھڑا گئے,फिसल जाओ,tergelincir,kayarsanız,بلغزید,glissez,2:209,https://quranicwords.vercel.app/quran-words/zalal-d5238b44.html
wv_d5f13063,2530,شَقَقْ,shaqaq,ش-ق-ق,verb,,Form I,2,8,2,1,cleaved,বিদীর্ণ করেছি,پھاڑی,फाड़ी,belah,yardık,شکافتیم,avons fendu,80:26,https://quranicwords.vercel.app/quran-words/shaqaq-d5f13063.html
wv_d9fe73f0,2531,يُحْبَرُ,yuḥbaru,ح-ب-ر,verb,,Form I,2,8,2,1,delighted,আনন্দ করবে,خوش رکھے جاؤ گے,ख़ुश कर दिए जाऐंगे,bergembira,ağırlanıp sevindirileceksiniz,شادمان شوند,seront rendus heureux par la beauté,43:70,https://quranicwords.vercel.app/quran-words/yuhbaru-d9fe73f0.html
wv_da362f86,2532,يُطاعُ,yuṭāʿu,ط-و-ع,verb,,Form I,2,8,2,2,is obeyed,মেনে নেওয়া হবে,جس کی بات مانی جائے,जिस की बात मानी जाए,dipatuhi,sözü tutulur,سخن او پذیرفته شود,sera obéit,40:18,https://quranicwords.vercel.app/quran-words/yutau-da362f86.html
wv_db18d1f3,2533,مَهِّلِ,mahhili,م-ه-ل,verb,,Form II,2,8,2,2,give respite,অবকাশ দাও,ڈھیل دے دو,पस मोहलत दे दीजिए,beri tangguhlah,halde mühlet ver,مهلت ده,Laisse donc du répit,86:17,https://quranicwords.vercel.app/quran-words/mahhili-db18d1f3.html
wv_dc6c4c13,2534,يَمْحَقُ,yamḥaqu,م-ح-ق,verb,,Form I,2,8,2,2,destroy,চূর্ণ করেন,مٹا دے,मिटा दे,membinasakan,mahveder,نابود می سازد,détruise,3:141,https://quranicwords.vercel.app/quran-words/yamhaqu-dc6c4c13.html
wv_dc763cc0,2535,وُكِّلَ,wukkila,و-ك-ل,verb,,Form II,2,8,2,2,has been put in charge,নিয়োগ করা হয়েছে,مقرر کردیا,मुक़र्रर कर दिया,diserahi,vekil bırakmışızdır,گمارده ایم,a été confié,32:11,https://quranicwords.vercel.app/quran-words/wukkila-dc763cc0.html
wv_dd4ec4d5,2536,غَرَبَت,gharabat,غ-ر-ب,verb,,Form I,2,8,2,2,set,অস্ত যায়,غروب ہوتا ہے,ग़ुरूब होता,ia terbenam,battığı,غروب کند,s’est couché,18:17,https://quranicwords.vercel.app/quran-words/gharabat-dd4ec4d5.html
wv_ddfd3875,2537,تَيَسَّرَ,tayassara,ي-س-ر,verb,,Form V,2,8,2,3,is easy,সহজ হয়,آسانی,मयस्सर आए,mudah,kolayınıza gelen,میسّر باشد,est facile,73:20,https://quranicwords.vercel.app/quran-words/tayassara-ddfd3875.html
wv_df8c0987,2538,تَقَدَّمَ,taqaddama,ق-د-م,verb,,Form V,2,8,2,3,preceded,পূর্বে হয়েছে,پہلے ہوچکا,पहले हुआ,telah lalu,geçmiş,پیش گذشت,a mis en avant,48:2,https://quranicwords.vercel.app/quran-words/taqaddama-df8c0987.html
wv_e2724c87,2539,ٱسْتَسْقَىٰ,astasqā,س-ق-ي,verb,,Form X,2,8,2,3,asked him for water,তার কাছে পানি চাইলো,پانی مانگا,पानी माँगा,memohon air,su istediği,آب خواست,a demandé de l’eau,7:160,https://quranicwords.vercel.app/quran-words/astasqa-e2724c87.html
wv_e36a040c,2540,يَحْبِسُ,yaḥbisu,ح-ب-س,verb,,Form I,2,8,2,3,detains,আটকে রেখেছে,روک رکھا ہے,रोक रखा है,menghalanginya,onu alıkoyan,بازمی دارد,retient,11:8,https://quranicwords.vercel.app/quran-words/yahbisu-e36a040c.html
wv_e426bee9,2541,يُخالِفُ,yukhālifu,خ-ل-ف,verb,,Form III,2,8,2,3,oppose,বিরুদ্ধাচারণ করে,مخالفت کرتے ہیں,मुख़ालिफ़त करते हैं,menyalahi,aykırı davranan,مخالفت می کنند,diffèrent,24:63,https://quranicwords.vercel.app/quran-words/yukhalifu-e426bee9.html
wv_e6841d1c,2542,يُراءُ,yurāʾu,ر-أ-ي,verb,,Form III,2,8,2,4,make show,দেখানোর,دکھاوا کرتے ہیں,दिखावा करते हैं,berbuat ria,gösteriş yaparlar,ریاکاری می کنند,montrent,107:6,https://quranicwords.vercel.app/quran-words/yurau-e6841d1c.html
wv_e707090e,2543,يَتَخافَتُ,yatakhāfatu,خ-ف-ت,verb,,Form VI,2,8,2,4,are murmuring,নিচু স্বরে বলছিল,سرگوشیاں کریں گے,सरगोशियाँ करेंगे,berbisik-bisik,fısıldaşıyorlardı,آهسته می گویند,discutaient à voix basse,20:103,https://quranicwords.vercel.app/quran-words/yatakhafatu-e707090e.html
wv_e81d2e4a,2544,أُبْسِلُ,ubsilu,ب-س-ل,verb,,Form IV,2,8,2,4,are given to destruction,ধ্বংসে নিক্ষেপ করা হবে,ہلاک کردیے گئے,हलाक कर दिए गए,dibinasakan,helake uğrayan,محروم و هلاک شدند,ont été livrés à la destruction,6:70,https://quranicwords.vercel.app/quran-words/ubsilu-e81d2e4a.html
wv_e96bfeff,2545,تَطَوَّعَ,taṭawwaʿa,ط-و-ع,verb,,Form V,2,8,2,4,voluntarily does,স্বেচ্ছায় করে,خوشی سے کرے,ख़ुशी से करे,ia mengerjakan,gönülden,به دلخواه,fait volontairement,2:158,https://quranicwords.vercel.app/quran-words/tatawwaa-e96bfeff.html
wv_ea4d02ec,2546,قَدِمْ,qadim,ق-د-م,verb,,Form I,2,8,2,4,will proceed,অগ্রসর হবো,توجہ کی,आऐंगे,hadapi,önüne geçiririz,می پرادزیم,viserons,25:23,https://quranicwords.vercel.app/quran-words/qadim-ea4d02ec.html
wv_eb6c457a,2547,أَهَٰنَ,ahāna,ه-و-ن,verb,,Form IV,2,8,2,5,humiliates,হেয় করেন,رسوا کردے,रुस्वा कर दे,menghinakan,aşağılatırsa,خوار گرداند,essaye d’humilier,22:18,https://quranicwords.vercel.app/quran-words/ahana-eb6c457a.html
wv_ec3ff971,2548,طَلَعَت,ṭalaʿat,ط-ل-ع,verb,,Form I,2,8,2,5,rose,উদয় হয়,طلوع ہوتا کہ,तुलूअ होता,ia terbit,doğduğu,برآید,s’est levé,18:17,https://quranicwords.vercel.app/quran-words/talaat-ec3ff971.html
wv_ed5ccac0,2549,تَقَوَّلَ,taqawwala,ق-و-ل,verb,,Form V,2,8,2,5,fabricated,কথা বানাত,بات بنا لیتا,गढ़ लिया,ia mengada-adakannya,iftira etseydi,خود آن را بربافته است,avait fabriqué par la parole,69:44,https://quranicwords.vercel.app/quran-words/taqawwala-ed5ccac0.html
wv_f2ab8c2c,2550,تَمُورُ,tamūru,م-و-ر,verb,,Form I,2,8,2,5,sways,কাঁপবে,لرزنے لگے,लरज़ने लगे,bergoncang,birden sallanır,بلرزد,s’agitera,67:16,https://quranicwords.vercel.app/quran-words/tamuru-f2ab8c2c.html
wv_f3ac8dd4,2551,أُحْصِرُ,uḥṣiru,ح-ص-ر,verb,,Form IV,2,8,2,5,are held back,আটকে পড়েছে,گھیر لیے جاؤ,घेर लिए गए,terkepung,engellenmiş olursanız,بازداشته شده اند,ont été restreints,2:196,https://quranicwords.vercel.app/quran-words/uhsiru-f3ac8dd4.html
wv_f4141ff2,2552,يُهَيِّئْ,yuhayyiʾ,ه-ي-أ,verb,,Form II,2,8,2,6,will facilitate,তৈরি করে দিবেন,مہیا کرے گا,मुहैय्या करेगा,akan menyediakan,hazırlasın,مهیا سازد,facilitera,18:16,https://quranicwords.vercel.app/quran-words/yuhayyi-f4141ff2.html
wv_f70c23bf,2553,بُهِتَ,buhita,ب-ه-ت,verb,,Form I,2,8,2,6,became dumbfounded,হতবুদ্ধি হয়ে তখন গেল,مبہوت ہوگیا,पस मबहूत रह गया,kehilangan akal,şaşırıp kaldı,فرو ماند,Est alors devenu étonné,2:258,https://quranicwords.vercel.app/quran-words/buhita-f70c23bf.html
wv_f75dbedc,2554,أَغْرَيْ,aghray,غ-ر-و,verb,,Form IV,2,8,2,6,aroused,সঞ্চারিত করেছি,ڈال دی,डाल दिया,timbulkan,bu yüzden saldık,آنگاه برانگیختیم,avons donc incité,5:14,https://quranicwords.vercel.app/quran-words/aghray-f75dbedc.html
wv_f8336750,2555,فَرَغْ,faragh,ف-ر-غ,verb,,Form I,2,8,2,6,are free,অবসর হও,فارغ ہوجاؤ,फ़ारिग़ हो जाऐं आप,telah selesai,boşaldığın,فارغ شدی,es libre,94:7,https://quranicwords.vercel.app/quran-words/faragh-f8336750.html
wv_f84666c3,2556,أَخْلَدَ,akhlada,خ-ل-د,verb,,Form IV,2,8,2,6,adhered,অমর করবে,جھک گیا,झुक गया,cenderung,onu ebedi yaşatacağını,می سازد,rend éternel,7:176,https://quranicwords.vercel.app/quran-words/akhlada-f84666c3.html
wv_f9c12285,2557,يَسُبُّ,yasubbu,س-ب-ب,verb,,Form I,2,8,2,7,lest they insult,গালি দিবে,گالی دیں گے,गाली देंगे,akan memaki,da sövmesinler,دشنام دهند,car ils insulteraient alors,6:108,https://quranicwords.vercel.app/quran-words/yasubbu-f9c12285.html
wv_fad9784c,2558,اسْتَغْشَ,astaghsha,غ-ش-و,verb,,Form X,2,8,2,7,covered themselves,ঢেকেছে,اوڑھ لیے,ढाँप लिए,menutup,başlarına çektiler,به خود درپیچیدند,se sont couverts,71:7,https://quranicwords.vercel.app/quran-words/astaghsha-fad9784c.html
wv_fb0a81fd,2559,كَرَّمْ,karram,ك-ر-م,verb,,Form II,2,8,2,7,have honored,আপনি মর্যাদা দিয়েছেন,عزت بخشی,इज़्ज़त दी,muliakan,çok ikram ettik,برتری دادی,as honoré,17:62,https://quranicwords.vercel.app/quran-words/karram-fb0a81fd.html
wv_ff3f4833,2560,ٱسْتَئَْسَ,astaʾasa,ي-أ-س,verb,,Form X,2,8,2,7,despaired,নিরাশ হলো,مایوس ہوگئے,ना उम्मीद हो गए,berputus asa,umudu kesince,ناامید شدند,ont désespéré,12:80,https://quranicwords.vercel.app/quran-words/astaasa-ff3f4833.html
wn_009604ea,2561,تُراث,turāth,و-ر-ث,noun,Noun (Ism),,1,9,6,3,inheritance,উত্তরাধিকারীদের প্রাপ্য সম্পদ,میراث,मीरास,harta warisan,mirası,میراث,héritage,89:19,https://quranicwords.vercel.app/quran-words/turath-009604ea.html
wn_00961a05,2562,مُرْضِعَة,murḍiʿah,ر-ض-ع,noun,Active participle (Ism Fāʿil),,1,9,6,3,nursing mother,স্তন্যদাত্রী,دودھ پلانے والی,दूध पिलाने वाली,wanita yang menyusui anak,emziren,حال شیردادن,mère allaitante,22:2,https://quranicwords.vercel.app/quran-words/murdiah-00961a05.html
wn_00aa774a,2563,تَوْصِيَة,tawṣiyah,و-ص-ي,noun,Verbal noun (Maṣdar),,1,9,6,3,make a will,উপদেশ করতে,وصیت کرنے,वसीयत करने,satu wasiat,vasiyete,هیچ سفارشی,faire un testament,36:50,https://quranicwords.vercel.app/quran-words/tawsiyah-00aa774a.html
wn_00c102df,2564,طاعِم,ṭāʿim,ط-ع-م,noun,Active participle (Ism Fāʿil),,1,9,6,3,eater,খাদ্য গ্রহণকারীর,کسی کھانے والے,किसी खाने वाले,orang yang makan,yemek,خورنده ای,mangeur,6:145,https://quranicwords.vercel.app/quran-words/taim-00c102df.html
wn_01bb4553,2565,مَيْلَة,maylah,م-ي-ل,noun,Noun (Ism),,1,9,6,3,attack,আক্রমণ,حملہ کرنا,हमला करना,serbuan,baskın,تاختی,attaque,4:102,https://quranicwords.vercel.app/quran-words/maylah-01bb4553.html
wn_01fd5e0f,2566,مُفَصَّل,mufaṣṣal,ف-ص-ل,noun,Passive participle (Ism Mafʿūl),,1,9,6,4,explained in detail,বিস্তারিত,تفصیلا,मुफ़स्सिल,terperinci,açıklanmış olarak,تفصیل,expliqué en détail,6:114,https://quranicwords.vercel.app/quran-words/mufassal-01fd5e0f.html
wn_023ac163,2567,أَيْقاظ,ayqāẓ,ي-ق-ظ,noun,Noun (Ism),,1,9,6,4,awake,জাগ্রত,جاگ رہے,जाग रहे,bangun,uyanıklar,بیدار,réveillés,18:18,https://quranicwords.vercel.app/quran-words/ayqaz-023ac163.html
wn_02839297,2568,رُقُود,ruqūd,ر-ق-د,noun,Noun (Ism),,1,9,6,4,asleep,ঘুমন্ত,سوئے ہوئے تھے,सोए हुए थे,tidur,uyudukları halde,خفته اند,endormis,18:18,https://quranicwords.vercel.app/quran-words/ruqud-02839297.html
wn_031e10e7,2569,رِفْد,rifd,ر-ف-د,noun,Noun (Ism),,1,9,6,4,gift,পুরস্কার,بخشش,इनआम,pemberian,bağıştır,عطایی است که,don régulier aux pauvres,11:99,https://quranicwords.vercel.app/quran-words/rifd-031e10e7.html
wn_03515037,2570,مَغْلُوب,maghlūb,غ-ل-ب,noun,Passive participle (Ism Mafʿūl),,1,9,6,4,one overpowered,পরাজিত,مغلوب ہوں,मग़लूब हूँ,orang yang dikalahkan,yenik düştüm,مغلوب شده ام,surpassé,54:10,https://quranicwords.vercel.app/quran-words/maghlub-03515037.html
wn_03c268e6,2571,تَلاق,talāq,ل-ق-ي,noun,Verbal noun (Maṣdar),,1,9,6,5,Meeting,সাক্ষাতের,ملاقات,मुलाक़ात,pertemuan,buluşma,هم رسیدن,Rencontre,40:15,https://quranicwords.vercel.app/quran-words/talaq-03c268e6.html
wn_03e6ed55,2572,نُكُر,nukur,ن-ك-ر,noun,Noun (Ism),,1,9,6,5,terrible,অপ্রীতিকর,انجان,नागवार,tidak menyenangkan,görülmemiş tanınmamış,ناگوار,terrible,54:6,https://quranicwords.vercel.app/quran-words/nukur-03e6ed55.html
wn_03f00318,2573,دُرِّيّ,durriyy,د-ر-ر,noun,Noun (Ism),,1,9,6,5,brilliant,উজ্জ্বল,چمکتا ہوا,चमकता हुआ,berkilauan,inciden,درخشان,brillant,24:35,https://quranicwords.vercel.app/quran-words/durriyy-03f00318.html
wn_040857a0,2574,رابِيَة,rābiyah,ر-ب-و,noun,Active participle (Ism Fāʿil),,1,9,6,5,exceeding,শক্ত,سخت,सख़्त,sangat keras,şiddeti gittikçe artan,سخت,élevée,69:10,https://quranicwords.vercel.app/quran-words/rabiyah-040857a0.html
wn_0425a681,2575,مُتِمّ,mutimm,ت-م-م,noun,Active participle (Ism Fāʿil),,1,9,6,5,will perfect,সম্পূর্নকারী,پورا کرنے والا,पूरा करने वाला,menyempurnakan,tamamlayacaktır,کامل کنندۂ,Celui qui complète,61:8,https://quranicwords.vercel.app/quran-words/mutimm-0425a681.html
wn_0438d7fb,2576,طائِع,ṭāʾiʿ,ط-و-ع,noun,Active participle (Ism Fāʿil),,1,9,6,6,willingly,স্বেচ্ছায়,فرمانبرداروں کی طرح,ख़ुश होकर,dengan suka hati,isteyerek,فرمان برانه,volontaires,41:11,https://quranicwords.vercel.app/quran-words/tai-0438d7fb.html
wn_04be05fe,2577,مَوْقُوت,mawqūt,و-ق-ت,noun,Passive participle (Ism Mafʿūl),,1,9,6,6,fixed times,নির্দিষ্ট সময়ে,وقت کی پابندی کے ساتھ,मुक़र्रर औक़ात,ditentukan waktunya,vakitli olarak,زماندار,fixée dans ses horaires,4:103,https://quranicwords.vercel.app/quran-words/mawqut-04be05fe.html
wn_04cc957d,2578,قِسِّيس,qissīs,ق-س-س,noun,Noun (Ism),,1,9,6,6,priests,পন্ডিত,علماء,उलेमा,pendeta-pendeta,keşişler,کشیشان,prêtres,5:82,https://quranicwords.vercel.app/quran-words/qissis-04cc957d.html
wn_05254f3a,2579,رَهْبانِيَّة,rahbāniyyah,ر-ه-ب,noun,Noun (Ism),,1,9,6,6,monasticism,বৈরাগ্যবাদ,رہبانیت,रहबानियत,rahbaniyah,ruhbanlığı,رهبانیتی,monachisme,57:27,https://quranicwords.vercel.app/quran-words/rahbaniyyah-05254f3a.html
wn_05f1005f,2580,فُرُط,furuṭ,ف-ر-ط,noun,Noun (Ism),,1,9,6,6,excess,সীমালঙ্ঘনমূলক,حد سے بڑھا ہوا,हद से बढ़ा हुआ,melewati batas,aşırılık,حدّ گذشته,excessive,18:28,https://quranicwords.vercel.app/quran-words/furut-05f1005f.html
wn_05fe5e61,2581,مُسَنَّدَة,musannadah,س-ن-د,noun,Passive participle (Ism Mafʿūl),,1,9,6,7,propped up,ঠেকান দেয়া,تختہ لگائی ہوئیں,टेक लगाई हुईं,tersandar,dayatılmış,دیوار تکیه داده شده اند,placés contre un mur,63:4,https://quranicwords.vercel.app/quran-words/musannadah-05fe5e61.html
wn_062086b7,2582,تَسْمِيَة,tasmiyah,س-م-و,noun,Verbal noun (Maṣdar),,1,9,6,7,name,নামকরণ,نام,नाम,nama,adlarını,نام,manière de nommer,53:27,https://quranicwords.vercel.app/quran-words/tasmiyah-062086b7.html
wn_068fcceb,2583,مُمْسِكَة,mumsikah,م-س-ك,noun,Active participle (Ism Fāʿil),,1,9,6,7,withholders,বাধাদানকারী,روکنے والیاں,रोकने वाली,menahan,durduracaklar,بازدارندگان,êtres qui peuvent retenir,39:38,https://quranicwords.vercel.app/quran-words/mumsikah-068fcceb.html
wn_06962273,2584,مُسْوَدَّة,muswaddah,س-و-د,noun,Noun (Ism),,1,9,6,7,blackened,কালো,سیاہ ہوں گے,सयाह होंगे,menjadi hitam,kapkara,سیاه,noircis,39:60,https://quranicwords.vercel.app/quran-words/muswaddah-06962273.html
wn_06ad880d,2585,طَلَب,ṭalab,ط-ل-ب,noun,Noun (Ism),,1,9,6,7,to find it,খুঁজে বের করতে,طلب کرنے,तलाश करने,mencarinya,aramaya,جستن,recherche,18:41,https://quranicwords.vercel.app/quran-words/talab-06ad880d.html
wn_06ce4a96,2586,نَمارِق,namāriq,ن-م-ر-ق,noun,Noun (Ism),,1,9,6,8,cushions,তাকিয়াসমূহ,تکیے,तकिये,bantal-bantal,yastıklar,بالش های,petits coussins,88:15,https://quranicwords.vercel.app/quran-words/namariq-06ce4a96.html
wn_06fe8eae,2587,مَرْصُوص,marṣūṣ,ر-ص-ص,noun,Passive participle (Ism Mafʿūl),,1,9,6,8,joined firmly,সুদৃঢ়,سیسہ پلائی ہوئی,सीसा पिलाई हुई,tersusun,kenetlenmiş,سُربین اند,aux parties attachées fermement,61:4,https://quranicwords.vercel.app/quran-words/marsus-06fe8eae.html
wn_0730f1f2,2588,صَفْراء,ṣafrāʾ,ص-ف-ر,noun,Noun (Ism),,1,9,6,8,yellow,হলুদ রঙের,زرد رنگ,ज़र्द रंग,kuning,sarı renginde,زرد,jaune,2:69,https://quranicwords.vercel.app/quran-words/safra-0730f1f2.html
wn_07513b97,2589,كَواعِب,kawāʿib,ك-ع-ب,noun,Noun (Ism),,1,9,6,8,splendid companions,নব্য যুবতীরা,نوخیز لڑکیاں,उभरी छातियों वालियाँ,gadis-gadis,göğüsleri tomurcuklanmış,دوشیز گانی,femmes aux seins volumineux,78:33,https://quranicwords.vercel.app/quran-words/kawaib-07513b97.html
wn_077b66d1,2590,رابِي,rābī,ر-ب-و,noun,Active participle (Ism Fāʿil),,1,9,6,8,rising,উপরিভাগে,چڑھا ہوا,चढ़ा हुआ,mengembang,üste çıkan,آمده,élevée,13:17,https://quranicwords.vercel.app/quran-words/rabi-077b66d1.html
wn_0785bcff,2591,مُقامَة,muqāmah,ق-و-م,noun,Passive participle (Ism Mafʿūl),,1,9,6,9,Eternity,স্হায়ী,قیام,दाइमी क़याम,kekal,durulacak,اقامت,stabilité sans transfert,35:35,https://quranicwords.vercel.app/quran-words/muqamah-0785bcff.html
wn_0790f021,2592,خَصِم,khaṣim,خ-ص-م,noun,Noun (Ism),,1,9,6,9,argumentative,ঝগড়াটে,جھگڑالو,झगड़ालू,bertengkar,kavgacı,ستیزه جویند,se disputent,43:58,https://quranicwords.vercel.app/quran-words/khasim-0790f021.html
wn_07a301ac,2593,حُبُك,ḥubuk,ح-ب-ك,noun,Noun (Ism),,1,9,6,9,pathways,বিভিন্নরূপ,راستوں,रास्तों वाले,jalan-jalan,yolları,راه ها,belles créations,51:7,https://quranicwords.vercel.app/quran-words/hubuk-07a301ac.html
wn_07cee767,2594,تَسْرِيح,tasrīḥ,س-ر-ح,noun,Verbal noun (Maṣdar),,1,9,6,9,to release,মুক্ত করে দেয়া,رخصت کردینا,रुख़्सत कर देना,menceraikan,salıvermek,رها کردن,libération par divorce,2:229,https://quranicwords.vercel.app/quran-words/tasrih-07cee767.html
wn_0845fdd0,2595,جُدَد,judad,ج-د-د,noun,Noun (Ism),,1,9,6,9,tracts,রেখাপথ,دھاریاں,टुकड़े,garis-garis,yollar,دارای رگه هایی,lignes,35:27,https://quranicwords.vercel.app/quran-words/judad-0845fdd0.html
wn_08cd3b48,2596,أَدْهَى,adhā,د-ه-ي,noun,Noun (Ism),,1,9,6,10,more grievous,বড়ই ভয়াবহ,بہت سخت,बहुत सख़्त,lebih buruk,cidden çok fecidir,هر اسناک تر,plus affreuse,54:46,https://quranicwords.vercel.app/quran-words/adha-08cd3b48.html
wn_0921b6ea,2597,مُذَبْذَب,mudhabdhab,ذ-ب-ذ-ب,noun,Passive participle (Ism Mafʿūl),,1,9,6,10,Wavering,দোদুল্যমান,تذبذب میں,मुतज़बज़ब,dalam keadaan ragu-ragu,yalpalayıp dururlar,سر گشتگان اند,gens qui bougent en va-et-vient,4:143,https://quranicwords.vercel.app/quran-words/mudhabdhab-0921b6ea.html
wn_0966358d,2598,أَثام,athām,أ-ث-م,noun,Verbal noun (Maṣdar),,1,9,6,10,penalty,পাপ,گناہ,गुनाह,dosa,cezasını,کیفر گناه,châtiment pour un péché,25:68,https://quranicwords.vercel.app/quran-words/atham-0966358d.html
wn_0983a2b9,2599,عِزّ,ʿizz,ع-ز-ز,noun,Noun (Ism),,1,9,6,10,honor,সহায়ক,عزت کا سبب,इज़्ज़त का सबब,kemuliaan,itibar,مایۂ عزّت,honneur,19:81,https://quranicwords.vercel.app/quran-words/izz-0983a2b9.html
wn_09a91a13,2600,أَقْدَم,aqdam,ق-د-م,noun,Noun (Ism),,1,9,6,10,your forefathers,অতীত হয়েছে,پہلے,पहले,terdahulu,eski,پیشینیان شما؟,anciens,26:76,https://quranicwords.vercel.app/quran-words/aqdam-09a91a13.html
wn_09c35157,2601,تائِب,tāʾib,ت-و-ب,noun,Active participle (Ism Fāʿil),,1,9,7,1,Those who turn in repentance,তওবাকারী,توبہ کرنے والے,तौबा करने वाले,orang-orang yang bertaubat,tevbe edenler,توبه کنندگان اند,Ceux qui se repentent,9:112,https://quranicwords.vercel.app/quran-words/taib-09c35157.html
wn_09cf4ef4,2602,وَتْر,watr,و-ت-ر,noun,Noun (Ism),,1,9,7,1,odd,বেজোড়ের,قسم ہے طاق,ताक़,ganjil,tek'e,طاق,impair,89:3,https://quranicwords.vercel.app/quran-words/watr-09cf4ef4.html
wn_09dc72c9,2603,خِلْفَة,khilfah,خ-ل-ف,noun,Noun (Ism),,1,9,7,1,succession,পরস্পরের অনুগামী,جانشین,दूसरे के पीछे आने वाला,berlainan,birbirini izler,جایگزین,succession,25:62,https://quranicwords.vercel.app/quran-words/khilfah-09dc72c9.html
wn_0a049d11,2604,صُدُود,ṣudūd,ص-د-د,noun,Verbal noun (Maṣdar),,1,9,7,1,aversion,পাশ কাটানো,رک جانا,रुक जाना,halangan yang sangat kuat,büsbütün uzaklaşmakla,روی گرداندنی,détournement,4:61,https://quranicwords.vercel.app/quran-words/sudud-0a049d11.html
wn_0a128b38,2605,مُهان,muhān,ه-و-ن,noun,Passive participle (Ism Mafʿūl),,1,9,7,1,humiliated,হীন অবস্থায়,رسوا ہو کر,ज़लील हो कर,terhina,hor ve hakir olarak,خواری,humilié,25:69,https://quranicwords.vercel.app/quran-words/muhan-0a128b38.html
wn_0b1b10c8,2606,ثَيِّبَة,thayyibah,ث-ي-ب,noun,Noun (Ism),,1,9,7,2,previously married,অকুমারী,شوہر دیدہ,शौहर दीदा,janda,dul,بیوگان,non-vierges,66:5,https://quranicwords.vercel.app/quran-words/thayyibah-0b1b10c8.html
wn_0b50b37c,2607,نَصُوح,naṣūḥ,ن-ص-ح,noun,Noun (Ism),,1,9,7,2,sincere,খালেস,خالص,ख़ालिस,sungguh-sungguh dan ikhlas,yürekten,خالصانه,sincère,66:8,https://quranicwords.vercel.app/quran-words/nasuh-0b50b37c.html
wn_0b791e18,2608,قاصِد,qāṣid,ق-ص-د,noun,Active participle (Ism Fāʿil),,1,9,7,2,easy,সুগম,قریب,दर्मियाना,sedang,orta,کوتاه,modéré,9:42,https://quranicwords.vercel.app/quran-words/qasid-0b791e18.html
wn_0be7a184,2609,أَكّال,akkāl,أ-ك-ل,noun,Noun (Ism),,1,9,7,2,devourers,অধিক ভক্ষণকারী,بہت زیادہ کھانے والے,बहुत ज़्यादा खाने वाले,orang-orang yang banyak memakan,yerler,بسیار خورندگان اند,gens qui consomment extrêmement,5:42,https://quranicwords.vercel.app/quran-words/akkal-0be7a184.html
wn_0beae428,2610,إِنفاق,infāq,ن-ف-ق,noun,Verbal noun (Maṣdar),,1,9,7,2,spending,খরচ হওয়ার,خرچ ہوجانے,ख़र्च हो जाने,membelanjakan,harcamaktan,خرج کردن و فقر,dépense,17:100,https://quranicwords.vercel.app/quran-words/infaq-0beae428.html
wn_0c62e90b,2611,نَعْماء,naʿmāʾ,ن-ع-م,noun,Noun (Ism),,1,9,7,3,favor,অনুগ্রহসমূহ,نعمت,आसाइश,kebahagiaan,nimet,نعمتی نمایان,bienfait,11:10,https://quranicwords.vercel.app/quran-words/nama-0c62e90b.html
wn_0c8fb363,2612,حُسْنَيَيْن,ḥusnayayn,ح-س-ن,noun,Noun (Ism),,1,9,7,3,two best,দুই কল্যাণের,دو بھلائیوں,दो भलाईयों,dua kebaikan,iki iyilikten,دو نیکو یی را؟,deux meilleures choses,9:52,https://quranicwords.vercel.app/quran-words/husnayayn-0c8fb363.html
wn_0c8fe28a,2613,دَيّار,dayyār,د-و-ر,noun,Noun (Ism),,1,9,7,3,inhabitant,কোন গৃহবাসী,بسنے والا,बसने वाला,menetap,tek kişi,هیچ کسی,habitant,71:26,https://quranicwords.vercel.app/quran-words/dayyar-0c8fe28a.html
wn_0c91fd0c,2614,وَسْواس,waswās,و-س-و-س,noun,Noun (Ism),,1,9,7,3,whisperer,কুমন্ত্রণার,وسوسہ ڈالنے والے,वसवसा डालने वाले,bisikkan,vesvesecinin,وسوسه گر,celui qui suggère du mal,114:4,https://quranicwords.vercel.app/quran-words/waswas-0c91fd0c.html
wn_0cb1f059,2615,مُتَّكَأ,muttakaʾ,و-ك-أ,noun,Passive participle (Ism Mafʿūl),,1,9,7,3,banquet,বসার আসন,تکیہ لگانے کی جگہ,मसनदें,tempat duduk,dayanacak yastıklar,تکیه گاهی,nourriture à manger ensembles,12:31,https://quranicwords.vercel.app/quran-words/muttaka-0cb1f059.html
wn_0cb8b6c3,2616,امْرُؤٌا,amruʾunā,م-ر-أ,noun,Noun (Ism),,1,9,7,4,man,কোন পুরুষ,شخص,मर्द,seseorang,kişinin,مردی,homme,4:176,https://quranicwords.vercel.app/quran-words/amruuna-0cb8b6c3.html
wn_0cca93d6,2617,سَلَف,salaf,س-ل-ف,noun,Noun (Ism),,1,9,7,4,precedent,অতীতের ইতিহাস,پیش رو,गए गुज़रे,terdahulu,geçmiş ataları,پیشگا مانی,acte précédent,43:56,https://quranicwords.vercel.app/quran-words/salaf-0cca93d6.html
wn_0ceb10da,2618,جامِدَة,jāmidah,ج-م-د,noun,Active participle (Ism Fāʿil),,1,9,7,4,firmly fixed,অচল,جامد,जामिद,beku,cansız,ایستا,fixées,27:88,https://quranicwords.vercel.app/quran-words/jamidah-0ceb10da.html
wn_0d16fc53,2619,مَحْشُورَة,maḥshūrah,ح-ش-ر,noun,Passive participle (Ism Mafʿūl),,1,9,7,4,assembled,সমবেত হতো,اکھٹے ہونے والے,इकट्ठे किए हुए,keadaan berkumpul,toplanıp gelen,دسته جمعی,assemblement,38:19,https://quranicwords.vercel.app/quran-words/mahshurah-0d16fc53.html
wn_0d651257,2620,مُسْتَقْبِل,mustaqbil,ق-ب-ل,noun,Active participle (Ism Fāʿil),,1,9,7,4,approaching,অগ্রসরমান,آنے والا,सामने आने वाला,menuju,yönelerek geldiğini,روی آورده,approchant,46:24,https://quranicwords.vercel.app/quran-words/mustaqbil-0d651257.html
wn_0d6b4791,2621,مُرْتَقِب,murtaqib,ر-ق-ب,noun,Active participle (Ism Fāʿil),,1,9,7,5,watching,অপেক্ষামান,انتظار کرنے والے,इन्तज़ार करने वाले,orang-orang yang menunggu,beklemektedirler,نیز منتظرند,observateurs en attente,44:59,https://quranicwords.vercel.app/quran-words/murtaqib-0d6b4791.html
wn_0d6c1d37,2622,هُدْهُد,hudhud,ه-د-ه-د,noun,Noun (Ism),,1,9,7,5,hoopoe,হুদহুদ পাখীকে,ہدہد,हुदहुद,hud-hud,hüdhüdü,هدهد,huppe,27:20,https://quranicwords.vercel.app/quran-words/hudhud-0d6c1d37.html
wn_0da6f8f9,2623,شَرْقِيّ,sharqiyy,ش-ر-ق,noun,Noun (Ism),,1,9,7,5,eastern,পূর্বদিকের,مشرق کی جانب,मशरिक़ी जानिब,sebelah timur,doğu yönünde,شرقی,à l’est,19:16,https://quranicwords.vercel.app/quran-words/sharqiyy-0da6f8f9.html
wn_0dacc30a,2624,وَقار,waqār,و-ق-ر,noun,Noun (Ism),,1,9,7,5,grandeur,মর্যাদা,کس وقار,किसी वक़ार,kebesaran,saygı,شکوه و بزرگی,lourdeur,71:13,https://quranicwords.vercel.app/quran-words/waqar-0dacc30a.html
wn_0db80069,2625,ساقِط,sāqiṭ,س-ق-ط,noun,Active participle (Ism Fāʿil),,1,9,7,5,falling,ভেঙে পড়তে,گرنے والا,गिरने वाला,jatuh,düştüğünü,فرومی افتد,tombant,52:44,https://quranicwords.vercel.app/quran-words/saqit-0db80069.html
wn_0dd8a1d5,2626,سِكِّين,sikkīn,س-ك-ن,noun,Noun (Ism),,1,9,7,6,knife,একটি করে ছুরি,چھری,छुरी,sebuah pisau,birer bıçak,کاردی,couteau,12:31,https://quranicwords.vercel.app/quran-words/sikkin-0dd8a1d5.html
wn_0de93847,2627,أَمْت,amt,أ-م-ت,noun,Noun (Ism),,1,9,7,6,any curve,অসমান,اونچی جگہ,टीला,tinggi,tümsek,بلندی,imperfection,20:107,https://quranicwords.vercel.app/quran-words/amt-0de93847.html
wn_0e173afe,2628,تائِبَة,tāʾibah,ت-و-ب,noun,Noun (Ism),,1,9,7,6,repentant,তওবাকারিনী,توبہ گزار,तौबा गुज़ार,bertaubat,tevbe eden,توبه کاران,se repentissent,66:5,https://quranicwords.vercel.app/quran-words/taibah-0e173afe.html
wn_0e5225a7,2629,تَبْذِير,tabdhīr,ب-ذ-ر,noun,Verbal noun (Maṣdar),,1,9,7,6,wastefully,অপব্যয়,ٓ بےجا خرچ کرنا,बेजा ख़र्च करना,boros,savurarak,ریخت و پاشی مکن,dépense gaspilleuse,17:26,https://quranicwords.vercel.app/quran-words/tabdhir-0e5225a7.html
wn_0ea4918c,2630,مَرْفُوع,marfūʿ,ر-ف-ع,noun,Passive participle (Ism Mafʿūl),,1,9,7,6,raised high,সুউচ্চ,اونچی,ऊँची उठाई गई,ditinggikan,yükseltilmiş,برافراشته,élevé,52:5,https://quranicwords.vercel.app/quran-words/marfu-0ea4918c.html
wn_0ea831b4,2631,جاثِيَة,jāthiyah,ج-ث-و,noun,Active participle (Ism Fāʿil),,1,9,7,7,kneeling,নতজানু অবস্থায়,گھٹنوں پر گری ہوئی,घुटनों के बल गिरी हुई,berlutut,toplanmış,زانو درآمده,agenouillée,45:28,https://quranicwords.vercel.app/quran-words/jathiyah-0ea831b4.html
wn_0eda10c8,2632,عَسِر,ʿasir,ع-س-ر,noun,Noun (Ism),,1,9,7,7,difficult,কঠিন,سخت,बड़ा सख़्त,berat,çetin,سخت,difficile,54:8,https://quranicwords.vercel.app/quran-words/asir-0eda10c8.html
wn_0f01327d,2633,خُرْطُوم,khurṭūm,خ-ر-ط-م,noun,Noun (Ism),,1,9,7,7,snout,শুড়ের,ناک,सूँढ,belalai,burnunun,بینی,nez,68:16,https://quranicwords.vercel.app/quran-words/khurtum-0f01327d.html
wn_0f20f9b9,2634,مَطْلِع,maṭliʿ,ط-ل-ع,noun,Noun (Ism),,1,9,7,7,rising place,উদয়াচলে,طلوع ہونے کی جگہ,तुलूअ होने की जगह,tempat terbit,doğduğu yere,جای برآمدن,endroit du lever,18:90,https://quranicwords.vercel.app/quran-words/matli-0f20f9b9.html
wn_0f2d9f14,2635,مَرْضِيَّة,marḍiyyah,ر-ض-و,noun,Passive participle (Ism Mafʿūl),,1,9,7,7,pleasing,প্রিয় পাত্রও,پسندیدہ,पसंदीदा बन कर,diridhoi,rızasını kazanarak,پسندیده,satisfaite,89:28,https://quranicwords.vercel.app/quran-words/mardiyyah-0f2d9f14.html
wn_0f60281f,2636,هَرَب,harab,ه-ر-ب,noun,Noun (Ism),,1,9,7,8,flight,পলায়ন করে,بھاگ کر,भाग कर,lari,kaçmakla,فرار کردن,fuite,72:12,https://quranicwords.vercel.app/quran-words/harab-0f60281f.html
wn_0f648922,2637,مَعْرُوفَة,maʿrūfah,ع-ر-ف,noun,Passive participle (Ism Mafʿūl),,1,9,7,8,known,যথার্থই,معلوم,जानी पहचानी,kebaikan,malumdur,شناخته شده,connue,24:53,https://quranicwords.vercel.app/quran-words/marufah-0f648922.html
wn_0f8432ad,2638,مَأْكُول,maʾkūl,أ-ك-ل,noun,Passive participle (Ism Mafʿūl),,1,9,7,8,eaten up,খাওয়া,کھایا ہوا,खाए हुए,dimakan,yenmiş,خورده شده,mangée,105:5,https://quranicwords.vercel.app/quran-words/makul-0f8432ad.html
wn_0f89fdcf,2639,نَوَى,nawā,ن-و-ي,noun,Noun (Ism),,1,9,7,8,date-seed,আঁটি,ا ور گھٹلی,गुठली,biji buah-buahan,çekirdeği,هسته,noyau de datte,6:95,https://quranicwords.vercel.app/quran-words/nawa-0f89fdcf.html
wn_0fab6cf6,2640,مُؤَلَّفَة,muʾallafah,أ-ل-ف,noun,Passive participle (Ism Mafʿūl),,1,9,7,8,ones inclined,আকৃষ্ট করতে,الفت دلانے کے لیے,उलफ़त दिलाए गए,para muallaf,ısındırılacak olanlara,دلجویی شدگان,ceux dont doivent être réunis,9:60,https://quranicwords.vercel.app/quran-words/muallafah-0fab6cf6.html
wn_0fbb8fb0,2641,تَراقِي,tarāqī,ت-ر-ق,noun,Verbal noun (Maṣdar),,1,9,7,9,collar bones,কণ্ঠ দেশে,حلق,हलक़,kerongkongan,köprücük kemiklerine,گلو,clavicules,75:26,https://quranicwords.vercel.app/quran-words/taraqi-0fbb8fb0.html
wn_102c6517,2642,عَشِيَّة,ʿashiyyah,ع-ش-و,noun,Noun (Ism),,1,9,7,9,evening,এক সন্ধ্যা,شام کا وقت,पिछला पहर,di waktu sore,akşamdan,شامگاهی,soir avant le coucher du soleil,79:46,https://quranicwords.vercel.app/quran-words/ashiyyah-102c6517.html
wn_113384e3,2643,زارِع,zāriʿ,ز-ر-ع,noun,Active participle (Ism Fāʿil),,1,9,7,9,Ones Who grow,উৎপাদনকারী,اگانے والے,उगाने वाले,penanam,bitirenler,رویاننده,Ceux qui font pousser,56:64,https://quranicwords.vercel.app/quran-words/zari-113384e3.html
wn_127cfb71,2644,لُمَزَة,lumazah,ل-م-ز,noun,Noun (Ism),,1,9,7,9,backbiter,পিছনে দোষ প্রচারকারীর,پیٹھ پیچھے برائیاں کرتا,ग़ीबत करने वाले,pencela,kaş göz işaretleriyle alay eden,عیب جو,critique,104:1,https://quranicwords.vercel.app/quran-words/lumazah-127cfb71.html
wn_12af17b6,2645,مَمْلُوك,mamlūk,م-ل-ك,noun,Passive participle (Ism Mafʿūl),,1,9,7,9,owned,অপরের অধিকারভুক্ত,مملوک,ममलूक,dimiliki,başkasının malı olan,مملوکی را که,possédé,16:75,https://quranicwords.vercel.app/quran-words/mamluk-12af17b6.html
wn_13a18a86,2646,نَزّاعَة,nazzāʿah,ن-ز-ع,noun,Noun (Ism),,1,9,7,10,remover,লেহনকারী,کھینچنے والی,खींचने वाली,mencabut,kavurur soyar,درحالی که,quelque chose qui enlève beaucoup,70:16,https://quranicwords.vercel.app/quran-words/nazzaah-13a18a86.html
wn_14390932,2647,صِبْغ,ṣibgh,ص-ب-غ,noun,Noun (Ism),,1,9,7,10,relish,খাবার,سالن,सालन,bumbu,batıracakları,نان خورشی,condiment,23:20,https://quranicwords.vercel.app/quran-words/sibgh-14390932.html
wn_143a2847,2648,جُرُوح,jurūḥ,ج-ر-ح,noun,Noun (Ism),,1,9,7,10,wounds,জখমগুলোর,تمام زخموں کا بھی,तमाम ज़ख़्मों का भी,luka-luka,yaralara,زخم ها,blessures,5:45,https://quranicwords.vercel.app/quran-words/juruh-143a2847.html
wn_14936a74,2649,ضَبْح,ḍabḥ,ض-ب-ح,noun,Noun (Ism),,1,9,7,10,panting,উর্ধ্বশ্বাসে,ہانپ کر,हाँपते हुए,terengah-engah,soluk soluğa,نَفَس زنان,halètement,100:1,https://quranicwords.vercel.app/quran-words/dabh-14936a74.html
wn_1496eb23,2650,مُتَراكِب,mutarākib,ر-ك-ب,noun,Active participle (Ism Fāʿil),,1,9,7,10,thick clustered,ঘন সন্নিবিষ্ট,پر ایک چڑھے ہوئے,तह-ब-तह,bersusun-susun,birbiri üzerine binmiş,برهم نشسته,superposées,6:99,https://quranicwords.vercel.app/quran-words/mutarakib-1496eb23.html
wn_14df2d0d,2651,قَبائِل,qabāʾil,ق-ب-ل,noun,Noun (Ism),,1,9,8,1,tribes,গোত্রে,قبیلوں,क़बीले,bersuku-suku,kabilelere,قبیله ها,sous-tribus,49:13,https://quranicwords.vercel.app/quran-words/qabail-14df2d0d.html
wn_15be957d,2652,أَخْزَى,akhzā,خ-ز-ي,noun,Noun (Ism),,1,9,8,1,more disgracing,অধিক অপমানকর,زیادہ رسوا کن,ज़्यादा रुस्वाकुन,lebih hina,daha da kepaze edicidir,رسواکننده تر,plus fort en disgrâce,41:16,https://quranicwords.vercel.app/quran-words/akhza-15be957d.html
wn_15d79912,2653,لُبَد,lubad,ل-ب-د,noun,Noun (Ism),,1,9,8,1,abundant,বিপুল,ڈھیروں,ढेरों,banyak,birçok,هنگفتی,beaucoup,90:6,https://quranicwords.vercel.app/quran-words/lubad-15d79912.html
wn_1610e475,2654,مَهْجُور,mahjūr,ه-ج-ر,noun,Passive participle (Ism Mafʿūl),,1,9,8,1,forsaken thing,পরিত্যাজ্য,چھوڑ ہوا,छोड़ा हुआ,menjauhi,terk edilmiş,متروک,quitté,25:30,https://quranicwords.vercel.app/quran-words/mahjur-1610e475.html
wn_16247a70,2655,يَبَس,yabas,ي-ب-س,noun,Noun (Ism),,1,9,8,1,dry,শুকনো,سوکھا,ख़ुश्क,kering,kuru,خشک,sec,20:77,https://quranicwords.vercel.app/quran-words/yabas-16247a70.html
wn_163f95f0,2656,خِيام,khīm,خ-ي-م,noun,Noun (Ism),,1,9,8,2,pavilions,তাঁবু সমূহের,خیموں,ख़ेमों,mahligai,çadırlar,خیمه ها,habitations,55:72,https://quranicwords.vercel.app/quran-words/khim-163f95f0.html
wn_167133f8,2657,آزَر,āzar,,noun,Proper noun,,1,9,8,2,Aazar,আজরকে,آذر,आज़र,Azar,Azer'e,آزر,Âzar,6:74,https://quranicwords.vercel.app/quran-words/azar-167133f8.html
wn_16a84f7d,2658,مُضْطَرّ,muḍṭarr,ض-ر-ر,noun,Noun (Ism),,1,9,8,2,distressed one,আর্তকে,لاچار,बेक़रार,orang dalam kesulitan,darda kalmışa,مانده,nécessiteux,27:62,https://quranicwords.vercel.app/quran-words/mudtarr-16a84f7d.html
wn_16ed3892,2659,عَوان,ʿawān,ع-و-ن,noun,Noun (Ism),,1,9,8,2,middle aged,মধ্যম বয়সের,درمیان عمر,औसत उम्र की,pertengahan,orta yaşlı,میا نسال با شد,âge moyen,2:68,https://quranicwords.vercel.app/quran-words/awan-16ed3892.html
wn_175ac550,2660,مُتَشاكِس,mutashākis,ش-ك-س,noun,Active participle (Ism Fāʿil),,1,9,8,2,quarreling,পরস্পরকে দেখতে পারে না,جھگڑالو,बाहम झगड़ने वाले,dalam perselisihan,birbiriyle çekişen,درگیر اند,se comportent mal avec l’un l’autre,39:29,https://quranicwords.vercel.app/quran-words/mutashakis-175ac550.html
wn_17737018,2661,مُتَفَرِّقَة,mutafarriqah,ف-ر-ق,noun,Active participle (Ism Fāʿil),,1,9,8,3,different,ভিন্ন ভিন্ন,مختلف,मुख़्तलिफ़,berlainan,ayrı ayrı,پرا کنده,différentes,12:67,https://quranicwords.vercel.app/quran-words/mutafarriqah-17737018.html
wn_18612c24,2662,مَسْكُوب,maskūb,س-ك-ب,noun,Passive participle (Ism Mafʿūl),,1,9,8,3,poured forth,প্রবহমান,بہتا ہوا,बहते हुए,tercurah,fışkıran,ریزان,déversée,56:31,https://quranicwords.vercel.app/quran-words/maskub-18612c24.html
wn_19072ed7,2663,فَرْق,farq,ف-ر-ق,noun,Noun (Ism),,1,9,8,3,Criterion,পৃথক করা,جدا کرنا,जुदा करना,sebeda-bedanya,ayırdıkça,جداکردنی,séparation,77:4,https://quranicwords.vercel.app/quran-words/farq-19072ed7.html
wn_19898511,2664,ثاوِي,thāwī,ث-و-ي,noun,Active participle (Ism Fāʿil),,1,9,8,3,dweller,বিদ্যমান,مقیم,मुक़ीम,berdiam,oturmuş,ساکن,résident,28:45,https://quranicwords.vercel.app/quran-words/thawi-19898511.html
wn_1a00c14e,2665,سابِقَة,sābiqah,س-ب-ق,noun,Active participle (Ism Fāʿil),,1,9,8,3,those who race each other,অগ্রগামী,آگے بڑھنے والوں,सबक़त करने वाले,mendahului,yarışıp geçenlere,پیشی گیرندگان اند,ensuite ceux qui font la course,79:4,https://quranicwords.vercel.app/quran-words/sabiqah-1a00c14e.html
wn_1a20d8bf,2666,فَرِيّ,fariyy,ف-ر-ي,noun,Noun (Ism),,1,9,8,4,amazing thing,জঘন্য,بہت بری عجیب,बहुत बुरी,aneh,tuhaf korkunç,شگفت,inédite,19:27,https://quranicwords.vercel.app/quran-words/fariyy-1a20d8bf.html
wn_1a97309b,2667,مِحال,miḥāl,م-ح-ل,noun,Verbal noun (Maṣdar),,1,9,8,4,Strength,শাস্তিতে কঠোর,پکڑنے والا,क़ुव्वत वाला,siksa,tuzağı,کیفر,capacité de changer l’état,13:13,https://quranicwords.vercel.app/quran-words/mihal-1a97309b.html
wn_1b176496,2668,كُبّار,kubbār,ك-ب-ر,noun,Noun (Ism),,1,9,8,4,great,অতি বড়,بہت بڑی,बहुत बड़ी,besar,büyük büyük,بس بزرگ,très grande,71:22,https://quranicwords.vercel.app/quran-words/kubbar-1b176496.html
wn_1b2c29e7,2669,جَلاء,jalāʾ,ج-ل-و,noun,Noun (Ism),,1,9,8,4,exile,নির্বাসন,جلاوطنی,जिला वतनी,pengusiran,sürgünü,ترک وطن,exile,59:3,https://quranicwords.vercel.app/quran-words/jala-1b2c29e7.html
wn_1bd11d9c,2670,بُدْن,budn,ب-د-ن,noun,Noun (Ism),,1,9,8,4,camels and cattle,কুরবানির উটগুলো,قربانی کے اونٹ,क़ुरबानी के ऊँट,onta itu,kurbanlık develeri,شترانی تنومندرا,chameaux et bovins sacrifiés au pèlerinage,22:36,https://quranicwords.vercel.app/quran-words/budn-1bd11d9c.html
wn_1c4418ae,2671,مُذْعِن,mudhʿin,ذ-ع-ن,noun,Active participle (Ism Fāʿil),,1,9,8,5,promptly obedient,বিনীত হয়ে,مطیع ہوکر,मुतीअ हो कर,taat,ita'at ederek,مطیعانه,rapides en obéissance,24:49,https://quranicwords.vercel.app/quran-words/mudhin-1c4418ae.html
wn_1c502321,2672,مَرْكُوم,markūm,ر-ك-م,noun,Passive participle (Ism Mafʿūl),,1,9,8,5,heaped up,পুঞ্জীভূত,تہ بہ تہ,तह-ब-तह,bertumpuk-tumpuk,üst üste yığılmış,متراکم,entassés,52:44,https://quranicwords.vercel.app/quran-words/markum-1c502321.html
wn_1d5410e0,2673,بَطَر,baṭar,ب-ط-ر,noun,Noun (Ism),,1,9,8,5,boastfully,গর্বভরে,اتراتے ہوئے,इतराते हुए,rasa angkuh,çalım satarak,روی سرکشی,insolence et sentiment de triomphe,8:47,https://quranicwords.vercel.app/quran-words/batar-1d5410e0.html
wn_1d910024,2674,رَغَب,raghab,ر-غ-ب,noun,Noun (Ism),,1,9,8,5,hope,আগ্রহ,رغبت,रग़बत,pengharapan,umarak,روی امید,abondance,21:90,https://quranicwords.vercel.app/quran-words/raghab-1d910024.html
wn_1dcf0e01,2675,نَسْر,nasr,ن-س-ر,noun,Proper noun,,1,9,8,5,Nasr,নছরকে,نہ نسر,नसर,nasr,Nesr'i,نسر,Nasr,71:23,https://quranicwords.vercel.app/quran-words/nasr-1dcf0e01.html
wn_1e0f8091,2676,مُقْتَرِن,muqtarin,ق-ر-ن,noun,Active participle (Ism Fāʿil),,1,9,8,6,accompanying,দলবেঁধে,ساتھ رہنے والے,जमा होकर,menyertai,yakın,دوشادوش,êtres qui accompagnent,43:53,https://quranicwords.vercel.app/quran-words/muqtarin-1e0f8091.html
wn_1e77cf96,2677,مُبَشِّرَة,mubashshirah,ب-ش-ر,noun,Noun (Ism),,1,9,8,6,bearers of glad tidings,সুসংবাদ বাহক হিসাবে,خوشخبری دینے والیاں,ख़ुशख़बरी देने वालियाँ,pembawa berita gembira,müjdeler olarak,مژده دهنده,annonciateurs de bonnes nouvelles,30:46,https://quranicwords.vercel.app/quran-words/mubashshirah-1e77cf96.html
wn_1e960b6b,2678,مَطْلُوب,maṭlūb,ط-ل-ب,noun,Passive participle (Ism Mafʿūl),,1,9,8,6,one who is sought,অন্বেষণকৃত,جس سے مدد مانگی جاتی,जिससे तलब किया जाता,orang yang dicari,istenen,خواسته شده,celui dont est cherché,22:73,https://quranicwords.vercel.app/quran-words/matlub-1e960b6b.html
wn_1ec9de69,2679,مُحَرَّمَة,muḥarramah,ح-ر-م,noun,Passive participle (Ism Mafʿūl),,1,9,8,6,forbidden,নিষিদ্ধ,حرام کی گئی,हराम कर दी गई,diharamkan,yasaklandı,حرام شده,interdite,5:26,https://quranicwords.vercel.app/quran-words/muharramah-1ec9de69.html
wn_1ed2fd31,2680,زَلْزَلَة,zalzalah,ز-ل-ز-ل,noun,Noun (Ism),,1,9,8,6,convulsion,প্রকম্পন,زلزلہ,ज़लज़ला,kegoncangan,depremi,زلزلۂ,tremblement de terre,22:1,https://quranicwords.vercel.app/quran-words/zalzalah-1ed2fd31.html
wn_1eef8217,2681,تَناوُش,tanāwush,ن-و-ش,noun,Verbal noun (Maṣdar),,1,9,8,7,receiving,নাগাল পাওয়া,پکڑنا,हासिल करना,mencapai,elde etmeleri,دستیابی,atteinte,34:52,https://quranicwords.vercel.app/quran-words/tanawush-1eef8217.html
wn_1f2f9d10,2682,مُعَطَّلَة,muʿaṭṭalah,ع-ط-ل,noun,Passive participle (Ism Mafʿūl),,1,9,8,7,abandoned,পরিত্যক্ত,بےکار,बेकार,sunyi,kullanılmaz olmuştur,رها شده,laissées sans surveillance,22:45,https://quranicwords.vercel.app/quran-words/muattalah-1f2f9d10.html
wn_1f4ce517,2683,تِبْيان,tibyān,ب-ي-ن,noun,Noun (Ism),,1,9,8,7,clarification,সুস্পষ্ট বর্ণনা করা,کھول کر بیان کرنے والی,खोलकर बयान करने वाली,penjelasan,açıklayan,برای بیان کردن,explication,16:89,https://quranicwords.vercel.app/quran-words/tibyan-1f4ce517.html
wn_1f8bc1a8,2684,رَمْز,ramz,ر-م-ز,noun,Verbal noun (Maṣdar),,1,9,8,7,gestures,ইঙ্গিত,اشارے,इशारे,isyarat,işaretten,اشارت,signes,3:41,https://quranicwords.vercel.app/quran-words/ramz-1f8bc1a8.html
wn_1f994f13,2685,لَفِيف,lafīf,ل-ف-ف,noun,Noun (Ism),,1,9,8,7,mixed crowd,সমবেত করে,جم کر,इकट्ठा करके,bercampur baur,araya,هم آمیخته,foule,17:104,https://quranicwords.vercel.app/quran-words/lafif-1f994f13.html
wn_1fa646fa,2686,نِحْلَة,niḥlah,ن-ح-ل,noun,Noun (Ism),,1,9,8,8,graciously,স্বতঃপ্রবৃত্ত হয়ে,خوش دلی,ख़ुश दिली,ikhlas,hak olarak,روی میل وخوشی,bonne grâce,4:4,https://quranicwords.vercel.app/quran-words/nihlah-1fa646fa.html
wn_1fc841c3,2687,فَظّ,faẓẓ,ف-ظ-ظ,noun,Noun (Ism),,1,9,8,8,rude,উগ্র স্বভাব,تند خو,तुन्दख़ू,bersikap keras,kaba,تندخویی,rude,3:159,https://quranicwords.vercel.app/quran-words/fazz-1fc841c3.html
wn_1fe863f2,2688,أَفْنان,afnān,ف-ن-ن,noun,Noun (Ism),,1,9,8,8,branches,ঘন শাখা পল্লব,ہری بھری ڈالیوں والے,दोनों बहुत शाख़ों वाले,bermacam-macam ragam,çeşitli ağaçları meyvaları,شاخه های گوناگون,types,55:48,https://quranicwords.vercel.app/quran-words/afnan-1fe863f2.html
wn_2031d925,2689,مُنْهَمِر,munhamir,ه-م-ر,noun,Active participle (Ism Fāʿil),,1,9,8,8,pouring down,মুষলধারে,برسن ے والا,ख़ूब बरसने वाले,tercurah,boşalan,بسیار ریزان,tombe à verse,54:11,https://quranicwords.vercel.app/quran-words/munhamir-2031d925.html
wn_2049632f,2690,مَعاش,maʿāsh,ع-ي-ش,noun,Noun (Ism),,1,9,8,8,livelihood,জীবিকা অর্জনের সময়,معاش کا وقت,मआश का वक़्त,penghidupan,geçim zamanı,مایۂ زندگی,temps pour acquérir des subsistances,78:11,https://quranicwords.vercel.app/quran-words/maash-2049632f.html
wn_211277b4,2691,صَيْف,ṣayf,ص-ي-ف,noun,Noun (Ism),,1,9,8,9,summer,গ্রীষ্মের,گرمی,गर्मा,musim panas,yaz,تابستان,été,106:2,https://quranicwords.vercel.app/quran-words/sayf-211277b4.html
wn_22399054,2692,هَلُوع,halūʿ,ه-ل-ع,noun,Noun (Ism),,1,9,8,9,anxious,অস্থির,بےصبرا,थुड़दिला,keluh-kesah,hırslı,آزمندِ ناشکیبا,très chagrin avec avarice,70:19,https://quranicwords.vercel.app/quran-words/halu-22399054.html
wn_2360a4a7,2693,مُسْتَبْصِر,mustabṣir,ب-ص-ر,noun,Active participle (Ism Fāʿil),,1,9,8,9,endowed with insight,কাণ্ডজ্ঞানসম্পন্ন বিচক্ষণ,ہوش رکھنے والے,बहुत देखने वाले,orang-orang yang berpandangan tajam,görenlerden,بینایان,capables d’apercevoir la réalité en réfléchissant,29:38,https://quranicwords.vercel.app/quran-words/mustabsir-2360a4a7.html
wn_237a4982,2694,مُبَرَّء,mubarraʾ,ب-ر-أ,noun,Passive participle (Ism Mafʿūl),,1,9,8,9,innocent,মুক্ত,پاک,मुबर्रा,orang-orang yang terlepas,uzaktırlar,مبرّا هستند,désavoués,24:26,https://quranicwords.vercel.app/quran-words/mubarra-237a4982.html
wn_23d373a7,2695,كادِح,kādiḥ,ك-د-ح,noun,Active participle (Ism Fāʿil),,1,9,8,9,laboring,পরিশ্রমকারী,محنت کرنے والا,मेहनत करने वाला,bekerja keras,çabalamaktasın,سخت کوشنده ای,quelqu’un qui travaille,84:6,https://quranicwords.vercel.app/quran-words/kadih-23d373a7.html
wn_23dccca7,2696,بَحِيرَة,baḥīrah,ب-ح-ر,noun,Noun (Ism),,1,9,8,10,Bahirah,বাহীরা,بحیرہ,बहीरह,bahirah,bahîre,بحیره ای,chamelle au lait réservé aux idoles,5:103,https://quranicwords.vercel.app/quran-words/bahirah-23dccca7.html
wn_23e2416a,2697,مُنقَعِر,munqaʿir,ق-ع-ر,noun,Active participle (Ism Fāʿil),,1,9,8,10,uprooted,উপড়ানো,جڑے سے کٹے ہوئے,जड़ से उखड़े हुए,tercabut,köklerinden sökülmüş,کنده اند,déracinés et tombés,54:20,https://quranicwords.vercel.app/quran-words/munqair-23e2416a.html
wn_2449619a,2698,مُقَدَّسَة,muqaddasah,ق-د-س,noun,Passive participle (Ism Mafʿūl),,1,9,8,10,Holy,পবিত্র,مقدس,मुक़द्दस,suci,Kutsal,مقدسی,sainte,5:21,https://quranicwords.vercel.app/quran-words/muqaddasah-2449619a.html
wn_247acf92,2699,مَآرِب,maʾārib,أ-ر-ب,noun,Noun (Ism),,1,9,8,10,uses,প্রয়োজনসমূহ,فائدے,फ़ायदे,keperluan,ihtiyaçlarım,نیاز های,usages,20:18,https://quranicwords.vercel.app/quran-words/maarib-247acf92.html
wn_247b18cf,2700,مُسْتَبِين,mustabīn,ب-ي-ن,noun,Active participle (Ism Fāʿil),,1,9,8,10,clear,স্পষ্ট,روشن,वाज़ेह,sangat jelas,açık ifadeli,روشن و رسا,Clair,37:117,https://quranicwords.vercel.app/quran-words/mustabin-247b18cf.html
wn_24ae124a,2701,سَرِيّ,sariyy,س-ر-ي,noun,Noun (Ism),,1,9,9,1,stream,এক ঝর্ণা,چشمہ,चश्मा,mengalir,su arkı,جوی آبی,ruisseau,19:24,https://quranicwords.vercel.app/quran-words/sariyy-24ae124a.html
wn_24d282ff,2702,ثَمانِين,thamānīn,ث-م-ن,noun,Noun (Ism),,1,9,9,1,eighty,আশি,اسی,अस्सी,delapan puluh,seksen,هشتاد,quatre-vingts,24:4,https://quranicwords.vercel.app/quran-words/thamanin-24d282ff.html
wn_24ef00c8,2703,تَبْصِرَة,tabṣirah,ب-ص-ر,noun,Verbal noun (Maṣdar),,1,9,9,1,Giving insight,দৃষ্টিপ্রসারণকারী,دکھانے,बतौर बसीरत,pemandangan,basirettir,مایۂ بینش,faire voir,50:8,https://quranicwords.vercel.app/quran-words/tabsirah-24ef00c8.html
wn_250040b0,2704,مُدْهامَّتان,mudhāmmatān,د-ه-م,noun,Active participle (Ism Fāʿil),,1,9,9,1,Dark green,ঘন সবুজ বাগান,نہایت سبز,दोनों गहरे सब्ज़,keduanya hijau tua,yemyeşildirler,دو باغ سر سبز سیه فام,Vert foncés,55:64,https://quranicwords.vercel.app/quran-words/mudhammatan-250040b0.html
wn_253a1f52,2705,صال,ṣāl,ص-ل-ي,noun,Active participle (Ism Fāʿil),,1,9,9,1,to burn,প্রবেশকারী,داخل ہونے والا,दाख़िल होने वाला,sampai,girecek,وارد شوندۂ,quelqu’un qui brûle,37:163,https://quranicwords.vercel.app/quran-words/sal-253a1f52.html
wn_254b867d,2706,مَخْذُول,makhdhūl,خ-ذ-ل,noun,Passive participle (Ism Mafʿūl),,1,9,9,2,forsaken,অসহায়,بےیارو مددگار ہوکر,बेयारो मददगार,terhina,yalnız başına bırakılmış olarak,بی یار مانده,abandonné,17:22,https://quranicwords.vercel.app/quran-words/makhdhul-254b867d.html
wn_25621473,2707,مُقِيت,muqīt,ق-و-ت,noun,Active participle (Ism Fāʿil),,1,9,9,2,Keeper,দৃষ্টিমান,حاضر,निगरान,Maha Kuasa,gözetip karşılığını verendir,توانا,puissant,4:85,https://quranicwords.vercel.app/quran-words/muqit-25621473.html
wn_256f8dfc,2708,تَغَيُّظ,taghayyuẓ,غ-ي-ظ,noun,Verbal noun (Maṣdar),,1,9,9,2,raging,ক্রোধের গর্জন,غضب,सख़्त ग़ुस्से की आवाज़,suara kemarahan,öfkesini,آوای خشم,fureur,25:12,https://quranicwords.vercel.app/quran-words/taghayyuz-256f8dfc.html
wn_265348b0,2709,يابِس,yābis,ي-ب-س,noun,Active participle (Ism Fāʿil),,1,9,9,2,dry,শুষ্ক,خشک,ख़ुश्क,biji yang kering,kuru,خشکی,chose sèche,6:59,https://quranicwords.vercel.app/quran-words/yabis-265348b0.html
wn_269d6d63,2710,حِجَج,ḥijaj,ح-ج-ج,noun,Noun (Ism),,1,9,9,2,years,বছর,سال,साल,tahun,yıl,سال,années,28:27,https://quranicwords.vercel.app/quran-words/hijaj-269d6d63.html
wn_26d2f1d9,2711,عِشْرُون,ʿishrūn,ع-ش-ر,noun,Noun (Ism),,1,9,9,3,twenty,বিশজন,بیس,बीस,duapuluh,yirmi,بیست کس,vingt,8:65,https://quranicwords.vercel.app/quran-words/ishrun-26d2f1d9.html
wn_275fc567,2712,زُرْق,zurq,ز-ر-ق,noun,Noun (Ism),,1,9,9,3,blue-eyed,নীল-চোখ বিশিষ্ট,نیلی آنکھوں والے,नीली आँखों वाले,mata kelabu,kör bir durumda,کبودرنگ,aux yeux bleus,20:102,https://quranicwords.vercel.app/quran-words/zurq-275fc567.html
wn_276ae3fc,2713,كَعْبَيْن,kaʿbayn,ك-ع-ب,noun,Noun (Ism),,1,9,9,3,ankles,দুই গিঁট,ٹخنوں,टख़नों तक,kedua mata-kaki,topuklara,دو قوزک,chevilles,5:6,https://quranicwords.vercel.app/quran-words/kabayn-276ae3fc.html
wn_2809e665,2714,قَتَر,qatar,ق-ت-ر,noun,Noun (Ism),,1,9,9,3,dust,কালিমা,سیاہی,स्याही,kehitaman,karalık,هیچ سیاهی,obscurité,10:26,https://quranicwords.vercel.app/quran-words/qatar-2809e665.html
wn_284344fb,2715,عَبُوس,ʿabūs,ع-ب-س,noun,Noun (Ism),,1,9,9,3,harsh,ভয়ংকর,منہ بنانے والا ہوگا,बहुत तेवरी चढ़ाने वाला,bermuka masam,suratsız,گرفته,cause les visages à se contracter,76:10,https://quranicwords.vercel.app/quran-words/abus-284344fb.html
wn_2844a34d,2716,بِغال,bighāl,ب-غ-ل,noun,Noun (Ism),,1,9,9,4,mules,খচ্চর,خچر,ख़च्चर,baghal,katırları,استران,mulets,16:8,https://quranicwords.vercel.app/quran-words/bighal-2844a34d.html
wn_28918d6d,2717,خالِيَة,khāliyah,خ-ل-و,noun,Active participle (Ism Fāʿil),,1,9,9,4,past,বিগত,گذشتہ,गुज़िशता,telah lalu,geçmiş,گذشته,passés,69:24,https://quranicwords.vercel.app/quran-words/khaliyah-28918d6d.html
wn_28d38f81,2718,غِلْظَة,ghilẓah,غ-ل-ظ,noun,Noun (Ism),,1,9,9,4,harshness,কঠোরতা,سختی,सख़्ती,kekuatan,katılık,درشتی,dureté,9:123,https://quranicwords.vercel.app/quran-words/ghilzah-28d38f81.html
wn_28e8eced,2719,كَوْثَر,kawthar,ك-ث-ر,noun,Noun (Ism),,1,9,9,4,Al-Kauthar,কাউসার,خیر کثیر,कौसर,nikmat yang banyak,Kevser'i,خیر کثیر,bien abondant,108:1,https://quranicwords.vercel.app/quran-words/kawthar-28e8eced.html
wn_291f9e4f,2720,ثُبَة,thubah,ث-ب-ي,noun,Noun (Ism),,1,9,9,4,groups,পৃথক দলে,دستوں,छोटे दस्तों,berkelompok-kelompok,bölük bölük,گروه گروه,groupes,4:71,https://quranicwords.vercel.app/quran-words/thubah-291f9e4f.html
wn_2955f9c1,2721,أَنكَر,ankar,ن-ك-ر,noun,Noun (Ism),,1,9,9,5,harshest,অধিক শ্রুতিকটু,سب سے زیادہ ناپسندیدہ,सबसे ज़्यादा नापसंदीदा,seburuk-buruk,en çirkini,ناپسند ترین,plus désagréable,31:19,https://quranicwords.vercel.app/quran-words/ankar-2955f9c1.html
wn_2956f3ca,2722,حَنِيذ,ḥanīdh,ح-ن-ذ,noun,Noun (Ism),,1,9,9,5,roasted,ভুনা,تلا ہوا,भुना हुआ,dipanggang,kızartılmış,بریان,rôti,11:69,https://quranicwords.vercel.app/quran-words/hanidh-2956f3ca.html
wn_295943d6,2723,نَفاد,nafād,ن-ف-د,noun,Noun (Ism),,1,9,9,5,depletion,শেষ,کم ہونا,कभी ख़त्म होना,habis,bitip tükenmesi,پایانی,épuisement,38:54,https://quranicwords.vercel.app/quran-words/nafad-295943d6.html
wn_29fe3ebc,2724,فَتًى,fatanā,ف-ت-ي,noun,Noun (Ism),,1,9,9,5,youth,এক যুবককেকে,نوجوان,नौजवान,seorang pemuda,genç,جوانی,jeune homme,21:60,https://quranicwords.vercel.app/quran-words/fatana-29fe3ebc.html
wn_2a81f9a6,2725,عِمارَة,ʿimārah,ع-م-ر,noun,Noun (Ism),,1,9,9,5,maintenance,রক্ষণাবেক্ষণ করা,آباد کرنا,आबाद करना,pengurus,imar etmeyi,آبادی کردن,maintien,9:19,https://quranicwords.vercel.app/quran-words/imarah-2a81f9a6.html
wn_2acfce5b,2726,كَشْف,kashf,ك-ش-ف,noun,Noun (Ism),,1,9,9,6,remove,দূর করতে,ہٹانے,दूर करने,menghilangkan,gidermeye,برداشتن,enlèvement,17:56,https://quranicwords.vercel.app/quran-words/kashf-2acfce5b.html
wn_2af52bb5,2727,ظَمْآن,ẓamʾān,ظ-م-أ,noun,Noun (Ism),,1,9,9,6,thirsty one,পিপাসার্ত লোক,پیاسا,सख़्त प्यासा,orang-orang yang dahaga,susayan,تشنه,assoiffé,24:39,https://quranicwords.vercel.app/quran-words/zaman-2af52bb5.html
wn_2b048e78,2728,صَعُود,ṣaʿūd,ص-ع-د,noun,Noun (Ism),,1,9,9,6,laborious punishment,কঠিন চড়াইয়ে,کٹھن چڑھائی,कठिन चढ़ाई,siksaan yang payah,dimdik bir yokuşa,دشواری,bouleversant,74:17,https://quranicwords.vercel.app/quran-words/saud-2b048e78.html
wn_2c431457,2729,نَقْب,naqb,ن-ق-ب,noun,Noun (Ism),,1,9,9,6,any penetration,ছিদ্র করতে,نقب لگانے,सूराख़ करने,membuat lubang,delmeye,سوراخ,perforation,18:97,https://quranicwords.vercel.app/quran-words/naqb-2c431457.html
wn_2c64d794,2730,مَفْتُون,maftūn,ف-ت-ن,noun,Passive participle (Ism Mafʿūl),,1,9,9,6,afflicted one,বিকারগ্রস্ত,فتنے میں پڑا ہو ا,फ़ितने में डाला हुआ,di uji,fitnelenmiştir,دیوانه اید,celui affligé de folie,68:6,https://quranicwords.vercel.app/quran-words/maftun-2c64d794.html
wn_2c9a9952,2731,مُلْقِيَة,mulqiyah,ل-ق-ي,noun,Active participle (Ism Fāʿil),,1,9,9,7,those who bring down,অতংপর জাগ্রতকারীদের,ڈالنے والیاں,डालने वाली,menyampaikan,bırakanlara,آنگاه القاء کنندگان اند,ensuite ceux qui envoient,77:5,https://quranicwords.vercel.app/quran-words/mulqiyah-2c9a9952.html
wn_2cc12ba3,2732,ناصِبَة,nāṣibah,ن-ص-ب,noun,Active participle (Ism Fāʿil),,1,9,9,7,exhausted,ক্লান্ত,محنت کرنے والے,थक जाने वाले,letih,yorulur,رنج کشیده,fatigués,88:3,https://quranicwords.vercel.app/quran-words/nasibah-2cc12ba3.html
wn_2d1b1381,2733,صَخْر,ṣakhr,ص-خ-ر,noun,Noun (Ism),,1,9,9,7,rocks,পাথর,چٹانوں,चट्टानों,batu-batu besar,kayaları,سنگ ها,rocher,89:9,https://quranicwords.vercel.app/quran-words/sakhr-2d1b1381.html
wn_2d2f4b0e,2734,تَتْرا,tatrā,و-ت-ر,noun,Noun (Ism),,1,9,9,7,succession,একের পর এক,پے در پے,पै- दर- पै,berturut-turut,ardı ardına,پیاپی,succession,23:44,https://quranicwords.vercel.app/quran-words/tatra-2d2f4b0e.html
wn_2d578f35,2735,مَقامِع,maqāmiʿ,ق-م-ع,noun,Noun (Ism),,1,9,9,7,hooked rods,মুগুরগুলো,گرز ہوں گے,गुर्ज़,cambuk-cambuk,kamçılar,گرزهایی,bâtons dont la tête est courbée,22:21,https://quranicwords.vercel.app/quran-words/maqami-2d578f35.html
wn_2d6e1e25,2736,خَبْء,khabʾ,خ-ب-أ,noun,Noun (Ism),,1,9,9,8,hidden,লুকায়িত বস্তুকে,چھپی چیز,छुपी चीज़,tersembunyi,gizleneni,نهان,ce qui est caché,27:25,https://quranicwords.vercel.app/quran-words/khab-2d6e1e25.html
wn_2d9df58a,2737,مُرْشِد,murshid,ر-ش-د,noun,Active participle (Ism Fāʿil),,1,9,9,8,guide,পথ প্রদর্শক,راہ نمائی کرنے والا,रहनुमाई करने वाला,memberi petunjuk,yol gösteren,راه نمایی,guide vers le droit chemin,18:17,https://quranicwords.vercel.app/quran-words/murshid-2d9df58a.html
wn_2dc71fb5,2738,خَصاصَة,khaṣāṣah,خ-ص-ص,noun,Noun (Ism),,1,9,9,8,poverty,অভাব অনটন,بھوک,सख़्त हाजत,kepapaan,ihtiyaçları,نیازمندی,pauvreté,59:9,https://quranicwords.vercel.app/quran-words/khasasah-2dc71fb5.html
wn_2e9f844e,2739,شَفْع,shafʿ,ش-ف-ع,noun,Noun (Ism),,1,9,9,8,even,শপথ জোড়ের,قسم ہے جفت,जुफ़्त,genap,çift'e,سوگند به جفت,pair,89:3,https://quranicwords.vercel.app/quran-words/shaf-2e9f844e.html
wn_2ea2e392,2740,تَمْهِيد,tamhīd,م-ه-د,noun,Verbal noun (Maṣdar),,1,9,9,8,ease,প্রচুর স্বচ্ছলতা,بچھونا,फैलाना,selapang-lapangnya,döşeyişle,چنان که باید,extension,74:14,https://quranicwords.vercel.app/quran-words/tamhid-2ea2e392.html
wn_2fc07f78,2741,مَوْزُون,mawzūn,و-ز-ن,noun,Passive participle (Ism Mafʿūl),,1,9,9,9,well-balanced,সুপরিমিত,موزوں,मोज़ूं,menurut ukuran,ölçülü mütenasib,سنجیده ای,équilibrée,15:19,https://quranicwords.vercel.app/quran-words/mawzun-2fc07f78.html
wn_2fe38088,2742,مُسْتَطَر,mustaṭar,س-ط-ر,noun,Passive participle (Ism Mafʿūl),,1,9,9,9,written down,লিখিত,لکھا ہوا,लिखा हुआ,tertulis,satır satır yazılmıştır,نوشته شده,écrit,54:53,https://quranicwords.vercel.app/quran-words/mustatar-2fe38088.html
wn_2fea05f2,2743,مَذْكُور,madhkūr,ذ-ك-ر,noun,Passive participle (Ism Mafʿūl),,1,9,9,9,mentioned,উল্লেখযোগ্য,قابل ذکر,क़ाबिले ज़िक्र,disebut,anılan,قابل ذکر,mentionnée,76:1,https://quranicwords.vercel.app/quran-words/madhkur-2fea05f2.html
wn_2fef0e79,2744,جُفاء,jufāʾ,ج-ف-أ,noun,Noun (Ism),,1,9,9,9,scum,অকেজো হয়ে,خشک ہو کر,नाकारा होकर,tak berharga,yok olup,خشکیده,ordure,13:17,https://quranicwords.vercel.app/quran-words/jufa-2fef0e79.html
wn_30d0af13,2745,مُسْتَغْفِر,mustaghfir,غ-ف-ر,noun,Active participle (Ism Fāʿil),,1,9,9,9,those who seek forgiveness,ক্ষমাপ্রার্থী,بخشش مانگنے والے,इस्तग़फ़ार करने वाले,orang-orang yang mohon ampun,istiğfar edenler,آمرزش خواهان,ceux qui demandent pardon,3:17,https://quranicwords.vercel.app/quran-words/mustaghfir-30d0af13.html
wn_30e19874,2746,صَعِق,ṣaʿiq,ص-ع-ق,noun,Noun (Ism),,1,9,9,10,unconscious,অজ্ঞান হয়ে,بےہوش ہوکر,बेहोश होकर,pingsan,düştü,بیهوش,foudroyé par le son,7:143,https://quranicwords.vercel.app/quran-words/saiq-30e19874.html
wn_317b28d2,2747,مُنفَكّ,munfakk,ف-ك-ك,noun,Active participle (Ism Fāʿil),,1,9,9,10,to be abandoned,বিরত,باز آنے والے,बाज़ आने वाले,melepaskan,bırakılacak,جداشونده,gens qui cessent,98:1,https://quranicwords.vercel.app/quran-words/munfakk-317b28d2.html
wn_31f825cc,2748,تَكْذِيب,takdhīb,ك-ذ-ب,noun,Verbal noun (Maṣdar),,1,9,9,10,denial,মিথ্যারোপে,جھٹلانے میں,झुठलाने में लगे हुए,kedustaan,yalanlama,تکذیب اند,démenti,85:19,https://quranicwords.vercel.app/quran-words/takdhib-31f825cc.html
wn_3203d1fe,2749,مُشَيَّدَة,mushayyadah,ش-ي-د,noun,Passive participle (Ism Mafʿūl),,1,9,9,10,lofty,সুদৃঢ়,پختہ,मज़बूत,kokoh,sağlam,سخت استوار,rendues hautes,4:78,https://quranicwords.vercel.app/quran-words/mushayyadah-3203d1fe.html
wn_3237db2e,2750,وَبِيل,wabīl,و-ب-ل,noun,Noun (Ism),,1,9,9,10,ruinous,শক্ত,سخت,सख़्त,berat,ağır,سخت,sévère,73:16,https://quranicwords.vercel.app/quran-words/wabil-3237db2e.html
wn_32a63e76,2751,رَمَضان,ramaḍān,ر-م-ض,noun,Proper noun,,1,9,10,1,Ramadhaan,রমাদান,رمضان,रमज़ान,Ramadhan,ramazan,رمضان,Ramadan,2:185,https://quranicwords.vercel.app/quran-words/ramadan-32a63e76.html
wn_32a78d7c,2752,مُؤَجَّل,muʾajjal,أ-ج-ل,noun,Passive participle (Ism Mafʿūl),,1,9,10,1,determined,নির্দিষ্ট সময়,مقررہ وقت,मुक़र्रर वक़्त,waktu tertentu,belirli bir süreye göre,مدت دار,déterminée,3:145,https://quranicwords.vercel.app/quran-words/muajjal-32a78d7c.html
wn_32cd0313,2753,زَكِيّ,zakiyy,ز-ك-و,noun,Noun (Ism),,1,9,10,1,pure,পবিত্র,پاکیزہ,पाकीज़ा,suci,tertemiz,پاکیزه,pure,19:19,https://quranicwords.vercel.app/quran-words/zakiyy-32cd0313.html
wn_32e5216f,2754,نَخِرَة,nakhirah,ن-خ-ر,noun,Noun (Ism),,1,9,10,1,decayed,গলিত,بوسیدہ,बोसीदा,hancur,çürümüş,پوسیده,miettes d’os,79:11,https://quranicwords.vercel.app/quran-words/nakhirah-32e5216f.html
wn_332c0253,2755,ظانّ,ẓānn,ظ-ن-ن,noun,Active participle (Ism Fāʿil),,1,9,10,1,assume,ধারণাকারী,گمان کرنے والے,गुमान करने वाले,berperasangka,zanda bulunan,گمان کننده اند,ont supposé,48:6,https://quranicwords.vercel.app/quran-words/zann-332c0253.html
wn_33360aba,2756,غارِم,ghārim,غ-ر-م,noun,Active participle (Ism Fāʿil),,1,9,10,2,for those in debt,ঋণগ্রস্তদের,قرض دار کے لیے,क़र्ज़दारों,orang-orang yang berhutang,borçlulara,امداران,endettés,9:60,https://quranicwords.vercel.app/quran-words/gharim-33360aba.html
wn_33642d8a,2757,وَسَط,wasaṭ,و-س-ط,noun,Noun (Ism),,1,9,10,2,middle way,মধ্যমপন্থী,وسط,वस्त,pertengahan,vasat,میانه,médiane,2:143,https://quranicwords.vercel.app/quran-words/wasat-33642d8a.html
wn_3373d557,2758,شُكْر,shukr,ش-ك-ر,noun,Noun (Ism),,1,9,10,2,gratitude,কৃতজ্ঞতা সহকারে,شکر کے طریقے,शुक्र करने के लिए,bersyukur,şükredin,شکر,gratitude,34:13,https://quranicwords.vercel.app/quran-words/shukr-3373d557.html
wn_3381ca24,2759,أَشَقّ,ashaqq,ش-ق-ق,noun,Noun (Ism),,1,9,10,2,harder,কঠোরতর,زیادہ سخت,ज़्यादा सख़्त,lebih berat,daha zordur,سخت تر,plus dur,13:34,https://quranicwords.vercel.app/quran-words/ashaqq-3381ca24.html
wn_33c33695,2760,مَغْشِيّ,maghshiyy,غ-ش-و,noun,Passive participle (Ism Mafʿūl),,1,9,10,2,one fainting,ছেয়ে গেছে,بےہوشی طاری,ग़शी तारी हो गई,pingsan,baygınlık çökmüş,بیهوش گشته,celui qui est couvert d’inconscience,47:20,https://quranicwords.vercel.app/quran-words/maghshiyy-33c33695.html
wn_341e592d,2761,مَثُلَة,mathulah,م-ث-ل,noun,Noun (Ism),,1,9,10,3,similar punishments,শিক্ষামূলক দৃষ্টান্তসমূহ,عبرت ناک مثالیں,इबरतनाक मिसालें,beberapa contoh,benzerleri,کیفرهای,punitions exemplaires,13:6,https://quranicwords.vercel.app/quran-words/mathulah-341e592d.html
wn_3435489a,2762,حِجّ,ḥijj,ح-ج-ج,noun,Noun (Ism),,1,9,10,3,pilgrimage,হজ্জ করা,حج کرنا,हज करना,berhaji,haccetmesi,آهنگ,Ḥajj,3:97,https://quranicwords.vercel.app/quran-words/hijj-3435489a.html
wn_343a3002,2763,شُواظ,shūẓ,ش-و-ظ,noun,Noun (Ism),,1,9,10,3,flame,শিখা,شعلہ,शोला,nyala,yalın alev,زبانه ای,flamme,55:35,https://quranicwords.vercel.app/quran-words/shuz-343a3002.html
wn_346eae09,2764,صَفْصَف,ṣafṣaf,ص-ف-ص-ف,noun,Noun (Ism),,1,9,10,3,plain,মসৃণ ময়দানে,چٹیل,चटियल बनाकर,tanah datar,boş dümdüz,هموار,plat,20:106,https://quranicwords.vercel.app/quran-words/safsaf-346eae09.html
wn_3478c6da,2765,هارُوت,hārūt,,noun,Proper noun,,1,9,10,3,Harut,হারুত,ہاروت,हारूत,Harut,Harut,هاروت,Hâroût,2:102,https://quranicwords.vercel.app/quran-words/harut-3478c6da.html
wn_3494ab4d,2766,غَدَق,ghadaq,غ-د-ق,noun,Noun (Ism),,1,9,10,4,abundance,প্রচুর,وافر,वाफ़र,melimpah,bol,فراوان,en grande quantité,72:16,https://quranicwords.vercel.app/quran-words/ghadaq-3494ab4d.html
wn_34a96261,2767,صَعَد,ṣaʿad,ص-ع-د,noun,Noun (Ism),,1,9,10,4,severe,দুঃসহ,سخت,सख़्त,sukar,alt eden,سخت,bouleversant,72:17,https://quranicwords.vercel.app/quran-words/saad-34a96261.html
wn_34abf8af,2768,مُنشَآت,munshaʾāt,ن-ش-أ,noun,Passive participle (Ism Mafʿūl),,1,9,10,4,elevated,উঁচু উঁচু,اونچے اٹھے ہوئے,ऊँचे उठने वाले,timbul,inşa edilmiş,بلند بادبان برافراشته,élevées,55:24,https://quranicwords.vercel.app/quran-words/munshaat-34abf8af.html
wn_34b8e63b,2769,زُرّاع,zurrāʿ,ز-ر-ع,noun,Noun (Ism),,1,9,10,4,sowers,চাষীদেরকে,کاشت کاروں,काश्तकारों,penanam-penanam,ekincilerin,برزگران,semeurs,48:29,https://quranicwords.vercel.app/quran-words/zurra-34b8e63b.html
wn_34f1c1de,2770,مُعَقِّب,muʿaqqib,ع-ق-ب,noun,Active participle (Ism Fāʿil),,1,9,10,4,adjuster,প্রতিহতকারী,لوٹانے والا,नहीं कोई पीछा करने वाला,dapat menolak,iptal edecek,هیچ پی گیرنده ای,successeur,13:41,https://quranicwords.vercel.app/quran-words/muaqqib-34f1c1de.html
wn_3535e963,2771,مَأْتِيّ,maʾtiyy,أ-ت-ي,noun,Passive participle (Ism Mafʿūl),,1,9,10,5,sure to come,অবশ্যম্ভাবী,آنے والا,आया हुआ,akan datang,yerine gelecektir,آمدنی,venante,19:61,https://quranicwords.vercel.app/quran-words/matiyy-3535e963.html
wn_3543b242,2772,حامِد,ḥāmid,ح-م-د,noun,Active participle (Ism Fāʿil),,1,9,10,5,those who praise,প্রশংসাকারী,تعریف کرنے والے,हम्द करने वाले,orang-orang yang memuji,hamdedenler,ستایندگان اند,complimentent,9:112,https://quranicwords.vercel.app/quran-words/hamid-3543b242.html
wn_3572f068,2773,مُنَزَّل,munazzal,ن-ز-ل,noun,Passive participle (Ism Mafʿūl),,1,9,10,5,sent down,অবতীর্ণ হয়েছে,نازل کردہ,नाज़िल करदा,diturunkan,indirilmiştir,فروفرستاده شده ای,descendu,6:114,https://quranicwords.vercel.app/quran-words/munazzal-3572f068.html
wn_35b61b0f,2774,صَنْعَة,ṣanʿah,ص-ن-ع,noun,Noun (Ism),,1,9,10,5,making,শিল্প,بنانا,बनाना,membuat,yapmayı,ساختن,fabrication,21:80,https://quranicwords.vercel.app/quran-words/sanah-35b61b0f.html
wn_367d726c,2775,مَهْزُوم,mahzūm,ه-ز-م,noun,Passive participle (Ism Mafʿūl),,1,9,10,5,defeated,পরাজিত হবে,شکست کھانے والا,शिकस्त खाने वाला,dibinasakan,bozguna uğratılacak,شکست خورده اند,vaincue,38:11,https://quranicwords.vercel.app/quran-words/mahzum-367d726c.html
wn_3684cba9,2776,فاصِل,fāṣil,ف-ص-ل,noun,Active participle (Ism Fāʿil),,1,9,10,6,Deciders,মীমাংসাকারী,فیصلہ کرنے والوں,सब फ़ैसला करने वालों,pemberi keputusan,ayırdedenlerin,داوران,juges,6:57,https://quranicwords.vercel.app/quran-words/fasil-3684cba9.html
wn_36a7c1a6,2777,زَكِيَّة,zakiyyah,ز-ك-و,noun,Noun (Ism),,1,9,10,6,pure,নিষ্পাপ,معصوم,पाक थी,suci,tertemiz,پاکی,pure,18:74,https://quranicwords.vercel.app/quran-words/zakiyyah-36a7c1a6.html
wn_36c9a418,2778,دَأَب,daʾab,د-أ-ب,noun,Noun (Ism),,1,9,10,6,as usual,একটানা,متواتر,मुतावातिर,seperti biasa,âdetiniz üzere,پی در پی به عادت,habituelle,12:47,https://quranicwords.vercel.app/quran-words/daab-36c9a418.html
wn_36febdcc,2779,دَلِيل,dalīl,د-ل-ل,noun,Noun (Ism),,1,9,10,6,indication,প্রমাণ,نشانی,दलील,bukti,delil,راهنما,preuve,25:45,https://quranicwords.vercel.app/quran-words/dalil-36febdcc.html
wn_3737ef9e,2780,حاجّ,ḥājj,ح-ج-ج,noun,Active participle (Ism Fāʿil),,1,9,10,6,pilgrims,হাজ্বীদের,حاجیوں,हाजियों,orang-orang yang mengerjakan haji,hacılara,حاجیان,pèlerin,9:19,https://quranicwords.vercel.app/quran-words/hajj-3737ef9e.html
wn_37d2b928,2781,جَنِيّ,janiyy,ج-ن-ي,noun,Noun (Ism),,1,9,10,7,ripe,তাজা,تروتازہ,तरो-ताज़ा,buah,taze,تازۂ چیده,mûres,19:25,https://quranicwords.vercel.app/quran-words/janiyy-37d2b928.html
wn_37d87355,2782,سُرُور,surūr,س-ر-ر,noun,Noun (Ism),,1,9,10,7,happiness,আনন্দ,خوشی,ख़ुशी,kegembiraan,sevinç,شادمانی,heureuseté,76:11,https://quranicwords.vercel.app/quran-words/surur-37d87355.html
wn_37e7f82a,2783,سَمّ,samm,س-م-م,noun,Noun (Ism),,1,9,10,7,eye,ছিদ্রের,ناکے,नाके,lubang,deliği,سوراخ,chas,7:40,https://quranicwords.vercel.app/quran-words/samm-37e7f82a.html
wn_380cf1b0,2784,مَفَرّ,mafarr,ف-ر-ر,noun,Noun (Ism),,1,9,10,7,escape,পালাবার জায়গা,فرار کی جگہ,फ़रार की जगह,tempat lari,kaçacak yer,گریزگاه,endroit où s’enfuir,75:10,https://quranicwords.vercel.app/quran-words/mafarr-380cf1b0.html
wn_381aa499,2785,سارِب,sārib,س-ر-ب,noun,Active participle (Ism Fāʿil),,1,9,10,7,or goes freely,বিচরণকারী,چلنے والا,चलने वाला,berjalan,görünendir,رونده,quelqu’un qui part,13:10,https://quranicwords.vercel.app/quran-words/sarib-381aa499.html
wn_3834e353,2786,بَنّاء,bannāʾ,ب-ن-ي,noun,Noun (Ism),,1,9,10,8,builder,স্হপতি,معمار,मेअमार,ahli bangunan,bina ustasını,بنا,grand constructeur,38:37,https://quranicwords.vercel.app/quran-words/banna-3834e353.html
wn_385cbc94,2787,ثَرَى,tharā,ث-ر-ي,noun,Noun (Ism),,1,9,10,8,soil,সিক্ত মাটির,زمین,गीली मिट्टी,tanah,toprağın,خاک نمناک,terre humide,20:6,https://quranicwords.vercel.app/quran-words/thara-385cbc94.html
wn_389dda87,2788,مَنُوع,manūʿ,م-ن-ع,noun,Noun (Ism),,1,9,10,8,withholding,কৃপণ,بخل کرنے لگتا,बहुत रोकने वाला,menahan,eli sıkıdır,باز می‌دارد و بخل می ورزد,quelqu’un qui refuse beaucoup,70:21,https://quranicwords.vercel.app/quran-words/manu-389dda87.html
wn_38cf8121,2789,رِيبَة,rībah,ر-ي-ب,noun,Noun (Ism),,1,9,10,8,doubt,সন্দেহের কারণ,شک کا سبب,शक का सबब,keraguan,kuşku olmaktan,مایه تردید,doute,9:110,https://quranicwords.vercel.app/quran-words/ribah-38cf8121.html
wn_38e92d77,2790,مَسْجُور,masjūr,س-ج-ر,noun,Passive participle (Ism Mafʿūl),,1,9,10,8,filled,উত্তাল,موجزن,भड़काया हुआ,mendidih,kaynatılmış,برافروخته,enflammée,52:6,https://quranicwords.vercel.app/quran-words/masjur-38e92d77.html
wn_3963e9a0,2791,شِتاء,shitāʾ,ش-ت-و,noun,Noun (Ism),,1,9,10,9,winter,শীতের,سردی,सर्दी,dimusim dingin,kış,زمستان,hiver,106:2,https://quranicwords.vercel.app/quran-words/shita-3963e9a0.html
wn_39a0ba52,2792,تَعَفُّف,taʿaffuf,ع-ف-ف,noun,Verbal noun (Maṣdar),,1,9,10,9,restraint,না চাওয়ার,خودداری,बचने की वजह,meminta-minta,utangaçlıklarından,شدت عفت ورزی,abstinence,2:273,https://quranicwords.vercel.app/quran-words/taaffuf-39a0ba52.html
wn_39e593fd,2793,مُصَّدِّقَة,muṣṣaddiqah,ص-د-ق,noun,Active participle (Ism Fāʿil),,1,9,10,9,women who give charity,দানশীল নারীরা,صدقہ کرنے والی عورتیں,सदक़ा करने वाली औरतें,orang-orang perempuan yang benar,sadaka veren kadınlar,زنان صدقه دهنده,femmes qui sont très charitables,57:18,https://quranicwords.vercel.app/quran-words/mussaddiqah-39e593fd.html
wn_39f78ced,2794,صَرْعَى,ṣarʿā,ص-ر-ع,noun,Noun (Ism),,1,9,10,9,fallen,পড়ে থাকা,گرے ہوئے,पछाड़े हुए,mati bergelimpangan,serilmiş,پای افتاده,tombés,69:7,https://quranicwords.vercel.app/quran-words/sara-39f78ced.html
wn_3a16ed3e,2795,وَجِل,wajil,و-ج-ل,noun,Noun (Ism),,1,9,10,9,afraid,আতঙ্কিত,ڈرنے والے,ख़ौफ़ज़दा,khawatir,korkuyoruz,تر سانیم,effrayés,15:52,https://quranicwords.vercel.app/quran-words/wajil-3a16ed3e.html
wn_3a47cabf,2796,شاخِصَة,shākhiṣah,ش-خ-ص,noun,Active participle (Ism Fāʿil),,1,9,10,10,staring,বিস্ফোরিত হবে,کھلی کی کھلی رہ جائیں گی,खली की खुली रह जाऐंगी,terbelalak,donup kalır,خیره گردد,figées,21:97,https://quranicwords.vercel.app/quran-words/shakhisah-3a47cabf.html
wn_3b0f73f0,2797,وادِي,wādī,و-د-ي,noun,Noun (Ism),,1,9,10,10,valley,উপত্যকা,وادی,वादी,suatu lembah,vadiyi,هیچ سرزمینی,vallée,9:121,https://quranicwords.vercel.app/quran-words/wadi-3b0f73f0.html
wn_3b548f0b,2798,غافِلَة,ghāfilah,غ-ف-ل,noun,Active participle (Ism Fāʿil),,1,9,10,10,unaware women,সাদাসিধা,بےخبر,बेख़बर,wanita yang jujur,şeyden habersiz,بی خبر,inaverties,24:23,https://quranicwords.vercel.app/quran-words/ghafilah-3b548f0b.html
wn_3b986772,2799,دَعّ,daʿʿ,د-ع-ع,noun,Verbal noun (Maṣdar),,1,9,10,10,thrust,জোর ধাক্কা,دھکے مارنا,सख़्त ढकेले जाना,sungguh-sungguh di dorong,sürüklenerek,راندنِ به سختی,jet violent,52:13,https://quranicwords.vercel.app/quran-words/da-3b986772.html
wn_3bdb5f9d,2800,جَذْوَة,jadhwah,ج-ذ-و,noun,Noun (Ism),,1,9,10,10,burning wood,জ্বলন্ত অঙ্গার,انگارہ,अँगारा,bara,kor,پاره ای,torche épaisse,28:29,https://quranicwords.vercel.app/quran-words/jadhwah-3bdb5f9d.html
wn_3bf32b82,2801,مَغارَة,maghārah,غ-و-ر,noun,Noun (Ism),,1,9,11,1,caves,গুহা,کھوہ,ग़ार,gua-gua,mağaralar,نهانگاه هایی,cavernes,9:57,https://quranicwords.vercel.app/quran-words/magharah-3bf32b82.html
wn_3cac5a8e,2802,أَطْوار,aṭwār,ط-و-ر,noun,Noun (Ism),,1,9,11,1,stages,পর্যায়ক্রমে,طرح طرح,मुख़्तलिफ़ मरहलों,beberapa tingkatan,aşama aşama,گونه گون,étapes,71:14,https://quranicwords.vercel.app/quran-words/atwar-3cac5a8e.html
wn_3cbd5862,2803,مَقْطُوع,maqṭūʿ,ق-ط-ع,noun,Passive participle (Ism Mafʿūl),,1,9,11,1,would be cut off,কেটে ফেলা হবে,کاٹ دی جائے گی,काटदी जाएगी,dipotong,kesilecektir,بریده شده,éliminé,15:66,https://quranicwords.vercel.app/quran-words/maqtu-3cbd5862.html
wn_3d254677,2804,مُسَخَّر,musakhkhar,س-خ-ر,noun,Passive participle (Ism Mafʿūl),,1,9,11,1,controlled,নিয়ন্ত্রিত,مسخر کیے گئے,मुसख़्ख़र किए गए,dikendalikan,emre hazır bekleyen,رام شده,rendus soumis,2:164,https://quranicwords.vercel.app/quran-words/musakhkhar-3d254677.html
wn_3d41dcaf,2805,تَكْلِيم,taklīm,ك-ل-م,noun,Verbal noun (Maṣdar),,1,9,11,1,conversation,কথাবার্তা,کلام کرنا,कलाम करना,pembicaraan,sözle,سخنی,fait de parler,4:164,https://quranicwords.vercel.app/quran-words/taklim-3d41dcaf.html
wn_3d6e162e,2806,تَخْفِيف,takhfīf,خ-ف-ف,noun,Verbal noun (Maṣdar),,1,9,11,2,concession,লাঘব,رعایت,तख़्फ़ीफ़,keringanan,hafifletme,تخفیفی,allègement,2:178,https://quranicwords.vercel.app/quran-words/takhfif-3d6e162e.html
wn_3dbfd3cc,2807,هَيْتَ,hayta,ه-ي-ت,noun,Noun (Ism),,1,9,11,2,Come on,চলে এসো,آجاؤ,आ जाओ तुम,kemarilah,haydi gelsene,پیش آی,Viens,12:23,https://quranicwords.vercel.app/quran-words/hayta-3dbfd3cc.html
wn_3def7e31,2808,شامِخَة,shāmikhah,ش-م-خ,noun,Noun (Ism),,1,9,11,2,lofty,সুদৃৃঢ় উচ্চ,بلند,बुलन्द व बाला,tinggi,yüksek yüksek,بلند از,hautes,77:27,https://quranicwords.vercel.app/quran-words/shamikhah-3def7e31.html
wn_3e133b95,2809,مَحْمُود,maḥmūd,ح-م-د,noun,Passive participle (Ism Mafʿūl),,1,9,11,2,praiseworthy,প্রশংসিত,محمود,महमूद,terpuji,güzel,پسندیده,digne de compliments,17:79,https://quranicwords.vercel.app/quran-words/mahmud-3e133b95.html
wn_3ed5f764,2810,حَرَس,ḥaras,ح-ر-س,noun,Noun (Ism),,1,9,11,2,guards,পাহারাদারে,چوکیداروں,पहरेदारों,penjagaan,bekçilerle,نگهبانان,gardes,72:8,https://quranicwords.vercel.app/quran-words/haras-3ed5f764.html
wn_3f876a27,2811,أَبْتَر,abtar,ب-ت-ر,noun,Noun (Ism),,1,9,11,3,one cut off,নির্বংশ,جڑ کٹا,जड़ कटा,terputus,sonu kesik olandır,بی دنباله,celui qui est isolé,108:3,https://quranicwords.vercel.app/quran-words/abtar-3f876a27.html
wn_3f943612,2812,عِفْرِيت,ʿifrīt,ع-ف-ر,noun,Noun (Ism),,1,9,11,3,strong one,এক শক্তিশালী জিন,دیو,देव,ifrit,ifrit,قهرمانی,puissant maléfique,27:39,https://quranicwords.vercel.app/quran-words/ifrit-3f943612.html
wn_3fb9e765,2813,سَبُع,sabuʿ,س-ب-ع,noun,Noun (Ism),,1,9,11,3,wild animal,হিংস্র পশুতে,درندے,दरिन्दा,binatang buas,canavarın,درندگان,bête féroce,5:3,https://quranicwords.vercel.app/quran-words/sabu-3fb9e765.html
wn_3fda6915,2814,ذُلُل,dhulul,ذ-ل-ل,noun,Noun (Ism),,1,9,11,3,made smooth,সহজ,ہموار,हमवार,merendahkan diri,boyun eğerek,رام و فرمانبردار,simples,16:69,https://quranicwords.vercel.app/quran-words/dhulul-3fda6915.html
wn_3fdd0941,2815,ثَمانِي,thamānī,ث-م-ن,noun,Noun (Ism),,1,9,11,3,eight,আট,آٹھ,आठ,delapan,sekiz,هشت,huit,28:27,https://quranicwords.vercel.app/quran-words/thamani-3fdd0941.html
wn_4014b1e9,2816,صَفْوان,ṣafwān,ص-ف-و,noun,Noun (Ism),,1,9,11,4,smooth rock,একটি পাথরের মসৃণ,چکنے پتھر کے,चिकने पत्थर के,batu licin,şu kayaya,سنگی صاف,rocher,2:264,https://quranicwords.vercel.app/quran-words/safwan-4014b1e9.html
wn_4059b02f,2817,مُزْجاة,muzjāh,ز-ج-و,noun,Passive participle (Ism Mafʿūl),,1,9,11,4,little value,অল্প পরিমাণ,حقیر سی,हक़ीर,tak berharga,değersiz,ناچیز,a peu de qualité,12:88,https://quranicwords.vercel.app/quran-words/muzjah-4059b02f.html
wn_410cb285,2818,تَقْوِيم,taqwīm,ق-و-م,noun,Verbal noun (Maṣdar),,1,9,11,4,mould,গঠনে,ساخت,बेहतरीन साख़्त,bentuk,biçimde,ساختار,forme,95:4,https://quranicwords.vercel.app/quran-words/taqwim-410cb285.html
wn_415300c8,2819,صَدَفَيْن,ṣadafayn,ص-د-ف,noun,Noun (Ism),,1,9,11,4,two cliffs,পাহাড়ের ফাঁকা জায়গা দুই,دو کناروں,दो पहाड़ों के ख़ला,kedua pinggir,iki dağın,دو کوه,deux côtés des deux montagnes,18:96,https://quranicwords.vercel.app/quran-words/sadafayn-415300c8.html
wn_415c2028,2820,فارِه,fārih,ف-ر-ه,noun,Active participle (Ism Fāʿil),,1,9,11,4,skillfully,সাথে নৈপুণ্যের,خوشی,ख़ूब माहिर बनकर,dengan rajin,ustalıkla,ماهرانه؟,habiles,26:149,https://quranicwords.vercel.app/quran-words/farih-415c2028.html
wn_418ad3f3,2821,حُنَيْن,ḥunayn,,noun,Proper noun,,1,9,11,5,Hunain,হুনায়নের,حنین,हुनैन के दिन,Hunain,Huneyn,حنین,Ḥunayn,9:25,https://quranicwords.vercel.app/quran-words/hunayn-418ad3f3.html
wn_41bac503,2822,مَكْظُوم,makẓūm,ك-ظ-م,noun,Passive participle (Ism Mafʿūl),,1,9,11,5,distressed,বিষণ্ণ ছিল,غم سے بھرا ہوا تھا,ग़म से भरा हुआ था,amat marah,sıkıntıdan yutkunarak,پر اندوه بود,restreint,68:48,https://quranicwords.vercel.app/quran-words/makzum-41bac503.html
wn_41bf4278,2823,مَوْضُوعَة,mawḍūʿah,و-ض-ع,noun,Passive participle (Ism Mafʿūl),,1,9,11,5,put in place,সুসজ্জিত,رکھے ہوئے,रखे हुए,terletak,konulmuş,نهاده شده,placés,88:14,https://quranicwords.vercel.app/quran-words/mawduah-41bf4278.html
wn_41f0fb9e,2824,تَناد,tanād,ن-د-ي,noun,Verbal noun (Maṣdar),,1,9,11,5,Calling,আর্তনাদের,پکارنے,दूसरे को पुकारने के दिन,panggil-memanggil,çağırma,ندا کردن یکدیگر,Appel,40:32,https://quranicwords.vercel.app/quran-words/tanad-41f0fb9e.html
wn_420f52df,2825,نَظِرَة,naẓirah,ن-ظ-ر,noun,Noun (Ism),,1,9,11,5,postponement,অবসর তবে দেবে,مہلت دیتا,मोहलत देना,berilah tangguh,beklemek,مهلتی,répit,2:280,https://quranicwords.vercel.app/quran-words/nazirah-420f52df.html
wn_4232cdcc,2826,إِشْراق,ishrāq,ش-ر-ق,noun,Verbal noun (Maṣdar),,1,9,11,6,sunrise,সকালে,صبح,सुबह,pagi,sabah,بامداد,matin,38:18,https://quranicwords.vercel.app/quran-words/ishraq-4232cdcc.html
wn_423f2c21,2827,مُقْتَرِف,muqtarif,ق-ر-ف,noun,Active participle (Ism Fāʿil),,1,9,11,6,committing,অপকর্ম করছে,کمانے والے,कमाई करने वाले,orang-orang yang mengerjakan,işledikleri suçları,مرتکب شوندگانند,gens qui commettent,6:113,https://quranicwords.vercel.app/quran-words/muqtarif-423f2c21.html
wn_4256b06d,2828,طَلّ,ṭall,ط-ل-ل,noun,Noun (Ism),,1,9,11,6,drizzle,সামান্য তবে বৃষ্টিই,شبنم ہی سہی,फुहार,hujan gerimis,çisinti olur,بارانی نرم,rosée,2:265,https://quranicwords.vercel.app/quran-words/tall-4256b06d.html
wn_42b82a7a,2829,زَيْتُونَة,zaytūnah,ز-ي-ت,noun,Noun (Ism),,1,9,11,6,olive,যয়তুনের,زیتون,ज़ैतून,pohon zaitun,zeytin,زیتون,olivier,24:35,https://quranicwords.vercel.app/quran-words/zaytunah-42b82a7a.html
wn_42bd074b,2830,أَخْضَر,akhḍar,خ-ض-ر,noun,Noun (Ism),,1,9,11,6,green,সবুজ,سبز,सरसबज़ दरख़्त,hijau,yeşil,سبز,vert,36:80,https://quranicwords.vercel.app/quran-words/akhdar-42bd074b.html
wn_4313f0b8,2831,تَفاوُت,tafāwut,ف-و-ت,noun,Verbal noun (Maṣdar),,1,9,11,7,fault,অসঙ্গতি,نقص,ख़लल,tidak seimbang,aykırılık uygunsuzluk,ناهماهنگی,inégalité,67:3,https://quranicwords.vercel.app/quran-words/tafawut-4313f0b8.html
wn_435fb4e4,2832,مَرْضِيّ,marḍiyy,ر-ض-و,noun,Passive participle (Ism Mafʿūl),,1,9,11,7,pleasing,প্রিয়পাত্র,پسندیدہ,पसंदीदा,seorang yang diridhai,beğenilmişlerden,پسندیده,quelqu’un qui rend satisfait,19:55,https://quranicwords.vercel.app/quran-words/mardiyy-435fb4e4.html
wn_43bf41ab,2833,جُودِيّ,jūdiyy,ج-و-د,noun,Proper noun,,1,9,11,7,Judi,জুদী,جودی,जूदी,bukit Judi,Cudi'nin,جودی,Djoudi,11:44,https://quranicwords.vercel.app/quran-words/judiyy-43bf41ab.html
wn_43c3d34c,2834,أَفْصَح,afṣaḥ,ف-ص-ح,noun,Noun (Ism),,1,9,11,7,more eloquent,অধিক বাকপটু,زیادہ فصیح,ज़्यादा फ़सीह,lebih fasih,daha fasihtir,فصیح تر,plus éloquent,28:34,https://quranicwords.vercel.app/quran-words/afsah-43c3d34c.html
wn_44a40562,2835,مُفَتَّحَة,mufattaḥah,ف-ت-ح,noun,Passive participle (Ism Mafʿūl),,1,9,11,7,opened,খোলা,کھلے ہوئے,खुले होंगे,terbuka,açılmış,گشوده,ouvertes,38:50,https://quranicwords.vercel.app/quran-words/mufattahah-44a40562.html
wn_44d2ad5c,2836,أَجْدَر,ajdar,ج-د-ر,noun,Noun (Ism),,1,9,11,8,more likely,বেশি উপযুক্ত,زیادہ قریب,ज़्यादा लायक़,lebih wajar,daha müsaittirler,سزاوارترند,plus disposés,9:97,https://quranicwords.vercel.app/quran-words/ajdar-44d2ad5c.html
wn_44f82538,2837,نَمْلَة,namlah,ن-م-ل,noun,Noun (Ism),,1,9,11,8,ant,এক পিঁপড়ে,چیونٹی,चींटी,seekor semut,karınca,مورچه ای,fourmille,27:18,https://quranicwords.vercel.app/quran-words/namlah-44f82538.html
wn_450fb848,2838,حُسُوم,ḥusūm,ح-س-م,noun,Noun (Ism),,1,9,11,8,succession,ক্রমাগত,پے درپے,मुसलसल,terus menerus,ardı ardına,پی درپی,consécutivement,69:7,https://quranicwords.vercel.app/quran-words/husum-450fb848.html
wn_452c6f44,2839,كَبَد,kabad,ك-ب-د,noun,Noun (Ism),,1,9,11,8,hardship,কষ্টের,محنت,मशक़्क़त,susah payah,zorluk,رنج,complication,90:4,https://quranicwords.vercel.app/quran-words/kabad-452c6f44.html
wn_454eda12,2840,مَيْسَرَة,maysarah,ي-س-ر,noun,Noun (Ism),,1,9,11,8,ease,সচ্ছলতা,آسانی,आसानी तक,kelapangan,kolaylığa,گشا یشی,temps avec beaucoup de facilité,2:280,https://quranicwords.vercel.app/quran-words/maysarah-454eda12.html
wn_458e39d9,2841,مَوْءُدَة,mawʾudah,و-أ-د,noun,Passive participle (Ism Mafʿūl),,1,9,11,9,female infant buried alive,জীবন্ত কবর দেয়া কন্যাকে,زندہ گاڑی ہوئی لڑکی,ज़िन्दा गाड़ी हुई लड़की,bayi perempuan dikubur hidup-hidup,diri diri toprağa gömülen kıza,دختر زنده به گور,fillette enterrée vivante,81:8,https://quranicwords.vercel.app/quran-words/mawudah-458e39d9.html
wn_45a2c0a4,2842,تَنكِيل,tankīl,ن-ك-ل,noun,Verbal noun (Maṣdar),,1,9,11,9,punishment,শাস্তি দানে,عبرت ناک سزا,इबरतनाक सज़ा देने,keras,cezası,کیفرتر,châtiment exemplaire,4:84,https://quranicwords.vercel.app/quran-words/tankil-45a2c0a4.html
wn_4609b8fe,2843,غَرْبِيّ,gharbiyy,غ-ر-ب,noun,Noun (Ism),,1,9,11,9,western,পশ্চিম,مغربی,मग़रिबी जानिब,barat,batı,غربی,ouest,28:44,https://quranicwords.vercel.app/quran-words/gharbiyy-4609b8fe.html
wn_468d5e33,2844,سِينِين,sīnīn,,noun,Proper noun,,1,9,11,9,Sinai,সিনাই,سینا,तूरे सीना,Sinai,sina,سینا,Sinaï,95:2,https://quranicwords.vercel.app/quran-words/sinin-468d5e33.html
wn_46dd19e8,2845,زَرابِيّ,zarābiyy,ز-ر-ب,noun,Noun (Ism),,1,9,11,9,carpets,গালিচা,مسندیں,नफ़ीस क़ालीन,permadani,halılar,فرش هایی,tapis,88:16,https://quranicwords.vercel.app/quran-words/zarabiyy-46dd19e8.html
wn_4798c81b,2846,حَلّاف,ḥallāf,ح-ل-ف,noun,Noun (Ism),,1,9,11,10,habitual swearer,অত্যাধিক শপথকারী,قسمیں کھانے والے,बहुत क़समें खाने वाले,banyak bersumpah,yemin edip duran,سوگند پیشۂ,être qui jure beaucoup,68:10,https://quranicwords.vercel.app/quran-words/hallaf-4798c81b.html
wn_47b3457c,2847,كِفات,kifāt,ك-ف-ت,noun,Verbal noun (Maṣdar),,1,9,11,10,receptacle,ধারণকারী রূপে,جمع کرنے والی,समेटने वाली,tempat berkumpul,toplanma yeri,دربر گیرنده,vaisseau,77:25,https://quranicwords.vercel.app/quran-words/kifat-47b3457c.html
wn_47b40f83,2848,حَنان,ḥanān,ح-ن-ن,noun,Noun (Ism),,1,9,11,10,affection,হৃদয়ের কোমলতা,نرم دلی,नर्म दिली,rasa belas kasihan,rahmet,ومِهری,affection,19:13,https://quranicwords.vercel.app/quran-words/hanan-47b40f83.html
wn_47ceedd4,2849,أَجِنَّة,ajinnah,ج-ن-ن,noun,Noun (Ism),,1,9,11,10,fetuses,ভ্রূণ অবস্থায়,ناپختہ بچے تھے,जनीन थे,janin,cenin halinde iken,جنین بودید,embryons,53:32,https://quranicwords.vercel.app/quran-words/ajinnah-47ceedd4.html
wn_483ea6bd,2850,ناهي,nāhy,ن-ه-ي,noun,Active participle (Ism Fāʿil),,1,9,11,10,those who forbid,নিষেধকারী,روکنے والے,रोकने वाले,orang-orang yang mencegah,men'edenler,وبازدارندگان اند,interdisent,9:112,https://quranicwords.vercel.app/quran-words/nahy-483ea6bd.html
wn_484853c4,2851,زَنِيم,zanīm,ز-ن-م,noun,Noun (Ism),,1,9,12,1,utterly useless,বদজাতও,بداصل بھی,बेनसब,terkenal jahat,kötülükle damgalı,بی تبار,facilement reconnu,68:13,https://quranicwords.vercel.app/quran-words/zanim-484853c4.html
wn_4889bcdd,2852,هامِدَة,hāmidah,ه-م-د,noun,Active participle (Ism Fāʿil),,1,9,12,1,barren,শুকনো,خشک,ख़ुश्क,kering,kurumuş ölmüş,خشک و خاموش,morte,22:5,https://quranicwords.vercel.app/quran-words/hamidah-4889bcdd.html
wn_488d75e4,2853,لاغِيَة,lāghiyah,ل-غ-و,noun,Active participle (Ism Fāʿil),,1,9,12,1,vain talk,অর্থহীন কথা,لغو بات,लग़्व बात,sia-sia,boş söz,سخن بیهوده,parole inutile,88:11,https://quranicwords.vercel.app/quran-words/laghiyah-488d75e4.html
wn_48944145,2854,أَذان,adhān,أ-ذ-ن,noun,Noun (Ism),,1,9,12,1,announcement,সাধারণ ঘোষণা,اعلان,ऐलान,suatu permakluman,duyurudur,اعلامی,annonciation,9:3,https://quranicwords.vercel.app/quran-words/adhan-48944145.html
wn_48a1029d,2855,مُزَّمِّل,muzzammil,ز-م-ل,noun,Active participle (Ism Fāʿil),,1,9,12,1,wraps himself,বস্ত্রাবৃত,اوڑھ لپیٹ کر سونے والے,कपड़े में लिपटने वाले,orang yang berselimut,örtüsüne bürünen,جامه به خود پیچیده,celui qui s’enveloppe d’habit,73:1,https://quranicwords.vercel.app/quran-words/muzzammil-48a1029d.html
wn_48c5b266,2856,زُبَر,zubar,ز-ب-ر,noun,Noun (Ism),,1,9,12,2,sheets,পাতসমূহ,چادریں,तख़्ते,potongan-potongan,kütleleri,پاره های,morceaux,18:96,https://quranicwords.vercel.app/quran-words/zubar-48c5b266.html
wn_48ff2d5d,2857,حَرُور,ḥarūr,ح-ر-ر,noun,Noun (Ism),,1,9,12,2,heat,রৌদ্র,دھوپ کی تپش,धूप,panas,sıcaklık,باد گرم,chaleur,35:21,https://quranicwords.vercel.app/quran-words/harur-48ff2d5d.html
wn_49a6ba1d,2858,نَفِير,nafīr,ن-ف-ر,noun,Noun (Ism),,1,9,12,2,numerous,সংখ্যায়,نفری,नफ़री,kelompok,savaşçılarınızı,جهت نفرات,personnes qui partent,17:6,https://quranicwords.vercel.app/quran-words/nafir-49a6ba1d.html
wn_49a6cb40,2859,مُصَفًّى,muṣaffanā,ص-ف-و,noun,Passive participle (Ism Mafʿūl),,1,9,12,2,purified,পরিশোধিত পরিচ্ছন্ন,صاف,ख़ूब साफ़ किया हुआ,jernih,süzme,تصفیه شده,purifié,47:15,https://quranicwords.vercel.app/quran-words/musaffana-49a6cb40.html
wn_49db3e97,2860,سُحْق,suḥq,س-ح-ق,noun,Noun (Ism),,1,9,12,2,away with,অভিশাপ অতএব,لعنت,दूरी,kebinasaanlah,uzak olsun,نابود باد,enlèvement donc,67:11,https://quranicwords.vercel.app/quran-words/suhq-49db3e97.html
wn_4a3b1f30,2861,نَكِد,nakid,ن-ك-د,noun,Noun (Ism),,1,9,12,3,difficulty,কঠোর পরিশ্রম,مگر بےفائدہ چیزیں,नाक़िस,merana,yararsız bitkiden,اندکی,difficulté,7:58,https://quranicwords.vercel.app/quran-words/nakid-4a3b1f30.html
wn_4a8601d1,2862,مارِد,mārid,م-ر-د,noun,Active participle (Ism Fāʿil),,1,9,12,3,rebellious,অবাধ্য,سرکش,सरकश,durhaka,ita'at dışına çıkan,سرکشی,rebelle,37:7,https://quranicwords.vercel.app/quran-words/marid-4a8601d1.html
wn_4aa7bd8e,2863,باق,bāq,ب-ق-ي,noun,Active participle (Ism Fāʿil),,1,9,12,3,be remaining,স্থায়ী,باقی رہنے والا,बाक़ी रहने वाला,kekal,kalıcıdır,ماندنی,restant,16:96,https://quranicwords.vercel.app/quran-words/baq-4aa7bd8e.html
wn_4ab7809a,2864,خاتَم,khātam,خ-ت-م,noun,Noun (Ism),,1,9,12,3,Seal,সর্বশেষ,خاتم,ख़ात्म अन नबिय्यीन,penutup,sonuncusudur,پایان بخش,sceau,33:40,https://quranicwords.vercel.app/quran-words/khatam-4ab7809a.html
wn_4ae9b3e7,2865,عائِد,ʿāʾid,ع-و-د,noun,Active participle (Ism Fāʿil),,1,9,12,3,return,আগের অবস্হায় ফিরে যাও,لوٹنے والے,लौटने वाले,orang-orang yang kembali,dönersiniz,برمی گردید,gens qui retournent,44:15,https://quranicwords.vercel.app/quran-words/aid-4ae9b3e7.html
wn_4ba2f1e3,2866,لِبَد,libad,ل-ب-د,noun,Noun (Ism),,1,9,12,4,compacted mass,ঘিরে ধরার,گروہ گروہ,गिरोह दर गिरोह,berkerumun,keçe gibi birbirlerine geçecek,ازدحام کنند,groupe compact,72:19,https://quranicwords.vercel.app/quran-words/libad-4ba2f1e3.html
wn_4bbc5c49,2867,عَنَت,ʿanat,ع-ن-ت,noun,Noun (Ism),,1,9,12,4,committing sin,ব্যভিচারের,گناہ,गुनाह,sulit menjaga diri,sıkıntıya düşmekten,رنج,péché,4:25,https://quranicwords.vercel.app/quran-words/anat-4bbc5c49.html
wn_4c0c7cbc,2868,آمِر,āmir,أ-م-ر,noun,Active participle (Ism Fāʿil),,1,9,12,4,those who enjoin,নির্দেশদানকারী,حکم دینے والے,हुक्म देने वाले,orang-orang yang menyuruh,emredip,امر کنندگان اند,ordonnent,9:112,https://quranicwords.vercel.app/quran-words/amir-4c0c7cbc.html
wn_4c186735,2869,خَراج,kharāj,خ-ر-ج,noun,Noun (Ism),,1,9,12,4,payment,প্রতিদান,دیا,ख़िराज,ganti rugi,vergisi,مزد,dépense,23:72,https://quranicwords.vercel.app/quran-words/kharaj-4c186735.html
wn_4ca1c659,2870,ثَجّاج,thajjāj,ث-ج-ج,noun,Noun (Ism),,1,9,12,4,pouring abundantly,মুষলধারে,بکثرت,ख़ूब बरसने,tercurah,şarıl şarıl,ریزان,tombant à verse abondante,78:14,https://quranicwords.vercel.app/quran-words/thajjaj-4ca1c659.html
wn_4d4c64a7,2871,سَوْط,sawṭ,س-و-ط,noun,Noun (Ism),,1,9,12,5,scourge,চাবুকের,کوڑا,कोड़ा,cemeti,kırbacını,تازیانه,fouet,89:13,https://quranicwords.vercel.app/quran-words/sawt-4d4c64a7.html
wn_4d62cf57,2872,سُفْلَى,suflā,س-ف-ل,noun,Noun (Ism),,1,9,12,5,lowest,নিচু,نیچا,पस्त,rendah,alçak,فروتر,plus basse,9:40,https://quranicwords.vercel.app/quran-words/sufla-4d62cf57.html
wn_4dbcebf3,2873,سَنا,sanā,س-ن-و,noun,Noun (Ism),,1,9,12,5,flash,ঝলক,چمک,चमक,cahaya,parıltısı,روشنی,lumière,24:43,https://quranicwords.vercel.app/quran-words/sana-4dbcebf3.html
wn_4ddde224,2874,غائِبَة,ghāʾibah,غ-ي-ب,noun,Active participle (Ism Fāʿil),,1,9,12,5,hidden,গোপন বিষয়,غیب ہونے والی,ग़ायब होने वाली,gaib,gizli,ناپیدایی,chose cachée,27:75,https://quranicwords.vercel.app/quran-words/ghaibah-4ddde224.html
wn_4deb3a06,2875,غُمَّة,ghummah,غ-م-م,noun,Noun (Ism),,1,9,12,5,any doubt,সংশয়পূর্ণ,چھپا ہوا,पोशीदा,dirahasiakan,dert,پوشیده,raison de confusion,10:71,https://quranicwords.vercel.app/quran-words/ghummah-4deb3a06.html
wn_4ded3282,2876,عَلامَة,ʿalāmah,ع-ل-م,noun,Noun (Ism),,1,9,12,6,landmarks,পথনির্ণায়ক চিহ্নসমূহ,علامات,अलामात,tanda-tanda,işaretler,نشانه هایی,points de repères,16:16,https://quranicwords.vercel.app/quran-words/alamah-4ded3282.html
wn_4ea27af0,2877,مَحَبَّة,maḥabbah,ح-ب-ب,noun,Noun (Ism),,1,9,12,6,love,ভালবাসা,محبت,मोहब्बत,kasih sayang,sevgi,محبتی,amour,20:39,https://quranicwords.vercel.app/quran-words/mahabbah-4ea27af0.html
wn_4f36a3db,2878,مُفَصَّلَة,mufaṣṣalah,ف-ص-ل,noun,Noun (Ism),,1,9,12,6,manifest,স্পষ্ট,وقفے وقفے,अलग-अलग,terperinci,ayrı ayrı,آشکار,distincts,7:133,https://quranicwords.vercel.app/quran-words/mufassalah-4f36a3db.html
wn_4f5eda56,2879,مُقَنطَرَة,muqanṭarah,ق-ن-ط-ر,noun,Passive participle (Ism Mafʿūl),,1,9,12,6,stored up,রাশিকৃত,اکٹھے کیے گئے,इकट्ठे किए गए,banyak,yığılmış,هنگفت,accumulées,3:14,https://quranicwords.vercel.app/quran-words/muqantarah-4f5eda56.html
wn_4f7ffd19,2880,نَفْحَة,nafḥah,ن-ف-ح,noun,Noun (Ism),,1,9,12,6,whiff,একটা ঝাপটাও,جھونکا,झोंका,hembusan,esinti,دمی,souffle,21:46,https://quranicwords.vercel.app/quran-words/nafhah-4f7ffd19.html
wn_4fcee0a9,2881,عَبْقَرِيّ,ʿabqariyy,ع-ب-ق-ر,noun,Noun (Ism),,1,9,12,7,carpets,অমূল্য চাদরের,نادر,नादिर,permandani,döşeklere,فرش های,tapis,55:76,https://quranicwords.vercel.app/quran-words/abqariyy-4fcee0a9.html
wn_4fdecd51,2882,حَمُولَة,ḥamūlah,ح-م-ل,noun,Noun (Ism),,1,9,12,7,burden,ভারবাহী পশু,اٹھانے والے,बोझ उठाने वाले,untuk pengangkutan,yük taşır,بارکش,animaux amenés à porter,6:142,https://quranicwords.vercel.app/quran-words/hamulah-4fdecd51.html
wn_5039e7c9,2883,كَدْح,kadḥ,ك-د-ح,noun,Noun (Ism),,1,9,12,7,exertion,কঠোর পরিশ্রম,خوب محنت,सख़्त मेहनत,sungguh-sungguh kerja keras,gayretle,سختی,travail,84:6,https://quranicwords.vercel.app/quran-words/kadh-5039e7c9.html
wn_504ca545,2884,كَفِيل,kafīl,ك-ف-ل,noun,Noun (Ism),,1,9,12,7,surety,অভিভাবক,ضامن,ज़ामिन,jaminan,kefil,ضامن,garant,16:91,https://quranicwords.vercel.app/quran-words/kafil-504ca545.html
wn_50d03a27,2885,شُرَّع,shurraʿ,ش-ر-ع,noun,Noun (Ism),,1,9,12,7,visibly,ভেসে ভেসে,ظاہر ہوکر,ज़ाहिर होकर,permukaan air,akın akın,آشکارا,manifestement à cause de leur montée,7:163,https://quranicwords.vercel.app/quran-words/shurra-50d03a27.html
wn_50df6f30,2886,سامِد,sāmid,س-م-د,noun,Active participle (Ism Fāʿil),,1,9,12,8,amuse,উদাসীন হয়ে আছ,غفلت میں رہتے,ग़ाफ़िल,melengahkan,baş kaldırıyorsunuz,سرگرم اید,gens qui s’amusent,53:61,https://quranicwords.vercel.app/quran-words/samid-50df6f30.html
wn_51005283,2887,حِداد,ḥidād,ح-د-د,noun,Verbal noun (Maṣdar),,1,9,12,8,sharp,তীক্ষ্ণ,تیز,तेज़,tajam,sivri,تیز,tranchantes,33:19,https://quranicwords.vercel.app/quran-words/hidad-51005283.html
wn_5235aa83,2888,إِدّ,idd,أ-د-د,noun,Noun (Ism),,1,9,12,8,atrocious,জঘন্য,سخت,बहुत भारी,sangat besar,pek kötü,بسیار زشتی,abominable,19:89,https://quranicwords.vercel.app/quran-words/idd-5235aa83.html
wn_52ee3edd,2889,مُحَرَّر,muḥarrar,ح-ر-ر,noun,Passive participle (Ism Mafʿūl),,1,9,12,8,dedicated,মুক্ত,آزاد کیا ہوا,आज़ाद,menjadi hamba yang berhidmat,tam hür olarak,آزاد باشد,consacré,3:35,https://quranicwords.vercel.app/quran-words/muharrar-52ee3edd.html
wn_5332d521,2890,زَنجَبِيل,zanjabīl,,noun,Noun (Ism),,1,9,12,8,Zanjabil,আদার,زنجیل,सोंठ,jahe,zencefil,زنجبیل,gingembre,76:17,https://quranicwords.vercel.app/quran-words/zanjabil-5332d521.html
wn_533f9edc,2891,مُنبَثّ,munbathth,ب-ث-ث,noun,Noun (Ism),,1,9,12,9,dispersing,বিক্ষিপ্ত,منتشر,मुन्तशिर,berterbangan,dağılan,پراکنده,dispersée,56:6,https://quranicwords.vercel.app/quran-words/munbathth-533f9edc.html
wn_53746987,2892,لاهِيَة,lāhiyah,ل-ه-و,noun,Active participle (Ism Fāʿil),,1,9,12,9,Distracted,অমনোযোগী থাকে,غافل,ग़ाफ़िल,dalam keadaan lalai,eğlencededir,سرگرم,distraits,21:3,https://quranicwords.vercel.app/quran-words/lahiyah-53746987.html
wn_5389b923,2893,قَوام,qawām,ق-و-م,noun,Noun (Ism),,1,9,12,9,moderate,দন্ডায়মান,معتدل راہ,मोअतदल,berdiri,dengeli,میانه,modération,25:67,https://quranicwords.vercel.app/quran-words/qawam-5389b923.html
wn_53d05591,2894,نَسِيّ,nasiyy,ن-س-ي,noun,Noun (Ism),,1,9,12,9,forgetful,ভুলে যান,بھولنے والا,भूलने वाला,lupa,unutkan,فراموش کار,oublieux,19:64,https://quranicwords.vercel.app/quran-words/nasiyy-53d05591.html
wn_53f78daa,2895,جِمالَت,jimālat,ج-م-ل,noun,Noun (Ism),,1,9,12,9,camels,উট সমূহ,اونٹ,ऊँट,unta-unta,halattır,شترانی,cordes utilisées entre bateaux,77:33,https://quranicwords.vercel.app/quran-words/jimalat-53f78daa.html
wn_54180076,2896,زَيْغ,zaygh,ز-ي-غ,noun,Noun (Ism),,1,9,12,10,perversity,বক্রতা,ٹیڑھ,टेढ़,condong pada kesesatan,eğrilik,کژی,déviation,3:7,https://quranicwords.vercel.app/quran-words/zaygh-54180076.html
wn_5496da96,2897,وَجِلَة,wajilah,و-ج-ل,noun,Noun (Ism),,1,9,12,10,fearful,কম্পিত থাকে,خائف,लरज़ते,takut,ürpererek,ترسان,effrayés,23:60,https://quranicwords.vercel.app/quran-words/wajilah-5496da96.html
wn_54d09e69,2898,بِساط,bisāṭ,ب-س-ط,noun,Noun (Ism),,1,9,12,10,expanse,বিছানারুপে,بچھونا,बिछौना,hamparan,sergi,بستری گسترده,tapis,71:19,https://quranicwords.vercel.app/quran-words/bisat-54d09e69.html
wn_556b07ad,2899,امْرَأ,amraʾ,م-ر-أ,noun,Noun (Ism),,1,9,12,10,evil man,ব্যক্তি,انسان,आदमी,orang,adam,مرد,homme,19:28,https://quranicwords.vercel.app/quran-words/amra-556b07ad.html
wn_5623e1fa,2900,عَشِير,ʿashīr,ع-ش-ر,noun,Noun (Ism),,1,9,12,10,friend,সঙ্গী,ساتھی,साथी,kawan,arkadaştır,همدمی,associé,22:13,https://quranicwords.vercel.app/quran-words/ashir-5623e1fa.html
wn_56390240,2901,زَمْهَرِير,zamharīr,ز-م-ه-ر,noun,Noun (Ism),,1,9,13,1,freezing cold,শীতের প্রকোপ,جاڑا,सख़्त ठंडक,kedinginan yang sangat,dondurucu soğuk,سرمایی,froid intensif,76:13,https://quranicwords.vercel.app/quran-words/zamharir-56390240.html
wn_569e9e39,2902,حُمْر,ḥumr,ح-م-ر,noun,Noun (Ism),,1,9,13,1,red,লাল,سرخ,सुर्ख़,merah,kırmızı,سرخ,rouges,35:27,https://quranicwords.vercel.app/quran-words/humr-569e9e39.html
wn_578b3299,2903,رَهِين,rahīn,ر-ه-ن,noun,Noun (Ism),,1,9,13,1,pledged,দায়ী,رھن,रेहन,terikat,bağlıdır,گرو,retenu,52:21,https://quranicwords.vercel.app/quran-words/rahin-578b3299.html
wn_579369f5,2904,أَمْشاج,amshāj,م-ش-ج,noun,Noun (Ism),,1,9,13,1,mixture,মিশ্রিত,ملے ہوئے,मिले-जुले,bercampur,karışık,درهم آمیخته,mélanges,76:2,https://quranicwords.vercel.app/quran-words/amshaj-579369f5.html
wn_579bff60,2905,مُهْلِكِي,muhlikī,ه-ل-ك,noun,Noun (Ism),,1,9,13,1,one to destroy,ধ্বংসকারী,ہلاک کرنے والے,हलाक करने वाले,membinasakan,helak edici,هلاک کنندۂ,destructeurs,28:59,https://quranicwords.vercel.app/quran-words/muhliki-579bff60.html
wn_57f7feb3,2906,مَعْمُور,maʿmūr,ع-م-ر,noun,Passive participle (Ism Mafʿūl),,1,9,13,2,frequented,চির আবাদ,آباد,आबाद,dimakmurkan,bakımlı,آباد,fréquentée,52:4,https://quranicwords.vercel.app/quran-words/mamur-57f7feb3.html
wn_5832809b,2907,وَرْدَة,wardah,و-ر-د,noun,Noun (Ism),,1,9,13,2,rose-colored,লাল,سرخ سرخ,सुर्ख़,mawar merah,kıpkırmızı bir gül,گلگون,rouge jaunâtre,55:37,https://quranicwords.vercel.app/quran-words/wardah-5832809b.html
wn_58b053f7,2908,راق,rāq,ر-ق-ي,noun,Active participle (Ism Fāʿil),,1,9,13,2,cure,ঝাড়ফুককারী,جھاڑ پھونک کرنے والا,झाड़ फ़ूँक करने वाला,menjampi,efsun yapar,افسونگری,quelqu’un qui peut soigner,75:27,https://quranicwords.vercel.app/quran-words/raq-58b053f7.html
wn_5903ff36,2909,لَواقِح,lawāqiḥ,ل-ق-ح,noun,Noun (Ism),,1,9,13,2,fertilizing,বৃষ্টিবাহী,بار آور بنا کر,बारआवर,untuk mengawinkan,aşılayıcı olarak,باردار کننده اند,fécondants,15:22,https://quranicwords.vercel.app/quran-words/lawaqih-5903ff36.html
wn_59837758,2910,مَحْسُور,maḥsūr,ح-س-ر,noun,Passive participle (Ism Mafʿūl),,1,9,13,2,insolvent,অক্ষম অবস্হায়,حسرت زدہ,हसरत ज़दा होकर,penyesalan,hasret içinde,درمانده,dépourvu,17:29,https://quranicwords.vercel.app/quran-words/mahsur-59837758.html
wn_5a15fa3d,2911,ذاهِب,dhāhib,ذ-ه-ب,noun,Active participle (Ism Fāʿil),,1,9,13,3,going,চললাম,جانے والا ہوں,जाने वाला हूँ,pergi,gideceğim,رونده ام,quelqu’un qui part,37:99,https://quranicwords.vercel.app/quran-words/dhahib-5a15fa3d.html
wn_5a75163c,2912,سالِم,sālim,س-ل-م,noun,Active participle (Ism Fāʿil),,1,9,13,3,sound,নিরাপদ ছিল,صحیح سلامت تھے,सही सलामत थे,orang-orang sejahtera,sağlam iken,تندرست بودند,gens en bonne santé,68:43,https://quranicwords.vercel.app/quran-words/salim-5a75163c.html
wn_5abf9537,2913,أَثارَة,athārah,أ-ث-ر,noun,Verbal noun (Maṣdar),,1,9,13,3,traces,ঐতিহ্যগত,باقی ماندہ,बाक़ी मान्दा,bekas-bekas,kalıntı,باز مانده ای,trace,46:4,https://quranicwords.vercel.app/quran-words/atharah-5abf9537.html
wn_5ac95fa2,2914,مَخْرَج,makhraj,خ-ر-ج,noun,Noun (Ism),,1,9,13,3,way out,নিস্কৃতির পথ,نکلنے کا راستہ,निकलने का रास्ता,jalan keluar,çıkış,راه برون رفتی,sortie,65:2,https://quranicwords.vercel.app/quran-words/makhraj-5ac95fa2.html
wn_5ad2edbb,2915,مَرْصَد,marṣad,ر-ص-د,noun,Noun (Ism),,1,9,13,3,place of ambush,ঘাঁটিতে,گھات,घात,tempat pengintaian,gözetleme yerinde,کمینگاهی,lieu d’embuscade,9:5,https://quranicwords.vercel.app/quran-words/marsad-5ad2edbb.html
wn_5ada2d91,2916,إِنشاء,inshāʾ,ن-ش-أ,noun,Verbal noun (Maṣdar),,1,9,13,4,creation,সৃষ্টি,خاص طور پر بنا کر,नए सिरे से पैदा करना,dengan kejadian,inşa,آفریدنی نیکو,création,56:35,https://quranicwords.vercel.app/quran-words/insha-5ada2d91.html
wn_5b265928,2917,مُتَنافِس,mutanāfis,ن-ف-س,noun,Active participle (Ism Fāʿil),,1,9,13,4,aspirers,প্রতিযোগীরা,بازی لے جانے والے,बाज़ी ले जाने वाले,orang-orang yang berlomba,yarışanlar,رقابت کنندگان,ceux qui envient,83:26,https://quranicwords.vercel.app/quran-words/mutanafis-5b265928.html
wn_5b2ad509,2918,طُول,ṭūl,ط-و-ل,noun,Noun (Ism),,1,9,13,4,height,উচ্চতা,اونچائی,लम्बाई,panjang,boyca,بلندی,hauteur,17:37,https://quranicwords.vercel.app/quran-words/tul-5b2ad509.html
wn_5b50b3d7,2919,مُغاضِب,mughāḍib,غ-ض-ب,noun,Active participle (Ism Fāʿil),,1,9,13,4,angry,রাগ করে,غضب ناک ہوکر,ग़ज़बनाक हो कर,dalam keadaan marah,kızarak,خشمناک,en colère,21:87,https://quranicwords.vercel.app/quran-words/mughadib-5b50b3d7.html
wn_5ba8fc6c,2920,أَسْوَد,aswad,س-و-د,noun,Noun (Ism),,1,9,13,4,black,কাল,سیاہ,स्याह धागे,hitam,siyah,سیاه,noir,2:187,https://quranicwords.vercel.app/quran-words/aswad-5ba8fc6c.html
wn_5bad326d,2921,فارِغ,fārigh,ف-ر-غ,noun,Active participle (Ism Fāʿil),,1,9,13,5,empty,বিচলিত,خالی,ख़ाली,kosong,bomboştu,خالی,vide,28:10,https://quranicwords.vercel.app/quran-words/farigh-5bad326d.html
wn_5bd73e50,2922,نَشْر,nashr,ن-ش-ر,noun,Noun (Ism),,1,9,13,5,far and wide,বিস্তার করা,پھیلانا,फैलाना,sebaran seluas-luasnya,yaydıkça,پراکندنی,dispersion,77:3,https://quranicwords.vercel.app/quran-words/nashr-5bd73e50.html
wn_5c43e0ba,2923,بَيْض,bayḍ,ب-ي-ض,noun,Noun (Ism),,1,9,13,5,eggs,ডিম,انڈے,अंडे,telor,bembeyaz yumurta,تخم,œufs,37:49,https://quranicwords.vercel.app/quran-words/bayd-5c43e0ba.html
wn_5cd17688,2924,فِعْل,fiʿl,ف-ع-ل,noun,Verbal noun (Maṣdar),,1,9,13,5,doing,কাজ করতে,کی طرف کاموں,करने,perbuatan,işler yapmayı,انجام دادن,action,21:73,https://quranicwords.vercel.app/quran-words/fil-5cd17688.html
wn_5cfc7969,2925,مُدَبِّرَة,mudabbirah,د-ب-ر,noun,Active participle (Ism Fāʿil),,1,9,13,5,those who arrange,কার্যনির্বাহী,تدبیر کرنے والوں,तदबीर करने वाले,mengatur,derken düzenleyenlere,آنگاه تدبیر کنندگان,ensuite ceux qui contrôlent,79:5,https://quranicwords.vercel.app/quran-words/mudabbirah-5cfc7969.html
wn_5d079858,2926,رَزّاق,razzāq,ر-ز-ق,noun,Noun (Ism),,1,9,13,6,All-Provider,রিযকদাতা,رزاق,ख़ूब रिज़्क़ देने वाला,Maha Pemberi rezeki,rızık veren,روزی دهندۂ,Très Grand Approvisionneur,51:58,https://quranicwords.vercel.app/quran-words/razzaq-5d079858.html
wn_5d1b31f9,2927,فَقْر,faqr,ف-ق-ر,noun,Noun (Ism),,1,9,13,6,poverty,দারিদ্র্যের,تنگدستی,फ़क़्र,kemiskinan,fakirliği,تنگدستی,pauvreté,2:268,https://quranicwords.vercel.app/quran-words/faqr-5d1b31f9.html
wn_5d83bca6,2928,قُصْوَى,quṣwā,ق-ص-و,noun,Noun (Ism),,1,9,13,6,farther,দূরবর্তী,دور والے,दूर,jauh,uzak kenarında idiler,دور تر بودند,plus éloigné,8:42,https://quranicwords.vercel.app/quran-words/quswa-5d83bca6.html
wn_5da4babf,2929,عِضِين,ʿiḍīn,ع-ض-و,noun,Noun (Ism),,1,9,13,6,parts,টুকরো টুকরো,ٹکڑے ٹکڑے,टुकड़े-टुकड़े,terbagi-bagi,bölük bölük,چند پاره,parties,15:91,https://quranicwords.vercel.app/quran-words/idin-5da4babf.html
wn_5e0e1bde,2930,حُلْقُوم,ḥulqūm,ح-ل-ق,noun,Noun (Ism),,1,9,13,6,throat,কণ্ঠনালীতে,حلق,हलक़,kerongkongan,boğaza,گلو,trachée,56:83,https://quranicwords.vercel.app/quran-words/hulqum-5e0e1bde.html
wn_5f2bcad7,2931,زاجِرَة,zājirah,ز-ج-ر,noun,Active participle (Ism Fāʿil),,1,9,13,7,those who drive,ধমকদানকারীদের,ڈانٹ دینے والوں,डाँटने वालों,maka,sürenlere,بازدارندگان,ensuite ceux qui conduisent en criant,37:2,https://quranicwords.vercel.app/quran-words/zajirah-5f2bcad7.html
wn_5f3d8f09,2932,سَحِيق,saḥīq,س-ح-ق,noun,Noun (Ism),,1,9,13,7,far off,দূরবর্তী,دور,दूर दराज़,jauh,uzak,دور,lointain,22:31,https://quranicwords.vercel.app/quran-words/sahiq-5f3d8f09.html
wn_5f968ba4,2933,مُفْتَرَيَة,muftarayah,ف-ر-ي,noun,Passive participle (Ism Mafʿūl),,1,9,13,7,fabricated,স্বরচিত,گھڑی ہوئی,गढ़ी हुई,dibuat-buatnya itu,uydurulmuş,بافته ها,inventées,11:13,https://quranicwords.vercel.app/quran-words/muftarayah-5f968ba4.html
wn_5fc90b15,2934,وُسْطَى,wusṭā,و-س-ط,noun,Noun (Ism),,1,9,13,7,middle,মধ্যবর্তী,درمیانی,दर्मियानी,wustha,orta,میانه,médiane,2:238,https://quranicwords.vercel.app/quran-words/wusta-5fc90b15.html
wn_60128b37,2935,قَمْطَرِير,qamṭarīr,ق-م-ط-ر,noun,Noun (Ism),,1,9,13,7,distressful,ক্লেশকর,تیوری چڑھانے والا ہوگا,निहायत सख़्त,penuh kesulitan,çok katı,بسیار سخت,désastreux,76:10,https://quranicwords.vercel.app/quran-words/qamtarir-60128b37.html
wn_6149764f,2936,مُضِيّ,muḍiyy,م-ض-ي,noun,Noun (Ism),,1,9,13,8,to proceed,আগে যেতে,گزرنے,चलने,maju,ileri gitmeye,گذشتن,avancée,36:67,https://quranicwords.vercel.app/quran-words/mudiyy-6149764f.html
wn_6172f469,2937,مَثْبُور,mathbūr,ث-ب-ر,noun,Passive participle (Ism Mafʿūl),,1,9,13,8,destroyed,হতভাগ্য,ہلاک ہونے والا,हलाक किया हुआ,orang yang binasa,mahvolmuş,هلاک شده,anéanti,17:102,https://quranicwords.vercel.app/quran-words/mathbur-6172f469.html
wn_618034b4,2938,بَسّ,bass,ب-س-س,noun,Noun (Ism),,1,9,13,8,crumbling,ছিন্নভিন্ন করার মতো,اڑا دیا جانا,रेज़ा-रेज़ा किए जाना,sehancur-hancurnya,serpildikçe,ریز شدنی,réduction en miettes,56:5,https://quranicwords.vercel.app/quran-words/bass-618034b4.html
wn_6197c908,2939,مَحْظُور,maḥẓūr,ح-ظ-ر,noun,Passive participle (Ism Mafʿūl),,1,9,13,8,restricted,বারিত,رد کی گئی,रोकी गई,terhalang,kısıtlanmış,بازداشته شده,limité,17:20,https://quranicwords.vercel.app/quran-words/mahzur-6197c908.html
wn_61cdec05,2940,رُخاء,rukhāʾ,ر-خ-و,noun,Noun (Ism),,1,9,13,8,gently,গতিতে,نرمی,नर्मी,baik,tatlı tatlı,نرمی,vent paisible,38:36,https://quranicwords.vercel.app/quran-words/rukha-61cdec05.html
wn_634d81c3,2941,مُقْتَصِدَة,muqtaṣidah,ق-ص-د,noun,Active participle (Ism Fāʿil),,1,9,13,9,moderate,সত্যপন্থী,راست رو,मयाना रु,pertengahan,tutumlu,میانه رو اند,modérée,5:66,https://quranicwords.vercel.app/quran-words/muqtasidah-634d81c3.html
wn_64348c33,2942,نَضِيد,naḍīd,ن-ض-د,noun,Noun (Ism),,1,9,13,9,arranged,থরে থরে সাজানো,تہ بہ تہ,तह ब तह,bersusun-susun,birbirine girmiş,روی هم انباشته,aux parties empilées,50:10,https://quranicwords.vercel.app/quran-words/nadid-64348c33.html
wn_64746f35,2943,دُولَة,dūlah,د-و-ل,noun,Noun (Ism),,1,9,13,9,circulation,আবর্তিত,گھومتے رہنا,गर्दिश करने वाला,beredar,dolaşan bir şey,دست به دست,richesse qui circule,59:7,https://quranicwords.vercel.app/quran-words/dulah-64746f35.html
wn_649d9034,2944,لَعْن,laʿn,ل-ع-ن,noun,Noun (Ism),,1,9,13,9,curse,অভিশাপে,ان پر لعنت,लानत,kutukan,la'netle,لعنتی,malédiction,33:68,https://quranicwords.vercel.app/quran-words/lan-649d9034.html
wn_64cc24c4,2945,وِقْر,wiqr,و-ق-ر,noun,Noun (Ism),,1,9,13,9,load,ভার,بوجھ,बोझ,beban berat,ağır,بار سنگینی,fardeau,51:2,https://quranicwords.vercel.app/quran-words/wiqr-64cc24c4.html
wn_65a477eb,2946,مُخْلِف,mukhlif,خ-ل-ف,noun,Active participle (Ism Fāʿil),,1,9,13,10,will fail,ভঙ্গকারী,خلاف کرنے والا,ख़िलाफ़ करने वाला,menyalahi,cayar,خلاف کنندۂ,quelqu’un qui manque,14:47,https://quranicwords.vercel.app/quran-words/mukhlif-65a477eb.html
wn_65b9a267,2947,مُقَصِّر,muqaṣṣir,ق-ص-ر,noun,Active participle (Ism Fāʿil),,1,9,13,10,shortened,চুল ছোটকারী হয়ে,ترشوائے ہوئے,तरशवाए हुए,memendekkan guntingan rambut,kısaltarak,موی را کوتاه می کنید,gens qui raccourcissent,48:27,https://quranicwords.vercel.app/quran-words/muqassir-65b9a267.html
wn_65fa5724,2948,فاجِر,fājir,ف-ج-ر,noun,Active participle (Ism Fāʿil),,1,9,13,10,wicked,পাপাচারী,فاجروں,फ़ाजिर,durhaka,ahlaksız,بدکار,quelqu’un qui est très immoral,71:27,https://quranicwords.vercel.app/quran-words/fajir-65fa5724.html
wn_66464dd2,2949,مِيكال,mīkāl,,noun,Proper noun,,1,9,13,10,Meekael,মিকাঈলের,اورمیکائیل,मीकाईल,Mikail,Mikail'e,میکا ئیل,Michaël,2:98,https://quranicwords.vercel.app/quran-words/mikal-66464dd2.html
wn_664c92fd,2950,غَبَرَة,ghabarah,غ-ب-ر,noun,Noun (Ism),,1,9,13,10,dust,মলিনতা,غبار ہوگا,ग़ुबार होगा,tertutup debu,tozlanmış,غبار و تیرگی,poussière,80:40,https://quranicwords.vercel.app/quran-words/ghabarah-664c92fd.html
wn_66b9831b,2951,مَخْتُوم,makhtūm,خ-ت-م,noun,Passive participle (Ism Mafʿūl),,1,10,1,1,sealed,মোহর করা,مہر بند,मोहर बन्द,dicap,mühürlü,سر به مهر,scellé,83:25,https://quranicwords.vercel.app/quran-words/makhtum-66b9831b.html
wn_66dabdf5,2952,صادِقَة,ṣādiqah,ص-د-ق,noun,Active participle (Ism Fāʿil),,1,10,1,1,truthful women,সত্যবাদী নারীগণ,سچی عورتیں,सच्ची औरतें,perempuan yang benar,doğru kadınlar,زنان راستگوی,femmes véridiques,33:35,https://quranicwords.vercel.app/quran-words/sadiqah-66dabdf5.html
wn_66fe3389,2953,مَقْدُور,maqdūr,ق-د-ر,noun,Passive participle (Ism Mafʿūl),,1,10,1,1,destined,অবশ্যম্ভাবী,مقرر کیا ہوا,मुक़र्रर किया हुआ,telah ditetapkan,takdir edilmiş,اندازه گیری شده,décidée,33:38,https://quranicwords.vercel.app/quran-words/maqdur-66fe3389.html
wn_67239feb,2954,جُرُف,juruf,ج-ر-ف,noun,Noun (Ism),,1,10,1,1,cliff,খাদের,کھائی,खाई,jurang,uçurum,پرتگاهی,rive dans une vallée,9:109,https://quranicwords.vercel.app/quran-words/juruf-67239feb.html
wn_67378844,2955,وُدّ,wudd,و-د-د,noun,Noun (Ism),,1,10,1,1,affection,ভালবাসা,محبت,मोहब्बत,rasa kasih sayang,sevgi,دوستی,affection,19:96,https://quranicwords.vercel.app/quran-words/wudd-67378844.html
wn_676c2683,2956,عادّ,ʿādd,ع-د-د,noun,Active participle (Ism Fāʿil),,1,10,1,2,those who keep count,গণনাকারীদেরকে,گننے والوں,गिनने वालों,orang-orang yang menghitung,sayanlara,شمارندگان,ceux qui comptent,23:113,https://quranicwords.vercel.app/quran-words/add-676c2683.html
wn_67a62bf4,2957,فَلَق,falaq,ف-ل-ق,noun,Noun (Ism),,1,10,1,2,dawn,প্রভাতের,صبح,सुबह,subuh,karanlığı yarıp sabahı ortaya çıkaran,سپیده دم,division horizontale,113:1,https://quranicwords.vercel.app/quran-words/falaq-67a62bf4.html
wn_67f1d163,2958,شَيْبَة,shaybah,ش-ي-ب,noun,Noun (Ism),,1,10,1,2,gray hair,বৃদ্ধ,بڑھاپا,बुढ़ापा,beruban,ihtiyarlık,پیری,blanchissement des cheveux,30:54,https://quranicwords.vercel.app/quran-words/shaybah-67f1d163.html
wn_68078050,2959,حُجُرَة,ḥujurah,ح-ج-ر,noun,Noun (Ism),,1,10,1,2,private chambers,কক্ষের,حجروں,हुजरों,kamar-kamar,odaların,حجره ها,chambres,49:4,https://quranicwords.vercel.app/quran-words/hujurah-68078050.html
wn_689b8125,2960,مُتَجاوِرَة,mutajāwirah,ج-و-ر,noun,Noun (Ism),,1,10,1,2,neighboring,পরস্পর সংলগ্ন,باہم ملے ہوئے,बाहम मिले हुए,berdampingan,birbirine komşu,کنار همدیگر,voisines,13:4,https://quranicwords.vercel.app/quran-words/mutajawirah-689b8125.html
wn_69025f5d,2961,تَخْوِيف,takhwīf,خ-و-ف,noun,Verbal noun (Maṣdar),,1,10,1,3,warning,ভয় স্বরূপ,ڈرانے کے لئے,डराने के लिए,menakut-nakuti,korkutmak,برای بیم دادن,menace,17:59,https://quranicwords.vercel.app/quran-words/takhwif-69025f5d.html
wn_6922208b,2962,مُقْتَدي,muqtady,ق-د-و,noun,Active participle (Ism Fāʿil),,1,10,1,3,following,অনুসরণকারী,پیروی کرنے والے,पीछे चलने वाले,orang-orang pengikut,uyarız,اقتداکنندگانیم,gens qui suivent,43:23,https://quranicwords.vercel.app/quran-words/muqtady-6922208b.html
wn_692a22b1,2963,هَضِيم,haḍīm,ه-ض-م,noun,Noun (Ism),,1,10,1,3,soft,সুকোমল রসে ভরা,ٹوٹے پڑتے,नर्म व नाज़ुक,lembut,yumuşak,درهم فرو رفته,molle,26:148,https://quranicwords.vercel.app/quran-words/hadim-692a22b1.html
wn_69c7ded4,2964,فان,fān,ف-ن-ي,noun,Active participle (Ism Fāʿil),,1,10,1,3,perish,নশ্বর,فنا ہونے والے,फ़ना होनो वाले,binasa,yok olacaktır,فناپذیر,mourant,55:26,https://quranicwords.vercel.app/quran-words/fan-69c7ded4.html
wn_69f68092,2965,مَظْلُوم,maẓlūm,ظ-ل-م,noun,Passive participle (Ism Mafʿūl),,1,10,1,3,wrongfully,নির্যাতিত হয়ে,ظلم کے ساتھ,मज़लूम,teraniaya,haksızlıkla,ستم,injustement,17:33,https://quranicwords.vercel.app/quran-words/mazlum-69f68092.html
wn_6a0cb531,2966,خُلَّة,khullah,خ-ل-ل,noun,Noun (Ism),,1,10,1,4,friendship,বন্ধুত্ব,گہری دوستی,दोस्ती,persahabatan,dostluğun,دوستی ای,forte amitié,2:254,https://quranicwords.vercel.app/quran-words/khullah-6a0cb531.html
wn_6a7517d8,2967,رافِعَة,rāfiʿah,ر-ف-ع,noun,Active participle (Ism Fāʿil),,1,10,1,4,raising up,সমুন্নতকারী,اونچا کرنے والی,बुलन्द करने वाली,meninggikan,yükselticidir,بالا برنده,fait monter,56:3,https://quranicwords.vercel.app/quran-words/rafiah-6a7517d8.html
wn_6a874091,2968,أَقاوِيل,aqāwīl,ق-و-ل,noun,Noun (Ism),,1,10,1,4,sayings,কথা,باتیں,बातें,perkataan,laflar uydurup,سخنان,paroles,69:44,https://quranicwords.vercel.app/quran-words/aqawil-6a874091.html
wn_6aa30aef,2969,سُوٓأَى,sūʾā,س-و-أ,noun,Noun (Ism),,1,10,1,4,evil,মন্দ,بہت برا,बहुत बुरा,kejahatan,çok kötü,بدترین,mal,30:10,https://quranicwords.vercel.app/quran-words/sua-6aa30aef.html
wn_6ae72175,2970,مُثْلَى,muthlā,م-ث-ل,noun,Noun (Ism),,1,10,1,4,exemplary,আদর্শ,سب سے مثالی,इन्तिहाई मिसाली,utama,örnek,تر شما,exemplaire,20:63,https://quranicwords.vercel.app/quran-words/muthla-6ae72175.html
wn_6b44e6ff,2971,قَصِيّ,qaṣiyy,ق-ص-و,noun,Noun (Ism),,1,10,1,5,remote,দূরবর্তী,دور,दूर,jauh,uzak,دور,éloigné,19:22,https://quranicwords.vercel.app/quran-words/qasiyy-6b44e6ff.html
wn_6b6121ea,2972,قُرَيْش,quraysh,ق-ر-ش,noun,Proper noun,,1,10,1,5,Quraish,কুরাইশদের,قریش,क़ुरैश,orang-orang Qurais,Kureyşi,قریش,Qouraych,106:1,https://quranicwords.vercel.app/quran-words/quraysh-6b6121ea.html
wn_6b81ab45,2973,كُنَّس,kunnas,ك-ن-س,noun,Noun (Ism),,1,10,1,5,disappear,অদৃশ্যমান,چھپ جانے والے,छुप जाने वाले,berlindung,dönüp saklananlara,نهان شونده,se cachent,81:16,https://quranicwords.vercel.app/quran-words/kunnas-6b81ab45.html
wn_6b8f0d8c,2974,ناضِرَة,nāḍirah,ن-ض-ر,noun,Active participle (Ism Fāʿil),,1,10,1,5,radiant,উজ্জ্বল হবে,تروتازہ ہوں گے,तरो ताज़ा होंगे,berseri-seri,ışıl ışıl parlar,شادابند,beaux de joie,75:22,https://quranicwords.vercel.app/quran-words/nadirah-6b8f0d8c.html
wn_6b9d9550,2975,عُرْضَة,ʿurḍah,ع-ر-ض,noun,Noun (Ism),,1,10,1,5,excuse,লক্ষ্যবস্তু হিসেবে,نشانہ,आड़,penghalang,engel,دستاویزی,excuse,2:224,https://quranicwords.vercel.app/quran-words/urdah-6b9d9550.html
wn_6bba73c1,2976,هُمَزَة,humazah,ه-م-ز,noun,Noun (Ism),,1,10,1,6,slanderer,সামনে নিন্দাকারীর,منہ پر عیب لگاتا,ऐब लगाने वाले,pengumpat,diliyle çekiştiren,طعنه زنندۂ,grand diffamateur,104:1,https://quranicwords.vercel.app/quran-words/humazah-6bba73c1.html
wn_6bf04fbe,2977,حُفْرَة,ḥufrah,ح-ف-ر,noun,Noun (Ism),,1,10,1,6,pit,গর্তের,کنارے,गढ़े,jurang,çukurun,گودالی,fosse,3:103,https://quranicwords.vercel.app/quran-words/hufrah-6bf04fbe.html
wn_6c560733,2978,فَجْوَة,fajwah,ف-ج-و,noun,Noun (Ism),,1,10,1,6,open space,প্রশস্ত চত্বরের,کشادہ جگہ پر,खुली जगह में थे,tempat yang lurus,dehlizin,فراخنایی,espace ouvert,18:17,https://quranicwords.vercel.app/quran-words/fajwah-6c560733.html
wn_6c6ea402,2979,حَمِئَة,ḥamiʾah,ح-م-أ,noun,Noun (Ism),,1,10,1,6,dark mud,পঙ্কিল,گدلے,स्याह कीचड़ वाले,lumpur hitam,kara balçıklı,گل آلود,boueuse,18:86,https://quranicwords.vercel.app/quran-words/hamiah-6c6ea402.html
wn_6c9dfc50,2980,أَيامَى,ayāmā,أ-ي-م,noun,Noun (Ism),,1,10,1,6,single,বিবাহহীনদেরকে,تنہا لوگوں,बेनिकाहों,orang-orang yang sendirian,bekarları,بی همسران,célibataires,24:32,https://quranicwords.vercel.app/quran-words/ayama-6c9dfc50.html
wn_6d3711d0,2981,مُتَعال,mutaʿāl,ع-ل-و,noun,Active participle (Ism Fāʿil),,1,10,1,7,Most High,সর্বোচ্চ,بہت برتر,बहुत बुलन्द,Maha Tinggi,yücedir,برتر,Extrêmement Haut,13:9,https://quranicwords.vercel.app/quran-words/mutaal-6d3711d0.html
wn_6d52c816,2982,مَشّاء,mashshāʾ,م-ش-ي,noun,Noun (Ism),,1,10,1,7,going about,ঘুরে বেড়াই,چلنے والا,बहुत चलने वाला,berjalan,götürüp getiren,پیشگام,passant beaucoup,68:11,https://quranicwords.vercel.app/quran-words/mashsha-6d52c816.html
wn_6d6ebe91,2983,صائِمَة,ṣāʾimah,ص-و-م,noun,Active participle (Ism Fāʿil),,1,10,1,7,women who fast,সাওমপালনকারী নারীগণ,روزہ رکھنے والی عورتیں,रोज़ा रखने वाली औरतें,perempuan-perempuan yang berpuasa,oruç tutan kadınlar,زنان روزه دار,jeûneuses,33:35,https://quranicwords.vercel.app/quran-words/saimah-6d6ebe91.html
wn_6d706238,2984,عَصِيب,ʿaṣīb,ع-ص-ب,noun,Noun (Ism),,1,10,1,7,distressful,ভয়ানক,سخت,बड़ा सख़्त,amat sulit,çetin,بسیار سخت,dont l’épreuve est grande,11:77,https://quranicwords.vercel.app/quran-words/asib-6d706238.html
wn_6d85f6f0,2985,شِعْرَى,shiʿrā,ش-ع-ر,noun,Proper noun,,1,10,1,7,Sirius,শি'রা,شعری,शिअरा,bintang syi'ra,Şi'ra'nın,ستارۂ شعری,Sirius,53:49,https://quranicwords.vercel.app/quran-words/shira-6d85f6f0.html
wn_6d9b74a9,2986,عَرِم,ʿarim,ع-ر-م,noun,Noun (Ism),,1,10,1,8,dam,বাঁধ-ভাঙ্গা,بند تور,बँद तोड़,besar,Arim,بنیان کن,barrage,34:16,https://quranicwords.vercel.app/quran-words/arim-6d9b74a9.html
wn_6dcabea4,2987,لَوْمَة,lawmah,ل-و-م,noun,Noun (Ism),,1,10,1,8,blame,নিন্দার,ملامت,मलामत,celaan,kınamasından,سرزنش,blâme,5:54,https://quranicwords.vercel.app/quran-words/lawmah-6dcabea4.html
wn_6e2a8e47,2988,حِيلَة,ḥīlah,ح-و-ل,noun,Noun (Ism),,1,10,1,8,plan,উপায় অবলম্বন,کسی حیلے,किसी हीले,daya upaya,hiçbir çareye,چاره ای,plan secret,4:98,https://quranicwords.vercel.app/quran-words/hilah-6e2a8e47.html
wn_6e2aeae2,2989,مُهاجِرَة,muhājirah,ه-ج-ر,noun,Noun (Ism),,1,10,1,8,emigrants,মুহাজির হয়ে,ہجرت کرنے والیاں,हिजरत करने वालियाँ,berhijrah,göç ederek,هجرت کنان اند,émigrantes,60:10,https://quranicwords.vercel.app/quran-words/muhajirah-6e2aeae2.html
wn_6e39a66a,2990,رَهْو,rahw,ر-ه-و,noun,Noun (Ism),,1,10,1,8,at rest,শান্ত অবস্হায়,ساکن,साकिन,tenang,açık,شکافته و آرام,calme,44:24,https://quranicwords.vercel.app/quran-words/rahw-6e39a66a.html
wn_6e7bacd9,2991,كافُور,kāfūr,ك-ف-ر,noun,Noun (Ism),,1,10,1,9,Kafur,কর্পূরের,کافور,काफ़ूर,air kafur,kâfûr,کافور,camphre,76:5,https://quranicwords.vercel.app/quran-words/kafur-6e7bacd9.html
wn_6eaeedcf,2992,غَصْب,ghaṣb,غ-ص-ب,noun,Noun (Ism),,1,10,1,9,force,জোর করে,ظلم,ज़ुल्म,dengan paksa,zorla,زور,force,18:79,https://quranicwords.vercel.app/quran-words/ghasb-6eaeedcf.html
wn_6f01fe16,2993,حَيَّة,ḥayyah,ح-ي-ي,noun,Noun (Ism),,1,10,1,9,snake,সাপ,سانپ تھا,साँप था,ular,kocaman bir yılan,ماری شد,serpent,20:20,https://quranicwords.vercel.app/quran-words/hayyah-6f01fe16.html
wn_6f1135d0,2994,مُقْمَح,muqmaḥ,ق-م-ح,noun,Passive participle (Ism Mafʿūl),,1,10,1,9,heads aloft,ঊর্ধ্বমুখী,سر اٹھائے ہوئے,सर उठाए हुए,tertengadah,kafaları kalkıktır,سردر هوا ماندگان اند,gens forcés à monter leurs têtes,36:8,https://quranicwords.vercel.app/quran-words/muqmah-6f1135d0.html
wn_6f39acec,2995,خُشُوع,khushūʿ,خ-ش-ع,noun,Verbal noun (Maṣdar),,1,10,1,9,humility,বিনয় অবস্থা,عاجزی,ख़ुशूअ,khusyu,derin saygısını,فروتنی,humilité,17:109,https://quranicwords.vercel.app/quran-words/khushu-6f39acec.html
wn_6f7b4a7c,2996,تَعْس,taʿs,ت-ع-س,noun,Noun (Ism),,1,10,1,10,destruction,দুর্গতি সেক্ষেত্রে,تباہی,पस तबाही,kesengsaraan,yıkım,نگو نساری,destruction après tomber,47:8,https://quranicwords.vercel.app/quran-words/tas-6f7b4a7c.html
wn_6f8b3acf,2997,هاؤُم,hāʾum,ه-ا-ء,noun,Noun (Ism),,1,10,1,10,Here,এখানে,لو,लो,marilah,alın,بگیرید,Voilà,69:19,https://quranicwords.vercel.app/quran-words/haum-6f8b3acf.html
wn_6fc4a3a1,2998,سُوًى,suwanā,س-و-ي,noun,Noun (Ism),,1,10,1,10,even,সমতল,ہموار,हमवार,sama,uygun,هموار,Plat,20:58,https://quranicwords.vercel.app/quran-words/suwana-6fc4a3a1.html
wn_701c3747,2999,مَناة,manāh,م-ن-ي,noun,Proper noun,,1,10,1,10,Manat,মানাত,منات,मनात,Manah,Menat'ı,منات,Manâh,53:20,https://quranicwords.vercel.app/quran-words/manah-701c3747.html
wn_7020af78,3000,آنِف,ānif,أ-ن-ف,noun,Noun (Ism),,1,10,1,10,just now,এইমাত্র,ابھی,अभी,kemarin,az önce,هم اکنون,à l’instant,47:16,https://quranicwords.vercel.app/quran-words/anif-7020af78.html
wn_7128ea32,3001,أَمَرّ,amarr,م-ر-ر,noun,Noun (Ism),,1,10,2,1,more bitter,বড়ই তিক্ত,بہت کڑوی,बहुत कड़वी,lebih pahit,acıdır,تلخ تر,plus amère,54:46,https://quranicwords.vercel.app/quran-words/amarr-7128ea32.html
wn_71d20f27,3002,فاقِع,fāqiʿ,ف-ق-ع,noun,Active participle (Ism Fāʿil),,1,10,2,1,bright,উজ্জল গাড়,چمکیلا,ख़ूब गहरा,sangat kuning,parlak,یکدست,vive,2:69,https://quranicwords.vercel.app/quran-words/faqi-71d20f27.html
wn_7237e4f1,3003,صَوامِع,ṣawāmiʿ,ص-م-ع,noun,Noun (Ism),,1,10,2,1,monasteries,সংসার বিরাগীদের উপাসনালয়গুলো,خانقاہیں,ख़ानक़ाहें,biara-biara,manastırlar,دیر های راهبان,chambres de retraite spirituelles chrétiennes,22:40,https://quranicwords.vercel.app/quran-words/sawami-7237e4f1.html
wn_7275d6cb,3004,مَوْفُور,mawfūr,و-ف-ر,noun,Passive participle (Ism Mafʿūl),,1,10,2,1,ample,পূর্ণ,پورا پورا,पूरा-पूरा,cukup,mükemmel,تمام,ample,17:63,https://quranicwords.vercel.app/quran-words/mawfur-7275d6cb.html
wn_72ce383d,3005,حَدَب,ḥadab,ح-د-ب,noun,Noun (Ism),,1,10,2,1,elevation,উচ্চভূমি,اونچی جگہ,हर बुलन्दी,tempat yang tinggi,tepeden,بلندی,endroit élevé,21:96,https://quranicwords.vercel.app/quran-words/hadab-72ce383d.html
wn_730baf7f,3006,عافي,ʿāfy,ع-ف-و,noun,Active participle (Ism Fāʿil),,1,10,2,2,those who pardon,মাফকারী,درگزر کرنے والے,दरगुज़र करने वाले,orang-orang yang memaafkan,affederler,درگذرندگان اند,ceux qui pardonnent sans châtier,3:134,https://quranicwords.vercel.app/quran-words/afy-730baf7f.html
wn_733fcfeb,3007,مُطَّلِع,muṭṭaliʿ,ط-ل-ع,noun,Active participle (Ism Fāʿil),,1,10,2,2,be looking,উঁকি মেরে দেখতে পাও,جھانکنا چاہتے,झाँक कर देखने वाले,orang-orang yang melihat,bakar mısınız,سر می کشید,gens qui regardent vers le bas,37:54,https://quranicwords.vercel.app/quran-words/muttali-733fcfeb.html
wn_734f7a48,3008,اخْتِلاق,akhtilāq,خ-ل-ق,noun,Verbal noun (Maṣdar),,1,10,2,2,fabrication,মনগড়া কথা,من گھڑت,मन गढ़त,diada-adakan,uydurma,دروغ بافی,fabrication,38:7,https://quranicwords.vercel.app/quran-words/akhtilaq-734f7a48.html
wn_7371d1a4,3009,مَطْوِيَّة,maṭwiyyah,ط-و-ي,noun,Passive participle (Ism Mafʿūl),,1,10,2,2,folded,গুটানো অবস্থায়,لپیٹے ہوئے ہوں گے,लपटे हुए होंगे,tergulung,dürülmüştür,پیچیده,pliés,39:67,https://quranicwords.vercel.app/quran-words/matwiyyah-7371d1a4.html
wn_740d007a,3010,رَجْم,rajm,ر-ج-م,noun,Noun (Ism),,1,10,2,2,guessing,আনুমানিক,پھینکتے,फेंकते हुए,terkaan,taş atar gibi,سنگ انداختنی,fait de deviner,18:22,https://quranicwords.vercel.app/quran-words/rajm-740d007a.html
wn_7421b519,3011,تالِيَة,tāliyah,ت-ل-و,noun,Active participle (Ism Fāʿil),,1,10,2,3,those who recite,পাঠকদের,تلاوت کرنے والوں,तिलावत करने वालों,maka,okuyanlara,تلاوتگران,ensuite ceux qui récitent,37:3,https://quranicwords.vercel.app/quran-words/taliyah-7421b519.html
wn_745abe85,3012,أَداء,adāʾ,أ-د-ي,noun,Verbal noun (Maṣdar),,1,10,2,3,payment,আদায় করা,ادا کرنا,अदा करना,membayar diat,ödemelidir,پرداختن,délivrance d’un payement,2:178,https://quranicwords.vercel.app/quran-words/ada-745abe85.html
wn_748b6b25,3013,اسْتِغْفار,astighfār,غ-ف-ر,noun,Verbal noun (Maṣdar),,1,10,2,3,asking of forgiveness,ক্ষমা চাওয়া,استغفار,इस्तिग़फ़ार करना,permintaan ampun,mağfiret dilemesi,مغفرت خواستن,demande de pardon,9:114,https://quranicwords.vercel.app/quran-words/astighfar-748b6b25.html
wn_749eb370,3014,رِيع,rīʿ,ر-ي-ع,noun,Noun (Ism),,1,10,2,3,elevation,উঁচু,اونچی جگہ,ऊँची जगह,tempat yang tinggi,tepeye,جای بلندی,élévation,26:128,https://quranicwords.vercel.app/quran-words/ri-749eb370.html
wn_74f192de,3015,لَوّاحَة,lawwāḥah,ل-و-ح,noun,Noun (Ism),,1,10,2,3,Scorching,ঝলসে দেয়,جھلسا دینے والی,झुलसा देने वाली,membakar,yakar kavurur,سوزاننده و تغییر دهندۂ,très brûlant,74:29,https://quranicwords.vercel.app/quran-words/lawwahah-74f192de.html
wn_7534a5dc,3016,صِهْر,ṣihr,ص-ه-ر,noun,Noun (Ism),,1,10,2,4,marriage relationship,বৈবাহিক সম্পর্ক,سسرال والا,ससुराल,hubungan perkawinan,sıhr,دامادی,relation par mariage,25:54,https://quranicwords.vercel.app/quran-words/sihr-7534a5dc.html
wn_75ec43fe,3017,بَئِيس,baʾīs,ب-أ-س,noun,Noun (Ism),,1,10,2,4,wretched,ভয়ানক,شدید,सख़्त,buruk,çetin,سخت,très mauvais,7:165,https://quranicwords.vercel.app/quran-words/bais-75ec43fe.html
wn_76e124ca,3018,مُطَّوِّع,muṭṭawwiʿ,ط-و-ع,noun,Active participle (Ism Fāʿil),,1,10,2,4,ones who give willingly,স্বতঃস্ফুর্তভাবে দানকারীদেরকে,خوشی,ख़ुशी से देने वालों,orang-orang yang memberi dengan sukarela,gönülden verenleri,صدقه دهندگان,volontaires,9:79,https://quranicwords.vercel.app/quran-words/muttawwi-76e124ca.html
wn_76e4b527,3019,بازِغ,bāzigh,ب-ز-غ,noun,Active participle (Ism Fāʿil),,1,10,2,4,rising,উদীয়মান,چمکتا ہوا,चमकता हुआ,terbit,doğarken,برآمده,levante,6:77,https://quranicwords.vercel.app/quran-words/bazigh-76e4b527.html
wn_78046ba8,3020,وَهّاج,wahhāj,و-ه-ج,noun,Noun (Ism),,1,10,2,4,burning,উজ্জ্বল,روشن ہونے والا,ख़ूब रौशन,sangat terang,parıl parıl parlayan,درخشان,brûlant intensément,78:13,https://quranicwords.vercel.app/quran-words/wahhaj-78046ba8.html
wn_7834bc33,3021,دُحُور,duḥūr,د-ح-ر,noun,Verbal noun (Maṣdar),,1,10,2,5,Repelled,তাড়ানোর,سخت ذلت کے ساتھ,भगाने के लिए,terusir,kovulurlar,دور شوند,bannis,37:9,https://quranicwords.vercel.app/quran-words/duhur-7834bc33.html
wn_7896800e,3022,قاصِف,qāṣif,ق-ص-ف,noun,Active participle (Ism Fāʿil),,1,10,2,5,hurricane,প্রচন্ড ঝড়,گرجنے والی,तोड़-फोड़ देने वाली,petir keras,fırtına,باد ویرانگری,destructeur,17:69,https://quranicwords.vercel.app/quran-words/qasif-7896800e.html
wn_7897b4c9,3023,مُوفي,mūfy,و-ف-ي,noun,Active participle (Ism Fāʿil),,1,10,2,5,those who fulfill,পূর্ণকারী,پورا کرنے والے,पूरा करने वाले,orang-orang yang menepati,yerine getirmeleridir,وفا کنندگان,ceux qui accomplissent,2:177,https://quranicwords.vercel.app/quran-words/mufy-7897b4c9.html
wn_789e2cf1,3024,حاضِر,ḥāḍir,ح-ض-ر,noun,Active participle (Ism Fāʿil),,1,10,2,5,presented,উপস্থিত,حاضر,हाज़िर,hadir,hazır,پیش رو,présent,18:49,https://quranicwords.vercel.app/quran-words/hadir-789e2cf1.html
wn_79319c77,3025,لازِب,lāzib,ل-ز-ب,noun,Active participle (Ism Fāʿil),,1,10,2,5,sticky,এঁটেল,چپکتی,चिपकने वाली,tanah liat,yapışkan,چسبنده,collante,37:11,https://quranicwords.vercel.app/quran-words/lazib-79319c77.html
wn_7a12c18b,3026,فُتُون,futūn,ف-ت-ن,noun,Noun (Ism),,1,10,2,6,trial,পরীক্ষা,آزمانا,ख़ूब आज़माना,beberapa cobaan,deneyişle,آزمودنی,grande épreuve,20:40,https://quranicwords.vercel.app/quran-words/futun-7a12c18b.html
wn_7a38d1c0,3027,مَسْح,masḥ,م-س-ح,noun,Noun (Ism),,1,10,2,6,to pass,বুলাতে,ہاتھ پھیرنا,हाथ फेरने,mengusap-usap,okşamağa,ذبح وپی کردن,toucher,38:33,https://quranicwords.vercel.app/quran-words/mash-7a38d1c0.html
wn_7a545cb9,3028,مُعَقِّبَة,muʿaqqibah,ع-ق-ب,noun,Active participle (Ism Fāʿil),,1,10,2,6,successive,একের পর এক আগমনকারী প্রহরী,پہرے دار,पहरेदार,pengiring,izleyenler,تعقیب کنندگانی,reviennent,13:11,https://quranicwords.vercel.app/quran-words/muaqqibah-7a545cb9.html
wn_7a5d6978,3029,خاضِع,khāḍiʿ,خ-ض-ع,noun,Active participle (Ism Fāʿil),,1,10,2,6,humility,অবনত,جھکنے والی,झुकने वाली,tunduk,eğilip kalmış,فروتنان,humbles au point de se rabaisser,26:4,https://quranicwords.vercel.app/quran-words/khadi-7a5d6978.html
wn_7abfc63a,3030,سَرَب,sarab,س-ر-ب,noun,Noun (Ism),,1,10,2,6,slipping away,সুড়ঙ্গ করে,سرنگ کی طرح,सुरंग की तरह,lompat,sıyrılıp,حالت سرازیر,tunnel,18:61,https://quranicwords.vercel.app/quran-words/sarab-7abfc63a.html
wn_7ba20981,3031,مُحَصَّنَة,muḥaṣṣanah,ح-ص-ن,noun,Passive participle (Ism Mafʿūl),,1,10,2,7,fortified,দুর্গ পরিবেষ্টিত,قلعہ بند ہوکر,क़िला बन्द हो कर,berbenteng,müstahkem,بارودار,fortifiés,59:14,https://quranicwords.vercel.app/quran-words/muhassanah-7ba20981.html
wn_7bdb3cf9,3032,أَنامِل,anāmil,ن-م-ل,noun,Noun (Ism),,1,10,2,7,finger tips,আঙ্গুলগুলোকে,انگلیاں,उँगलियाँ,jari-jari,parmak uçlarını,سر انگشتان,bouts des doigts,3:119,https://quranicwords.vercel.app/quran-words/anamil-7bdb3cf9.html
wn_7c1318d2,3033,حَصَب,ḥaṣab,ح-ص-ب,noun,Noun (Ism),,1,10,2,7,firewood,ইন্ধন,ایندھن,ईंधन होंगे,kayu bakar,odunusunuz,هیزم,ce qui est jeté,21:98,https://quranicwords.vercel.app/quran-words/hasab-7c1318d2.html
wn_7c3d63e3,3034,سَلْسَبِيل,salsabīl,,noun,Proper noun,,1,10,2,7,Salsabil,সালসাবীল,سلسبیل,सलसबील,salsabil,Selsebil,سلسبیل,Salsabîl,76:18,https://quranicwords.vercel.app/quran-words/salsabil-7c3d63e3.html
wn_7cb8930f,3035,هَدّ,hadd,ه-د-د,noun,Noun (Ism),,1,10,2,7,devastation,চূর্ণ-বিচূর্ণ হয়ে,ٹوٹ کر,रेज़ा-रेज़ा होकर,runtuh,yıkılıp,پاره پاره,dévastation,19:90,https://quranicwords.vercel.app/quran-words/hadd-7cb8930f.html
wn_7d4f8faf,3036,صُواع,ṣūʿ,ص-و-ع,noun,Noun (Ism),,1,10,2,8,cup,পানপাত্র,پیمانہ,पैमाना,piala,su tasını,پیمانه,récipient à mesurer,12:72,https://quranicwords.vercel.app/quran-words/su-7d4f8faf.html
wn_7d515b4c,3037,خاسِرَة,khāsirah,خ-س-ر,noun,Active participle (Ism Fāʿil),,1,10,2,8,losing,বড়ই ক্ষতিকর,گھاٹے,ख़सारे,kerugian,ziyanlı,زیان آور خواهد بود,perdant,79:12,https://quranicwords.vercel.app/quran-words/khasirah-7d515b4c.html
wn_7d7f7814,3038,مُسْتَبْشِرَة,mustabshirah,ب-ش-ر,noun,Active participle (Ism Fāʿil),,1,10,2,8,rejoicing at good news,প্রফুল্ল,شادمان ہوں گے,ख़ुशख़बरी पाने वाले होंगे,gembira-ria,sevinçlidir,شادمانند,heureux à cause de bonnes nouvelles,80:39,https://quranicwords.vercel.app/quran-words/mustabshirah-7d7f7814.html
wn_7dc2bf03,3039,بَسْط,basṭ,ب-س-ط,noun,Verbal noun (Maṣdar),,1,10,2,8,reach,প্রসারিত,ہر طرح پھیلا دینا,फैला देना,uluran,açarak,گشاده,extension,17:29,https://quranicwords.vercel.app/quran-words/bast-7dc2bf03.html
wn_7dcae9ea,3040,أَثْل,athl,أ-ث-ل,noun,Noun (Ism),,1,10,2,8,tamarisks,ঝাউগাছ,جھاؤ کے درخت,झाओ के दरख़्त,cemara,acı meyvalı,شوره گز,tamaris Athel,34:16,https://quranicwords.vercel.app/quran-words/athl-7dcae9ea.html
wn_7df8e4b8,3041,مُجْتَمِع,mujtamiʿ,ج-م-ع,noun,Active participle (Ism Fāʿil),,1,10,2,9,assemble,সমবেত হচ্ছো,جمع ہونے والے,जमा होने वाले,orang-orang yang berkumpul,toplanıyor,گردهم می آیید؟,assemblés,26:39,https://quranicwords.vercel.app/quran-words/mujtami-7df8e4b8.html
wn_7e4d4ba0,3042,مُبَذِّر,mubadhdhir,ب-ذ-ر,noun,Active participle (Ism Fāʿil),,1,10,2,9,spendthrifts,অপব্যয়কারীরা,فضول خرچ لوگ,फ़िज़ूल ख़र्च लोग,orang-orang yang boros,savurganlar,ریخت و پاش کنندگان,ceux qui dépensent de manière gaspilleuse,17:27,https://quranicwords.vercel.app/quran-words/mubadhdhir-7e4d4ba0.html
wn_7ec8d441,3043,رُجُوم,rujūm,ر-ج-م,noun,Noun (Ism),,1,10,2,9,missiles,নিক্ষেপ উপকরণ,مارنے کی چیز,मारने की चीज़,pelempar,taşlamalar,وسیلۂ راندن,missiles,67:5,https://quranicwords.vercel.app/quran-words/rujum-7ec8d441.html
wn_7edfd954,3044,قِيَم,qiyam,ق-و-م,noun,Noun (Ism),,1,10,2,9,right,সুপ্রতিষ্ঠিত,بالکل درست,दुरुस्त,benar,dosdoğru,درست,droite,6:161,https://quranicwords.vercel.app/quran-words/qiyam-7edfd954.html
wn_7f52e5c1,3045,زَهْرَة,zahrah,ز-ه-ر,noun,Noun (Ism),,1,10,2,9,splendor,সৌন্দর্য হিসেবে,رونق,रौनक़ के लिए,kembang,süsüne,آرایش,fleur,20:131,https://quranicwords.vercel.app/quran-words/zahrah-7f52e5c1.html
wn_7fb5f4b6,3046,خِياط,khīṭ,خ-ي-ط,noun,Noun (Ism),,1,10,2,10,needle,সূঁচের,سوئی,सूई,jarum,iğne,سوزن,aiguille,7:40,https://quranicwords.vercel.app/quran-words/khit-7fb5f4b6.html
wn_7fe266bc,3047,ضَنك,ḍank,ض-ن-ك,noun,Noun (Ism),,1,10,2,10,straitened,সংকুচিত,تنگ,तंग,sulit,dar,تنگ,étroite,20:124,https://quranicwords.vercel.app/quran-words/dank-7fe266bc.html
wn_7ff20f33,3048,رُجْز,rujz,ر-ج-ز,noun,Noun (Ism),,1,10,2,10,uncleanliness,অপবিত্রতা,گندگی,गंदगी,perbuatan dosa,pislikten,پلیدی,impureté,74:5,https://quranicwords.vercel.app/quran-words/rujz-7ff20f33.html
wn_80047c5f,3049,لابِث,lābith,ل-ب-ث,noun,Active participle (Ism Fāʿil),,1,10,2,10,be remaining,অবস্থানকারী হবে,ہمیشہ رہنے والے,हमेशा रहने वाले,tinggal,kalacaklardır,درنگ کنندگان,restants,78:23,https://quranicwords.vercel.app/quran-words/labith-80047c5f.html
wn_80541e7e,3050,جَمَل,jamal,ج-م-ل,noun,Noun (Ism),,1,10,2,10,camel,উট,اونٹ,ऊँट,unta,deve,شتر,chameau,7:40,https://quranicwords.vercel.app/quran-words/jamal-80541e7e.html
wn_806d892a,3051,رِحْلَة,riḥlah,ر-ح-ل,noun,Noun (Ism),,1,10,3,1,journey,ভ্রমণে,سفر,सफ़र,perjalanan,yolculuğuna,کوچیدن,voyage,106:2,https://quranicwords.vercel.app/quran-words/rihlah-806d892a.html
wn_808a4d05,3052,مَصْرِف,maṣrif,ص-ر-ف,noun,Noun (Ism),,1,10,3,1,way of escape,ফিরার স্থান,لوٹنے کی جگہ,फिरने की जगह,tempat berpaling,kaçacak bir yer,راه برگشتی,endroit vers lequel s’en aller,18:53,https://quranicwords.vercel.app/quran-words/masrif-808a4d05.html
wn_8091ec9d,3053,دَكّاء,dakkāʾ,د-ك-ك,noun,Noun (Ism),,1,10,3,1,level,চূর্ণবিচূর্ণ,برابر,रेज़ा-रेज़ा,hancur,yerle bir,هموار,plate,18:98,https://quranicwords.vercel.app/quran-words/dakka-8091ec9d.html
wn_80c2968c,3054,رِكاب,rikāb,ر-ك-ب,noun,Noun (Ism),,1,10,3,1,camels,উট,سواری,ऊँट,tunggangan,deve,شتران,chameaux à monter,59:6,https://quranicwords.vercel.app/quran-words/rikab-80c2968c.html
wn_80d28f78,3055,قُمَّل,qummal,ق-م-ل,noun,Noun (Ism),,1,10,3,1,lice,উকুন,سرسریاں,जुएँ,kutu,kımıl,شته,poux,7:133,https://quranicwords.vercel.app/quran-words/qummal-80d28f78.html
wn_80deb52b,3056,حاضِرِي,ḥāḍirī,ح-ض-ر,noun,Noun (Ism),,1,10,3,2,present,বাসিন্দা,موجود,रहने वाले,berada,hazır,ساکنان,présents,2:196,https://quranicwords.vercel.app/quran-words/hadiri-80deb52b.html
wn_80e0dec6,3057,مَبْثُوث,mabthūth,ب-ث-ث,noun,Passive participle (Ism Mafʿūl),,1,10,3,2,scattered,বিক্ষিপ্ত,بکھرے ہوئے,बिखरे हुए,bertebaran,yayılmış,پراکنده,dispersés,101:4,https://quranicwords.vercel.app/quran-words/mabthuth-80e0dec6.html
wn_80e7639c,3058,فِداء,fidāʾ,ف-د-ي,noun,Noun (Ism),,1,10,3,2,ransom,মুক্তিপণ নেবে,فدیہ لو,फ़िदया लो,tebusan,fidye alırsınız,باز خرید کنید,rançon,47:4,https://quranicwords.vercel.app/quran-words/fida-80e7639c.html
wn_8115f35b,3059,طالِب,ṭālib,ط-ل-ب,noun,Active participle (Ism Fāʿil),,1,10,3,2,seeker,অন্বেষণকারী,طلب کرنے والا,तलब करने वाला,orang yang mencari,isteyen,خواهنده,celui qui cherche,22:73,https://quranicwords.vercel.app/quran-words/talib-8115f35b.html
wn_8124d6f6,3060,حَصُور,ḥaṣūr,ح-ص-ر,noun,Noun (Ism),,1,10,3,2,chaste,সাধু বৈশিষ্ট্যের,پاکباز,पाक बाज़,menahan diri,nefsine hakim,پارسا,chaste,3:39,https://quranicwords.vercel.app/quran-words/hasur-8124d6f6.html
wn_8131c4f7,3061,فُطُور,fuṭūr,ف-ط-ر,noun,Noun (Ism),,1,10,3,3,flaw,ত্রুটি,شگاف,शिगाफ़,Terbelah,bozukluk,شکاف و رخنه ای,déchirures,67:3,https://quranicwords.vercel.app/quran-words/futur-8131c4f7.html
wn_81b7f760,3062,صَمَد,ṣamad,ص-م-د,noun,Noun (Ism),,1,10,3,3,Eternal the Absolute,অমুখাপেক্ষী,بےنیاز,बेनियाज़,tempat bergantung,Samed'dir,بی نیاز,Indépendant Suprême,112:2,https://quranicwords.vercel.app/quran-words/samad-81b7f760.html
wn_81fbdf38,3063,أَبّ,abb,أ-ب-ب,noun,Noun (Ism),,1,10,3,3,grass,গবাদি খাদ্য,چارہ,चारा,ruput-rumputan,çayır,چراگاه,herbe,80:31,https://quranicwords.vercel.app/quran-words/abb-81fbdf38.html
wn_82abae88,3064,تَبْتِيل,tabtīl,ب-ت-ل,noun,Verbal noun (Maṣdar),,1,10,3,3,devotion,খুব নিমগ্ন হয়ে,منقطع ہوجانا,मुतावज्जा होना,sungguh-sungguh beribadat,bütün gönlünle,انقطاعی,dévouement,73:8,https://quranicwords.vercel.app/quran-words/tabtil-82abae88.html
wn_82df1be4,3065,جَنَى,janā,ج-ن-ي,noun,Noun (Ism),,1,10,3,3,fruit,ফল সমূহ,پھل,फल,memetik,toplanması,میوۂ رسیده آن,fruits mûres,55:54,https://quranicwords.vercel.app/quran-words/jana-82df1be4.html
wn_833352a3,3066,قَتُور,qatūr,ق-ت-ر,noun,Noun (Ism),,1,10,3,4,stingy,বড়ই কৃপণ,کنجوس,बहुत कंजूस,sangat kikir,çok cimridir,همواره تنگ نظر,avare,17:100,https://quranicwords.vercel.app/quran-words/qatur-833352a3.html
wn_833a133f,3067,مَلِيك,malīk,م-ل-ك,noun,Noun (Ism),,1,10,3,4,King,সম্রাটের,بادشاہ,बादशाह के पास,menguasi,padişahın,فرمانروایی,Roi,54:55,https://quranicwords.vercel.app/quran-words/malik-833a133f.html
wn_8395647b,3068,سَفَه,safah,س-ف-ه,noun,Noun (Ism),,1,10,3,4,foolishness,নির্বুদ্ধিতার কারণে,حماقت,नादानी,kebodohan,beyinsizce,روی بی خردی,sottise,6:140,https://quranicwords.vercel.app/quran-words/safah-8395647b.html
wn_8399dca7,3069,نَسِيء,nasīʾ,ن-س-أ,noun,Noun (Ism),,1,10,3,4,postponing,নাসী,نسی,महीनों को आगे पीछे करना,mengundur-undurkan,ertelemek,تاخیر,retardement des mois sacrés,9:37,https://quranicwords.vercel.app/quran-words/nasi-8399dca7.html
wn_83cf4089,3070,أَبارِيق,abārīq,ب-ر-ق,noun,Noun (Ism),,1,10,3,4,jugs,কুঁজো,ساتھ جگ,सुराहियों,cerek-cerek,ibrikler,کوزه ها,aiguières,56:18,https://quranicwords.vercel.app/quran-words/abariq-83cf4089.html
wn_84276aa5,3071,مُرْجَوْن,murjawn,ر-ج-و,noun,Passive participle (Ism Mafʿūl),,1,10,3,5,deferred,অপেক্ষামান,ڈھیل دیے گئے,मुअख़्ख़र रखे गए,ditangguhkan,bırakılmışlardır,واگذار شده اند,retardés,9:106,https://quranicwords.vercel.app/quran-words/murjawn-84276aa5.html
wn_8480db17,3072,ضائِق,ḍāʾiq,ض-ي-ق,noun,Active participle (Ism Fāʿil),,1,10,3,5,straitened,সংকুচিত করো,تنگ ہونے والا,तंग होने वाला,sempit,daralacak,تنگ شود,étroite,11:12,https://quranicwords.vercel.app/quran-words/daiq-8480db17.html
wn_849f7ef0,3073,مُتَفَرِّق,mutafarriq,ف-ر-ق,noun,Active participle (Ism Fāʿil),,1,10,3,5,separate,পৃথক পৃথক,مختلف قسم,मुतफ़र्रिक़,berpisah-pisah,çeşitli,پرا کنده,séparés,12:39,https://quranicwords.vercel.app/quran-words/mutafarriq-849f7ef0.html
wn_852183bd,3074,مُحَلِّق,muḥalliq,ح-ل-ق,noun,Active participle (Ism Fāʿil),,1,10,3,5,having shaved,মুণ্ডনকারী,منڈائے ہوئے,मुंडवाए हुए,mencukur rambut,traş ederek,درحالی که تراشید گانید,gens qui rasent,48:27,https://quranicwords.vercel.app/quran-words/muhalliq-852183bd.html
wn_8570cf2a,3075,تَرائِب,tarāʾib,ت-ر-ب,noun,Noun (Ism),,1,10,3,5,ribs,বক্ষপিঞ্জরের,سینے کی ہڈیوں,सीने की हड्डियों,tulang dada,kaburga kemikleri,استخوان های سینه,côtes,86:7,https://quranicwords.vercel.app/quran-words/taraib-8570cf2a.html
wn_85a879ef,3076,خُبْز,khubz,خ-ب-ز,noun,Noun (Ism),,1,10,3,6,bread,রুটি,روٹی,रोटी,roti,ekmek,نان,pain,12:36,https://quranicwords.vercel.app/quran-words/khubz-85a879ef.html
wn_8614a0a0,3077,مِراء,mirāʾ,م-ر-ي,noun,Noun (Ism),,1,10,3,6,argument,আলোচনা,جھگڑنا,झगड़ना,pertengkaran,tartışma,جدالی,dispute par opposition,18:22,https://quranicwords.vercel.app/quran-words/mira-8614a0a0.html
wn_86692484,3078,مُزْدَجَر,muzdajar,ز-ج-ر,noun,Passive participle (Ism Mafʿūl),,1,10,3,6,deterrence,সতর্কবাণী,ڈانٹنا,काफ़ी तंबीह,terdapat cegahan,önleyici,مایۂ باز داشتن,interdiction stricte,54:4,https://quranicwords.vercel.app/quran-words/muzdajar-86692484.html
wn_86cf8071,3079,سارِقَة,sāriqah,س-ر-ق,noun,Active participle (Ism Fāʿil),,1,10,3,6,female thief,বা নারী চোর,چور عورت,चोर औरत,pencuri perempuan,hırsızlık eden kadının,زن دزد,voleuse,5:38,https://quranicwords.vercel.app/quran-words/sariqah-86cf8071.html
wn_86e8be44,3080,واهِيَة,wāhiyah,و-ه-ي,noun,Active participle (Ism Fāʿil),,1,10,3,6,frail,বিশ্লিষ্ট হবে,سست ہوگا,कमज़ोर होगा,lemah,zayıftır,سست خواهد بود,fragile,69:16,https://quranicwords.vercel.app/quran-words/wahiyah-86e8be44.html
wn_86fa097c,3081,مَوْبِق,mawbiq,و-ب-ق,noun,Noun (Ism),,1,10,3,7,barrier,ধ্বংসের স্থান,ہلاکت کی جگہ,हलाकत की जगह,tempat kebinasaan,tehlikeli bir uçurum,هلاکتگاهی,destruction,18:52,https://quranicwords.vercel.app/quran-words/mawbiq-86fa097c.html
wn_87c2e9eb,3082,مُسِيء,musīʾ,س-و-أ,noun,Active participle (Ism Fāʿil),,1,10,3,7,evildoer,দুষ্কৃতিকারীরা,بدکار,बदकार,orang yang jahat,kötülük yapan,بدکار,malfaiteur,40:58,https://quranicwords.vercel.app/quran-words/musi-87c2e9eb.html
wn_87cc0c92,3083,هَجْر,hajr,ه-ج-ر,noun,Noun (Ism),,1,10,3,7,avoidance,পরিহার,چھوڑنا,छोड़ना,pindah,ayrılışla,شیوه ای,manière de quitter,73:10,https://quranicwords.vercel.app/quran-words/hajr-87cc0c92.html
wn_87d1e784,3084,تَتْبِيب,tatbīb,ت-ب-ب,noun,Verbal noun (Maṣdar),,1,10,3,7,ruin,ধ্বংস,ہلاکت,हलाकत,kebinasaan,kayıplarını,نابودی,destruction,11:101,https://quranicwords.vercel.app/quran-words/tatbib-87d1e784.html
wn_88422ceb,3085,سَرائِر,sarāʾir,س-ر-ر,noun,Noun (Ism),,1,10,3,7,secrets,গোপন বিষয়াবলী,پوشیدہ رازوں,तमाम राज़ों,rahasia-rahasia,sırların,رازها,secrets,86:9,https://quranicwords.vercel.app/quran-words/sarair-88422ceb.html
wn_8918bfed,3086,بَراء,barāʾ,ب-ر-أ,noun,Noun (Ism),,1,10,3,8,disassociated,সম্পর্কমুক্ত,بےزار ہوں,बेज़ार हूँ,berlepas diri,uzağım,بیزارم,désavoué,43:26,https://quranicwords.vercel.app/quran-words/bara-8918bfed.html
wn_8928b209,3087,رِكْز,rikz,ر-ك-ز,noun,Noun (Ism),,1,10,3,8,sound,কোন ক্ষীণ শব্দও,آہستہ آواز,आहट,suara pelan,cılız bir sesini,آوایی را؟,son,19:98,https://quranicwords.vercel.app/quran-words/rikz-8928b209.html
wn_893ce7cb,3088,مُكَرَّمَة,mukarramah,ك-ر-م,noun,Passive participle (Ism Mafʿūl),,1,10,3,8,honored,সম্মানিত,عزت دیئے گئے,इज़्ज़त दिए गए,dimuliakan,değer verilen,ارجمند,honorées,80:13,https://quranicwords.vercel.app/quran-words/mukarramah-893ce7cb.html
wn_895e4392,3089,حَرِيص,ḥarīṣ,ح-ر-ص,noun,Noun (Ism),,1,10,3,8,concerned,কল্যাণকামী,حریص,हरीस,sangat menginginkan,düşkün,آزمند,très inquiet,9:128,https://quranicwords.vercel.app/quran-words/haris-895e4392.html
wn_899a5e0a,3090,تَبِيع,tabīʿ,ت-ب-ع,noun,Noun (Ism),,1,10,3,8,avenger,সাহায্যকারী,تابع,पीछा करने वाला,pengikut,izleyip koruyacak birini,هیچ باز خواستی؟,vengeur,17:69,https://quranicwords.vercel.app/quran-words/tabi-899a5e0a.html
wn_89b19309,3091,تَقْتِيل,taqtīl,ق-ت-ل,noun,Verbal noun (Maṣdar),,1,10,3,9,massacred completely,হত্যা,بری طرح قتل کیا جانا,बुरी तरह क़त्ल किया जाना,pembunuhan yang dahsyat,şiddetle,سختی,massacre,33:61,https://quranicwords.vercel.app/quran-words/taqtil-89b19309.html
wn_89b821c3,3092,غَوْل,ghawl,غ-و-ل,noun,Noun (Ism),,1,10,3,9,bad effect,মানসিক বিকৃতি,سر درد,सर दर्द होगी,kerusakan,sersemletme,سر گیجه,mauvais effet,37:47,https://quranicwords.vercel.app/quran-words/ghawl-89b821c3.html
wn_8a72ab54,3093,مَشِيد,mashīd,ش-ي-د,noun,Passive participle (Ism Mafʿūl),,1,10,3,9,lofty,সুদৃঢ়,پختہ,पुख़्ता,tinggi,sağlam,بلند,rendus hauts,22:45,https://quranicwords.vercel.app/quran-words/mashid-8a72ab54.html
wn_8aa82d5c,3094,مِنْهاج,minhāj,ن-ه-ج,noun,Noun (Ism),,1,10,3,9,clear way,কর্মপন্থা,راستہ,तरीक़ा,jalan yang terang,yol,راهی,méthode,5:48,https://quranicwords.vercel.app/quran-words/minhaj-8aa82d5c.html
wn_8abfcdf7,3095,أَكْنان,aknān,ك-ن-ن,noun,Noun (Ism),,1,10,3,9,shelters,আশ্রয়স্থলসমূহ,چھپنے کی جگہیں,छुपने की जगहें,tempat tinggal,oturulacak barınaklar,غار هایی,endroits de protection,16:81,https://quranicwords.vercel.app/quran-words/aknan-8abfcdf7.html
wn_8b30a517,3096,سَبْق,sabq,س-ب-ق,noun,Verbal noun (Maṣdar),,1,10,3,10,race,দ্রুতবেগে,سبقت کرنا,सबक़त करना,dengan kencang,yarışarak,پیشی گرفتنی,course,79:4,https://quranicwords.vercel.app/quran-words/sabq-8b30a517.html
wn_8b3904ef,3097,ضِيزَى,ḍīzā,ض-ي-ز,noun,Noun (Ism),,1,10,3,10,unfair,বড় প্রতারণাপূর্ণ,ظلم,ना इन्साफ़ी,tidak adil,insafsızca,بیدادگرانه,injuste,53:22,https://quranicwords.vercel.app/quran-words/diza-8b3904ef.html
wn_8baa46bc,3098,فَكِه,fakih,ف-ك-ه,noun,Noun (Ism),,1,10,3,10,jesting,উৎফুল্ল হয়ে,باتیں بناتے,दिल्लगी करते हुए,riang gembira,eğlenerek,شاد و سرمست,joyeux,83:31,https://quranicwords.vercel.app/quran-words/fakih-8baa46bc.html
wn_8bfa8270,3099,ضاحِكَة,ḍāḥikah,ض-ح-ك,noun,Active participle (Ism Fāʿil),,1,10,3,10,Laughing,সহাস্য,ہنستے ہوں گے,हँसते होंगे,tertawa,güleçtir,خندان,riant,80:39,https://quranicwords.vercel.app/quran-words/dahikah-8bfa8270.html
wn_8c1b9ca1,3100,لاعِن,lāʿin,ل-ع-ن,noun,Active participle (Ism Fāʿil),,1,10,3,10,ones who curse,অভিশাপকারীরা,لعنت کرنے والے,लानत करने वाले,para pelaknat,bütün la'net edebilenler,لعنت کنندگان,ceux qui maudissent,2:159,https://quranicwords.vercel.app/quran-words/lain-8c1b9ca1.html
wn_8c1baf04,3101,تَفْرِيق,tafrīq,ف-ر-ق,noun,Verbal noun (Maṣdar),,1,10,4,1,division,বিভেদ সৃষ্টির উদ্দেশ্যে,جدائی ڈالنے کے لیے,जुदाई डालने के लिए,memecah belah,ayrılık sokmak,برای تفرقه انداختن,division,9:107,https://quranicwords.vercel.app/quran-words/tafriq-8c1baf04.html
wn_8c4b5782,3102,آفِل,āfil,أ-ف-ل,noun,Active participle (Ism Fāʿil),,1,10,4,1,ones that set,অস্তগামীদেরকে,چھپنے والوں,छुपने वालों,terbenam,batanları,غروب کنندگان,ceux qui disparaissent,6:76,https://quranicwords.vercel.app/quran-words/afil-8c4b5782.html
wn_8c5e10ed,3103,رُحْم,ruḥm,ر-ح-م,noun,Noun (Ism),,1,10,4,1,affection,দয়ার দিক থেকে,شفقت,रहमत,kasih sayang,merhamete,حیث مهربانی,miséricorde,18:81,https://quranicwords.vercel.app/quran-words/ruhm-8c5e10ed.html
wn_8c68bcbf,3104,وَفْد,wafd,و-ف-د,noun,Verbal noun (Maṣdar),,1,10,4,1,delegation,অতিথি হিসেবে,مہمان بنا کر,मेहमान बनाकर,perutusan,konuk olarak,میهمانی,délégation,19:85,https://quranicwords.vercel.app/quran-words/wafd-8c68bcbf.html
wn_8cb16a25,3105,مَصانِع,maṣāniʿ,ص-ن-ع,noun,Noun (Ism),,1,10,4,1,strongholds,প্রাসাদ,محلات,महल्लात,gedung-gedung,köşkler,قصر های استوار,constructions,26:129,https://quranicwords.vercel.app/quran-words/masani-8cb16a25.html
wn_8d40cd2f,3106,أَحْصَى,aḥṣā,ح-ص-ي,noun,Noun (Ism),,1,10,4,2,best calculated,হিসাব করেছিলো,زیادہ گننے والا,ख़ूब गिनने वाला,lebih tepat menghitung,daha iyi hesabedeceğini,بهتر شمارش کننده,meilleur pour compter jusqu’au dernier,18:12,https://quranicwords.vercel.app/quran-words/ahsa-8d40cd2f.html
wn_8d488104,3107,غَمَرَة,ghamarah,غ-م-ر,noun,Noun (Ism),,1,10,4,2,agonies,যন্ত্রণার,بےہوشیوں ہوں گے,सख़्तियों में होंगे,kesengsaraan,dalgaları,سختی های,inondations qui submergent,6:93,https://quranicwords.vercel.app/quran-words/ghamarah-8d488104.html
wn_8d93a5ee,3108,لائِم,lāʾim,ل-و-م,noun,Active participle (Ism Fāʿil),,1,10,4,2,critic,নিন্দুকের,ملامت کرنے والی,मलामत करने वाले,orang-orang mencela,hiçbir kınayıcının,هیچ سرزنش کننده ای,quelqu’un qui blâme,5:54,https://quranicwords.vercel.app/quran-words/laim-8d93a5ee.html
wn_8d9e1577,3109,مَشْهَد,mashhad,ش-ه-د,noun,Noun (Ism),,1,10,4,2,witnessing,সাক্ষাত,دیکھنے,हाज़री,menyaksikan,görmekten,حضور,témoignage,19:37,https://quranicwords.vercel.app/quran-words/mashhad-8d9e1577.html
wn_8e2099f7,3110,رَواكِد,rawākid,ر-ك-د,noun,Noun (Ism),,1,10,4,2,motionless,নিশ্চল,تھمی ہوئی,खड़ी हुई,terhenti,hareketsiz,بی حرکت,stationnaires,42:33,https://quranicwords.vercel.app/quran-words/rawakid-8e2099f7.html
wn_8f159636,3111,مَبْنِيَّة,mabniyyah,ب-ن-ي,noun,Passive participle (Ism Mafʿūl),,1,10,4,3,built high,নির্মিত,بنائے ہوئے,बनाए हुए,bangunan,yapılmış,بنا شده,construits,39:20,https://quranicwords.vercel.app/quran-words/mabniyyah-8f159636.html
wn_8f268db2,3112,هِيم,hīm,ه-ي-م,noun,Noun (Ism),,1,10,4,3,thirsty camels,পিপাসার্ত উট সমূহের,پیاسے اونٹ کی طرح,प्यासे ऊँट,unta,susuz develerin,شتران تشنه,chameaux malades qui boivent en continu,56:55,https://quranicwords.vercel.app/quran-words/him-8f268db2.html
wn_8f45e571,3113,صائِم,ṣāʾim,ص-و-م,noun,Active participle (Ism Fāʿil),,1,10,4,3,men who fast,সাওমপালনকারী পুরুষগণ,روزہ رکھنے والے مرد,रोज़ा रखने वाले मर्द,laki-laki yang berpuasa,oruç tutan erkekler,مردان روزه دار,jeûneurs,33:35,https://quranicwords.vercel.app/quran-words/saim-8f45e571.html
wn_8fa5c6f7,3114,مَوْطِئ,mawṭiʾ,و-ط-أ,noun,Noun (Ism),,1,10,4,3,any step,পদক্ষেপ,کسی لتاڑنے کی جگہ,किसी जगह,suatu tempat,yere,جایی را که,endroit de marche,9:120,https://quranicwords.vercel.app/quran-words/mawti-8fa5c6f7.html
wn_8fc0c898,3115,ماهِد,māhid,م-ه-د,noun,Active participle (Ism Fāʿil),,1,10,4,3,Spreaders,সমতলকারী,بچھانے والے,हमवार करने वाले,menghamparkan,döşeyiciyiz,گستراننده ایم,Celui qui aplati,51:48,https://quranicwords.vercel.app/quran-words/mahid-8fc0c898.html
wn_9042f80e,3116,خاصَّة,khāṣṣah,خ-ص-ص,noun,Noun (Ism),,1,10,4,4,exclusively,বিশেষভাবে,خاص طور,ख़ासकर,khusus,yalnızca,تنها,exclusivement,8:25,https://quranicwords.vercel.app/quran-words/khassah-9042f80e.html
wn_906151e8,3117,رَدْم,radm,ر-د-م,noun,Noun (Ism),,1,10,4,4,barrier,শক্ত দেয়াল,مضبوط دیوار,मज़बूत बँद,batas,sağlam bir engel,بندی استوار,grande barrière aux couches suerposées,18:95,https://quranicwords.vercel.app/quran-words/radm-906151e8.html
wn_907d89a1,3118,حِوَل,ḥiwal,ح-و-ل,noun,Noun (Ism),,1,10,4,4,any transfer,স্থানান্তর,بدلنا,फिरना,pindah,ayrılmak,انتقالی,transfert,18:108,https://quranicwords.vercel.app/quran-words/hiwal-907d89a1.html
wn_9091b588,3119,جَمال,jamāl,ج-م-ل,noun,Noun (Ism),,1,10,4,4,beauty,সৌন্দর্য,خوبصورتی,ख़ूब सूरती,bagus,güzellik,زینتی,beauté,16:6,https://quranicwords.vercel.app/quran-words/jamal-9091b588.html
wn_909f7c5c,3120,زَوال,zawāl,ز-و-ل,noun,Noun (Ism),,1,10,4,4,end,পতন,زوال,ज़वाल,berubah,zeval,برافتادگی؟,fin,14:44,https://quranicwords.vercel.app/quran-words/zawal-909f7c5c.html
wn_90b5ae8b,3121,مُمَرَّد,mumarrad,م-ر-د,noun,Passive participle (Ism Mafʿūl),,1,10,4,5,made smooth,নির্মিত,چکنا,चिकना,diperhalus,cilalı,صاف و صلیقی,rendu lisse,27:44,https://quranicwords.vercel.app/quran-words/mumarrad-90b5ae8b.html
wn_90c9e719,3122,غَرْق,gharq,غ-ر-ق,noun,Noun (Ism),,1,10,4,5,violently,ডুবে,غرق ہوکر,डूब कर,dengan keras,şiddetle,طور کامل,tirage violent,79:1,https://quranicwords.vercel.app/quran-words/gharq-90c9e719.html
wn_90d6be85,3123,مَطْلَع,maṭlaʿ,ط-ل-ع,noun,Noun (Ism),,1,10,4,5,emergence,উদয়,طلوع ہوجائے,तुलूअ हो जाए,terbit,ağarıncaya,دمیدن,temps du départ,97:5,https://quranicwords.vercel.app/quran-words/matla-90d6be85.html
wn_9150e417,3124,جِزْيَة,jizyah,ج-ز-ي,noun,Noun (Ism),,1,10,4,5,jizyah,কর,جزیہ,जिज़या,upeti,cizye,جزیه,jizyah,9:29,https://quranicwords.vercel.app/quran-words/jizyah-9150e417.html
wn_91848e12,3125,صَواب,ṣawāb,ص-و-ب,noun,Noun (Ism),,1,10,4,5,correct,যথাযথ,درست بات,बात दुरुस्त,benar,doğruyu,درست,quelque chose de correct,78:38,https://quranicwords.vercel.app/quran-words/sawab-91848e12.html
wn_91b2e161,3126,كُفْران,kufrān,ك-ف-ر,noun,Noun (Ism),,1,10,4,6,rejected,অগ্রাহ্য হবে,ناقدری,नाक़दरी,pengingkaran,nankörlük edilmez,ناسپاسی نباشد,déni,21:94,https://quranicwords.vercel.app/quran-words/kufran-91b2e161.html
wn_91e47710,3127,ضِدّ,ḍidd,ض-د-د,noun,Noun (Ism),,1,10,4,6,opponents,বিরোধী,خلاف,मुख़ालिफ़,lawan,zıd,ایشان,adversaires,19:82,https://quranicwords.vercel.app/quran-words/didd-91e47710.html
wn_91f7b4f1,3128,عَبَث,ʿabath,ع-ب-ث,noun,Noun (Ism),,1,10,4,6,uselessly,অনর্থক,بیکار,बेकार,main-main,boş yere,بیهوده,amusement,23:115,https://quranicwords.vercel.app/quran-words/abath-91f7b4f1.html
wn_920360e2,3129,نَدِيّ,nadiyy,ن-د-ي,noun,Noun (Ism),,1,10,4,6,assembly,সমাজ হিসেবে,مجلس کے اعتبار,मजलिस,tempat pertemuan,meclisi,آراسته تر دارد؟,assemblée,19:73,https://quranicwords.vercel.app/quran-words/nadiyy-920360e2.html
wn_92378cf3,3130,بِدْع,bidʿ,ب-د-ع,noun,Noun (Ism),,1,10,4,6,new,অভিনব,نیا,नया,pertama,türedi biri,نوظهور,invention nouvelle,46:9,https://quranicwords.vercel.app/quran-words/bid-92378cf3.html
wn_9243a13f,3131,عِزِين,ʿizīn,ع-ز-و,noun,Noun (Ism),,1,10,4,7,separate groups,দলে দলে,گرو درگروہ,गिरोह दर गिरोह,berkelompok-kelompok,ayrı ayrı gruplar halinde,گروه گروه شده اند,groupes séparés,70:37,https://quranicwords.vercel.app/quran-words/izin-9243a13f.html
wn_925b09d8,3132,تَبَرُّج,tabarruj,ب-ر-ج,noun,Verbal noun (Maṣdar),,1,10,4,7,display,প্রদর্শনী,اظہار زینت تھا,इज़हारे ज़ीनत,perhiasan,açılıp kırıtması gibi,مانند جلوه گری کردن,manière de montrer sa beauté,33:33,https://quranicwords.vercel.app/quran-words/tabarruj-925b09d8.html
wn_92a65cda,3133,مَذْءُوم,madhʾūm,ذ-أ-م,noun,Passive participle (Ism Mafʿūl),,1,10,4,7,disgraced,ধিকৃতরূপে,مذمت کیا ہوا,मज़म्मत किया हुआ,tercela,yerilmiş olarak,نکوهیده,condamné,7:18,https://quranicwords.vercel.app/quran-words/madhum-92a65cda.html
wn_934015be,3134,وَلِيجَة,walījah,و-ل-ج,noun,Noun (Ism),,1,10,4,7,intimates,অন্তরঙ্গ বন্ধু হিসেবে,ولی دوست,दिली दोस्त,teman yang setia,sırdaş,همرازی را؟,associés,9:16,https://quranicwords.vercel.app/quran-words/walijah-934015be.html
wn_939f3bef,3135,الْعُزَّى,al-ʿuzzā,ع-ز-ز,noun,Proper noun,,1,10,4,7,Uzza,উযযা,عزی,उज़्ज़ा,Al 'Uzza,Uzza'yı,وعزّی,Al-ʿOuzzâ,53:19,https://quranicwords.vercel.app/quran-words/al-uzza-939f3bef.html
wn_93a9d954,3136,مِعْشار,miʿshār,ع-ش-ر,noun,Noun (Ism),,1,10,4,8,tenth,দশ ভাগের এক ভাগও,دسویں حصے,दसवें हिस्से,sepersepuluh,onda birine bile,ده یک,dixième,34:45,https://quranicwords.vercel.app/quran-words/mishar-93a9d954.html
wn_93d207fe,3137,سائِح,sāʾiḥ,س-ي-ح,noun,Active participle (Ism Fāʿil),,1,10,4,8,those who go out,সিয়াম পালনকারী,سیاحت کرنے والے,सियाहत करने वाले,orang-orang yang mengembara,seyahat edenler,سیاحتگران اند,parcourent,9:112,https://quranicwords.vercel.app/quran-words/saih-93d207fe.html
wn_9408fd76,3138,نَشْط,nashṭ,ن-ش-ط,noun,Noun (Ism),,1,10,4,8,gently,উন্মুক্ত,نکال لینا,आसानी से निकालना,perlahan-lahan,usulca,آرامی,retirement délicat,79:2,https://quranicwords.vercel.app/quran-words/nasht-9408fd76.html
wn_940acf04,3139,غَسَق,ghasaq,غ-س-ق,noun,Noun (Ism),,1,10,4,8,darkness,ঘন অন্ধকার,سخت تاریکی,अँधेरे तक,gelap,kararmasına,تاریکی,obscurité,17:78,https://quranicwords.vercel.app/quran-words/ghasaq-940acf04.html
wn_94e0c1a3,3140,رِهان,rihān,ر-ه-ن,noun,Noun (Ism),,1,10,4,8,pledge,বন্ধকি বস্তু,رھن رکھا,रहन रखना,barang jaminan,rehinler,گرو هایی,bien donné comme garantie,2:283,https://quranicwords.vercel.app/quran-words/rihan-94e0c1a3.html
wn_951d43d0,3141,فِرْق,firq,ف-ر-ق,noun,Noun (Ism),,1,10,4,9,part,ভাগ,ٹکڑا,हिस्सा,bagian,bölüm,پاره ای,division,26:63,https://quranicwords.vercel.app/quran-words/firq-951d43d0.html
wn_961e8634,3142,مُتَصَدِّقَة,mutaṣaddiqah,ص-د-ق,noun,Active participle (Ism Fāʿil),,1,10,4,9,women who give charity,দানশীল নারীগণ,صدقہ دینے والی عورتیں,सदक़ा देने वाली औरतें,perempuan-perempuan yang sedekah,sadaka veren kadınlar,زنان صدقه دهنده,femmes charitables,33:35,https://quranicwords.vercel.app/quran-words/mutasaddiqah-961e8634.html
wn_9665a34f,3143,إِعْصار,iʿṣār,ع-ص-ر,noun,Verbal noun (Maṣdar),,1,10,4,9,whirlwind,ঘূর্ণিঝড়,بگولہ,बगोला,angin keras,birden bir kasırga,گردبادی,tourbillon,2:266,https://quranicwords.vercel.app/quran-words/isar-9665a34f.html
wn_967a9b29,3144,حَفَدَة,ḥafadah,ح-ف-د,noun,Noun (Ism),,1,10,4,9,grandsons,পৌত্রসমূহ,پوتے,पोतों,cucu,torunlar,نوه هایی,petits-enfants,16:72,https://quranicwords.vercel.app/quran-words/hafadah-967a9b29.html
wn_968b1d47,3145,عُقْب,ʿuqb,ع-ق-ب,noun,Noun (Ism),,1,10,4,9,final end,পরিণামে,انجام کے اعتبار,अंजाम के ऐतबार,balasan,akıbet,سرانجام,résultat,18:44,https://quranicwords.vercel.app/quran-words/uqb-968b1d47.html
wn_96b26382,3146,رِعاء,riʿāʾ,ر-ع-ي,noun,Verbal noun (Maṣdar),,1,10,4,10,shepherds,রাখালরা,چرواہے,चरवाहे,penggembala-penggembala,çobanlar,شبانان,bergers,28:23,https://quranicwords.vercel.app/quran-words/ria-96b26382.html
wn_96d88d3f,3147,كَلّ,kall,ك-ل-ل,noun,Noun (Ism),,1,10,4,10,burden,বোঝা,بوجھ,बोझ,bergantung,yüktür,سر بار,fardeau,16:76,https://quranicwords.vercel.app/quran-words/kall-96d88d3f.html
wn_96fc84d2,3148,خالِف,khālif,خ-ل-ف,noun,Active participle (Ism Fāʿil),,1,10,4,10,those who stay behind,বসে থাকা লোকদের,پیچھے رہنے والوں,साथ पीछे रहने वालों,orang-orang yang tidak ikut perang,geri kalanlarla,ماند گان,ceux qui restent à l’arrière,9:83,https://quranicwords.vercel.app/quran-words/khalif-96fc84d2.html
wn_97a65cce,3149,مُنَشَّرَة,munashsharah,ن-ش-ر,noun,Passive participle (Ism Mafʿūl),,1,10,4,10,spread out,উন্মুক্ত,کھلے,खुले हुए,ditebarkan,açılan,سر گشاده,étalées,74:52,https://quranicwords.vercel.app/quran-words/munashsharah-97a65cce.html
wn_97aa8ac4,3150,زَيْد,zayd,,noun,Proper noun,,1,10,4,10,Zaid,যায়েদ,زید,ज़ैद,Zaid,Zeyd,زید,Zayd,33:37,https://quranicwords.vercel.app/quran-words/zayd-97aa8ac4.html
wn_97cad827,3151,صَلْد,ṣald,ص-ل-د,noun,Noun (Ism),,1,10,5,1,bare,পরিস্কার করে,صاف,साफ़ चट्टान,bersih,sert bir taş halinde,سنگی سخت,dénué,2:264,https://quranicwords.vercel.app/quran-words/sald-97cad827.html
wn_988f4579,3152,لَمَم,lamam,ل-م-م,noun,Noun (Ism),,1,10,5,1,small faults,ছোট অপরাধ,چھوٹے گناہ,छोटे गुनाहों,teringat sepintas lalu,küçük hatalar,گناهان کوچک,petite possession par un diable,53:32,https://quranicwords.vercel.app/quran-words/lamam-988f4579.html
wn_9903e4bc,3153,مُدَّثِّر,muddaththir,د-ث-ر,noun,Active participle (Ism Fāʿil),,1,10,5,1,covers himself,চাদরাবৃত,اوڑھ لپیٹ کر لیٹنے والے,कपड़ा लपेटने वाले,orang yang berkemul,örtüsüne bürünen,جامه بر سرکشیده,celui qui s’enveloppe d’habit extérieur,74:1,https://quranicwords.vercel.app/quran-words/muddaththir-9903e4bc.html
wn_994bf865,3154,مَبْثُوثَة,mabthūthah,ب-ث-ث,noun,Passive participle (Ism Mafʿūl),,1,10,5,1,spread out,বিছানো,بچھا کر رکھی ہوئیں,फैलाए हुए,terhampar,serilmiş,گسترده,dispersés,88:16,https://quranicwords.vercel.app/quran-words/mabthuthah-994bf865.html
wn_994c3822,3155,وَطْء,waṭʾ,و-ط-أ,noun,Noun (Ism),,1,10,5,1,most potent,দলনে,کچلنے,रौंदने,kuat,tesirlidir,قدم,convenable,73:6,https://quranicwords.vercel.app/quran-words/wat-994c3822.html
wn_99d9e490,3156,إِرْصاد,irṣād,ر-ص-د,noun,Verbal noun (Maṣdar),,1,10,5,2,station,ঘাঁটি হিসেবে,بطور پناہ گاہ,घात लगाने के लिए,menunggu,gözetlemek,کمینگاهی,embuscade,9:107,https://quranicwords.vercel.app/quran-words/irsad-99d9e490.html
wn_99f23363,3157,شَقّ,shaqq,ش-ق-ق,noun,Noun (Ism),,1,10,5,2,splitting,বিদীর্ণ,پھاڑنا,ख़ूब फाड़ना,belahan,güzel bir yarışla,شکافتنی,fendage,80:26,https://quranicwords.vercel.app/quran-words/shaqq-99f23363.html
wn_9a2a0274,3158,إِدْبار,idbār,د-ب-ر,noun,Verbal noun (Maṣdar),,1,10,5,2,after,অস্তগমনেও,ستاروں,पलटने के बाद,dibelakang,ardından,پشت گردانیدن,déclins,52:49,https://quranicwords.vercel.app/quran-words/idbar-9a2a0274.html
wn_9a793ea6,3159,آمِنَة,āminah,أ-م-ن,noun,Active participle (Ism Fāʿil),,1,10,5,2,secure,নিরাপদ,امن والی,अमन वाली,aman,güven,ایمن,en sécurité,16:112,https://quranicwords.vercel.app/quran-words/aminah-9a793ea6.html
wn_9a928094,3160,مَهِيل,mahīl,ه-ي-ل,noun,Passive participle (Ism Mafʿūl),,1,10,5,2,pouring down,বিক্ষিপ্ত হয়ে পড়া,بکھرے ہوئے,बिखरे हुए,licin,dağılan,روان,secouée jusqu’à-ce que le haut tombe,73:14,https://quranicwords.vercel.app/quran-words/mahil-9a928094.html
wn_9bf7fe97,3161,مُقْرِن,muqrin,ق-ر-ن,noun,Active participle (Ism Fāʿil),,1,10,5,3,capable,বশীভূতকারী,قابو میں لانے والے,क़ाबू में लाने वाले,menguasai,yanaştıracak,توانا به بند کردن,capables,43:13,https://quranicwords.vercel.app/quran-words/muqrin-9bf7fe97.html
wn_9c0e2b6d,3162,مَنفُوش,manfūsh,ن-ف-ش,noun,Passive participle (Ism Mafʿūl),,1,10,5,3,fluffed up,ধুনিত,دھنی ہوئی,धुनकी हुई,dihambur-hamburkan,atılmış,حلاّجی شده,dispersée,101:5,https://quranicwords.vercel.app/quran-words/manfush-9c0e2b6d.html
wn_9cb757b5,3163,دافِق,dāfiq,د-ف-ق,noun,Active participle (Ism Fāʿil),,1,10,5,3,ejected,সবেগে স্খলিত,ٹپکنے والا,उछलने वाले,terpancar,atılan,جهنده,éjectée,86:6,https://quranicwords.vercel.app/quran-words/dafiq-9cb757b5.html
wn_9dae2bd8,3164,مُسْتَطِير,mustaṭīr,ط-ي-ر,noun,Active participle (Ism Fāʿil),,1,10,5,3,widespread,সর্বত্র বিস্তৃত,پھیل جانے والا,फैल जाने वाला,merata kemana-mana,salgın,فراگیر,étendu,76:7,https://quranicwords.vercel.app/quran-words/mustatir-9dae2bd8.html
wn_9df175ab,3165,قاب,qāb,ق-و-ب,noun,Noun (Ism),,1,10,5,3,distance,দূরত্বে,برابر,बक़द्र,ukuran,uzunluğu kadar,مقدار,distance de deux moitiés,53:9,https://quranicwords.vercel.app/quran-words/qab-9df175ab.html
wn_9e53ac14,3166,مَبْسُوطَتان,mabsūṭatān,ب-س-ط,noun,Passive participle (Ism Mafʿūl),,1,10,5,4,stretched out,প্রসারিত,پھیلے ہوئے,दोनों खुले हुए,terbuka keduanya,açıktır,گشاده,ouvertes,5:64,https://quranicwords.vercel.app/quran-words/mabsutatan-9e53ac14.html
wn_9e807cba,3167,ناشِئَة,nāshiʾah,ن-ش-أ,noun,Active participle (Ism Fāʿil),,1,10,5,4,rising,উথান,اٹھنا,उठना,bangun,kalkmak,برخاستن,période,73:6,https://quranicwords.vercel.app/quran-words/nashiah-9e807cba.html
wn_9e8e207b,3168,شِيَة,shiyah,و-ش-ي,noun,Noun (Ism),,1,10,5,4,blemish,খুঁত,داغ,दाग़,belang,hiçbir alacası,خالی,infirmité,2:71,https://quranicwords.vercel.app/quran-words/shiyah-9e8e207b.html
wn_9ed98c58,3169,تَذْلِيل,tadhlīl,ذ-ل-ل,noun,Verbal noun (Maṣdar),,1,10,5,4,very low,আয়ত্তাধীন,جھکے ہوئے,ताबेअ किया जाना,sedekat-dekatnya,aşağı eğdirilerek,فرود آمدنی,baissement,76:14,https://quranicwords.vercel.app/quran-words/tadhlil-9ed98c58.html
wn_9f6bca62,3170,شَيْب,shayb,ش-ي-ب,noun,Noun (Ism),,1,10,5,4,white,বার্ধক্যের,بڑھاپے,बुढ़ापे,uban,ihtiyarlık aleviyle,پیری,blancheur,19:4,https://quranicwords.vercel.app/quran-words/shayb-9f6bca62.html
wn_9f6e40d4,3171,غَرَق,gharaq,غ-ر-ق,noun,Noun (Ism),,1,10,5,5,drowning,ডুবে যাওয়া,غرق ہونے,ग़र्क़ होने,tenggelam,boğulma,غرقاب,noyade,10:90,https://quranicwords.vercel.app/quran-words/gharaq-9f6e40d4.html
wn_9fdc1e27,3172,حَرَض,ḥaraḍ,ح-ر-ض,noun,Noun (Ism),,1,10,5,5,fatally ill,মৃতপ্রায়,بیمار,बीमार,penyakit yang berat,hasta,سخت بیمار,malade au point de presque mourir,12:85,https://quranicwords.vercel.app/quran-words/harad-9fdc1e27.html
wn_a032d786,3173,رَفِيق,rafīq,ر-ف-ق,noun,Noun (Ism),,1,10,5,5,companion,সাথী,دوست,बतौर साथी,teman,arkadaştır,جهت همراهی,compagnons,4:69,https://quranicwords.vercel.app/quran-words/rafiq-a032d786.html
wn_a070ce19,3174,دِهاق,dihāq,د-ه-ق,noun,Noun (Ism),,1,10,5,5,full,পূর্ণ,چھلکتے ہوئے,छलकते हुए,penuh,dolu,لبریز,plein et avec succession,78:34,https://quranicwords.vercel.app/quran-words/dihaq-a070ce19.html
wn_a1136b41,3175,فَكّ,fakk,ف-ك-ك,noun,Noun (Ism),,1,10,5,5,freeing,মুক্তি,آزاد کرنا,आज़ाद करना,memerdekakan,çözmektir,آزاد کردن,libération,90:13,https://quranicwords.vercel.app/quran-words/fakk-a1136b41.html
wn_a15b1d28,3176,رِءْي,riʾy,ر-أ-ي,noun,Noun (Ism),,1,10,5,6,appearance,বাহ্যদৃষ্টিতে,منظر کے اعتبار,नमूद व नुमाइश,pandang mata,gösterişce,منظری داشتند,apparence,19:74,https://quranicwords.vercel.app/quran-words/riy-a15b1d28.html
wn_a180d005,3177,مُعْتَرّ,muʿtarr,ع-ر-ر,noun,Noun (Ism),,1,10,5,6,needy who ask,চায় এমন অভাবগ্রস্তকে,سوال کرنے والے,सवाल करने वाले,orang yang meminta,isteyene,خواهنده,mendiant,22:36,https://quranicwords.vercel.app/quran-words/mutarr-a180d005.html
wn_a1904751,3178,قَبْض,qabḍ,ق-ب-ض,noun,Noun (Ism),,1,10,5,6,withdrawal,গুটিয়ে,سٹیمنا,समेटना,genggaman,yavaş yavaş,برگرفتنی,saisissement,25:46,https://quranicwords.vercel.app/quran-words/qabd-a1904751.html
wn_a1a4d0f3,3179,فارِقَة,fāriqah,ف-ر-ق,noun,Active participle (Ism Fāʿil),,1,10,5,6,those who separate,পৃথককারী,جدا کرنے والیں,जुदा करने वाली,membedakan,ayıranlara,جدایی افکنان اند,ensuite ceux qui séparent,77:4,https://quranicwords.vercel.app/quran-words/fariqah-a1a4d0f3.html
wn_a1df103f,3180,يَغُوث,yaghūth,,noun,Proper noun,,1,10,5,6,Yaguth,য়াগূছকে,یغوث,यग़ूस,yagus,Yeğus'u,یغوث,Yaghoûth,71:23,https://quranicwords.vercel.app/quran-words/yaghuth-a1df103f.html
wn_a1efa77d,3181,حَلائِل,ḥalāʾil,ح-ل-ل,noun,Noun (Ism),,1,10,5,7,wives,স্ত্রীরা,بیویاں,बीवियाँ,isteri-isteri,karıları,همسران,épouses,4:23,https://quranicwords.vercel.app/quran-words/halail-a1efa77d.html
wn_a21ca85d,3182,غَوّاص,ghawwāṣ,غ-و-ص,noun,Noun (Ism),,1,10,5,7,diver,ডুবুরী,غوطہ خور,ग़ोता ख़ोर,penyelam,dalgıcı,غواصّی,grand plongeur,38:37,https://quranicwords.vercel.app/quran-words/ghawwas-a21ca85d.html
wn_a25977b9,3183,أُخْدُود,ukhdūd,خ-د-د,noun,Noun (Ism),,1,10,5,7,pit,গর্তের,خندقوں,ख़नदक़ों वाले,pembuat parit,hendeğin,خندقیان,fosse profonde,85:4,https://quranicwords.vercel.app/quran-words/ukhdud-a25977b9.html
wn_a2b558d3,3184,مُحْتَظِر,muḥtaẓir,ح-ظ-ر,noun,Active participle (Ism Fāʿil),,1,10,5,7,fence builder,খোঁয়াড় প্রস্তুতকারীর,باڑے والے,बाड़ लगाने वाले,pengumpul binatang,ağıldaki,درهم شکسته,celui qui construit une barrière,54:31,https://quranicwords.vercel.app/quran-words/muhtazir-a2b558d3.html
wn_a2ec47eb,3185,إِمْر,imr,أ-م-ر,noun,Noun (Ism),,1,10,5,7,grave,গুরুতর,بہت بھاری,बड़ी अजीब,mungkar,çok tehlikeli,بسیار زشت,horrible,18:71,https://quranicwords.vercel.app/quran-words/imr-a2ec47eb.html
wn_a2f585cb,3186,مَخاض,makhāḍ,م-خ-ض,noun,Noun (Ism),,1,10,5,8,pains of childbirth,প্রসববেদনা,دردزہ,दर्दे ज़ह,rasa sakit akan melahirkan,doğum sancısı,درد زایمان,douleur d’accouchement,19:23,https://quranicwords.vercel.app/quran-words/makhad-a2f585cb.html
wn_a33f7a37,3187,صَدِيد,ṣadīd,ص-د-د,noun,Noun (Ism),,1,10,5,8,purulent,গলিত পুঁজের,پیپ اور خون,पीप वाले,nanah,irin,چرکین,purulente et à sang,14:16,https://quranicwords.vercel.app/quran-words/sadid-a33f7a37.html
wn_a42e0760,3188,سِنَة,sinah,و-س-ن,noun,Noun (Ism),,1,10,5,8,slumber,তন্দ্রা,اونگھ,ऊँघ,kantuk,ne bir uyuklama,خوابی سبک,somnolence,2:255,https://quranicwords.vercel.app/quran-words/sinah-a42e0760.html
wn_a44454da,3189,جُدُر,judur,ج-د-ر,noun,Noun (Ism),,1,10,5,8,walls,প্রাচীরসমূহের,دیواروں,दीवारों,tembok,duvarların,دیوارها,murs,59:14,https://quranicwords.vercel.app/quran-words/judur-a44454da.html
wn_a45a8657,3190,نَيْل,nayl,ن-ي-ل,noun,Noun (Ism),,1,10,5,8,infliction,প্রাপ্তি,لینا,कामयाबी,pendapatan,başarı,بدرسیدنی,atteinte,9:120,https://quranicwords.vercel.app/quran-words/nayl-a45a8657.html
wn_a45e7bc5,3191,مَثابَة,mathābah,ث-و-ب,noun,Noun (Ism),,1,10,5,9,place of return,মিলনকেন্দ্র,لوٹنے کی جگہ,लौटने की जगह,tempat ziarah,toplanma yeri,پایگاهی,lieu de retour fréquent,2:125,https://quranicwords.vercel.app/quran-words/mathabah-a45e7bc5.html
wn_a568719b,3192,مَفاز,mafāz,ف-و-ز,noun,Noun (Ism),,1,10,5,9,success,সাফল্য,کامیابی,कामयाबी,keuntungan,başarı ödülü,کامیابی,réussite,78:31,https://quranicwords.vercel.app/quran-words/mafaz-a568719b.html
wn_a5e4cb6c,3193,مُبَوَّأ,mubawwaʾ,ب-و-أ,noun,Passive participle (Ism Mafʿūl),,1,10,5,9,settlement,আবাসভূমিতে,ٹھکانہ,ठिकाना,di tempat,yere,جایگاهی,endroit dont ils étaient satisfaits,10:93,https://quranicwords.vercel.app/quran-words/mubawwa-a5e4cb6c.html
wn_a699f086,3194,زَجْر,zajr,ز-ج-ر,noun,Verbal noun (Maṣdar),,1,10,5,9,strongly,সজোরে,سخت ڈانٹنا,सख़्त डाँटना,sebenar-benar larangan,bağırıp,باز داشتنی,conduite en criant,37:2,https://quranicwords.vercel.app/quran-words/zajr-a699f086.html
wn_a7143283,3195,كُفُو,kufū,ك-ف-أ,noun,Noun (Ism),,1,10,5,9,equivalent,সমতুল্য,برابر,बराबर,menyamai,dengi,همتایی,égal,112:4,https://quranicwords.vercel.app/quran-words/kufu-a7143283.html
wn_a7706b6d,3196,زَحْف,zaḥf,ز-ح-ف,noun,Noun (Ism),,1,10,5,10,advancing,বাহিনী হিসেবে,بڑے لشکر کی شکل,मैदाने जंग,maju menyerang,toplu halde,حالی که انبوه اند,marche,8:15,https://quranicwords.vercel.app/quran-words/zahf-a7706b6d.html
wn_a7d6fd87,3197,سابِغَة,sābighah,س-ب-غ,noun,Noun (Ism),,1,10,5,10,full coats of mail,বর্মসমূহ,کشادہ زر,कुशादह ज़रहें,baju besi,geniş zırhlar,زرهای فراخ و گشاده,cottes de mailles complètes,34:11,https://quranicwords.vercel.app/quran-words/sabighah-a7d6fd87.html
wn_a7ec194a,3198,بَدَل,badal,ب-د-ل,noun,Noun (Ism),,1,10,5,10,exchange,বিনিময় হিসেবে,بدل,बतौर बदल,pengganti,değiştirmedir,عنوان جایگزین,échange,18:50,https://quranicwords.vercel.app/quran-words/badal-a7ec194a.html
wn_a8375898,3199,أَنكال,ankāl,ن-ك-ل,noun,Noun (Ism),,1,10,5,10,shackles,শৃংখল,بھاری بیڑیاں,बेड़ियाँ,belenggu-belenggu,bukağılar,بندهای گران,menottes,73:12,https://quranicwords.vercel.app/quran-words/ankal-a8375898.html
wn_a8458229,3200,مَقابِر,maqābir,ق-ب-ر,noun,Noun (Ism),,1,10,5,10,graves,কবরসমূহে,مقبروں,क़ब्रों मे,kuburan-kuburan,kabirleri,قبرها,tombes,102:2,https://quranicwords.vercel.app/quran-words/maqabir-a8458229.html
wn_a845df87,3201,قَتَرَة,qatarah,ق-ت-ر,noun,Noun (Ism),,1,10,6,1,darkness,অন্ধকার,سیاہی,स्याही,kegelapan,karanlık,سیاهی,obscurité,80:41,https://quranicwords.vercel.app/quran-words/qatarah-a845df87.html
wn_a854d800,3202,مَوْئِل,mawʾil,و-أ-ل,noun,Noun (Ism),,1,10,6,1,escape,পালানোর জায়গা,لوٹنے کی جگہ,पनाहगाह,tempat berlindung,sığınacak bir yer,پناهی,endroit auquel avoir recours,18:58,https://quranicwords.vercel.app/quran-words/mawil-a854d800.html
wn_a970b5e0,3203,مُتَبَّر,mutabbar,ت-ب-ر,noun,Passive participle (Ism Mafʿūl),,1,10,6,1,destroyed,বিধ্বস্ত হবে,برباد ہونے والے,बरबाद होने वाला,akan dihancurkan,yıkılmıştır,نابود شونده,détruit en morceaux,7:139,https://quranicwords.vercel.app/quran-words/mutabbar-a970b5e0.html
wn_a97ca1c3,3204,عُدَّة,ʿuddah,ع-د-د,noun,Noun (Ism),,1,10,6,1,preparation,প্রস্তুতি,تیاری کرنا,साज़ो सामान,persiapan,hazırlık,سازو برگی,préparation,9:46,https://quranicwords.vercel.app/quran-words/uddah-a97ca1c3.html
wn_a9dcde57,3205,هار,hār,ه-و-ر,noun,Noun (Ism),,1,10,6,1,collapse,পড়ন্ত,گرنے والی,गिरने वाली,runtuh,çökecek,حال ریزش,croulante,9:109,https://quranicwords.vercel.app/quran-words/har-a9dcde57.html
wn_a9ec4071,3206,مِداد,midād,م-د-د,noun,Noun (Ism),,1,10,6,2,ink,কালি,روشنائی,रोशनाई,tinta,mürekkep,مرّکب,encre,18:109,https://quranicwords.vercel.app/quran-words/midad-a9ec4071.html
wn_aa05e628,3207,قَعِيد,qaʿīd,ق-ع-د,noun,Noun (Ism),,1,10,6,2,seated,বসে,بیٹھے ہوئے,बैठे हुए,duduk,oturan,نشسته,assis,50:17,https://quranicwords.vercel.app/quran-words/qaid-aa05e628.html
wn_aa52e91b,3208,سُواع,sūʿ,س-و-ع,noun,Proper noun,,1,10,6,2,Suwa,সূয়া'আকে,سواع,सुवाअ,suwa,Suva'ı,سواع,Souwâʿ,71:23,https://quranicwords.vercel.app/quran-words/su-aa52e91b.html
wn_aa9179db,3209,لِواذ,liwādh,ل-و-ذ,noun,Noun (Ism),,1,10,6,2,under shelter,চুপিচুপি,آڑ لیتے ہوئے,आड़ लेते हुए,berlindung,birbirinin arkasına gizlenerek,پناه جویان,recherche de refuge,24:63,https://quranicwords.vercel.app/quran-words/liwadh-aa9179db.html
wn_aaa3d4dc,3210,مُحْتَضَر,muḥtaḍar,ح-ض-ر,noun,Passive participle (Ism Mafʿūl),,1,10,6,2,attended,উপস্থিত হবে,حاضر کی گئی,हाज़िर की गई,dihadiri,hazır bulunsun,حضور یابد,visitée,54:28,https://quranicwords.vercel.app/quran-words/muhtadar-aaa3d4dc.html
wn_aada969f,3211,شِرْعَة,shirʿah,ش-ر-ع,noun,Noun (Ism),,1,10,6,3,law,বিধান,دستور,रास्ता,peraturan,şeri'at,شریعتی,loi,5:48,https://quranicwords.vercel.app/quran-words/shirah-aada969f.html
wn_ab20a30e,3212,عامِلَة,ʿāmilah,ع-م-ل,noun,Active participle (Ism Fāʿil),,1,10,6,3,Laboring,ক্লিষ্ট,عمل کرنے والے,अमल करने वाले,kerja keras,çalışır,کوشندۂ,travailleurs,88:3,https://quranicwords.vercel.app/quran-words/amilah-ab20a30e.html
wn_ab46a587,3213,تَصْدِيَة,taṣdiyah,ص-د-ي,noun,Verbal noun (Maṣdar),,1,10,6,3,clapping,করতালি বাজানো,تالی بجانا,तालियाँ बजाना,tepuk tangan,el çırpmadan,کف زدن,claquements de mains,8:35,https://quranicwords.vercel.app/quran-words/tasdiyah-ab46a587.html
wn_abd28fd6,3214,مَرِيج,marīj,م-ر-ج,noun,Noun (Ism),,1,10,6,3,confused,সংশয়ে দোদুল্যমান,مضطرب,उलझे हुए,bingung,çalkantılı,آشفته اند,confuse,50:5,https://quranicwords.vercel.app/quran-words/marij-abd28fd6.html
wn_ac095fa7,3215,عُتُلّ,ʿutull,ع-ت-ل,noun,Noun (Ism),,1,10,6,3,Cruel,নিষ্ঠুর,بدمزاج,बदमिज़ाज,kaku kasar,kaba,درشت خوی,très rude,68:13,https://quranicwords.vercel.app/quran-words/utull-ac095fa7.html
wn_ac7043a9,3216,مُنفِق,munfiq,ن-ف-ق,noun,Active participle (Ism Fāʿil),,1,10,6,4,those who spend,দাতা,خرچ کرنے والے,ख़र्च करने वाले,orang-orang yang menafkahkan hartanya,infak edenler,وانفاق کنندگان,ceux qui dépensent,3:17,https://quranicwords.vercel.app/quran-words/munfiq-ac7043a9.html
wn_ac759f3e,3217,ثالِثَة,thālithah,ث-ل-ث,noun,Noun (Ism),,1,10,6,4,third,তৃতীয়,تیسری,तीसरी,ketiga,üçüncüsünü,سومین,troisième,53:20,https://quranicwords.vercel.app/quran-words/thalithah-ac759f3e.html
wn_acdc1f36,3218,داحِضَة,dāḥiḍah,د-ح-ض,noun,Active participle (Ism Fāʿil),,1,10,6,4,invalid,নিরর্থক,زائل ہونے والی,ज़ायल होने वाली,batil,batıldır,باطل,invalide,42:16,https://quranicwords.vercel.app/quran-words/dahidah-acdc1f36.html
wn_acee74ab,3219,صافّ,ṣāff,ص-ف-ف,noun,Active participle (Ism Fāʿil),,1,10,6,4,stand in rows,সারি বেঁধে দাঁড়িয়ে আছি,صف بنانے والے,सफ़ बाँधने वाले,bersaf-saf,saf saf dizilenler,صف زدگانیم,ceux alignés en rangs,37:165,https://quranicwords.vercel.app/quran-words/saff-acee74ab.html
wn_ad01feed,3220,حَيْران,ḥayrān,ح-ي-ر,noun,Noun (Ism),,1,10,6,4,confused,হয়রান হয়ে,حیران,हैरान कर,kebingungan,şaşkın bir halde,درحالی که سرگشته است؟,quelqu’un qui est confus,6:71,https://quranicwords.vercel.app/quran-words/hayran-ad01feed.html
wn_ad3fa3b9,3221,قاطِعَة,qāṭiʿah,ق-ط-ع,noun,Active participle (Ism Fāʿil),,1,10,6,5,one to decide,চূড়ান্ত মীমাংসাকারী,قطعی فیصلہ کرنے والی,क़तई फ़ैसला करने वाली,keputusan,kesip atan,تصمیم گیرنده,décideuse,27:32,https://quranicwords.vercel.app/quran-words/qatiah-ad3fa3b9.html
wn_ad99c9e5,3222,مُرْتاب,murtāb,ر-ي-ب,noun,Noun (Ism),,1,10,6,5,doubter,সংশয়বাদী,شک میں پڑنے والا,शक में पड़ने वाला,ragu-ragu,şüpheci,شک آورنده,douteur,40:34,https://quranicwords.vercel.app/quran-words/murtab-ad99c9e5.html
wn_adb27afe,3223,أَوْلَيان,awlayān,و-ل-ي,noun,Noun (Ism),,1,10,6,5,former two,নিকটতম দু’জন,دو قریب ترین,दो क़रीब तरीन,dua orang pertama,daha layık,نزدیک ترند آن دو,deux premiers,5:107,https://quranicwords.vercel.app/quran-words/awlayan-adb27afe.html
wn_ae9ff301,3224,تَحَصُّن,taḥaṣṣun,ح-ص-ن,noun,Verbal noun (Maṣdar),,1,10,6,5,chastity,সতীত্ব রক্ষা করতে,پرہیزگاری,पाकदामनी,menjaga kesucian,namuslu kalmayı,پاکدامنی,chasteté,24:33,https://quranicwords.vercel.app/quran-words/tahassun-ae9ff301.html
wn_aeda23a5,3225,إِلْحاف,ilḥāf,ل-ح-ف,noun,Verbal noun (Maṣdar),,1,10,6,5,with importunity,নাছোড় হয়ে,اصرار کرکے,लिपट कर,secara mendesak,ısrarla,پافشاری,gêne,2:273,https://quranicwords.vercel.app/quran-words/ilhaf-aeda23a5.html
wn_aeeb0612,3226,تَخاصُم,takhāṣum,خ-ص-م,noun,Verbal noun (Maṣdar),,1,10,6,6,quarreling,পারস্পারিক বিবাদ,جھگڑنا,बाहम झगड़ना,pertengkaran,tartışmasıdır,کشمکش,dispute,38:64,https://quranicwords.vercel.app/quran-words/takhasum-aeeb0612.html
wn_aefb2c0f,3227,مُناد,munād,ن-د-ي,noun,Active participle (Ism Fāʿil),,1,10,6,6,caller,একজন ঘোষণাকারী,پکارنے والا,पुकारने वाला,penyeru,ünleyici,ندادهنده,appeleur,50:41,https://quranicwords.vercel.app/quran-words/munad-aefb2c0f.html
wn_af4f74c8,3228,مَنسِيّ,mansiyy,ن-س-ي,noun,Passive participle (Ism Mafʿūl),,1,10,6,6,forgotten,স্মৃতি বিলুপ্ত,بھولی بھلائی,भूली-बिसरी,dilupakan,unutulanlar gibi,کلّی فراموش شده,oubliée,19:23,https://quranicwords.vercel.app/quran-words/mansiyy-af4f74c8.html
wn_af85555e,3229,جَهُول,jahūl,ج-ه-ل,noun,Noun (Ism),,1,10,6,6,very ignorant,বড় অজ্ঞ,بہت جاہل,बहुत जाहिल,amat bodoh,çok cahildir,نادان,très ignorant,33:72,https://quranicwords.vercel.app/quran-words/jahul-af85555e.html
wn_b032b387,3230,رَتْق,ratq,ر-ت-ق,noun,Noun (Ism),,1,10,6,6,joined entity,মিলিত অবস্থায়,ملے ہوئے,मिले हुए,berpadu,bitişik,بسته,quelque chose de refermé sur lui-même,21:30,https://quranicwords.vercel.app/quran-words/ratq-b032b387.html
wn_b048a4c4,3231,كَوافِر,kawāfir,ك-ف-ر,noun,Noun (Ism),,1,10,6,7,disbelieving women,কাফির স্ত্রীদের,کافر عورتوں,काफ़िर औरतों,wanita-wanita kafir,kafir kadınların,زنان کافر شده,mécréants,60:10,https://quranicwords.vercel.app/quran-words/kawafir-b048a4c4.html
wn_b11ffabd,3232,مُسْتَخْلَف,mustakhlaf,خ-ل-ف,noun,Passive participle (Ism Mafʿūl),,1,10,6,7,trustees,উত্তরাধিকারী,پیچھے رہ جانے والے,जानशीन,orang-orang yang menguasai,hakim,جانشین,vice-gérants,57:7,https://quranicwords.vercel.app/quran-words/mustakhlaf-b11ffabd.html
wn_b14cbe1b,3233,غُلْب,ghulb,غ-ل-ب,noun,Noun (Ism),,1,10,6,7,thick foliage,ঘন গাছপালাবিশিষ্ট,گھنے,घने,subur,iri ve gür,پر درخت,aux plantes abondantes,80:30,https://quranicwords.vercel.app/quran-words/ghulb-b14cbe1b.html
wn_b18c3710,3234,أَطْغَى,aṭghā,ط-غ-ي,noun,Noun (Ism),,1,10,6,7,more rebellious,অতি অবাধ্য,زیادہ سرکش,ज़्यादा सरकश,lebih durhaka,azgın,سر کش تر,plus transgresseurs,53:52,https://quranicwords.vercel.app/quran-words/atgha-b18c3710.html
wn_b1b79fdf,3235,مُصَلًّى,muṣallanā,ص-ل-و,noun,Noun (Ism),,1,10,6,7,place of prayer,সলাতের জায়গা হিসেবে,نماز کی جگ,जाए नमाज़,tempat sholat,namaz yeri,نماز گاهی,endroit de prière,2:125,https://quranicwords.vercel.app/quran-words/musallana-b1b79fdf.html
wn_b1c34af0,3236,مُسْتَقْدِم,mustaqdim,ق-د-م,noun,Active participle (Ism Fāʿil),,1,10,6,8,preceding ones,অগ্রগামীদেরকে,آگے بڑھنے والوں,आगे बढ़ने वालों,orang-orang terdahulu,önce geçenleri,پیشینان,ceux qui viennent d’abord,15:24,https://quranicwords.vercel.app/quran-words/mustaqdim-b1c34af0.html
wn_b26e9f5a,3237,قَصْد,qaṣd,ق-ص-د,noun,Noun (Ism),,1,10,6,8,direction,প্রদর্শন,سیدھا,सीधा,menuju,doğru,نمودن,fait de mener vers la destination,16:9,https://quranicwords.vercel.app/quran-words/qasd-b26e9f5a.html
wn_b2f96042,3238,تَبار,tabār,ت-ب-ر,noun,Noun (Ism),,1,10,6,8,destruction,ধ্বংস,ہلاکت,हलाकत,kebinasaan,helaki,هلاکت,destruction en morceaux,71:28,https://quranicwords.vercel.app/quran-words/tabar-b2f96042.html
wn_b30214a5,3239,أَخْفَى,akhfā,خ-ف-ي,noun,Noun (Ism),,1,10,6,8,more hidden,অব্যক্ত,زیادہ خفیہ بات,ज़्यादा ख़ुफ़िया,tersembunyi,daha gizlisini,ونهان تر,plus caché,20:7,https://quranicwords.vercel.app/quran-words/akhfa-b30214a5.html
wn_b30cba42,3240,مُصَّدِّق,muṣṣaddiq,ص-د-ق,noun,Active participle (Ism Fāʿil),,1,10,6,8,men who give charity,দানশীল পুরুষরা,صدقہ کرنے والے مرد,सदक़ा करने वाले मर्द,orang-orang laki-laki yang benar,sadaka veren erkekler,مردان صدقه دهنده,hommes qui sont très charitables,57:18,https://quranicwords.vercel.app/quran-words/mussaddiq-b30cba42.html
wn_b328bb6f,3241,عِيد,ʿīd,ع-و-د,noun,Noun (Ism),,1,10,6,9,festival,খুশির উপলক্ষ,عید,ईद,hari raya,bayram,عیدی,fête,5:114,https://quranicwords.vercel.app/quran-words/id-b328bb6f.html
wn_b3383c91,3242,كامِلَيْن,kāmilayn,ك-م-ل,noun,Active participle (Ism Fāʿil),,1,10,6,9,complete,পূর্ণ,مکمل,मुकम्मल,sempurna,tam,کامل,complètes,2:233,https://quranicwords.vercel.app/quran-words/kamilayn-b3383c91.html
wn_b36ef4f9,3243,دان,dān,د-ن-و,noun,Active participle (Ism Fāʿil),,1,10,6,9,near,নিকটে,قریب قریب ہوں گے,झुके हुए होंगे,dekat,yakındır,دسترس اند,proches,55:54,https://quranicwords.vercel.app/quran-words/dan-b36ef4f9.html
wn_b39a293c,3244,مَنطِق,manṭiq,ن-ط-ق,noun,Noun (Ism),,1,10,6,9,language,ভাষা,بولیاں,बोली,ucapan,dili,گفتار,langage,27:16,https://quranicwords.vercel.app/quran-words/mantiq-b39a293c.html
wn_b3b9fcff,3245,ذَرْو,dharw,ذ-ر-و,noun,Noun (Ism),,1,10,6,9,dispersing,বিক্ষিপ্ত করার মতো,گرد اڑانا,उड़ा कर,dengan menerbangkan sekuat-kuatnya,savurup,پراکندنی,éparpillement,51:1,https://quranicwords.vercel.app/quran-words/dharw-b3b9fcff.html
wn_b3cbf54c,3246,دَراهِم,darāhim,د-ر-ه-م,noun,Noun (Ism),,1,10,6,10,dirhams,দিরহাম,درہموں,दरहमों,beberapa dirham,paraya,درهمی,dinars,12:20,https://quranicwords.vercel.app/quran-words/darahim-b3cbf54c.html
wn_b3d2b424,3247,عَرِيض,ʿarīḍ,ع-ر-ض,noun,Noun (Ism),,1,10,6,10,lengthy,দীর্ঘ,لمبی چوڑی,लम्बी चौड़ी,luas,bol bol,گسترده,large,41:51,https://quranicwords.vercel.app/quran-words/arid-b3d2b424.html
wn_b4128cbd,3248,عُرُب,ʿurub,ع-ر-ب,noun,Noun (Ism),,1,10,6,10,Devoted,স্বামীসোহাগিনী,خاوندوں کی پیاریاں,ख़ाविन्दों की प्यारियाँ,penuh cinta,sevgililer,شوهر دوستانی,désirantes avec obéissance envers leurs maris,56:37,https://quranicwords.vercel.app/quran-words/urub-b4128cbd.html
wn_b433afc5,3249,قَدْح,qadḥ,ق-د-ح,noun,Noun (Ism),,1,10,6,10,striking,আগুনের ফুলকি,جھاڑ کر,सुम मार कर,api,çarparak,بازدن,production de feu,100:2,https://quranicwords.vercel.app/quran-words/qadh-b433afc5.html
wn_b447ae59,3250,مَصْرُوف,maṣrūf,ص-ر-ف,noun,Passive participle (Ism Mafʿūl),,1,10,6,10,averted,ফিরানো যায়,پھیراجانے والا,फेरा जाएगा,dipalingkan,geri çevrilecek,بازداشته شده,détourné,11:8,https://quranicwords.vercel.app/quran-words/masruf-b447ae59.html
wn_b44fcd58,3251,دَوائِر,dawāʾir,د-و-ر,noun,Noun (Ism),,1,10,7,1,turns,ভাগ্যচক্রের পরিবর্তনের,مصائب,गर्दिशों,giliran-giliran,belalar gelmesini,پیشامدهای,tournures de fortune,9:98,https://quranicwords.vercel.app/quran-words/dawair-b44fcd58.html
wn_b4ae559c,3252,مَكْرُوه,makrūh,ك-ر-ه,noun,Passive participle (Ism Mafʿūl),,1,10,7,1,hateful,অপছন্দনীয়,مکروہ,मकरूह,dibenci,hoş görülmeyen şeylerdir,ناپسندیده,détesté,17:38,https://quranicwords.vercel.app/quran-words/makruh-b4ae559c.html
wn_b4d359d9,3253,مَرْوَة,marwah,م-ر-و,noun,Proper noun,,1,10,7,1,Marwah,মারওয়া,مروہ,मरवा,Marwa,Merve,ومروه,Al-Marwah,2:158,https://quranicwords.vercel.app/quran-words/marwah-b4d359d9.html
wn_b51ef7fa,3254,بارِزَة,bārizah,ب-ر-ز,noun,Active participle (Ism Fāʿil),,1,10,7,1,leveled plain,খোলা মাঠ,کھلی ہوئی,खुली हुई,nyata,çırılçıplak,هموار و هویدا,plate,18:47,https://quranicwords.vercel.app/quran-words/barizah-b51ef7fa.html
wn_b52449a4,3255,لُجِّيّ,lujjiyy,ل-ج-ج,noun,Noun (Ism),,1,10,7,1,deep,গভীর,گہرے,निहायत गहरे,dalam,derin,ژرف,vaste et profonde,24:40,https://quranicwords.vercel.app/quran-words/lujjiyy-b52449a4.html
wn_b5499216,3256,مَلْعُون,malʿūn,ل-ع-ن,noun,Passive participle (Ism Mafʿūl),,1,10,7,2,Accursed,অভিশপ্ত হয়ে,لعنت کیے گئے,लानत किए गए,terkutuk,la'netlenirler,لعنت شدگان,maudits,33:61,https://quranicwords.vercel.app/quran-words/malun-b5499216.html
wn_b56bc3d4,3257,ساكِن,sākin,س-ك-ن,noun,Active participle (Ism Fāʿil),,1,10,7,2,stationary,স্থির,ٹھہرا ہوا,साकिन,tetap diam,durgun,ساکن و بی حرکت,quelque chose d’immobile,25:45,https://quranicwords.vercel.app/quran-words/sakin-b56bc3d4.html
wn_b576be62,3258,أَزّ,azz,أ-ز-ز,noun,Noun (Ism),,1,10,7,2,incitement,উদ্বুদ্ধ,ابھارنا,ख़ूब उकसाना,gangguan,kışkırttıkça,تحریک کردنی,incitation,19:83,https://quranicwords.vercel.app/quran-words/azz-b576be62.html
wn_b57b831c,3259,خَذُول,khadhūl,خ-ذ-ل,noun,Noun (Ism),,1,10,7,2,deserter,প্রতারক,بہت ہے وفا,छोड़ देने वाला,tidak menolong,yüzüstü bırakandır,تنها گذارنده,déserteur,25:29,https://quranicwords.vercel.app/quran-words/khadhul-b57b831c.html
wn_b592d015,3260,ضَفادِع,ḍafādiʿ,ض-ف-د-ع,noun,Noun (Ism),,1,10,7,2,frogs,ব্যাঙ,مینڈک,मेंढक,katak,kurbağalar,وزغ ها,grenouilles,7:133,https://quranicwords.vercel.app/quran-words/dafadi-b592d015.html
wn_b5f3de87,3261,قَلِيلَة,qalīlah,ق-ل-ل,noun,Noun (Ism),,1,10,7,3,small,ছোট ছোট,تھوڑے,कम,sedikit,az olan,اندک که,petit,2:249,https://quranicwords.vercel.app/quran-words/qalilah-b5f3de87.html
wn_b5fc0d0a,3262,باسِقَة,bāsiqah,ب-س-ق,noun,Noun (Ism),,1,10,7,3,tall,উঁচু,بلند و بالا,बुलन्द व बाला,tinggi menjulang,yüksek,برافراشته,hauts,50:10,https://quranicwords.vercel.app/quran-words/basiqah-b5fc0d0a.html
wn_b6086862,3263,نَظْرَة,naẓrah,ن-ظ-ر,noun,Noun (Ism),,1,10,7,3,glance,একবার,بار دیکھنا,नज़र,pandangan,göz atarak,نگریستنی,coup d’œil,37:88,https://quranicwords.vercel.app/quran-words/nazrah-b6086862.html
wn_b608f3a2,3264,حَقِيق,ḥaqīq,ح-ق-ق,noun,Noun (Ism),,1,10,7,3,Obligated,এটা স্হির নিশ্চিত,لائق ہوں,क़ायम हूँ,sebenarnya,borçtur,سزاوار,obligé,7:105,https://quranicwords.vercel.app/quran-words/haqiq-b608f3a2.html
wn_b6a333c4,3265,فِطْرَت,fiṭrat,ف-ط-ر,noun,Noun (Ism),,1,10,7,3,Nature,প্রকৃতির,فطرت,फ़ितरत,fitrah,yaratmasına,سرشت,état naturel,30:30,https://quranicwords.vercel.app/quran-words/fitrat-b6a333c4.html
wn_b6d8a47b,3266,مُثْقَلَة,muthqalah,ث-ق-ل,noun,Passive participle (Ism Mafʿūl),,1,10,7,4,heavily laden,বোঝাভারাক্রান্ত ব্যক্তি,بوجھ سے لدا ہوا,बोझ से लदी हुई,orang yang berat,yükü ağır gelen kimse,گرانباری,très chargée,35:18,https://quranicwords.vercel.app/quran-words/muthqalah-b6d8a47b.html
wn_b709acf9,3267,طَوّاف,ṭawwāf,ط-و-ف,noun,Noun (Ism),,1,10,7,4,moving about,বার বার যাতায়াত করতে,کثرت سے آنے جانے والے,बकसरत आने जाने वाले,melayani,girip çıkarsınız,پیوسته می گردند,gens qui viennent et partent beaucoup,24:58,https://quranicwords.vercel.app/quran-words/tawwaf-b709acf9.html
wn_b723160e,3268,قُرُبَة,qurubah,ق-ر-ب,noun,Noun (Ism),,1,10,7,4,means of nearness,সান্নিধ্য লাভের উপায়,نزدیکیاں,क़ुरबतों,pendekatan,yakınlaşmaya,مایه نزدیکی,moyens de s’approcher,9:99,https://quranicwords.vercel.app/quran-words/qurubah-b723160e.html
wn_b767ffa0,3269,مَسْفُوح,masfūḥ,س-ف-ح,noun,Passive participle (Ism Mafʿūl),,1,10,7,4,poured forth,বহমান,بہتا ہوا,बहाया हुआ,tertumpah,akıtılmış,ریخته ای,versé,6:145,https://quranicwords.vercel.app/quran-words/masfuh-b767ffa0.html
wn_b775f918,3270,مُطَهَّر,muṭahhar,ط-ه-ر,noun,Passive participle (Ism Mafʿūl),,1,10,7,4,purified,পবিত্র,مطہرین,बहुत पाक,orang-orang yang disucikan,temizlerden,پاکیزه شدگان,ceux qui se purifient,56:79,https://quranicwords.vercel.app/quran-words/mutahhar-b775f918.html
wn_b77a3de0,3271,مُنفَطِر,munfaṭir,ف-ط-ر,noun,Active participle (Ism Fāʿil),,1,10,7,5,break apart,বিদীর্ণ হবে,پھٹ رہا ہوگا,फट जाने वाला होगा,terbelah,yarılır,شکافته گردد,quelque chose de déchiré,73:18,https://quranicwords.vercel.app/quran-words/munfatir-b77a3de0.html
wn_b7859ab3,3272,بِيَع,biyaʿ,ب-ي-ع,noun,Noun (Ism),,1,10,7,5,churches,গীর্জা,گرجے,गिरजे,gereja-gereja,kiliseler,کلیساهای مسیحیان,églises,22:40,https://quranicwords.vercel.app/quran-words/biya-b7859ab3.html
wn_b8155c20,3273,مُورِيَة,mūriyah,و-ر-ي,noun,Active participle (Ism Fāʿil),,1,10,7,5,producers of sparks,বিচ্ছুরিত করে,قسم ہے آگ نکالنے والیوں,चिंगारी निकालने वालों,memercikkan,ateş çıkaranlara,اسبان بر جهانندۂ آتش,ensuite ceux qui produisent du feu,100:2,https://quranicwords.vercel.app/quran-words/muriyah-b8155c20.html
wn_b8350a38,3274,صَرْف,ṣarf,ص-ر-ف,noun,Noun (Ism),,1,10,7,5,avert,ফিরাতে,پھیرنے,फेरने,menolak,geri çevirmeğe,باز گرداندن,détournement,25:19,https://quranicwords.vercel.app/quran-words/sarf-b8350a38.html
wn_b8504636,3275,قُدُور,qudūr,ق-د-ر,noun,Noun (Ism),,1,10,7,5,cooking-pots,বড় ডেগসমূহ,دیگیں,देगें,periuk-periuk,kazanlar,دیگ های بزرگ,casseroles,34:13,https://quranicwords.vercel.app/quran-words/qudur-b8504636.html
wn_b867fee1,3276,خُشُب,khushub,خ-ش-ب,noun,Noun (Ism),,1,10,7,6,pieces of wood,কাষ্ঠখণ্ডসমূহ,لکڑیاں,लकड़ियाँ,kayu,odunlar,چوب های,morceaux de bois,63:4,https://quranicwords.vercel.app/quran-words/khushub-b867fee1.html
wn_b88fdca5,3277,حَسَد,ḥasad,ح-س-د,noun,Noun (Ism),,1,10,7,6,jealousy,হিংসা বশত,حسد,हसद की बिना,dengki,hasetle,روی حسدی که,envie que quelqu’un perde une faveur,2:109,https://quranicwords.vercel.app/quran-words/hasad-b88fdca5.html
wn_b89b8eae,3278,عاتِيَة,ʿātiyah,ع-ت-و,noun,Active participle (Ism Fāʿil),,1,10,7,6,violent,প্রচন্ড,سرکش,सरकश,amat kencang,azgın,بنیان کن,très violent,69:6,https://quranicwords.vercel.app/quran-words/atiyah-b89b8eae.html
wn_b8fcda9d,3279,رُجْعَى,rujʿā,ر-ج-ع,noun,Noun (Ism),,1,10,7,6,return,প্রত্যাবর্তন হবে,پلٹنا,पलटना,tempat kembali,dönüş,باز گشت,retour,96:8,https://quranicwords.vercel.app/quran-words/ruja-b8fcda9d.html
wn_b92e389c,3280,وَرَقَة,waraqah,و-ر-ق,noun,Noun (Ism),,1,10,7,6,any leaf,পাতা,پتہ,पत्ता,sehelai daun,yaprak,برگی,feuille,6:59,https://quranicwords.vercel.app/quran-words/waraqah-b92e389c.html
wn_b986a91c,3281,شُهُب,shuhub,ش-ه-ب,noun,Noun (Ism),,1,10,7,7,flaming fires,অগ্নিশিখা সমূহে,شعلوں,शोलों,suluh api yang menyala,ışınlarla,ستار گان آتشین,feux brillants,72:8,https://quranicwords.vercel.app/quran-words/shuhub-b986a91c.html
wn_b9c06fb3,3282,إِصْباح,iṣbāḥ,ص-ب-ح,noun,Verbal noun (Maṣdar),,1,10,7,7,daybreak,প্রভাতের,صبح,सुबह,pagi,sabahı ortaya çıkarmış,صبح,aube,6:96,https://quranicwords.vercel.app/quran-words/isbah-b9c06fb3.html
wn_b9d7919d,3283,حَثِيث,ḥathīth,ح-ث-ث,noun,Noun (Ism),,1,10,7,7,rapidly,দ্রুতগতিতে,جلدی جلدی,तेज़ी,dengan cepat,durmadan,شتابان,rapidement,7:54,https://quranicwords.vercel.app/quran-words/hathith-b9d7919d.html
wn_b9daa499,3284,آمّ,āmm,أ-م-م,noun,Active participle (Ism Fāʿil),,1,10,7,7,coming,যাত্রীদেরকে,ارادہ کرنے والوں,इरादा करने वालों,orang-orang yang mengunjungi,gelenlere,آهنگ کنندگان,se dirigent,5:2,https://quranicwords.vercel.app/quran-words/amm-b9daa499.html
wn_b9db2a7a,3285,تَخْسِير,takhsīr,خ-س-ر,noun,Verbal noun (Maṣdar),,1,10,7,7,loss,ক্ষতি,خسارے,ख़सारा देने,kerugian,kaybımı artırmaktan,زیانکاری,perte causée,11:63,https://quranicwords.vercel.app/quran-words/takhsir-b9db2a7a.html
wn_ba523202,3286,شُورَى,shūrā,ش-و-ر,noun,Noun (Ism),,1,10,7,8,consultation,পরামর্শেরর মাধ্যমে,مشورے سے ہوتے,मश्वरा करना,musyawarah,danışma iledir,مشورت,consultation,42:38,https://quranicwords.vercel.app/quran-words/shura-ba523202.html
wn_ba9c1d02,3287,لُدّ,ludd,ل-د-د,noun,Noun (Ism),,1,10,7,8,hostile,তর্কপ্রিয়,جھگڑالو,झगड़ालू,membantah,inatçı,ستیزه جو,en dispute acharnée,19:97,https://quranicwords.vercel.app/quran-words/ludd-ba9c1d02.html
wn_bab0f6ed,3288,سُدًى,sudanā,س-د-ي,noun,Noun (Ism),,1,10,7,8,neglected,লাগামহিন,بےکار,बेकार,begitu saja,başı boş,بیهوده,libre sans obligations,75:36,https://quranicwords.vercel.app/quran-words/sudana-bab0f6ed.html
wn_baea79e9,3289,مَيْسُور,maysūr,ي-س-ر,noun,Passive participle (Ism Mafʿūl),,1,10,7,8,gentle,সহজভাবে,نرمی والی,आसान,lemah lembut,yumuşak,نرم,douce,17:28,https://quranicwords.vercel.app/quran-words/maysur-baea79e9.html
wn_bb2f2f81,3290,مُخْضَرَّة,mukhḍarrah,خ-ض-ر,noun,Active participle (Ism Fāʿil),,1,10,7,8,green,সবুজ শ্যামল,خوب سبز,सरसब्ज़,menghijau,yemyeşil,سر سبز,verte,22:63,https://quranicwords.vercel.app/quran-words/mukhdarrah-bb2f2f81.html
wn_bbaa2925,3291,رُكام,rukām,ر-ك-م,noun,Noun (Ism),,1,10,7,9,mass,ঘনীভূত,تہ بہ تہ,तह ब तह,bertindih-tindih,birbiri üstüne,انباشته,nuages réunis,24:43,https://quranicwords.vercel.app/quran-words/rukam-bbaa2925.html
wn_bc7e1abe,3292,رَفْرَف,rafraf,ر-ف-ر-ف,noun,Noun (Ism),,1,10,7,9,cushions,গালিচার,مسندوں,क़ालीनों,bantal-bantal,yastıklar,بالش های,couvre-lits,55:76,https://quranicwords.vercel.app/quran-words/rafraf-bc7e1abe.html
wn_bc88759d,3293,إِنسِيّ,insiyy,أ-ن-س,noun,Noun (Ism),,1,10,7,9,human being,কোন মানুষের সাথে,کسی انسان,किसी इन्सान,seorang manusia,hiçbir insanla,باهیچ آدمی,humain,19:26,https://quranicwords.vercel.app/quran-words/insiyy-bc88759d.html
wn_bd11bb80,3294,رَطْب,raṭb,ر-ط-ب,noun,Noun (Ism),,1,10,7,9,moist,আর্দ্র,تر چیز,तर,biji yang basah,yaş,تری,chose humide,6:59,https://quranicwords.vercel.app/quran-words/ratb-bd11bb80.html
wn_bd74e27a,3295,ناعِمَة,nāʿimah,ن-ع-م,noun,Active participle (Ism Fāʿil),,1,10,7,9,joyful,উজ্জ্বল হবে,نعمتوں والے ہوں گے,तरो ताज़ा होंगे,penuh kenikmatan,ni'met içinde mutludur,شاداب و تازه اند,joyeux,88:8,https://quranicwords.vercel.app/quran-words/naimah-bd74e27a.html
wn_bd9750f1,3296,خَمْط,khamṭ,خ-م-ط,noun,Noun (Ism),,1,10,7,10,bitter,বিস্বাদ,بدمزہ,बदमज़ह फलों वाले,pahit,buruk,بد مزه,Arak,34:16,https://quranicwords.vercel.app/quran-words/khamt-bd9750f1.html
wn_bdb81c23,3297,رَفِيع,rafīʿ,ر-ف-ع,noun,Noun (Ism),,1,10,7,10,Possessor of the Highest Ranks,সমুচ্চ,بلند,बुलन्द,tinggi,yükselten,بالابرندۂ,Celui qui élève beaucoup,40:15,https://quranicwords.vercel.app/quran-words/rafi-bdb81c23.html
wn_bdfed318,3298,مَقْصُورَة,maqṣūrah,ق-ص-ر,noun,Noun (Ism),,1,10,7,10,restrained,সুরক্ষিতা,ٹھہرائی ہوئیں,ठहराई हुईं,tersimpan,kapanmış,نگاه داشته شده,restreintes,55:72,https://quranicwords.vercel.app/quran-words/maqsurah-bdfed318.html
wn_be5e4883,3299,صِرّ,ṣirr,ص-ر-ر,noun,Noun (Ism),,1,10,7,10,frost,ভীষণ ঠান্ডা,پالا,सख़्त सर्दी,angin yang sangat dingin,dondurucu,سرمای سختی,froid glacial,3:117,https://quranicwords.vercel.app/quran-words/sirr-be5e4883.html
wn_bedef091,3300,ضاحِك,ḍāḥik,ض-ح-ك,noun,Active participle (Ism Fāʿil),,1,10,7,10,laughing,হাসি,ہنستے ہوئے,हँसते हुए,tertawa,gülümseyerek,شادمانه,quelqu’un qui rit,27:19,https://quranicwords.vercel.app/quran-words/dahik-bedef091.html
wn_beeb4225,3301,صَبّ,ṣabb,ص-ب-ب,noun,Verbal noun (Maṣdar),,1,10,8,1,abundance,বর্ষণ,ڈالنا,ख़ूब उँडेलना,tercurah,iyice döküşle,ریختی,versage,80:25,https://quranicwords.vercel.app/quran-words/sabb-beeb4225.html
wn_beebe850,3302,وُحُوش,wuḥūsh,و-ح-ش,noun,Noun (Ism),,1,10,8,1,wild beasts,বন্য পশুদের,وحشی جانور,वहशी जानवर,binatang-binatang liar,vahşi hayvanlar,جانوران وحشی,bêtes sauvages,81:5,https://quranicwords.vercel.app/quran-words/wuhush-beebe850.html
wn_bf1407af,3303,جِياد,jīd,ج-و-د,noun,Noun (Ism),,1,10,8,1,excellent bred steeds,উৎকৃষ্টমানের,عمدہ,उम्दा,cepat berlari,atları,تیز تک,excellentes,38:31,https://quranicwords.vercel.app/quran-words/jid-bf1407af.html
wn_bf3d097a,3304,جِهار,jihār,ج-ه-ر,noun,Noun (Ism),,1,10,8,1,publicly,প্রকাশ্যে,اعلانیہ,बाआवाज़ बुलन्द,terang-terangan,açıkça,صدای بلند,publiquement,71:8,https://quranicwords.vercel.app/quran-words/jihar-bf3d097a.html
wn_bf60e9e5,3305,أَحْمَد,aḥmad,ح-م-د,noun,Proper noun,,1,10,8,1,Ahmad,আহ্‌মদ,احمد ہوگا,अहमद,Ahmad,Ahmed'dir,احمد,Aḥmad,61:6,https://quranicwords.vercel.app/quran-words/ahmad-bf60e9e5.html
wn_bffa03cb,3306,مَجُوس,majūs,م-ج-س,noun,Proper noun,,1,10,8,2,Majus,অগ্নি পূজারক,مجوسی,मजूसी,orang-orang Majusi,mecusiler,مجوس,Zoroastriens,22:17,https://quranicwords.vercel.app/quran-words/majus-bffa03cb.html
wn_c009e1af,3307,زَبانِيَة,zabāniyah,ز-ب-ن,noun,Noun (Ism),,1,10,8,2,Angels of Hell,জাহান্নামের প্রহরীদেরকে,فرشتوں,दोज़ख़ के फ़रिश्तों,Zabaniyah,zebanileri,دوزخ بانان,anges-gendarmes,96:18,https://quranicwords.vercel.app/quran-words/zabaniyah-c009e1af.html
wn_c0451eeb,3308,أَبابِيل,abābīl,أ-ب-ل,noun,Noun (Ism),,1,10,8,2,flocks,ঝাঁকে ঝাঁকে,جھنڈ کے جھنڈ,झुंड के झुंड,berbondong-bondong,sürü sürü,گروه گروه,groupes séparés,105:3,https://quranicwords.vercel.app/quran-words/ababil-c0451eeb.html
wn_c09ed4a5,3309,ظَمَأ,ẓamaʾ,ظ-م-أ,noun,Noun (Ism),,1,10,8,2,thirst,তৃষ্ণা,پیاس,प्यास,kehausan,susuzluk,تشنگی,soif,9:120,https://quranicwords.vercel.app/quran-words/zama-c09ed4a5.html
wn_c1040909,3310,مُنادِي,munādī,ن-د-ي,noun,Active participle (Ism Fāʿil),,1,10,8,2,caller,একজন আহ্বানকারীকে,پکارنے والے,पुकारने वाले,panggilan,davetçi,ندا کننده ای,quelqu’un qui appelle,3:193,https://quranicwords.vercel.app/quran-words/munadi-c1040909.html
wn_c11877ec,3311,رِبِّيّ,ribbiyy,ر-ب-ب,noun,Noun (Ism),,1,10,8,3,religious scholars,আল্লাহ ওয়ালা লোকেরা,اللہ والوں,रब वालों,orang-orang yang berTuhan,Rabbani,الله پرستان,savants,3:146,https://quranicwords.vercel.app/quran-words/ribbiyy-c11877ec.html
wn_c1384d0b,3312,رَضِيّ,raḍiyy,ر-ض-و,noun,Noun (Ism),,1,10,8,3,pleasing,সন্তোষজনক,پسندیدہ,पसंदीदा,seorang yang diridhai,razı olduklarından,پسندیده,satisfaisant,19:6,https://quranicwords.vercel.app/quran-words/radiyy-c1384d0b.html
wn_c1410981,3313,ناكِسُوا,nākisū,ن-ك-س,noun,Active participle (Ism Fāʿil),,1,10,8,3,hang,অবনতকারী,جھکائے ہوئے ہوں گے,झुकाए हुए होंगे,menundukkan,öne eğmiş,فروافکنده اند,gens qui baissent,32:12,https://quranicwords.vercel.app/quran-words/nakisu-c1410981.html
wn_c1535664,3314,كِسْف,kisf,ك-س-ف,noun,Noun (Ism),,1,10,8,3,portion,এক অংশ,ٹکڑا,टुकड़ा,sepotong,parçanın,پاره ای,morceau,52:44,https://quranicwords.vercel.app/quran-words/kisf-c1535664.html
wn_c167eada,3315,ضِعاف,ḍiʿāf,ض-ع-ف,noun,Verbal noun (Maṣdar),,1,10,8,3,weak,অসহায় অবস্থায়,کمزور,कमज़ोर,lemah,güçsüz,ناتوان,faibles,4:9,https://quranicwords.vercel.app/quran-words/diaf-c167eada.html
wn_c1d96ea1,3316,تَكْبِير,takbīr,ك-ب-ر,noun,Verbal noun (Maṣdar),,1,10,8,4,magnificence,মাহাত্ম্য,بڑائی بیان کرنا,ख़ूब बड़ाई बयान करना,sebesar-besarnya,tam bir yüceltme,بزرگ داشتنی,déclaration de hauteur,17:111,https://quranicwords.vercel.app/quran-words/takbir-c1d96ea1.html
wn_c210762c,3317,مَساق,masāq,س-و-ق,noun,Noun (Ism),,1,10,8,4,driving,যাত্রা,روانگی,रवानगी,tempat kembali,sevk,راندن,conduite,75:30,https://quranicwords.vercel.app/quran-words/masaq-c210762c.html
wn_c2a3e953,3318,نَقْع,naqʿ,ن-ق-ع,noun,Noun (Ism),,1,10,8,4,dust,ধুলোবালি,غبار,ग़ुबार,debu,toz,غباری,poussière,100:4,https://quranicwords.vercel.app/quran-words/naq-c2a3e953.html
wn_c2c556c1,3319,قَنُوط,qanūṭ,ق-ن-ط,noun,Noun (Ism),,1,10,8,4,despairs,নিরাশ,بہت ناامید,बहुत ना उम्मीद,putus asa,ümitsiz olur,دلسرد می شود,désespéré,41:49,https://quranicwords.vercel.app/quran-words/qanut-c2c556c1.html
wn_c2c631a0,3320,مُنتَشِر,muntashir,ن-ش-ر,noun,Active participle (Ism Fāʿil),,1,10,8,4,spreading,বিক্ষিপ্ত,پھیلی ہوئیں,फैली हुईं,beterbangan,yayılan,پراکنده اند,dispersées,54:7,https://quranicwords.vercel.app/quran-words/muntashir-c2c631a0.html
wn_c34c6df7,3321,فَتّاح,fattāḥ,ف-ت-ح,noun,Noun (Ism),,1,10,8,5,Judge,শ্রেষ্ঠ বিচারক,زبردست فیصلہ کرنے والا,ज़बरदस्त फ़ैसला करने वाला,Maha Pemberi keputusan,sorunları en güzel çözümleyendir,داور,Très Grand Juge,34:26,https://quranicwords.vercel.app/quran-words/fattah-c34c6df7.html
wn_c35a8efa,3322,غَرْبِيَّة,gharbiyyah,غ-ر-ب,noun,Noun (Ism),,1,10,8,5,west,পশ্চিমের,مغربی,मग़रिबी,di sebelah barat,batıdan,غربی,ouest,24:35,https://quranicwords.vercel.app/quran-words/gharbiyyah-c35a8efa.html
wn_c38ab974,3323,نَحْس,naḥs,ن-ح-س,noun,Noun (Ism),,1,10,8,5,misfortune,দুর্ভাগ্য,نحوست,मुसलसल नहूसत वाले,na'as,uğursuzluğu,شومِ,misère,54:19,https://quranicwords.vercel.app/quran-words/nahs-c38ab974.html
wn_c38ae8ff,3324,صَوافّ,ṣawāff,ص-ف-ف,noun,Noun (Ism),,1,10,8,5,lined up,সারিবদ্ধভাবে,قطار باندھے ہوئے,सफ़ बस्ता खड़ा कर,berbaris,sıra halinde dururlarken,حالی که برپا ایستاده اند,rangées,22:36,https://quranicwords.vercel.app/quran-words/sawaff-c38ae8ff.html
wn_c394a699,3325,مُدْهِن,mudhin,د-ه-ن,noun,Active participle (Ism Fāʿil),,1,10,8,5,indifferent,তুচ্ছজ্ঞান করবে,معمولی سمجھنے والے,बेपरवाई करने वाले,berpaling,küçümsüyorsunuz,سبک می شمارید,gens qui prennent à la légère,56:81,https://quranicwords.vercel.app/quran-words/mudhin-c394a699.html
wn_c3a883fb,3326,رُوم,rūm,,noun,Proper noun,,1,10,8,6,Romans,রোমানরা,رومی,रूमी,bangsa Romawi,Rum,رومیان,Empire Romain,30:2,https://quranicwords.vercel.app/quran-words/rum-c3a883fb.html
wn_c4161e32,3327,مُطَّهِّر,muṭṭahhir,ط-ه-ر,noun,Active participle (Ism Fāʿil),,1,10,8,6,ones who purify themselves,পবিত্রতা অর্জনকারীদেরকে,پاک رہنے والوں,पाक साफ़ रहने वालों,orang-orang yang bersih,temizlenenleri,پاکی ورزان,ceux qui se purifient,9:108,https://quranicwords.vercel.app/quran-words/muttahhir-c4161e32.html
wn_c4851d14,3328,قَضْب,qaḍb,ق-ض-ب,noun,Noun (Ism),,1,10,8,6,green vegetables,শাকসবজি,ترکاری,तरकारी,sayur-sayuran,yonca,سبزیجات,herbage,80:28,https://quranicwords.vercel.app/quran-words/qadb-c4851d14.html
wn_c4f9cb91,3329,مُبْعَد,mubʿad,ب-ع-د,noun,Passive participle (Ism Mafʿūl),,1,10,8,6,removed far,দূরে রাখা হবে,دور رکھے جانے والے,दूर रखे जाने वाले,dijauhkan,uzaklaştırılmışlardır,دور شدگان اند,éloignés,21:101,https://quranicwords.vercel.app/quran-words/mubad-c4f9cb91.html
wn_c57d8025,3330,مُنتَهي,muntahy,ن-ه-ي,noun,Active participle (Ism Fāʿil),,1,10,8,6,ones who abstain,নিবৃত্ত হবে,باز آنے والے,बाज़ आने वाले,orang-orang yang berhenti,vazgeçtiniz,بازایستادگان اید؟,gens qui arrêtent,5:91,https://quranicwords.vercel.app/quran-words/muntahy-c57d8025.html
wn_c5b96f3f,3331,خافِضَة,khāfiḍah,خ-ف-ض,noun,Active participle (Ism Fāʿil),,1,10,8,7,Bringing down,অবনতকারী,پست کرنے والی,पस्त करने वाली,merendahkan,alçaltıcıdır,پست کنندۂ,abaisse,56:3,https://quranicwords.vercel.app/quran-words/khafidah-c5b96f3f.html
wn_c5c6f6cf,3332,صِدِّيقَة,ṣiddīqah,ص-د-ق,noun,Noun (Ism),,1,10,8,7,truthful,সত্য নিষ্ঠা,سچی عورت تھی,बहुत सच्ची थी,seorang wanita yang sangat benar,dosdoğruydu,بسیار راستگوست,très véridique,5:75,https://quranicwords.vercel.app/quran-words/siddiqah-c5c6f6cf.html
wn_c5ebb412,3333,صَباح,ṣabāḥ,ص-ب-ح,noun,Noun (Ism),,1,10,8,7,morning,প্রভাত,صبح,सुबह,pagi hari,sabahı,بامداد,aube,37:177,https://quranicwords.vercel.app/quran-words/sabah-c5ebb412.html
wn_c5f1f422,3334,جَنَف,janaf,ج-ن-ف,noun,Noun (Ism),,1,10,8,7,error,পক্ষপাতিত্বের,طرف داری,तरफ़दारी,berat sebelah,hata,انحرافی,erreur,2:182,https://quranicwords.vercel.app/quran-words/janaf-c5f1f422.html
wn_c6048c80,3335,لَيّ,layy,ل-و-ي,noun,Verbal noun (Maṣdar),,1,10,8,7,twisting,মুড়া দিয়ে,موڑتے ہوئے,मोड़ते हुए,memutar-mutar,eğip bükerek,حال پیچانیدن,tordage,4:46,https://quranicwords.vercel.app/quran-words/layy-c6048c80.html
wn_c620d365,3336,قابِل,qābil,ق-ب-ل,noun,Active participle (Ism Fāʿil),,1,10,8,8,Acceptor,কবুলকারী,قبول کرنے والا,क़ुबूल करने वाल,menerima,kabul edendir,پذیرندۂ باز گشت,Accueillant,40:3,https://quranicwords.vercel.app/quran-words/qabil-c620d365.html
wn_c6a323d5,3337,رُكْبان,rukbān,ر-ك-ب,noun,Noun (Ism),,1,10,8,8,riding,আরোহী অবস্থায়,سوار ہوکر,सवार होकर,berkendaraan,binmiş olarak,سواره,gens qui chevauchent,2:239,https://quranicwords.vercel.app/quran-words/rukban-c6a323d5.html
wn_c70f8d7e,3338,بائِس,bāʾis,ب-أ-س,noun,Active participle (Ism Fāʿil),,1,10,8,8,miserable,দুস্থদেরকে,بھوکے,भूके,orang-orang yang sengsara,sıkıntı içinde bulunan,درماندۂ,miséreux,22:28,https://quranicwords.vercel.app/quran-words/bais-c70f8d7e.html
wn_c716949e,3339,خَرّاص,kharrāṣ,خ-ر-ص,noun,Noun (Ism),,1,10,8,8,liars,অনুমানকারীরা,اندازے لگانے والے,अंदाज़े लगाने वाले,orang-orang yang banyak berdusta,yalancılar,دروغ زنان گمان پرداز,ceux qui devinent extrêmement souvent,51:10,https://quranicwords.vercel.app/quran-words/kharras-c716949e.html
wn_c7281122,3340,عُجاب,ʿujāb,ع-ج-ب,noun,Noun (Ism),,1,10,8,8,curious,আজব,عجیب,बहुत अजीब,aneh,tuhaf,بسیار عجیب,très étonnante,38:5,https://quranicwords.vercel.app/quran-words/ujab-c7281122.html
wn_c73a7a54,3341,لَيِّن,layyin,ل-ي-ن,noun,Noun (Ism),,1,10,8,9,gentle,নম্রভাবে,نرم,नर्म,lunak,yumuşak,نرم,douce,20:44,https://quranicwords.vercel.app/quran-words/layyin-c73a7a54.html
wn_c769cb7c,3342,نَجَس,najas,ن-ج-س,noun,Noun (Ism),,1,10,8,9,unclean,অপবিত্র,ناپاک,नापाक,najis,pisliktir,پلیدند,impures,9:28,https://quranicwords.vercel.app/quran-words/najas-c769cb7c.html
wn_c7788914,3343,سائِق,sāʾiq,س-و-ق,noun,Active participle (Ism Fāʿil),,1,10,8,9,driver,একজন চালক,ہانکنے والا,हाँकने वाला,seorang penggiring,sürücü,سوق دهنده,conducteur,50:21,https://quranicwords.vercel.app/quran-words/saiq-c7788914.html
wn_c78ee3ed,3344,ياقُوت,yāqūt,,noun,Noun (Ism),,1,10,8,9,rubies,হীরা,یاقوت,याक़ूत,yakut,yakut,یاقوت,rubis,55:58,https://quranicwords.vercel.app/quran-words/yaqut-c78ee3ed.html
wn_c7fc3062,3345,مُمَدَّدَة,mumaddadah,م-د-د,noun,Passive participle (Ism Mafʿūl),,1,10,8,9,extended,দীর্ঘায়িত,لمبے لمبے,लम्बे-लम्बे,panjang,uzatılmış,کشیده شده,étendus,104:9,https://quranicwords.vercel.app/quran-words/mumaddadah-c7fc3062.html
wn_c844373a,3346,رَهِينَة,rahīnah,ر-ه-ن,noun,Noun (Ism),,1,10,8,10,pledged,দায়ে আবদ্ধ,رھن میں,रहन,tergadai,rehin alınmıştır,گرو,retenue,74:38,https://quranicwords.vercel.app/quran-words/rahinah-c844373a.html
wn_c8a959c7,3347,مُضاعَفَة,muḍāʿafah,ض-ع-ف,noun,Noun (Ism),,1,10,8,10,multiplied,গুণ করা,کئی گنا بنا کر,बढ़ा चढ़ा कर,berlipat-lipat,arttırarak,چند برابر,multipliées,3:130,https://quranicwords.vercel.app/quran-words/mudaafah-c8a959c7.html
wn_c912eb49,3348,سَفَرَة,safarah,س-ف-ر,noun,Noun (Ism),,1,10,8,10,scribes,দূতদের,لکھنے والوں,लिखने वालों,para utusan,yazıcıların,نویسندگانی,ambassadeurs,80:15,https://quranicwords.vercel.app/quran-words/safarah-c912eb49.html
wn_c9a55d75,3349,باد,bād,ب-د-و,noun,Active participle (Ism Fāʿil),,1,10,8,10,visitor,বহিরাগত,باہر سے آنے والے,बाहर से आने वाला,datang berkunjung,dışarıdan gelen,بادیه نشین,celui qui se révèle,22:25,https://quranicwords.vercel.app/quran-words/bad-c9a55d75.html
wn_c9e66e16,3350,أَحْرَص,aḥraṣ,ح-ر-ص,noun,Noun (Ism),,1,10,8,10,most greedy,অত্যধিক লোভী,حریص ترین,सब से ज़्यादा हरीस,sangat serakah,en düşkünü,آز مند ترین,plus en désir ardent,2:96,https://quranicwords.vercel.app/quran-words/ahras-c9e66e16.html
wn_cb272a0e,3351,مُبْرِم,mubrim,ب-ر-م,noun,Active participle (Ism Fāʿil),,1,10,9,1,determined,সিদ্ধান্ত গ্রহণকারী,مقرر کرنے والے,पुख़्ता फ़ैसला करने वाले,menetapkan,kararlıyız,عزم قطعی می داریم,déterminants,43:79,https://quranicwords.vercel.app/quran-words/mubrim-cb272a0e.html
wn_cb3f76c4,3352,هَمّاز,hammāz,ه-م-ز,noun,Noun (Ism),,1,10,9,1,Defamer,নিন্দাকারী,عیب جوئی کرنے والا,बड़ा ही ऐब-जो,pencela,kötüleyip duran,بسیار عیب جویِ,extrême diffamateur,68:11,https://quranicwords.vercel.app/quran-words/hammaz-cb3f76c4.html
wn_cb4da051,3353,رُوَيْد,ruwayd,ر-و-د,noun,Noun (Ism),,1,10,9,1,little,কিছুক্ষণের,مہلت تھوڑی سی,थोड़ी सी,sedikit,birazcık,چندی,courte période,86:17,https://quranicwords.vercel.app/quran-words/ruwayd-cb4da051.html
wn_cc42bf50,3354,أَهْوَن,ahwan,ه-و-ن,noun,Noun (Ism),,1,10,9,1,easier,সহজতর,زیادہ آسان,ज़्यादा आसान,lebih mudah,daha kolaydır,آسان تر,plus facile,30:27,https://quranicwords.vercel.app/quran-words/ahwan-cc42bf50.html
wn_ccf8127e,3355,حَوايا,ḥawāyā,ح-و-ي,noun,Noun (Ism),,1,10,9,1,entrails,অন্ত্রগুলো,آنتیں,आँतों,perut besar,bağırsaklarının,روده ها,entrailles,6:146,https://quranicwords.vercel.app/quran-words/hawaya-ccf8127e.html
wn_cd10d538,3356,حافّ,ḥāff,ح-ف-ف,noun,Active participle (Ism Fāʿil),,1,10,9,2,surrounding,ঘিরে থাকতে,گھیرا ڈالے ہوئے,घेरा डाले हुए,meliputi,dönerek,حلقه زده اند,êtres qui entourent,39:75,https://quranicwords.vercel.app/quran-words/haff-cd10d538.html
wn_cd269e9b,3357,زاهِق,zāhiq,ز-ه-ق,noun,Active participle (Ism Fāʿil),,1,10,9,2,vanishing,নিশ্চিহ্ন হয়ে যায়,فنا ہونے لگتا,ज़ाइल हो जाता,lenyap,yok olur,نابود شود,périssant,21:18,https://quranicwords.vercel.app/quran-words/zahiq-cd269e9b.html
wn_cdd39bfb,3358,سِجِلّ,sijill,س-ج-ل,noun,Noun (Ism),,1,10,9,2,scroll,খাতা,طومار,तूमार,daftar,tomarlarını,طومار,page,21:104,https://quranicwords.vercel.app/quran-words/sijill-cdd39bfb.html
wn_cddeea15,3359,مَوْضُونَة,mawḍūnah,و-ض-ن,noun,Passive participle (Ism Mafʿūl),,1,10,9,2,decorated,স্বর্ণখচিত,سونے کی تاروں سے بنے ہوئے,सोने के तारों से बने हुए,tersulam,altın ve cevahirle işlenmiş,زربافت,tissés,56:15,https://quranicwords.vercel.app/quran-words/mawdunah-cddeea15.html
wn_cdf643e0,3360,غاسِق,ghāsiq,غ-س-ق,noun,Active participle (Ism Fāʿil),,1,10,9,2,darkness,রাতের অন্ধকারের,اندھیرا کرنے والی,अँधेरी रात,malam yang gelap,gecenin,تاریکی,quelque chose qui couvre d’obscurité,113:3,https://quranicwords.vercel.app/quran-words/ghasiq-cdf643e0.html
wn_ce06ac60,3361,أَلْفاف,alfāf,ل-ف-ف,noun,Noun (Ism),,1,10,9,3,thick foliage,ঘনসন্নিবিষ্ট,لپٹے ہوئے,घने,lebat,birbirine sarmaş dolaş,درهم پیچیده,aux plantes abondantes,78:16,https://quranicwords.vercel.app/quran-words/alfaf-ce06ac60.html
wn_ce17380b,3362,راجِفَة,rājifah,ر-ج-ف,noun,Active participle (Ism Fāʿil),,1,10,9,3,quaking one,প্রথম শিংগাধ্বনি,کانپنے والی,काँपने वाली,goncangan,sarsıntı,بانگ عظیم,celle qui tremble,79:6,https://quranicwords.vercel.app/quran-words/rajifah-ce17380b.html
wn_ceed088f,3363,مَعْكُوف,maʿkūf,ع-ك-ف,noun,Passive participle (Ism Mafʿūl),,1,10,9,3,prevented,আবদ্ধ,ممنوع کیے ہوئے تھے,रोके हुए थे,disembelih,bekletilen,بازداشته شده,retenu,48:25,https://quranicwords.vercel.app/quran-words/makuf-ceed088f.html
wn_cfaff8d6,3364,مُسْتَأْخِر,mustaʾkhir,أ-خ-ر,noun,Active participle (Ism Fāʿil),,1,10,9,3,later ones,পরে আগমনকারীদেরকে,پیچھے رہنے والوں,पीछे रहने वालों,orang-orang kemudian,geri kalanları,پسینیان,ceux qui viennent après,15:24,https://quranicwords.vercel.app/quran-words/mustakhir-cfaff8d6.html
wn_cfc7ccbe,3365,مُذَكِّر,mudhakkir,ذ-ك-ر,noun,Active participle (Ism Fāʿil),,1,10,9,3,reminder,উপদেশদাতা,نصیحت کرنے والے,नसीहत करने वाले,seorang pemberi peringatan,öğüt verensin,پند دهنده ای,quelqu’un qui rappelle,88:21,https://quranicwords.vercel.app/quran-words/mudhakkir-cfc7ccbe.html
wn_d00cb2d3,3366,سَحّار,saḥḥār,س-ح-ر,noun,Noun (Ism),,1,10,9,4,magician,বড় জাদুকরকে,بڑا جادوگر،,बड़े जादूगर,ahli sihir,büyücüleri,جادوگر,grand magicien,26:37,https://quranicwords.vercel.app/quran-words/sahhar-d00cb2d3.html
wn_d0652a65,3367,دُسُر,dusur,د-س-ر,noun,Noun (Ism),,1,10,9,4,nails,পেরেকের,میخوں والی,मेख़ों वाली,kayu,çivilerle,میخ ها,clous,54:13,https://quranicwords.vercel.app/quran-words/dusur-d0652a65.html
wn_d1036a0e,3368,صَفا,ṣafā,,noun,Proper noun,,1,10,9,4,Safa,সাফা,صفا,सफ़ा,Shafa,Safa,صفا,Aṣ-Ṣafâ,2:158,https://quranicwords.vercel.app/quran-words/safa-d1036a0e.html
wn_d13e9cde,3369,مُعَوِّق,muʿawwiq,ع-و-ق,noun,Active participle (Ism Fāʿil),,1,10,9,4,those who hinder,বাধাদানকারীদেরকে,روکنے والوں,रोकने वालों,orang-orang yang merintangi,alıkoyanları,بازدارندگان,ceux qui font obstacle,33:18,https://quranicwords.vercel.app/quran-words/muawwiq-d13e9cde.html
wn_d154363b,3370,جُذاذ,judhādh,ج-ذ-ذ,noun,Noun (Ism),,1,10,9,4,pieces,টুকরো টুকরো,ٹکڑے ٹکڑے,टुकड़े-टुकड़े,hancur berpotong-potong,parça parça,پاره پاره,fragments,21:58,https://quranicwords.vercel.app/quran-words/judhadh-d154363b.html
wn_d1697b38,3371,اللّات,al-llāt,,noun,Proper noun,,1,10,9,5,Lat,লাত,لات,लात,Al Lata,Lat,لات,Al-Lât,53:19,https://quranicwords.vercel.app/quran-words/al-llat-d1697b38.html
wn_d1a1a9f4,3372,واجِفَة,wājifah,و-ج-ف,noun,Active participle (Ism Fāʿil),,1,10,9,5,will palpitate,ভীত-কম্পিত,دھڑکنے والے,धड़कने वाले होंगे,berdebar,çarpar,ترسانند,terrifiés,79:8,https://quranicwords.vercel.app/quran-words/wajifah-d1a1a9f4.html
wn_d1d17a4b,3373,حَيَوان,ḥayawān,ح-ي-ي,noun,Noun (Ism),,1,10,9,5,life,প্রকৃত জীবন,زندگی,ज़िन्दगी,kehidupan,asıl hayat,زندگانی,vie,29:64,https://quranicwords.vercel.app/quran-words/hayawan-d1d17a4b.html
wn_d289b30f,3374,مَشْعَر,mashʿar,ش-ع-ر,noun,Noun (Ism),,1,10,9,5,Monument,মাশআরিল,مشعر,मशअरे,Masy'aril,Meş'ar-i,مشعر,Al-Machʿarou,2:198,https://quranicwords.vercel.app/quran-words/mashar-d289b30f.html
wn_d2bd21a9,3375,مَعَرَّة,maʿarrah,ع-ر-ر,noun,Noun (Ism),,1,10,9,5,any harm,ক্ষতির সম্মুখীন,مضرت,तक्लीफ़,kesusahan,eziyet,گزندی,mal,48:25,https://quranicwords.vercel.app/quran-words/maarrah-d2bd21a9.html
wn_d2d2a8c3,3376,مُعَلَّم,muʿallam,ع-ل-م,noun,Passive participle (Ism Mafʿūl),,1,10,9,6,One taught,প্রশিক্ষণপ্রাপ্ত,سکھایا پڑھایا ہے،,सिखाया पढ़ाया,seorang yang diajar,öğretilmiştir,تعلیم داده شده ای,Quelqu’un d’enseigné,44:14,https://quranicwords.vercel.app/quran-words/muallam-d2d2a8c3.html
wn_d33da9ee,3377,مَوْر,mawr,م-و-ر,noun,Noun (Ism),,1,10,9,6,shake,প্রবল কম্পনে,لرزنا,सख़्त लरज़ना,sungguh-sungguh bergoncang,çalkalanış,لرزیدنی,agitation,52:9,https://quranicwords.vercel.app/quran-words/mawr-d33da9ee.html
wn_d37a4870,3378,سِتْر,sitr,س-ت-ر,noun,Noun (Ism),,1,10,9,6,any shelter,আড়াল,پردہ,परदा,menutupi,siper,پوششی,protection,18:90,https://quranicwords.vercel.app/quran-words/sitr-d37a4870.html
wn_d3d7ab05,3379,مُشْتَبِه,mushtabih,ش-ب-ه,noun,Active participle (Ism Fāʿil),,1,10,9,6,resembling,সদৃশ,ملتے جلتے,मिलते-जुलते,serupa,birbirine benzer,همسان,ressemblante,6:99,https://quranicwords.vercel.app/quran-words/mushtabih-d3d7ab05.html
wn_d40d6267,3380,رِدْء,ridʾ,ر-د-أ,noun,Noun (Ism),,1,10,9,6,helper,সহায়ক হিসেবে,مدد گار کے طور,मददगार के तौर,pembantu,yardımcı olarak,یاری که,support,28:34,https://quranicwords.vercel.app/quran-words/rid-d40d6267.html
wn_d4120b11,3381,جُمْلَة,jumlah,ج-م-ل,noun,Noun (Ism),,1,10,9,7,all at once,সমগ্র,بار,इकट्ठा,jumlah,toptan,همگی,ensemble uni,25:32,https://quranicwords.vercel.app/quran-words/jumlah-d4120b11.html
wn_d43bc7f8,3382,يَثْرِب,yathrib,,noun,Proper noun,,1,10,9,7,Yathrib,ইযাসরিবের,یثرب,यसरब,Yasrib,Yesrib,مدینه,Yathrib,33:13,https://quranicwords.vercel.app/quran-words/yathrib-d43bc7f8.html
wn_d45b521d,3383,شُقَّة,shuqqah,ش-ق-ق,noun,Noun (Ism),,1,10,9,7,distance,কষ্টসাধ্য যাত্রাপথ,مسافت,मुसाफ़त,jarak perjalanan yang dituju,aşılacak mesafe,مسافت,destination dure à atteindre,9:42,https://quranicwords.vercel.app/quran-words/shuqqah-d45b521d.html
wn_d495b13e,3384,كافِرَة,kāfirah,ك-ف-ر,noun,Active participle (Ism Fāʿil),,1,10,9,7,disbelievers,কাফির,کافر تھا,काफ़िर था,kafir,nankördü,کافر بودند,mécréant,3:13,https://quranicwords.vercel.app/quran-words/kafirah-d495b13e.html
wn_d496256b,3385,جَزُوع,jazūʿ,ج-ز-ع,noun,Noun (Ism),,1,10,9,7,distressed,দুর্দশাগ্রস্ত,گھبرا اٹھتا,बहुत जज़ा-फ़ज़ा करने वाला,berkeluh-kesah,sızlanır,ناله و بی تابی می کند,impatient,70:20,https://quranicwords.vercel.app/quran-words/jazu-d496256b.html
wn_d4a91ffc,3386,مُطاع,muṭāʿ,ط-و-ع,noun,Passive participle (Ism Mafʿūl),,1,10,9,8,One to be obeyed,মান্য করা,کہا مانا گیا,इताअत किया जाता,ditaati,ita'at edilendir,فرمان برده شده,quelqu’un qui est obéi,81:21,https://quranicwords.vercel.app/quran-words/muta-d4a91ffc.html
wn_d4dc50d5,3387,مَمْنُوعَة,mamnūʿah,م-ن-ع,noun,Passive participle (Ism Mafʿūl),,1,10,9,8,forbidden,নিষিদ্ধ হবে,روکے جانے والے,रोके जाने वाले,tercegah,yasaklanmayan,منع شدنی,interdits,56:33,https://quranicwords.vercel.app/quran-words/mamnuah-d4dc50d5.html
wn_d4eddc94,3388,دائِبَيْن,dāʾibayn,د-أ-ب,noun,Active participle (Ism Fāʿil),,1,10,9,8,both constantly pursuing their courses,প্রতিনিয়ত একই নিয়মের অনুবর্তী,لگا تار چلنے والے,लगातार चलने वाले,keduanya tetap beredar,düzenli seyreden,همواره روانند,objets qui continuent leur chemin,14:33,https://quranicwords.vercel.app/quran-words/daibayn-d4eddc94.html
wn_d517a360,3389,سَعِيد,saʿīd,س-ع-د,noun,Noun (Ism),,1,10,9,8,glad,সৌভাগ্যবান,بعض خوش بخت,नेकबख़्त होगा,berbahagia,mutludur,نیک بخت,heureux,11:105,https://quranicwords.vercel.app/quran-words/said-d517a360.html
wn_d53f894c,3390,حَتْم,ḥatm,ح-ت-م,noun,Noun (Ism),,1,10,9,8,inevitability,চুড়ান্ত,ہو کر رہنے والا,हतमी,kepastian,borçtur,لازم,nécessité,19:71,https://quranicwords.vercel.app/quran-words/hatm-d53f894c.html
wn_d5616b55,3391,ضامِر,ḍāmir,ض-م-ر,noun,Active participle (Ism Fāʿil),,1,10,9,9,lean camel,ক্ষীণকায় উটের,لاغر اونٹ,लाग़र ऊँट,onta kurus,yorgun deve,شتر لاغری,chameau mince,22:27,https://quranicwords.vercel.app/quran-words/damir-d5616b55.html
wn_d5857a38,3392,تَحِلَّة,taḥillah,ح-ل-ل,noun,Verbal noun (Maṣdar),,1,10,9,9,dissolution,মুক্তির ব্যবস্থা,کھولنا,खोलना,pembebasan,çözmeyi,گشودن,dissolution,66:2,https://quranicwords.vercel.app/quran-words/tahillah-d5857a38.html
wn_d5962209,3393,قُرْبَة,qurbah,ق-ر-ب,noun,Noun (Ism),,1,10,9,9,means of nearness,সান্নিধ্য লাভের মাধ্যম,نزدیکی,क़ुरबत,pendekatan,yakınlık vesilesidir,موجب نزدیکی,moyen de s’approcher,9:99,https://quranicwords.vercel.app/quran-words/qurbah-d5962209.html
wn_d5c45eb8,3394,صَوْم,ṣawm,ص-و-م,noun,Noun (Ism),,1,10,9,9,fast,রোজা,روزے,रोज़े,berpuasa,oruç,روزه ای,jeûne,19:26,https://quranicwords.vercel.app/quran-words/sawm-d5c45eb8.html
wn_d5c930bf,3395,نَقِيب,naqīb,ن-ق-ب,noun,Noun (Ism),,1,10,9,9,leaders,দলনেতা,نگران,निगरान,pemimpin,başkan,سردار,chefs,5:12,https://quranicwords.vercel.app/quran-words/naqib-d5c930bf.html
wn_d61cc248,3396,تَفْسِير,tafsīr,ف-س-ر,noun,Verbal noun (Maṣdar),,1,10,9,10,explanation,ব্যাখ্যা,تفسیر,तफ़सीर,penjelasan,açıklamayı,تفسیر,explication,25:33,https://quranicwords.vercel.app/quran-words/tafsir-d61cc248.html
wn_d62c0df1,3397,مُعَذِّر,muʿadhdhir,ع-ذ-ر,noun,Active participle (Ism Fāʿil),,1,10,9,10,ones who make excuses,অজুহাত পেশকারীরা,معذرتیں کرنے والے,उज़र करने वाले,orang-orang yang mempunyai 'uzdur,özür bahane eden,عذرآوران,ceux qui donnent des excuses,9:90,https://quranicwords.vercel.app/quran-words/muadhdhir-d62c0df1.html
wn_d6e42ec1,3398,ذاكِرَة,dhākirah,ذ-ك-ر,noun,Active participle (Ism Fāʿil),,1,10,9,10,women who remember,নারী স্মরণকারীগণ,ذکر کرنے والیاں,ज़िक्र करने वाली औरतें,perempuan-perempuan yang mengingat,zikreden kadınlar,زنان یاد کننده,femmes qui se rappellent,33:35,https://quranicwords.vercel.app/quran-words/dhakirah-d6e42ec1.html
wn_d6f46fda,3399,نَفْخَة,nafkhah,ن-ف-خ,noun,Noun (Ism),,1,10,9,10,blast,ফুক,پھونکنا,फूँकना,tiupan,üfleme,دمیدن یک بار,souffle,69:13,https://quranicwords.vercel.app/quran-words/nafkhah-d6f46fda.html
wn_d7077598,3400,مُقَسِّمَة,muqassimah,ق-س-م,noun,Active participle (Ism Fāʿil),,1,10,9,10,those distributing,বণ্টনকারীর,تقسیم کرنے والے,तक़्सीम करने वालियां,membagi,taksim edenlere andolsun,تقسیم کننده اند,ensuite ceux qui distribuent,51:4,https://quranicwords.vercel.app/quran-words/muqassimah-d7077598.html
wn_d733552b,3401,نَضّاخَتان,naḍḍākhatān,ن-ض-خ,noun,Noun (Ism),,1,10,10,1,gushing forth,উচ্ছলিত উভয়েই,جوش مارنے والے,दोनों जोश मारने वाले,memancarkan keduanya,fışkıran,جوشان,jaillissantes,55:66,https://quranicwords.vercel.app/quran-words/naddakhatan-d733552b.html
wn_d7639566,3402,عِصْيان,ʿiṣyān,ع-ص-ي,noun,Noun (Ism),,1,10,10,1,disobedience,অবাধ্যতা,نافرمانی,नाफ़रमानी,kedurhakaan,isyanı,نافرمانی,désobéissance,49:7,https://quranicwords.vercel.app/quran-words/isyan-d7639566.html
wn_d7da6d0f,3403,بَوار,bawār,ب-و-ر,noun,Noun (Ism),,1,10,10,1,destruction,ধ্বংসের,حلاکت,हलाकत,kebinasaan,helak,تباهی,perte qui ruine,14:28,https://quranicwords.vercel.app/quran-words/bawar-d7da6d0f.html
wn_d8263f78,3404,نَحِسَة,naḥisah,ن-ح-س,noun,Noun (Ism),,1,10,10,1,misfortune,দুর্ভোগের,منحوس,नहूसत के दिनों,celaka,uğursuz,شوم,misères,41:16,https://quranicwords.vercel.app/quran-words/nahisah-d8263f78.html
wn_d84b6051,3405,وِفاق,wifāq,و-ف-ق,noun,Verbal noun (Maṣdar),,1,10,10,1,appropriate,উপযুক্ত,پورا پورا,पूरा-पूरा,setimpal,uygun,موافق,appropriée,78:26,https://quranicwords.vercel.app/quran-words/wifaq-d84b6051.html
wn_d8a6a77a,3406,مَلْعُونَة,malʿūnah,ل-ع-ن,noun,Passive participle (Ism Mafʿūl),,1,10,10,2,accursed,অভিশপ্ত,لعنت کیا گیا,लानत किया गया,terkutuk,la'netlenmiş,لعنت شده,maudit,17:60,https://quranicwords.vercel.app/quran-words/malunah-d8a6a77a.html
wn_d8acdcdf,3407,طَلْح,ṭalḥ,ط-ل-ح,noun,Noun (Ism),,1,10,10,2,banana trees,কলাসমূহে,کیلے,केलों,pohon pisang,muz ağaçları,موز,bananiers,56:29,https://quranicwords.vercel.app/quran-words/talh-d8acdcdf.html
wn_d8e72e88,3408,بِدار,bidār,ب-د-ر,noun,Verbal noun (Maṣdar),,1,10,10,2,hastily,তাড়াতাড়ি করে,جلدی کرتے ہوئے,जल्दी करते हुए,tergesa-gesa,tez elden,وشتاب,hâte,4:6,https://quranicwords.vercel.app/quran-words/bidar-d8e72e88.html
wn_d8fb80a9,3409,نَفَق,nafaq,ن-ف-ق,noun,Noun (Ism),,1,10,10,2,tunnel,সুড়ঙ্গ,سرنگ,सुरंग,lubang,delik,سوراخی,tunnel,6:35,https://quranicwords.vercel.app/quran-words/nafaq-d8fb80a9.html
wn_d91e31e4,3410,خائِب,khāʾib,خ-ي-ب,noun,Active participle (Ism Fāʿil),,1,10,10,2,disappointed,ব্যর্থ হয়ে,ناکام ہوکر,नामुराद,sia-sia,umutsuz olarak,حالی که ناامیدان اند,dépourvus,3:127,https://quranicwords.vercel.app/quran-words/khaib-d91e31e4.html
wn_d9544837,3411,صُفْر,ṣufr,ص-ف-ر,noun,Noun (Ism),,1,10,10,3,yellow,হলুদ বর্ণের,زرد رنگ,ज़र्द रंग,kuning,sapsarı,زرد رنگ اند,jaunes,77:33,https://quranicwords.vercel.app/quran-words/sufr-d9544837.html
wn_d9830abe,3412,رَقِيم,raqīm,ر-ق-م,noun,Noun (Ism),,1,10,10,3,inscription,রাকীমের,کتبے والے,कतबे वाले,batu bertulis,Rakim,رقیم,surface gravée,18:9,https://quranicwords.vercel.app/quran-words/raqim-d9830abe.html
wn_d9861448,3413,حَصِير,ḥaṣīr,ح-ص-ر,noun,Noun (Ism),,1,10,10,3,prison-bed,কারাগার,قید خانہ,क़ैद ख़ाना,tempat berkumpul,kuşatıcı,زندان,prison,17:8,https://quranicwords.vercel.app/quran-words/hasir-d9861448.html
wn_d9a1c61a,3414,مُكاء,mukāʾ,م-ك-و,noun,Verbal noun (Maṣdar),,1,10,10,3,whistling,শিষ দেওয়া,سیٹیاں,सीटियाँ बजाना,siulan,ıslık çalmadan,سوت کشیدن,sifflement,8:35,https://quranicwords.vercel.app/quran-words/muka-d9a1c61a.html
wn_d9d2aaa9,3415,دِفْء,difʾ,د-ف-أ,noun,Noun (Ism),,1,10,10,3,warmth,শীত নিবারক উপকরণ,گرمی کا سامان,गरमी का सामान,hangat,ısınma,پوششی گرم,chaleur reçue par les habits,16:5,https://quranicwords.vercel.app/quran-words/dif-d9d2aaa9.html
wn_da469f3b,3416,شُعُوب,shuʿūb,ش-ع-ب,noun,Noun (Ism),,1,10,10,4,nations,বিভিন্ন সম্প্রদায়,قوموں,क़ौमें,berbangsa-bangsa,milletlere,گروه ها,tribus,49:13,https://quranicwords.vercel.app/quran-words/shuub-da469f3b.html
wn_da4c3da0,3417,حَمّالَة,ḥammālah,ح-م-ل,noun,Active participle (Ism Fāʿil),,1,10,10,4,carrier,বহনকারিণী,اٹھانے والی,उठाने वाली,pembawa,hamalı,هیزم کش,porteuse,111:4,https://quranicwords.vercel.app/quran-words/hammalah-da4c3da0.html
wn_da9522a4,3418,مَكِيد,makīd,ك-ي-د,noun,Passive participle (Ism Mafʿūl),,1,10,10,4,plot,ষড়যন্ত্রের শিকার হবে,مکر کیے گئے,चाल में आने वाले,orang-orang yang kena tipu daya,tuzağa düşecek olanlar,فریب خوردگان اند,cibles d’un complot,52:42,https://quranicwords.vercel.app/quran-words/makid-da9522a4.html
wn_dab40fdc,3419,جَمّ,jamm,ج-م-م,noun,Noun (Ism),,1,10,10,4,exceeding,খুব বেশি,بہت زیادہ,बहुत ज़्यादा,berlebihan,pek çok,بسیار,abondant,89:20,https://quranicwords.vercel.app/quran-words/jamm-dab40fdc.html
wn_dac65a64,3420,فِرْقَة,firqah,ف-ر-ق,noun,Noun (Ism),,1,10,10,4,group,দলের,گروہ,हर गिरोह,golongan,kabileden,گروهی,division,9:122,https://quranicwords.vercel.app/quran-words/firqah-dac65a64.html
wn_db2b30fa,3421,دَكَّة,dakkah,د-ك-ك,noun,Noun (Ism),,1,10,10,5,crushing,চূর্ণ বিচূর্ণ,توڑنا,रेज़ा-रेज़ा किए जाना,kehancuran,çarpma,یکباره,pulvérisation,69:14,https://quranicwords.vercel.app/quran-words/dakkah-db2b30fa.html
wn_db2dad4c,3422,مُتَطَهِّر,mutaṭahhir,ط-ه-ر,noun,Active participle (Ism Fāʿil),,1,10,10,5,those who purify themselves,পবিত্রতা অবলম্বনকারীদের,پاک رہنے والوں,पाक साफ़ रहने वालों,orang-orang yang mensucikan diri,temizlenenleri,پاکی ورزان,ceux qui se purifient,2:222,https://quranicwords.vercel.app/quran-words/mutatahhir-db2dad4c.html
wn_db83d567,3423,فَرْش,farsh,ف-ر-ش,noun,Noun (Ism),,1,10,10,5,meat,আবার ছোট আকারের পশু,چھوٹے قد,ज़मीन से लगे हुए,untuk disembelih,tüyünden sergi yapılır,پشم دار,animaux trop petits pour porter,6:142,https://quranicwords.vercel.app/quran-words/farsh-db83d567.html
wn_db8a3701,3424,بازِغَة,bāzighah,ب-ز-غ,noun,Active participle (Ism Fāʿil),,1,10,10,5,rising,উদীয়মান,چمکتا ہوا,चमकता हुआ,terbit,doğarken,برآمده,levant,6:78,https://quranicwords.vercel.app/quran-words/bazighah-db8a3701.html
wn_dbbaae0a,3425,مَقْسُوم,maqsūm,ق-س-م,noun,Passive participle (Ism Mafʿūl),,1,10,10,5,assigned,পৃথক পৃথক,مخصوص,तक़सीम शुदा,bagian,ayrılmıştır,جدا کرده شده,assignée,15:44,https://quranicwords.vercel.app/quran-words/maqsum-dbbaae0a.html
wn_dbbbc4d5,3426,مُوهِن,mūhin,و-ه-ن,noun,Active participle (Ism Fāʿil),,1,10,10,6,one who makes weak,দুর্বলকারী,کمزور کرنے والا,कमज़ोर करने वाला,melemahkan,zayıflatır,سست کننده,Celui qui affaiblit et rend paresseux,8:18,https://quranicwords.vercel.app/quran-words/muhin-dbbbc4d5.html
wn_dbd01452,3427,جَدّ,jadd,ج-د-د,noun,Noun (Ism),,1,10,10,6,Majesty,মর্যাদা,شان,शान,kebesaran,şanı,شان,grandeur,72:3,https://quranicwords.vercel.app/quran-words/jadd-dbd01452.html
wn_dbfb193d,3428,مَقِيل,maqīl,ق-ي-ل,noun,Passive participle (Ism Mafʿūl),,1,10,10,6,resting-place,বিশ্রামস্থল,دوپہر گزارنے کی جگہ,दोपहर गुज़ारने की जगह,tempat istirahat,dinlenecekleri yer,جایگاه ترند,endroit de sieste,25:24,https://quranicwords.vercel.app/quran-words/maqil-dbfb193d.html
wn_dc5ee944,3429,سِتِّين,sittīn,س-ت-ت,noun,Noun (Ism),,1,10,10,6,sixty,ষাটজন,ساٹھ,साठ,enam puluh,altmış,شصت,soixante,58:4,https://quranicwords.vercel.app/quran-words/sittin-dc5ee944.html
wn_dd0a32f7,3430,مُخْبِت,mukhbit,خ-ب-ت,noun,Active participle (Ism Fāʿil),,1,10,10,6,humble ones,অবনতকারীদের,عاجزانہ روش اختیار کرنے والوں,आजिज़ी करने वालों,orang-orang yang tunduk,samimi insanları,فروتنان,gens humbles,22:34,https://quranicwords.vercel.app/quran-words/mukhbit-dd0a32f7.html
wn_dd0d75a3,3431,مَوْعُود,mawʿūd,و-ع-د,noun,Passive participle (Ism Mafʿūl),,1,10,10,7,Promised,প্রতিশ্রুত,وعدہ کئے گئے,वादा किए गए,dijanjikan,va'dedilen,وعده داده شده,promis,85:2,https://quranicwords.vercel.app/quran-words/mawud-dd0d75a3.html
wn_dd442779,3432,لَمّ,lamm,ل-م-م,noun,Verbal noun (Maṣdar),,1,10,10,7,altogether,সম্পূর্ণরূপে,سمیٹ کر,समेट कर,loba,hırsla,یکجا,complète,89:19,https://quranicwords.vercel.app/quran-words/lamm-dd442779.html
wn_dd486648,3433,رَجّ,rajj,ر-ج-ج,noun,Verbal noun (Maṣdar),,1,10,10,7,shaking,কম্পন,ہلایا جانا,सख़्त हिलाया जाना,goncangan yang keras,şiddetle sarsılarak,جنبانیدنی,secouement,56:4,https://quranicwords.vercel.app/quran-words/rajj-dd486648.html
wn_dda97a2d,3434,مُنشِئ,munshiʾ,ن-ش-أ,noun,Active participle (Ism Fāʿil),,1,10,10,7,Producers,স্রষ্টা,اگانے والے,पैदा करने वाले,menumbuhkannya,yaratanlar,آفرینندگان,Ceux qui créent,56:72,https://quranicwords.vercel.app/quran-words/munshi-dda97a2d.html
wn_ddc3e787,3435,مَسْتُور,mastūr,س-ت-ر,noun,Passive participle (Ism Mafʿūl),,1,10,10,7,hidden,প্রচ্ছন্ন,چھپا ہوا,छुपा हुआ,terutup,gizli,پوشیده,caché,17:45,https://quranicwords.vercel.app/quran-words/mastur-ddc3e787.html
wn_de76dbf6,3436,زِنَى,zinā,ز-ن-ي,noun,Verbal noun (Maṣdar),,1,10,10,8,adultery,জিনার,زنا,ज़िना,zina,zinaya,زنا,fornication,17:32,https://quranicwords.vercel.app/quran-words/zina-de76dbf6.html
wn_de84a9b6,3437,مُسْتَمْسِك,mustamsik,م-س-ك,noun,Active participle (Ism Fāʿil),,1,10,10,8,holding fast,দৃঢ়ভাবে ধারণকারী,پکڑ رہے,मज़बूत पकड़े हुए,berpegang,sarılıyorlar,چنگ زنند گان اند,gens qui tiennent fermement,43:21,https://quranicwords.vercel.app/quran-words/mustamsik-de84a9b6.html
wn_de9982ea,3438,مُفْتَر,muftar,ف-ر-ي,noun,Active participle (Ism Fāʿil),,1,10,10,8,inventor,রচনাকারী,گھڑنے والا,गढ़ने वाला,mengada-adakan,iftira ediyorsun,دروغبافی,inventeur,16:101,https://quranicwords.vercel.app/quran-words/muftar-de9982ea.html
wn_deea4738,3439,مَلِيّ,maliyy,م-ل-و,noun,Noun (Ism),,1,10,10,8,prolonged time,চিরতরে,عرصہ دراز تک,लम्बी मुद्दत तक,waktu yang lama,uzun süre,مدتی دراز,longue période,19:46,https://quranicwords.vercel.app/quran-words/maliyy-deea4738.html
wn_df1ef09b,3440,تَمام,tamām,ت-م-م,noun,Noun (Ism),,1,10,10,8,completing,সম্পূর্ণ,پورا کرنے,पूरी करने के लिए,menyempurnakan,tamamlamak için,برای تمام کردن,accomplissement,6:154,https://quranicwords.vercel.app/quran-words/tamam-df1ef09b.html
wn_df2e7868,3441,شُعَب,shuʿab,ش-ع-ب,noun,Noun (Ism),,1,10,10,9,columns,শাখা,شاخوں والا,तीन शाख़ों वाले,cabang,dalı,شعبه,branches,77:30,https://quranicwords.vercel.app/quran-words/shuab-df2e7868.html
wn_df7637dc,3442,رِيش,rīsh,ر-ي-ش,noun,Noun (Ism),,1,10,10,9,adornment,শোভা বর্ধকরূপে,آرائش,ज़ीनत,perhiasan,süslenecek elbise,زینتی,ornement,7:26,https://quranicwords.vercel.app/quran-words/rish-df7637dc.html
wn_df8ec3d8,3443,رَهَب,rahab,ر-ه-ب,noun,Noun (Ism),,1,10,10,9,fear,ভয়ের সাথে,خوف,ख़ौफ़,perasaan takut,korkarak,بیم,fait de redouter,21:90,https://quranicwords.vercel.app/quran-words/rahab-df8ec3d8.html
wn_dfdb0279,3444,مَرِيئ,marīʾ,م-ر-أ,noun,Noun (Ism),,1,10,10,9,ease,তৃপ্তিসহ,کوش گوار بنا کر,ख़ुशगवार,cukup,iç huzuruyla,نوش جان,sans dommages,4:4,https://quranicwords.vercel.app/quran-words/mari-dfdb0279.html
wn_e0058c55,3445,مُغِيرَة,mughīrah,غ-ي-ر,noun,Active participle (Ism Fāʿil),,1,10,10,9,chargers,অভিযান চালায়,قسم ہے چھاپہ مارنے والیوں,हमला करने वालों,menyerang,akın edenlere,اسبان یورش برنده,ensuite ceux qui chargent,100:3,https://quranicwords.vercel.app/quran-words/mughirah-e0058c55.html
wn_e0ab92c9,3446,ناج,nāj,ن-ج-و,noun,Active participle (Ism Fāʿil),,1,10,10,10,saved,মুক্তি পাবে,نجات پانے والا,निजात पाने वाला,selamat,kurtulacağını,نجات یابنده,sauvé,12:42,https://quranicwords.vercel.app/quran-words/naj-e0ab92c9.html
wn_e0bc3d79,3447,مُسْتَخْف,mustakhf,خ-ف-ي,noun,Active participle (Ism Fāʿil),,1,10,10,10,hidden,আত্নগোপনকারী,چھپنے والا,छुपने वाला,bersembunyi,gizlenendir,پنهان شود,quelqu’un qui cache,13:10,https://quranicwords.vercel.app/quran-words/mustakhf-e0bc3d79.html
wn_e1126248,3448,عابِرِي,ʿābirī,ع-ب-ر,noun,Noun (Ism),,1,10,10,10,passing,অতিক্রমকারী হলে,عبور کرنے والے,उबूर करने वाले,sekedar,geçici olmanız,عبور کنندگان,gens qui passent,4:43,https://quranicwords.vercel.app/quran-words/abiri-e1126248.html
wn_e124b4d6,3449,تَصْلِيَة,taṣliyah,ص-ل-ي,noun,Verbal noun (Maṣdar),,1,10,10,10,burning,দগ্ধকরণ,داخل ہونا,जलना,dimasukkan,atılma,فروافتادن,brûlage,56:94,https://quranicwords.vercel.app/quran-words/tasliyah-e124b4d6.html
wn_e132ce2f,3450,مُعَمَّر,muʿammar,ع-م-ر,noun,Passive participle (Ism Mafʿūl),,1,10,10,10,aged person,বয়স্কলোকের,عمر دیا جانے والا,उमर दिया हुआ,orang-orang yang berumur panjang,canlıya,عمر کننده ای,personne qui reçoit une longue vie,35:11,https://quranicwords.vercel.app/quran-words/muammar-e132ce2f.html
wn_e1791364,3451,نُحاس,nuḥās,ن-ح-س,noun,Noun (Ism),,1,10,11,1,smoke,ধোঁয়া,دھواں,धुवाँ,cairan tembaga,kıpkızıl bir duman,دوری,fumée,55:35,https://quranicwords.vercel.app/quran-words/nuhas-e1791364.html
wn_e1ea9434,3452,مَرّ,marr,م-ر-ر,noun,Verbal noun (Maṣdar),,1,10,11,1,passing,চলন,چلنا,चलना,perjalanan,yürümesi gibi,گذر کردن,passage,27:88,https://quranicwords.vercel.app/quran-words/marr-e1ea9434.html
wn_e28b1ed5,3453,مُتَصَدِّع,mutaṣaddiʿ,ص-د-ع,noun,Active participle (Ism Fāʿil),,1,10,11,1,breaking asunder,দুভাগে বিভক্ত ভঙ্গ,پھٹتا ہوا,फटने वाला,terpecah,parçalanmış,هم پاشیده,séparée,59:21,https://quranicwords.vercel.app/quran-words/mutasaddi-e28b1ed5.html
wn_e29dad08,3454,صامِت,ṣāmit,ص-م-ت,noun,Active participle (Ism Fāʿil),,1,10,11,1,remain silent,নিরবতা অবলম্বনকারী হও,چپ رہو,ख़ामोश रहो,orang-orang yang diam,susmanız,خاموش شوندگان اید,silencieux,7:193,https://quranicwords.vercel.app/quran-words/samit-e29dad08.html
wn_e332fe12,3455,واعِيَة,wāʿiyah,و-ع-ي,noun,Active participle (Ism Fāʿil),,1,10,11,1,conscious,স্মরন বাহক,یاد رکھنے والے,याद रखने वाला,menjaga,belleyen,گوش شنوا,porte attention,69:12,https://quranicwords.vercel.app/quran-words/waiyah-e332fe12.html
wn_e3659dc2,3456,شَفَتَيْن,shafatayn,ش-ف-ه,noun,Noun (Ism),,1,10,11,2,two lips,দু'ঠোট,دو ہونٹ,दो होंट,dua buah bibir,iki dudak,دو لب,deux lèvres,90:9,https://quranicwords.vercel.app/quran-words/shafatayn-e3659dc2.html
wn_e397ec96,3457,اسْتِبْدال,astibdāl,ب-د-ل,noun,Verbal noun (Maṣdar),,1,10,11,2,replacing,পরিবর্তন করতে,بدلنے,बदलने,mengganti,başka,جایگزین ساختن,échange,4:20,https://quranicwords.vercel.app/quran-words/astibdal-e397ec96.html
wn_e3d1b866,3458,جائِر,jāʾir,ج-و-ر,noun,Active participle (Ism Fāʿil),,1,10,11,2,crooked,বাঁকা,ٹیڑھے بھی,टेढ़े,bengkok,eğrisi,کج,déviants,16:9,https://quranicwords.vercel.app/quran-words/jair-e3d1b866.html
wn_e42dcdd4,3459,تُقاة,tuqāh,و-ق-ي,noun,Verbal noun (Maṣdar),,1,10,11,2,precaution,আত্মরক্ষা হিসেবে,بچنا,बचना,suatu yang ditakuti,tehlikeden,نوع ترسیدنی,précaution,3:28,https://quranicwords.vercel.app/quran-words/tuqah-e42dcdd4.html
wn_e49be84d,3460,حاذِر,ḥādhir,ح-ذ-ر,noun,Active participle (Ism Fāʿil),,1,10,11,2,forewarned,সদা-সতর্ক,احتیاط برتنے والے,मोहतात,berjaga-jaga,ihtiyatlı,آماده ایم,méfiants,26:56,https://quranicwords.vercel.app/quran-words/hadhir-e49be84d.html
wn_e4f5802f,3461,خَتّار,khattār,خ-ت-ر,noun,Noun (Ism),,1,10,11,3,traitor,বিশ্বাসঘাতক,غدار,बहुत अहद शिकन,orang yang tidak setia,gaddarlardan,عهد شکن,énorme traître,31:32,https://quranicwords.vercel.app/quran-words/khattar-e4f5802f.html
wn_e51613ad,3462,سائِحَة,sāʾiḥah,س-ي-ح,noun,Noun (Ism),,1,10,11,3,fast,রোজাদার,روزہ دار,रोज़ा दार,berpuasa,seyahat eden,روزه داران,jeûneuses,66:5,https://quranicwords.vercel.app/quran-words/saihah-e51613ad.html
wn_e55f7abe,3463,بُكِيّ,bukiyy,ب-ك-ي,noun,Noun (Ism),,1,10,11,3,weeping,কান্নারত হতো,روتے ہوئے,रोते हुए,menangis,ağlayarak,گریان,pleurants,19:58,https://quranicwords.vercel.app/quran-words/bukiyy-e55f7abe.html
wn_e569ca1d,3464,رادِفَة,rādifah,ر-د-ف,noun,Active participle (Ism Fāʿil),,1,10,11,3,subsequent,শিংগাধ্বনি,پیچھے آنے والی,पीछे आने वाली,mengiringi,ardından,بانگی دیگر برآید,celle qui succède,79:7,https://quranicwords.vercel.app/quran-words/radifah-e569ca1d.html
wn_e5d5399b,3465,خُلُود,khulūd,خ-ل-د,noun,Noun (Ism),,1,10,11,3,Eternity,চিরন্তন,ہمیشگی,हमेशगी,kekekalan,süreklilik,جاودانگی,éternité,50:34,https://quranicwords.vercel.app/quran-words/khulud-e5d5399b.html
wn_e5d9f7e6,3466,قِنْوان,qinwān,ق-ن-و,noun,Noun (Ism),,1,10,11,4,clusters of dates,খেজুর থোকা,گچھے,ख़ोशे,tangkai-tangkai,sarkan,خوشه های,régimes de dattes,6:99,https://quranicwords.vercel.app/quran-words/qinwan-e5d9f7e6.html
wn_e5f4cd80,3467,مُؤْتي,muʾty,أ-ت-ي,noun,Active participle (Ism Fāʿil),,1,10,11,4,ones who give,আদায়কারী,دینے والے,देने वाले,orang-orang yang menunaikan,verenler,وپرداخت کنندگان,ceux qui donnent,4:162,https://quranicwords.vercel.app/quran-words/muty-e5f4cd80.html
wn_e5ff91f5,3468,رَوْع,rawʿ,ر-و-ع,noun,Noun (Ism),,1,10,11,4,fright,ভয়,خوف,ख़ौफ़,rasa takut,korku,ترس,effroi,11:74,https://quranicwords.vercel.app/quran-words/raw-e5ff91f5.html
wn_e62bb9c4,3469,سُخْرِيّ,sukhriyy,س-خ-ر,noun,Noun (Ism),,1,10,11,4,service,সেবকরূপে,خدمت گار,ख़िदमतगार,pekerjaan,hizmetçi çalışan,خدمت,esclaves soumis,43:32,https://quranicwords.vercel.app/quran-words/sukhriyy-e62bb9c4.html
wn_e65a43c6,3470,لُجَّة,lujjah,ل-ج-ج,noun,Noun (Ism),,1,10,11,4,pool,পানির হাউজ,حوض,गहरा पानी,kolam air,derin bir su,آبی ژرف,mer,27:44,https://quranicwords.vercel.app/quran-words/lujjah-e65a43c6.html
wn_e693f483,3471,رُطَب,ruṭab,ر-ط-ب,noun,Noun (Ism),,1,10,11,5,fresh dates,খেজুর,پکی ہوئی کھجور,पकी हुई खजूर,basah,olgun hurma,خرمای,dattes fraîches,19:25,https://quranicwords.vercel.app/quran-words/rutab-e693f483.html
wn_e8068e95,3472,قاع,qāʿ,ق-و-ع,noun,Noun (Ism),,1,10,11,5,level,সমতল,ہموار,मैदान,kosong,yerlerini,صورت دشتی,plateau simple,20:106,https://quranicwords.vercel.app/quran-words/qa-e8068e95.html
wn_e810bffc,3473,قُرُوء,qurūʾ,ق-ر-أ,noun,Noun (Ism),,1,10,11,5,monthly periods,রজঃস্রাবকাল,حیض,हैज़,suci,kur,حیض,périodes,2:228,https://quranicwords.vercel.app/quran-words/quru-e810bffc.html
wn_e8331faf,3474,لَوّامَة,lawwāmah,ل-و-م,noun,Noun (Ism),,1,10,11,5,self-accusing,তিরস্কারকারী,ملامت کرنے والا,मलामत करने वाले,mencela,daima kendini kınayan,ملامت کنندۂ بر بدی,blâme beaucoup,75:2,https://quranicwords.vercel.app/quran-words/lawwamah-e8331faf.html
wn_e8368546,3475,مُنكِرَة,munkirah,ن-ك-ر,noun,Active participle (Ism Fāʿil),,1,10,11,5,refuse,সত্যবিমুখ,انکاری,इन्कारी,mengingkari,inkarcıdır,ناشناس,renonciateurs,16:22,https://quranicwords.vercel.app/quran-words/munkirah-e8368546.html
wn_e905f9b6,3476,مَوْقُوف,mawqūf,و-ق-ف,noun,Passive participle (Ism Mafʿūl),,1,10,11,6,will be made to stand,দাঁড় করানো হবে,کھڑے ہوں گے,खड़े हुए होंगे,berhenti,tutuklanmış,نگاه داشته می شوند,debout,34:31,https://quranicwords.vercel.app/quran-words/mawquf-e905f9b6.html
wn_e9210f58,3477,فَرْث,farth,ف-ر-ث,noun,Noun (Ism),,1,10,11,6,bowels,গোবর,گوبر,गोबर,kotoran,fışkı,سرگین,excréments dans les intestins,16:66,https://quranicwords.vercel.app/quran-words/farth-e9210f58.html
wn_e93b4e37,3478,مارُوت,mārūt,,noun,Proper noun,,1,10,11,6,Marut,মারূত,ماروت,मारूत,Marut,Marut,ماروت,Mâroût,2:102,https://quranicwords.vercel.app/quran-words/marut-e93b4e37.html
wn_e9af3a84,3479,مِرْفَق,mirfaq,ر-ف-ق,noun,Noun (Ism),,1,10,11,6,ease,ফলপ্রসূ,سہولت کا سامان,सहूलत,suatu yang berguna,yararlı bir şey,آسایشی,quelque chose d’avantageux,18:16,https://quranicwords.vercel.app/quran-words/mirfaq-e9af3a84.html
wn_e9b35285,3480,فَتَيان,fatayān,ف-ت-ي,noun,Noun (Ism),,1,10,11,6,two young men,দু'জন যুবক,دو غلام,दो जवान,dua orang pemuda,iki genç daha,دو جوان,deux esclaves,12:36,https://quranicwords.vercel.app/quran-words/fatayan-e9b35285.html
wn_ea06785d,3481,سُود,sūd,س-و-د,noun,Noun (Ism),,1,10,11,7,intensely black,কালো,سیاہ,सयाह,hitam,kara,سیاه پر رنگ,noir,35:27,https://quranicwords.vercel.app/quran-words/sud-ea06785d.html
wn_ea49792e,3482,زاد,zād,ز-و-د,noun,Noun (Ism),,1,10,11,7,provision,পাথেয়,زاد راہ,ज़ादे राह,bekal,azığın,توشه,provisions,2:197,https://quranicwords.vercel.app/quran-words/zad-ea49792e.html
wn_ead07b12,3483,جِفان,jifān,ج-ف-ن,noun,Noun (Ism),,1,10,11,7,bowls,বড় পাত্রসমূহ,لگن,लगन,pinggan-pinggan,leğenler,کاسه های بزرگ,grands bols,34:13,https://quranicwords.vercel.app/quran-words/jifan-ead07b12.html
wn_eb020912,3484,شَرِيعَة,sharīʿah,ش-ر-ع,noun,Noun (Ism),,1,10,11,7,ordained way,শরীয়তের,طریقے,वाज़ेह रास्ते,suatu syari'at,şeriat,شریعتی,voie,45:18,https://quranicwords.vercel.app/quran-words/shariah-eb020912.html
wn_eb394543,3485,تَطْهِير,taṭhīr,ط-ه-ر,noun,Verbal noun (Maṣdar),,1,10,11,7,purification,সম্পূর্ণ পবিত্র,پاک کرنا,ख़ूब पाक करना,sesuci-sucinya,tertemiz,پاک کردنی,purification,33:33,https://quranicwords.vercel.app/quran-words/tathir-eb394543.html
wn_eb621566,3486,أَحْوَى,aḥwā,ح-و-ي,noun,Noun (Ism),,1,10,11,8,dark,কালো,سیاہ کیا,स्याह,kehitam-hitaman,kupkuru siyah,سیاه,noire,87:5,https://quranicwords.vercel.app/quran-words/ahwa-eb621566.html
wn_eb89ad6f,3487,خافِيَة,khāfiyah,خ-ف-ي,noun,Active participle (Ism Fāʿil),,1,10,11,8,any secret,কোন গোপন কিছুই,چھپنے والی,छुपने वाली,tersembunyi,hiçbir giz,هیچ پوشیده ای,secret,69:18,https://quranicwords.vercel.app/quran-words/khafiyah-eb89ad6f.html
wn_eba67452,3488,مُفْرَط,mufraṭ,ف-ر-ط,noun,Passive participle (Ism Mafʿūl),,1,10,11,8,be abandoned,সবার আগে তারা নিক্ষিপ্ত হবে,سب سے آگے پہنچائے جانے والے,आगे पहुँचाए जाने वाले,orang-orang yang segera dimasukkan,ona sürüleceklerdir,پیش رانده می شوند,négligés,16:62,https://quranicwords.vercel.app/quran-words/mufrat-eba67452.html
wn_ebafa255,3489,عَمِيق,ʿamīq,ع-م-ق,noun,Noun (Ism),,1,10,11,8,distant,দূরদূরান্তের,دور,दूर दराज़,dalam,uzak,دور,lointain,22:27,https://quranicwords.vercel.app/quran-words/amiq-ebafa255.html
wn_ec2f69d8,3490,عابِدَة,ʿābidah,ع-ب-د,noun,Noun (Ism),,1,10,11,8,worship,ইবাদতকারিণী,عبادت گزار,इबादत गुज़ार,beribadat,ibadet eden,عبادت کنندگان,adoratrices,66:5,https://quranicwords.vercel.app/quran-words/abidah-ec2f69d8.html
wn_ec63a19f,3491,مُدَّخَل,muddakhal,د-خ-ل,noun,Passive participle (Ism Mafʿūl),,1,10,11,9,place to enter,ঢোকার জায়গা,گھس بیٹھنے کی جگہ,घुस बैठने की जगह,tempat masuk,sokulacak bir delik,درشدنگاهی,souterrain,9:57,https://quranicwords.vercel.app/quran-words/muddakhal-ec63a19f.html
wn_ec807b95,3492,باطِنَة,bāṭinah,ب-ط-ن,noun,Active participle (Ism Fāʿil),,1,10,11,9,hidden,অপ্রকাশ্য,چھپی ہوئی,बातिनी,batin,gizli,پنهان؟,secret,31:20,https://quranicwords.vercel.app/quran-words/batinah-ec807b95.html
wn_ecf2feee,3493,بارِز,bāriz,ب-ر-ز,noun,Active participle (Ism Fāʿil),,1,10,11,9,come forth,বের হয়ে পড়বে,ظاہر ہوں گے,ज़ाहिर होंगे,keluar,ortaya çıkarlar,آشکار شوند,gens qui viennent en avant,40:16,https://quranicwords.vercel.app/quran-words/bariz-ecf2feee.html
wn_ed29ddc4,3494,قِدَد,qidad,ق-د-د,noun,Noun (Ism),,1,10,11,9,different,বিভক্ত,مختلف,मुख़्तलिफ़,berbeda-beda,çeşitli,گوناگونیم,distinctes,72:11,https://quranicwords.vercel.app/quran-words/qidad-ed29ddc4.html
wn_edea07de,3495,زَلَق,zalaq,ز-ل-ق,noun,Noun (Ism),,1,10,11,9,slippery,উদ্ভিদশূন্য,صاف,साफ़,licin,kupkuru bir toprak,بی گیاه,glissante,18:40,https://quranicwords.vercel.app/quran-words/zalaq-edea07de.html
wn_eeb264bb,3496,مَعْدُود,maʿdūd,ع-د-د,noun,Passive participle (Ism Mafʿūl),,1,10,11,10,limited,নির্দিষ্ট,گنی چنی,गिनी चुनी,ditentukan,belirli,شمر ده شده,compté,11:104,https://quranicwords.vercel.app/quran-words/madud-eeb264bb.html
wn_ef057582,3497,حُقُب,ḥuqub,ح-ق-ب,noun,Noun (Ism),,1,10,11,10,long period,যুগ যুগ,برسوں,मुद्दतों,bertahun-tahun,uzun bir zaman,روز گاری دراز,longue période,18:60,https://quranicwords.vercel.app/quran-words/huqub-ef057582.html
wn_f0cb33ba,3498,بَلِيغ,balīgh,ب-ل-غ,noun,Noun (Ism),,1,10,11,10,penetrating,পৌঁছে,پہچنے والی,पहुँचने वाली,berbekas,güzel,رسا,atteint,4:63,https://quranicwords.vercel.app/quran-words/baligh-f0cb33ba.html
wn_f0ef0d8c,3499,وَدّ,wadd,و-د-د,noun,Proper noun,,1,10,11,10,Wadd,ওয়াদ্দাকে,ود,वद्द,wadd,Vedd'i,ودّ,Wadd,71:23,https://quranicwords.vercel.app/quran-words/wadd-f0ef0d8c.html
wn_f1b777f3,3500,لَبُوس,labūs,ل-ب-س,noun,Noun (Ism),,1,10,11,10,coats of armor,বর্ম,لباس,लिबास,baju besi,zırh,لباس,cottes de mailles,21:80,https://quranicwords.vercel.app/quran-words/labus-f1b777f3.html
wn_f27f9fc9,3501,مَنُون,manūn,م-ن-ن,noun,Noun (Ism),,1,10,12,1,misfortune of time,মৃত্যুর,موت,गर्दिशे ज़माना,zaman,zamanın,مرگ,temps,52:30,https://quranicwords.vercel.app/quran-words/manun-f27f9fc9.html
wn_f2953d99,3502,يَعُوق,yaʿūq,,noun,Proper noun,,1,10,12,1,Yauq,ইয়াউক,نہ یعوق,यऊक़,ya'uq,Ye'uk'u,یعوق,Yaʿoûq,71:23,https://quranicwords.vercel.app/quran-words/yauq-f2953d99.html
wn_f29e537b,3503,مُرْدِف,murdif,ر-د-ف,noun,Active participle (Ism Fāʿil),,1,10,12,1,one after another,ধারাবাহিকভাবে আগত,پیچھے آنے والے,दूसरे के पीछे आने वाले,datang berduyun-duyun,birbiri ardınca,یی یکدیگر درآیند,se suivant les uns les autres,8:9,https://quranicwords.vercel.app/quran-words/murdif-f29e537b.html
wn_f29f4080,3504,مُتَحَيِّز,mutaḥayyiz,ح-و-ز,noun,Active participle (Ism Fāʿil),,1,10,12,1,join,মিলিত হওয়ার,پناہ لینے والا,पनाह लेने वाले,menggabungkan,katılmak,موضع گیرنده,quelqu’un qui se joint,8:16,https://quranicwords.vercel.app/quran-words/mutahayyiz-f29f4080.html
wn_f2d25fa9,3505,مُضارّ,muḍārr,ض-ر-ر,noun,Active participle (Ism Fāʿil),,1,10,12,1,harmful,ক্ষতি করা,نقصان دینے والا,नुक़सान पहुँचाने वाला,memudlaratkan,zarar verici,ضرر رساننده باشد,quelque chose qui cause du dommage,4:12,https://quranicwords.vercel.app/quran-words/mudarr-f2d25fa9.html
wn_f389a62f,3506,مِلْء,milʾ,م-ل-أ,noun,Noun (Ism),,1,10,12,2,full,পূর্ণ,بھر,ज़मीन भर,sepenuhnya,dolusu,پری,remplissage,3:91,https://quranicwords.vercel.app/quran-words/mil-f389a62f.html
wn_f3f2f398,3507,مُرْسِلَة,mursilah,ر-س-ل,noun,Active participle (Ism Fāʿil),,1,10,12,2,going to send,প্রেরণকারী,بھیجنے والیل ہوں,भेजने वाली हूँ,kiriman,göndereyim,فرستنده ام,envoyeuse,27:35,https://quranicwords.vercel.app/quran-words/mursilah-f3f2f398.html
wn_f4298cfd,3508,شُرْب,shurb,ش-ر-ب,noun,Noun (Ism),,1,10,12,2,drinking,পান করার,پینا,पीना,minuman,içişi gibi,مانند نوشیدن,manière de boire,56:55,https://quranicwords.vercel.app/quran-words/shurb-f4298cfd.html
wn_f4304d19,3509,أَحْقاب,aḥqāb,ح-ق-ب,noun,Noun (Ism),,1,10,12,2,ages,যুগ যুগ ধরে,مدتوں,मुद्दतों,beberapa lama,çağlar boyu,سالیانی,longues périodes,78:23,https://quranicwords.vercel.app/quran-words/ahqab-f4304d19.html
wn_f49b338b,3510,صَغار,ṣaghār,ص-غ-ر,noun,Noun (Ism),,1,10,12,2,humiliation,অপমান,ذلت,ज़िल्लत,kecil,aşağılık,خواری ای,abaissement,6:124,https://quranicwords.vercel.app/quran-words/saghar-f49b338b.html
wn_f4d3d1c4,3511,مَكَّة,makkah,,noun,Proper noun,,1,10,12,3,Makkah,মক্কার,مکہ,मक्का,Mekkah,Mekke'nin,مکه,Mecque,48:24,https://quranicwords.vercel.app/quran-words/makkah-f4d3d1c4.html
wn_f4db05b0,3512,طَعْن,ṭaʿn,ط-ع-ن,noun,Noun (Ism),,1,10,12,3,defaming,তাচ্ছিল্য করে,طعنہ زنی کرتے,ऐब लगाने के लिए,mencela,taşlayarak,وطعنه,attaque,4:46,https://quranicwords.vercel.app/quran-words/tan-f4db05b0.html
wn_f4e05a7e,3513,شُغُل,shughul,ش-غ-ل,noun,Noun (Ism),,1,10,12,3,will be occupied,মগ্ন,شغل,मश्ग़लों,kesibukan,meşguliyet,سر گرمی ای,occupation,36:55,https://quranicwords.vercel.app/quran-words/shughul-f4e05a7e.html
wn_f4e59b3b,3514,مُسْفِرَة,musfirah,س-ف-ر,noun,Active participle (Ism Fāʿil),,1,10,12,3,bright,উজ্জ্বল,روشن ہوں گے,रौशन होंगे,gembira ria,parıl parıl,تابانند,illuminants,80:38,https://quranicwords.vercel.app/quran-words/musfirah-f4e59b3b.html
wn_f52c4703,3515,وَحِيد,waḥīd,و-ح-د,noun,Noun (Ism),,1,10,12,3,alone,একেলা,اکیلے,अकेले,satu,tek olarak,تنها,complètement seul,74:11,https://quranicwords.vercel.app/quran-words/wahid-f52c4703.html
wn_f5355b3b,3516,ساخِر,sākhir,س-خ-ر,noun,Active participle (Ism Fāʿil),,1,10,12,4,mockers,বিদ্রুপকারীদের,مذاق اڑانے والوں,अलबत्ता मज़ाक़ उड़ाने वालों,orang-orang yang memperolokkan,alay edenlerden,مسخره کنندگان,ceux qui ridiculisent,39:56,https://quranicwords.vercel.app/quran-words/sakhir-f5355b3b.html
wn_f56f9a3b,3517,مَرْفُود,marfūd,ر-ف-د,noun,Passive participle (Ism Mafʿūl),,1,10,12,4,be given,পুরস্কার দেয়া হবে,دی جانے والی,दिया गया,diberikan,verilen bu bağış,داده می شود,donné régulièrement aux pauvres,11:99,https://quranicwords.vercel.app/quran-words/marfud-f56f9a3b.html
wn_f598425f,3518,أَلَدّ,aladd,ل-د-د,noun,Noun (Ism),,1,10,12,4,most quarrelsome,সাংঘাতিক,سخت جھگڑالو,सख़्त झगड़ालू,paling keras,en azılısıdır,سخت ترین,plus acharné,2:204,https://quranicwords.vercel.app/quran-words/aladd-f598425f.html
wn_f637e872,3519,مُسْتَنفِرَة,mustanfirah,ن-ف-ر,noun,Active participle (Ism Fāʿil),,1,10,12,4,frightened,ভীতত্রস্ত,بدکے ہوئے,सख़्त बिदकने वाले,terkejut,kaçan,رمنده اند,apeurés,74:50,https://quranicwords.vercel.app/quran-words/mustanfirah-f637e872.html
wn_f65a963c,3520,تَفاخُر,tafākhur,ف-خ-ر,noun,Verbal noun (Maṣdar),,1,10,12,4,boasting,পারস্পরিক গৌরব অহংকার,باہم فخر کرنا,बाहम फ़ख़्र करना,bermegah-megahan,övünmedir,فخرفروشی,compétition en gloire,57:20,https://quranicwords.vercel.app/quran-words/tafakhur-f65a963c.html
wn_f66e64b3,3521,نُذْر,nudhr,ن-ذ-ر,noun,Noun (Ism),,1,10,12,5,warning,সতর্কতা সুরূপ,ڈراوے کے طور,डरावे के तौर,peringatan,uyarı,هشداری باشد,avertissement,77:6,https://quranicwords.vercel.app/quran-words/nudhr-f66e64b3.html
wn_f72348bd,3522,بِئْر,biʾr,ب-أ-ر,noun,Noun (Ism),,1,10,12,5,well,কূপ,کنوئیں,कुएँ,sumur,kuyu,چاهی,puits,22:45,https://quranicwords.vercel.app/quran-words/bir-f72348bd.html
wn_f7c403f1,3523,جُمُعَة,jumuʿah,ج-م-ع,noun,Proper noun,,1,10,12,5,Friday,জুমুয়া'র,جمعہ,जुमा,jum'at,Cuma,جمعه,vendredi,62:9,https://quranicwords.vercel.app/quran-words/jumuah-f7c403f1.html
wn_f7e9caf0,3524,قَوْسَيْن,qawsayn,ق-و-س,noun,Noun (Ism),,1,10,12,5,two bow,দুই ধনুকের,دو کمان,दो कमानों,dua busur panah,iki yay,کمان,deux moitiés d’un arc,53:9,https://quranicwords.vercel.app/quran-words/qawsayn-f7e9caf0.html
wn_f7f03a41,3525,مُسْتَسْلِم,mustaslim,س-ل-م,noun,Active participle (Ism Fāʿil),,1,10,12,5,surrender,আত্মসমর্পণকারী,فرمان بردار,फ़रमाबरदार,menyerahkan diri,teslim olmuşlardır,تسلیم کنندگان اند,soumis,37:26,https://quranicwords.vercel.app/quran-words/mustaslim-f7f03a41.html
wn_f7f3b923,3526,تَشاوُر,tashāwur,ش-و-ر,noun,Verbal noun (Maṣdar),,1,10,12,6,consultation,পরামর্শের ভিত্তিতে,باہم مشورے,बाहम मशवरे,permusyawaratan,danışarak,ورایزنی بایکدیگر,consultation,2:233,https://quranicwords.vercel.app/quran-words/tashawur-f7f3b923.html
wn_f82eecb1,3527,كَثِيب,kathīb,ك-ث-ب,noun,Noun (Ism),,1,10,12,6,heap of sand,ধুলার স্তূপ,ٹیلے,रेत को टीले,tumpukan pasir,kum yığınları,توده ای از ریگ,dune de sable,73:14,https://quranicwords.vercel.app/quran-words/kathib-f82eecb1.html
wn_f853b0e1,3528,مِسْك,misk,م-س-ك,noun,Noun (Ism),,1,10,12,6,musk,কস্তুরির,مسک ہوگی,मुश्क होगी,kasturi,misktir,مُشک,musc,83:26,https://quranicwords.vercel.app/quran-words/misk-f853b0e1.html
wn_f8c3ce1d,3529,خَنّاس,khannās,خ-ن-س,noun,Noun (Ism),,1,10,12,6,one who withdraws,আত্নগোপনকারী,بار بار پلٹ کر آنے والے,बार-बार पलट कर आने वाले,menunggu-nunggu,sinsi,نهان,se retire souvent,114:4,https://quranicwords.vercel.app/quran-words/khannas-f8c3ce1d.html
wn_f90d87f9,3530,شِيب,shīb,ش-ي-ب,noun,Noun (Ism),,1,10,12,6,gray-headed,বৃদ্ধ,بوڑھا,बूढ़ा,beruban,ihtiyar,پیران سفید مو,gens aux cheveux blancs,73:17,https://quranicwords.vercel.app/quran-words/shib-f90d87f9.html
wn_f940f616,3531,هَمْس,hams,ه-م-س,noun,Noun (Ism),,1,10,12,7,faint sound,অস্পষ্ট ধ্বনি,دھیمی آواز,आहट,bisikan,fısıltıdan,نوایی نرم,son faible,20:108,https://quranicwords.vercel.app/quran-words/hams-f940f616.html
wn_f946033d,3532,مَراضِع,marāḍiʿ,ر-ض-ع,noun,Noun (Ism),,1,10,12,7,wet nurses,স্তন্যদানকারিনীদেরকে,دودھ پلانے والیاں,दूध पिलाने वालियाँ,perempuan-perempuan yang menyusukan,süt anneleri,دایگان,nourrices allaitantes,28:12,https://quranicwords.vercel.app/quran-words/maradi-f946033d.html
wn_f953573f,3533,كِلْتا,kiltā,ك-ل-و,noun,Noun (Ism),,1,10,12,7,Each,উভয়,دونوں,दोनों,itu kedua,her iki,هر دو,Chacun,18:33,https://quranicwords.vercel.app/quran-words/kilta-f953573f.html
wn_f9cccaca,3534,طامَّة,ṭāmmah,ط-م-م,noun,Noun (Ism),,1,10,12,7,Overwhelming Calamity,মহাসংকট,آفت,आफ़त,keributan,herşeyi bastıran o felaket,بزرگ ترین,catastrophe prédominante,79:34,https://quranicwords.vercel.app/quran-words/tammah-f9cccaca.html
wn_f9ecebb4,3535,نَظَر,naẓar,ن-ظ-ر,noun,Noun (Ism),,1,10,12,7,look,দৃষ্টিতে,جیسا دیکھنا,देखना,pandangan,bakışı gibi,مانند نگر یستن,regard,47:20,https://quranicwords.vercel.app/quran-words/nazar-f9ecebb4.html
wn_fa00b2fb,3536,هَوْن,hawn,ه-و-ن,noun,Noun (Ism),,1,10,12,8,humbleness,নম্রভাবে,عاجزی,आहिस्तगी,rendah hati,mütevazi olarak,آهستگی و فروتنی,humilité,25:63,https://quranicwords.vercel.app/quran-words/hawn-fa00b2fb.html
wn_fa850d87,3537,أَعْجَمِين,aʿjamīn,ع-ج-م,noun,Noun (Ism),,1,10,12,8,non-Arabs,অনারবদের,عجمیوں,अजमियों,bukan bangsa Arab,yabancılardan,غیر عرب زبانان,étrangers,26:198,https://quranicwords.vercel.app/quran-words/ajamin-fa850d87.html
wn_fb5984a0,3538,باسِرَة,bāsirah,ب-س-ر,noun,Active participle (Ism Fāʿil),,1,10,12,8,distorted,স্লান হবে,بےرونق ہوں گے,बेरौनक़ होंगे,masam,asıktır,درهم کشیده اند,tordus,75:24,https://quranicwords.vercel.app/quran-words/basirah-fb5984a0.html
wn_fbfd46ce,3539,خَطْفَة,khaṭfah,خ-ط-ف,noun,Noun (Ism),,1,10,12,8,theft,হঠাৎ নেওয়া,اچک لے جانا,उचक ले जाना,sambaran,söz,ربودنی,vol rapide,37:10,https://quranicwords.vercel.app/quran-words/khatfah-fbfd46ce.html
wn_fc1ae25d,3540,مُقْتَحِم,muqtaḥim,ق-ح-م,noun,Active participle (Ism Fāʿil),,1,10,12,8,bursting in,প্রবেশকারী,داخل ہونے والا,घुसने वाला,masuk berdesak-desak,girecek,داخل شونده,entre sans réfléchir,38:59,https://quranicwords.vercel.app/quran-words/muqtahim-fc1ae25d.html
wn_fcd110f0,3541,مَدَد,madad,م-د-د,noun,Noun (Ism),,1,10,12,9,supplement,সাহায্যার্থে,مدد,मदद,tinta,yardım için,کمکی,aide,18:109,https://quranicwords.vercel.app/quran-words/madad-fcd110f0.html
wn_fd0fd6c3,3542,ثُمُن,thumun,ث-م-ن,noun,Noun (Ism),,1,10,12,9,eighth,এক অষ্টমাংশ,آٹھواں حصہ,आठवाँ हिस्सा,seperdelapan,sekizde biri,هشتم,huitième,4:12,https://quranicwords.vercel.app/quran-words/thumun-fd0fd6c3.html
wn_fd684e99,3543,عُزَيْر,ʿuzayr,,noun,Proper noun,,1,10,12,9,Uzair,উজাইর,عزیر,उज़ैर,Uzair,Uzeyr,عزیر,ʿOuzayr,9:30,https://quranicwords.vercel.app/quran-words/uzayr-fd684e99.html
wn_fdb0e6d5,3544,عَجُول,ʿajūl,ع-ج-ل,noun,Noun (Ism),,1,10,12,9,ever hasty,তাড়াহুড়াকারী,جلد باز,बहुत जल्द बाज़,tergesa-gesa,pek acelecidir,شتابکار,très hâtif,17:11,https://quranicwords.vercel.app/quran-words/ajul-fdb0e6d5.html
wn_fe3338f5,3545,مَرافِق,marāfiq,ر-ف-ق,noun,Noun (Ism),,1,10,12,9,elbows,কনুইগুলো,کہنیوں,कोहनियों तक,siku-siku,dirseklere,آرنج ها,coudes,5:6,https://quranicwords.vercel.app/quran-words/marafiq-fe3338f5.html
wn_ff06c3e0,3546,سَكَر,sakar,س-ك-ر,noun,Noun (Ism),,1,10,12,10,intoxicant,মাদকদ্রব্য,نشہ آور چیز,नशाआवर चीज़,memabukkan,sarhoşluk,شرابی مست کننده,rend ivre,16:67,https://quranicwords.vercel.app/quran-words/sakar-ff06c3e0.html
wn_ff074bea,3547,مَكْتُوب,maktūb,ك-ت-ب,noun,Passive participle (Ism Mafʿūl),,1,10,12,10,written,লিখিত অবস্থায়,لکھا ہوا,लिखा हुआ,tertulis,yazılı,نوشته شده,écrit,7:157,https://quranicwords.vercel.app/quran-words/maktub-ff074bea.html
wn_ff3bbdcc,3548,عَيْلَة,ʿaylah,ع-ي-ل,noun,Noun (Ism),,1,10,12,10,poverty,দারিদ্র্যের,مفلسی,मुफ़लिसी,menjadi miskin,yoksulluğa düşmekten,ناداری,pauvreté,9:28,https://quranicwords.vercel.app/quran-words/aylah-ff3bbdcc.html
wv_001d0589,3549,نَتَجاوَزُ,natajāwazu,ج-و-ز,verb,,Form VI,1,8,2,7,will overlook,মার্জনা করি,درگزر کردیتے ہیں,दरगुज़र करते है,hapus,geçeriz,درمی گذریم,passons,46:16,https://quranicwords.vercel.app/quran-words/natajawazu-001d0589.html
wv_02ab30d2,3550,امْتازُ,amtāzu,م-ي-ز,verb,,Form VIII,1,8,2,8,stand apart,তোমারা আলাদা হয়ে যাও,الگ ہو جاؤ,अलग हो जाओ,berpisahlah,şöyle ayrılın,جدا شوید,restez séparés,36:59,https://quranicwords.vercel.app/quran-words/amtazu-02ab30d2.html
wv_0347f5df,3551,تَسْرَحُ,tasraḥu,س-ر-ح,verb,,Form I,1,8,2,8,take them out,সকালে চারণভূমিতে নিয়ে যাও,صبح چرانے جاتے ہو,सुबह चराने जाते हो,melepaskan keluar,sabahleyin götürdüğünüz,روانه می کنید,laissez brouter,16:6,https://quranicwords.vercel.app/quran-words/tasrahu-0347f5df.html
wv_03ab3690,3552,اغْسِلُ,aghsilu,غ-س-ل,verb,,Form I,1,8,2,8,wash,ধু'বে,دھو لو,धो लो,basuhlah,yıkayın,بشویید,lavez,5:6,https://quranicwords.vercel.app/quran-words/aghsilu-03ab3690.html
wv_03f6c57c,3553,يَسْطُ,yasṭu,س-ط-و,verb,,Form I,1,8,2,8,attack,আক্রমণ করবে তারা,حملہ کردیں,हमला कर दें,akan menyerang,üzerine saldıracaklar,حمله کنند,attaquer,22:72,https://quranicwords.vercel.app/quran-words/yastu-03f6c57c.html
wv_045379b0,3554,تَبَسَّمَ,tabassama,ب-س-م,verb,,Form V,1,8,2,8,smiled,মুচকি হাসলো,مسکرا دیا,मुस्करा दिया,tersenyum,tebessüm etti,لبخند زد,a donc sourit,27:19,https://quranicwords.vercel.app/quran-words/tabassama-045379b0.html
wv_048dc2b6,3555,أَكْفَرَ,akfara,ك-ف-ر,verb,,Form IV,1,8,2,9,ungrateful is he,অমান্যকারী,سخت منکر ہے,किस क़दर नाशुक्रा है वो,kekafirannya,nankördür,ناسپاس است,mécréant,80:17,https://quranicwords.vercel.app/quran-words/akfara-048dc2b6.html
wv_04d5134f,3556,أَذاعُ,adhāʿu,ذ-ي-ع,verb,,Form IV,1,8,2,9,spread,প্রচার করে,مشہور کردیتے ہیں,फैला देते हैं,menyiarkan,yayarlar,فاش کنند,diffusent,4:83,https://quranicwords.vercel.app/quran-words/adhau-04d5134f.html
wv_04e4372d,3557,أَسْخَطَ,askhaṭa,س-خ-ط,verb,,Form IV,1,8,2,9,angered,অসন্তুষ্ট করেছে,غصہ دلایا,ग़ुस्सा दिलाया,menjadikan kemurkaan,kızdıran,به خشم آورد,a énervé,47:28,https://quranicwords.vercel.app/quran-words/askhata-04e4372d.html
wv_05fce31c,3558,تَزَيَّلُ,tazayyalu,ز-ي-ل,verb,,Form V,1,8,2,9,had been apart,পৃথক হত,جدا ہوتے,अलग हो गए होते,terpisah,ayrılmış olsalardı,جدا می بودند,avaient été séparés,48:25,https://quranicwords.vercel.app/quran-words/tazayyalu-05fce31c.html
wv_063e1a00,3559,ٱلْتَقَمَ,al-taqama,ل-ق-م,verb,,Form VIII,1,8,2,9,swallowed,গিলে ফেললো,لقمہ بنالیا اس کا,लुक़्मा बना लिया उसका,menelan,onu yuttu,بلعید,a ensuite englouti,37:142,https://quranicwords.vercel.app/quran-words/al-taqama-063e1a00.html
wv_0685b2cc,3560,أَشْكُوا۟,ashkū,ش-ك-و,verb,,Form I,1,8,2,10,complain,নিবেদন করছি,شکایت کرتاہوں,शिकायत करता हूँ,mengadukan,arz ederim,شِکوه می برم,me plains,12:86,https://quranicwords.vercel.app/quran-words/ashku-0685b2cc.html
wv_07163679,3561,اجْتُثَّتْ,ajtuththat,ج-ث-ث,verb,,Form VIII,1,8,2,10,uprooted,উপড়ে নেয়া হয়েছে,اکھاڑا گیا,उखाड़ा गया,dicabut,gövdesi koparılmış,بر کنده شده باشد,a été entièrement déterré,14:26,https://quranicwords.vercel.app/quran-words/ajtuththat-07163679.html
wv_0a3635b8,3562,خَبَتْ,khabat,خ-ب-و,verb,,Form I,1,8,2,10,subsides,তেজ কমে আসবে,آہستہ ہونے لگے گی,धीमी होने लगेगी,padam,dindiği,فرونشیند,se calmera,17:97,https://quranicwords.vercel.app/quran-words/khabat-0a3635b8.html
wv_0ca31dac,3563,ازَّيَّنَتْ,azzayyanat,ز-ي-ن,verb,,Form V,1,8,2,10,is beautified,চাকচিক্যময় হলো,خوبصورت ہوگئی,मुज़य्यन हो गई,terhias ia,süslendiği,آراسته شد,s’enjolive,10:24,https://quranicwords.vercel.app/quran-words/azzayyanat-0ca31dac.html
wv_0cc21ad3,3564,يَغُوصُ,yaghūṣu,غ-و-ص,verb,,Form I,1,8,2,10,would dive,ডুবুরির কাজ করতো,غوطے لگاتے تھے,ग़ोता लगाते थे,menyelam,denize dalan,در دریا فرومی شدند,plongeaient,21:82,https://quranicwords.vercel.app/quran-words/yaghusu-0cc21ad3.html
wv_0d35b4b5,3565,حَبَّبَ,ḥabbaba,ح-ب-ب,verb,,Form II,1,8,3,1,has endeared,প্রিয় করেছেন,دل پسند بنادیا,महबूब बना दिया,menjadikan cinta,sevdirdi,محبوب گردانید,a rendu aimé,49:7,https://quranicwords.vercel.app/quran-words/habbaba-0d35b4b5.html
wv_0da19ed1,3566,بَطَلَ,baṭala,ب-ط-ل,verb,,Form I,1,8,3,1,became futile,অসত্য হলো,باطل ہوکر رہ گیا,बातिल हो गया,lenyaplah,batıl oldu,تباه شد,est devenu vain,7:118,https://quranicwords.vercel.app/quran-words/batala-0da19ed1.html
wv_0dedc4f4,3567,بَسَرَ,basara,ب-س-ر,verb,,Form I,1,8,3,1,scowled,মুখ বাঁকাল,منہ بسورا,मुँह बिसूरा,merengut,kaşlarını çattı,پیشانی درهم کشید,a contracté son visage,74:22,https://quranicwords.vercel.app/quran-words/basara-0dedc4f4.html
wv_0e8e7a3d,3568,جاسُ,jāsu,ج-و-س,verb,,Form I,1,8,3,1,entered,ঢুকে পড়লো,گھس گئے,घुस गए,merajalela,araştırdılar,درآیند,ont ensuite cherché,17:5,https://quranicwords.vercel.app/quran-words/jasu-0e8e7a3d.html
wv_0f7fe70b,3569,ابْلَعِ,ablaʿi,ب-ل-ع,verb,,Form I,1,8,3,1,Swallow,শুষে দাও,نگل جا,निगल जा,telanlah,çek,فرو بر,Avale,11:44,https://quranicwords.vercel.app/quran-words/ablai-0f7fe70b.html
wv_10112a3d,3570,تَرْقَى,tarqā,ر-ق-ي,verb,,Form I,1,8,3,2,ascend,আরোহণ করবে,چڑھ جائے,चढ़ जाओ,naik,çıkmalısın,بالاروی,montes,17:93,https://quranicwords.vercel.app/quran-words/tarqa-10112a3d.html
wv_114c4520,3571,نَبْتَهِلْ,nabtahil,ب-ه-ل,verb,,Form VIII,1,8,3,2,let us pray humbly,বিনীতভাবে আমরা আবেদন করি,بدعا کریں,गिड़-गिड़ा कर दुआ करें,mohon dengan sungguh-sungguh,gönülden la'netle du'a edelim,تضرع کنیم,implorerons avec énergie,3:61,https://quranicwords.vercel.app/quran-words/nabtahil-114c4520.html
wv_1173799e,3572,شَجَرَ,shajara,ش-ج-ر,verb,,Form I,1,8,3,2,arises,মতভেদ করে,اختلاف ہوا,इख़्तिलाफ़ हुआ,perselisihan,çekişmeli,اختلاف شده است,vient en tant que conflit,4:65,https://quranicwords.vercel.app/quran-words/shajara-1173799e.html
wv_126dd528,3573,يُدافِعُ,yudāfiʿu,د-ف-ع,verb,,Form III,1,8,3,2,defends,প্রতিরোধ করেন,مدافعت کرتا ہے,दफ़ा करता है,membela,defeder,دفاع می کند,repousse,22:38,https://quranicwords.vercel.app/quran-words/yudafiu-126dd528.html
wv_127e2d5a,3574,اقْصِدْ,aqṣid,ق-ص-د,verb,,Form I,1,8,3,2,be moderate,মধ্যম পন্থা অবলম্বন করো,میانہ روی اختیار کرو,मयाना रवी इख़्तियार करो,sederhanakanlah,tutumlu ol,میانه باش,sois modéré,31:19,https://quranicwords.vercel.app/quran-words/aqsid-127e2d5a.html
wv_12c3ee00,3575,باعِدْ,bāʿid,ب-ع-د,verb,,Form III,1,8,3,3,lengthen,দূরত্ব বাড়াও,دوری پیدا کردے,दूरी पैदा कर दे,jauhkanlah,uzaklaştır,دوری افکن,Éloigne,34:19,https://quranicwords.vercel.app/quran-words/baid-12c3ee00.html
wv_13618531,3576,زَيَّلْ,zayyal,ز-ي-ل,verb,,Form II,1,8,3,3,will separate,পৃথক করে দিবো,تفریق ڈال دیں گے,जुदाई डाल देंगे,maka,ayırırız,جدایی می افکنیم,séparerons ensuite,10:28,https://quranicwords.vercel.app/quran-words/zayyal-13618531.html
wv_150f92ff,3577,وَصَّلْ,waṣṣal,و-ص-ل,verb,,Form II,1,8,3,3,have conveyed,বারবার পাঠিয়েছি,پے در پے کی,पै दर पै भेजा,telah Kami sampaikan,birbirine bitiştirdik,پیوسته کردیم,avons fait atteindre,28:51,https://quranicwords.vercel.app/quran-words/wassal-150f92ff.html
wv_1569db51,3578,سُجِّرَتْ,sujjirat,س-ج-ر,verb,,Form II,1,8,3,3,are made to overflow,প্রজ্বলিত করা হবে,بھڑکادیئے جائیں گے,भड़का दिए जाऐंगे,dijadikan meluap,kaynatıldığı,افروخته شوند,seront remplies,81:6,https://quranicwords.vercel.app/quran-words/sujjirat-1569db51.html
wv_16289eda,3579,تَعْبَثُ,taʿbathu,ع-ب-ث,verb,,Form I,1,8,3,3,amusing yourselves,নিরর্থক কাজ করছো,بےکار کام کرتے ہوئے,अबस,berlaku sia-sia,eğleniyor,بیهوده کاری می کنید؟,amusant,26:128,https://quranicwords.vercel.app/quran-words/tabathu-16289eda.html
wv_169c9ab3,3580,حَصْحَصَ,ḥaṣḥaṣa,ح-ص-ح-ص,verb,,Form I,1,8,3,4,manifest,প্রকাশ পেলো,واضح ہوگیا,ज़ाहिर हो गया,jelaslah,yerini buldu,آشکار شد,est devenue établie,12:51,https://quranicwords.vercel.app/quran-words/hashasa-169c9ab3.html
wv_179d6de7,3581,تُسَوَّى,tusawwā,س-و-ي,verb,,Form I,1,8,3,4,was leveled,মিশিয়ে দেয়া হত,برابر کردی جائے,बराबर कर दी जाए,disama-ratakan,olmayı,هموار گردد,soit rendue égale,4:42,https://quranicwords.vercel.app/quran-words/tusawwa-179d6de7.html
wv_17c2f186,3582,شَرِّدْ,sharrid,ش-ر-د,verb,,Form II,1,8,3,4,disperse,তাহ'লে বিধ্বস্ত করো,مار بھگاؤ,मार भगाऐं,cerai-beraikanlah,dağıt,پراکنده ساز,disperse en effrayant,8:57,https://quranicwords.vercel.app/quran-words/sharrid-17c2f186.html
wv_18d20243,3583,ٱسْتَرَقَ,astaraqa,س-ر-ق,verb,,Form VIII,1,8,3,4,steals,চুরি করে,چرا لیا,चुरा लिया,mencuri,hırsızlığı eden,دزدانه,contourne secrètement pour accéder,15:18,https://quranicwords.vercel.app/quran-words/astaraqa-18d20243.html
wv_19fed72c,3584,يُخْرِبُ,yukhribu,خ-ر-ب,verb,,Form IV,1,8,3,4,destroyed,ধ্বংস করল,برباد کررہے تھے,बरबाद कर रहे थे,meruntuhkan,harap ediyorlardı,خراب می کردند,détruisaient,59:2,https://quranicwords.vercel.app/quran-words/yukhribu-19fed72c.html
wv_1bcacf5d,3585,كُبَّتْ,kubbat,ك-ب-ب,verb,,Form I,1,8,3,5,will be cast down,নিক্ষেপ করা হবে,اوندھے ڈالے جائیں گے,औंधे डाले जाऐंगे,dijerumuskan,yıkılır,نگو نسار شود,seront jetés,27:90,https://quranicwords.vercel.app/quran-words/kubbat-1bcacf5d.html
wv_1dc85fe7,3586,فَكَّرَ,fakkara,ف-ك-ر,verb,,Form II,1,8,3,5,thought,চিন্তা করল,سوچا,सोचा,telah memikirkan,düşündü,اندیشه کرد,a médité,74:18,https://quranicwords.vercel.app/quran-words/fakkara-1dc85fe7.html
wv_1e23d070,3587,اخْسَأُ,akhsaʾu,خ-س-أ,verb,,Form I,1,8,3,5,Remain despised,পড়ে থাকো অপদস্হ হয়ে,دور رہو,पड़े रहो फिटकारे हुए,tinggallah dengan hina,sinin,دور شوید,Partez en étant méprisables,23:108,https://quranicwords.vercel.app/quran-words/akhsau-1e23d070.html
wv_1e303adc,3588,تَمَثَّلَ,tamaththala,م-ث-ل,verb,,Form V,1,8,3,5,assumed for her the likeness,আকৃতি ধারণ করলো,شکل اختیار کی,शक्ल इख़्तियार की,menyerupai,göründü,جلوه گرشد,a ensuite pris la forme,19:17,https://quranicwords.vercel.app/quran-words/tamaththala-1e303adc.html
wv_1fb26fdb,3589,يَطِيرُ,yaṭīru,ط-ي-ر,verb,,Form I,1,8,3,5,flies,উড়ে,اڑتا ہے,उड़ता हो,terbang,uçan,می پرد,vole,6:38,https://quranicwords.vercel.app/quran-words/yatiru-1fb26fdb.html
wv_2103be1a,3590,يَتَخَبَّطُ,yatakhabbaṭu,خ-ب-ط,verb,,Form V,1,8,3,6,confounds,যাকে পাগল করেছে,خبطی بنادیا ہو,ख़ब्ती बना दिया हो,masuk padanya,çarptığı,آشفته سرمی کند اورا,frappe,2:275,https://quranicwords.vercel.app/quran-words/yatakhabbatu-2103be1a.html
wv_212ada09,3591,تَعَجَّلَ,taʿajjala,ع-ج-ل,verb,,Form V,1,8,3,6,hurries,তাড়াতাড়ি করে,جلدی کرے,जल्दी करे,cepat-cepat,acele ederse,شتاب کند,se hâte,2:203,https://quranicwords.vercel.app/quran-words/taajjala-212ada09.html
wv_2176a965,3592,ٱسْتَوْقَدَ,astawqada,و-ق-د,verb,,Form X,1,8,3,6,kindled,জ্বালালো,جلائی,जलाई,menyalakan,yakan,افروخت,a allumé,2:17,https://quranicwords.vercel.app/quran-words/astawqada-2176a965.html
wv_2214e741,3593,تَفَسَّحُ,tafassaḥu,ف-س-ح,verb,,Form V,1,8,3,6,Make room,প্রশস্ত করে দাও,جگہ پیدا کرو,कुशादगी करो,berlapang-lapanglah,yer açın,جا باز کنید,Faites de la place,58:11,https://quranicwords.vercel.app/quran-words/tafassahu-2214e741.html
wv_2321d9bb,3594,يُوصِي,yūṣī,و-ص-ي,verb,,Form IV,1,8,3,6,have made,অসীয়ত করেছে,عورتیں وصیت کر جائیں,औरतें वसीयत कर जाऐं,berwasiat,yapacakları,وصیت می کنند,ont ordonné,4:12,https://quranicwords.vercel.app/quran-words/yusi-2321d9bb.html
wv_232a4faf,3595,يُجْبَى,yujbā,ج-ب-ي,verb,,Form I,1,8,3,7,are brought,আনা হয়,بنا کر کھینچے جاتے ہیں,खिंचे चले आते हैं,dipungut,toplanıp getirildiği,آورده می شود,sont assemblés,28:57,https://quranicwords.vercel.app/quran-words/yujba-232a4faf.html
wv_23be061a,3596,يُوَفِّقِ,yuwaffiqi,و-ف-ق,verb,,Form II,1,8,3,7,will cause reconciliation,তৌফিক দিবেন,موافقت پیدا کرے گا,मुवाफ़िक़त पैदा कर देगा,akan memberi taufik,bulur,سازگاری پدید خواهد آورد,mettra en accord,4:35,https://quranicwords.vercel.app/quran-words/yuwaffiqi-23be061a.html
wv_2454d9e5,3597,اشْتَدَّتْ,ashtaddat,ش-د-د,verb,,Form VIII,1,8,3,7,blows furiously,প্রচন্ড চলে,سخت ہوگئی,सख़्त चली हो,meniup keras,savurduğu,سخت وزد,est violent,14:18,https://quranicwords.vercel.app/quran-words/ashtaddat-2454d9e5.html
wv_24855217,3598,عُثِرَ,ʿuthira,ع-ث-ر,verb,,Form I,1,8,3,7,is discovered,প্রকাশ পায়,خبر ہوجائے,इत्तिला हो जाए,diketahui,anlaşılırsa,پی برده شود,est découvert,5:107,https://quranicwords.vercel.app/quran-words/uthira-24855217.html
wv_258bc349,3599,تَدُورُ,tadūru,د-و-ر,verb,,Form I,1,8,3,7,revolving,ঘুরছে,گھومتی ہیں,घूमती हैं,berputar-putar,dönerek,در حالی که می چرخد,se tournent,33:19,https://quranicwords.vercel.app/quran-words/taduru-258bc349.html
wv_264417bf,3600,يَرْكُمَ,yarkuma,ر-ك-م,verb,,Form I,1,8,3,8,heap,জমা করবেন,جمع کردے,ढेर लगा दे उसका,maka,yığsın,انبا شته سازد,l’amasse alors,8:37,https://quranicwords.vercel.app/quran-words/yarkuma-264417bf.html
wv_26f3c686,3601,تَذْهَلُ,tadhhalu,ذ-ه-ل,verb,,Form I,1,8,3,8,will forget,বিস্মৃত হবে,بھول جائے گی,ग़ाफ़िल हो जाएगी,tidak ingat,unutur,غافل می شود,négligera complètement,22:2,https://quranicwords.vercel.app/quran-words/tadhhalu-26f3c686.html
wv_2701a5b5,3602,أَنقَضَ,anqaḍa,ن-ق-ض,verb,,Form IV,1,8,3,8,weighed upon,ভেঙ্গে দিচ্ছিলো,توڑ دی تھی,तोड़ दी थी,memberatkan,çatırdatmıştı,خم کرده بود,a surchargé,94:3,https://quranicwords.vercel.app/quran-words/anqada-2701a5b5.html
wv_2771100b,3603,سَكَتَ,sakata,س-ك-ت,verb,,Form I,1,8,3,8,was calmed,প্রশমিত হলো,چپ ہوا,थम गया,diam,dinince,فرونشست,s’est calmée,7:154,https://quranicwords.vercel.app/quran-words/sakata-2771100b.html
wv_2c496d15,3604,تَمْرَحُ,tamraḥu,م-ر-ح,verb,,Form I,1,8,3,8,be insolent,দেমাক করতে,اتراتے,इतराते,sombong,böbürlenmiş,سر مستی می کردید,réjouissiez excessivement,40:75,https://quranicwords.vercel.app/quran-words/tamrahu-2c496d15.html
wv_2c583ace,3605,تُوعِدُ,tūʿidu,و-ع-د,verb,,Form IV,1,8,3,9,threatening,ভয় দেখাবে,ڈراتے ہو,धमकाते हो,menakut-nakuti,tehdit ederek,بتر سانید,menacez,7:86,https://quranicwords.vercel.app/quran-words/tuidu-2c583ace.html
wv_2d745e72,3606,نَكِّرُ,nakkiru,ن-ك-ر,verb,,Form II,1,8,3,9,Disguise,অজ্ঞাতসারে রাখো,بدل ڈالو,अनजाना कर दो,ubahlah,tanınmaz hale getirin,ناشناخته سازید,Rendez inconnu en déguisant,27:41,https://quranicwords.vercel.app/quran-words/nakkiru-2d745e72.html
wv_2d8a37b0,3607,وَقَبَ,waqaba,و-ق-ب,verb,,Form I,1,8,3,9,settles,গভীর হয়,داخل ہوجائے,फैल जाए,telah gelap,karanlığı çöktüğü,درآید,arrive,113:3,https://quranicwords.vercel.app/quran-words/waqaba-2d8a37b0.html
wv_2d934290,3608,اؤْتُمِنَ,aʾtumina,أ-م-ن,verb,,Form VIII,1,8,3,9,is entrusted,বিশ্বাস করা হয়েছিল,امین بنایا گیا,अमीन बनाया गया,dipercayai,kendisine güvenilen,امین دانسته شده است,a reçu confiance,2:283,https://quranicwords.vercel.app/quran-words/atumina-2d934290.html
wv_2d9f4328,3609,تُكْوَى,tukwā,ك-و-ي,verb,,Form I,1,8,3,9,will be branded,দাগ দেয়া হবে,داغا جائے گا,दाग़ी जाऐंगी,maka,dağlanır,داغ شود,seront ensuite brûlés,9:35,https://quranicwords.vercel.app/quran-words/tukwa-2d9f4328.html
wv_2db0c2f1,3610,قَصَمْ,qaṣam,ق-ص-م,verb,,Form I,1,8,3,10,shattered,ধ্বংস করেছি,ہلاک کیں,तोड़ कर रखदीं,telah binasakan,kırıp geçirdik,درهم شکستیم,avons-Nous brisé,21:11,https://quranicwords.vercel.app/quran-words/qasam-2db0c2f1.html
wv_2e891d4a,3611,تَضَرَّعُ,taḍarraʿu,ض-ر-ع,verb,,Form I,1,8,3,10,humbled themselves,বিনীত হলো,عاجزی اختیار کی,आजिज़ी की,menundukan hati,yalvarsalardı,زاری نکردند,se sont humiliés,6:43,https://quranicwords.vercel.app/quran-words/tadarrau-2e891d4a.html
wv_2f0d47e2,3612,يُعْظِمْ,yuʿẓim,ع-ظ-م,verb,,Form IV,1,8,3,10,make great,মহান করবেন,بڑا کردے گا,बड़ा कर देगा,memperbesar,büyütür,بزرگ می گرداند,rendra immense,65:5,https://quranicwords.vercel.app/quran-words/yuzim-2f0d47e2.html
wv_305d0e49,3613,وَجَبَتْ,wajabat,و-ج-ب,verb,,Form I,1,8,3,10,are down,কাত হয়ে পড়ে,گرجائیں,गिर पड़ें,telah roboh,düştüğünde,بیفتد,tombent,22:36,https://quranicwords.vercel.app/quran-words/wajabat-305d0e49.html
wv_30aab50f,3614,تَحَسَّسُ,taḥassasu,ح-س-س,verb,,Form V,1,8,3,10,inquire,খোঁজ করো,ٹوہ لگاؤ,पस सुराग़ लगाओ,carilah,araştırın,جستجو کنید,enquêtez,12:87,https://quranicwords.vercel.app/quran-words/tahassasu-30aab50f.html
wv_30aebdad,3615,يَزِفُّ,yaziffu,ز-ف-ف,verb,,Form I,1,8,4,1,hastening,ছুটে,دوڑتے ہوئے,तेज़ दौड़ते हुए,bergegas,koşarak,درحالی که می شتافتند,se dépêchaient,37:94,https://quranicwords.vercel.app/quran-words/yaziffu-30aebdad.html
wv_31c497f4,3616,حَصَد,ḥaṣad,ح-ص-د,verb,,Form I,1,8,4,1,reap,ফসল কাটবে,کاٹو گے,काट लो,tuai,biçtiniz,درو نمودید,aurez récolté en fauchant,12:47,https://quranicwords.vercel.app/quran-words/hasad-31c497f4.html
wv_3236c9d2,3617,تَفْتَؤُا۟,taftaʾu,ف-ت-أ,verb,,Form I,1,8,4,1,will not cease,আপনি ক্ষান্ত হবেন,ہمیشہ رہتا ہے,हमेशा रहते हैं,senantiasa,hâlâ,همیشه,continueras,12:85,https://quranicwords.vercel.app/quran-words/taftau-3236c9d2.html
wv_326a3abc,3618,تُصْعِدُ,tuṣʿidu,ص-ع-د,verb,,Form IV,1,8,4,1,were running uphill,উর্ধ্বমুখে চলছিলে,چڑھے جارہے تھے,चढ़े जा रहे थे,naik,boyuna uzaklaşıyordunuz,به هر سو می گریختید,escaladiez,3:153,https://quranicwords.vercel.app/quran-words/tusidu-326a3abc.html
wv_32c40244,3619,يَتَفَيَّؤُا۟,yatafayyaʾu,ف-ي-أ,verb,,Form V,1,8,4,1,Incline,ঝুঁকে পড়ে,گرتے ہیں,झुकते हैं,condong,döndüğünü,می گردد,s’incline,16:48,https://quranicwords.vercel.app/quran-words/yatafayyau-32c40244.html
wv_331c6b72,3620,تَزَوَّدُ,tazawwadu,ز-و-د,verb,,Form V,1,8,4,2,take provision,পাথেয় সাথে নাও,زاد راہ لے لیا کرو,ज़ादे राह ले लिया करो,berbekallah,yanınıza azık alın,توشه بر گیرید,prenez vos provisions,2:197,https://quranicwords.vercel.app/quran-words/tazawwadu-331c6b72.html
wv_33762bd7,3621,وَسَقَ,wasaqa,و-س-ق,verb,,Form I,1,8,4,2,envelops,সমাবেশ ঘটায়,اکٹھا کرے,समेट ले,menyelubungi,topladığı,در خود گرد آورد,enveloppe,84:17,https://quranicwords.vercel.app/quran-words/wasaqa-33762bd7.html
wv_3389cabe,3622,أَصْبُ,aṣbu,ص-ب-و,verb,,Form I,1,8,4,2,might incline,আকৃষ্ট হয়ে পড়বো,مائل ہوجاؤں گا,माइल हो जाऊँगा,cenderung,kayarım,میل می کنم,m’inclinerai par sottise,12:33,https://quranicwords.vercel.app/quran-words/asbu-3389cabe.html
wv_347a0ae9,3623,تَلَذُّ,taladhdhu,ل-ذ-ذ,verb,,Form I,1,8,4,2,delights,তৃপ্ত হবে,لذت پائیں گی,लज़्ज़त पाऐंगी,sedap,hoşlandığı,لذّت ببرد,prennent plaisir,43:71,https://quranicwords.vercel.app/quran-words/taladhdhu-347a0ae9.html
wv_3491dbda,3624,تُساقِطْ,tusāqiṭ,س-ق-ط,verb,,Form III,1,8,4,2,will drop,ঝরে পড়বে,گرائے گی,गिराएगा,ia akan menggugurkan,dökülsün,بیفکیند,tomberont,19:25,https://quranicwords.vercel.app/quran-words/tusaqit-3491dbda.html
wv_356438de,3625,يَتَمَطَّى,yatamaṭṭā,م-ط-و,verb,,Form V,1,8,4,3,swaggering,সদম্ভে,اکڑتا ہوا,अकड़ता हुआ,dengan sombong,çalım satarak,به خود می بالد,marchant avec fierté,75:33,https://quranicwords.vercel.app/quran-words/yatamatta-356438de.html
wv_363c8d69,3626,يَمُوجُ,yamūju,م-و-ج,verb,,Form I,1,8,4,3,to surge,তরঙ্গের মত পড়বে,مل جل جائیں گے,मौज की तरह घुस जाऐंगे,bergelombang,dalgalanır bir halde,موج بزنند,bouger de manière tumultueuse,18:99,https://quranicwords.vercel.app/quran-words/yamuju-363c8d69.html
wv_36c3fd23,3627,يَسْطُرُ,yasṭuru,س-ط-ر,verb,,Form I,1,8,4,3,write,লিখছে,لکھ رہے ہیں,लिखते हैं,tulis,yazdıklarına,می نویسند,écrivent,68:1,https://quranicwords.vercel.app/quran-words/yasturu-36c3fd23.html
wv_390be1f3,3628,تَهَجَّدْ,tahajjad,ه-ج-د,verb,,Form V,1,8,4,3,arise from sleep for prayer,তাহাজ্জুদ পড়,تہجد پڑھو,पस तहाज्जुद पढ़ा कीजिए,bersholat tahajjudlah,uyan,بگذران به بیداری,lève-toi,17:79,https://quranicwords.vercel.app/quran-words/tahajjad-390be1f3.html
wv_3cd78030,3629,أَشْرَقَتِ,ashraqati,ش-ر-ق,verb,,Form IV,1,8,4,3,shine,উদ্ভাসিত হবে,چمک اٹھے گی,चमक उठेगी,terang benderang,parlar,روشن شود,brillera,39:69,https://quranicwords.vercel.app/quran-words/ashraqati-3cd78030.html
wv_3e2194cf,3630,يَرْشُدُ,yarshudu,ر-ش-د,verb,,Form I,1,8,4,4,led aright,সত্যের সন্ধান পাবে,راہ راست پائیں,हिदायत पाऐं,mendapat petunjuk,doğru yola erişirler,راه درست پویند,soient sur le droit chemin,2:186,https://quranicwords.vercel.app/quran-words/yarshudu-3e2194cf.html
wv_3ec21fc5,3631,خَلَصُ,khalaṣu,خ-ل-ص,verb,,Form I,1,8,4,4,secluded themselves,নির্জনে গিয়ে বসলো,اکیلے بیٹھے,अलग हुए,menyendiri,çekildiler,به کناری رفتند,se sont isolés,12:80,https://quranicwords.vercel.app/quran-words/khalasu-3ec21fc5.html
wv_3f065974,3632,عَنَتِ,ʿanati,ع-ن-و,verb,,Form I,1,8,4,4,humbled,অবনমিত হবে,جھک جائیں گے,झुक जाऐंगे,menekun,boyun eğmiştir,فروتن شوند,seront devenus humbles,20:111,https://quranicwords.vercel.app/quran-words/anati-3f065974.html
wv_3f2108e5,3633,أَقْلِعِ,aqliʿi,ق-ل-ع,verb,,Form IV,1,8,4,4,Withhold,ক্ষান্ত হও,تھم جا,थम जा,berhentilah,de tut,باز ایست,cesse,11:44,https://quranicwords.vercel.app/quran-words/aqlii-3f2108e5.html
wv_3fc74709,3634,بُسَّتِ,bussati,ب-س-س,verb,,Form I,1,8,4,4,will be crumbled,ছিন্নভিন্ন করা হবে,اڑا دیئے جائیں گے,रेज़ा-रेज़ा कर दिए जाऐंगे,dihancurkan,serpildiği,متلاشی شوند,seront réduites en miettes,56:5,https://quranicwords.vercel.app/quran-words/bussati-3fc74709.html
wv_40483f79,3635,نُقِرَ,nuqira,ن-ق-ر,verb,,Form I,1,8,4,5,is blown,ফুক দেয়া হবে,پھونکا جائے گا,फूँका जाएगा,ditiup,üflendiği,دمیده شود,sera soufflé,74:8,https://quranicwords.vercel.app/quran-words/nuqira-40483f79.html
wv_4083a941,3636,نَمِيرُ,namīru,م-ي-ر,verb,,Form I,1,8,4,5,will get provision,খাদ্য এনে দিবো,غلہ لائیں گے,ग़ल्ला लाऐंगे,memberi makan,yine yiyecek getiririz,خوار بار آوریم,ramènerons de la provision,12:65,https://quranicwords.vercel.app/quran-words/namiru-4083a941.html
wv_408d9929,3637,تَنَفَّسَ,tanaffasa,ن-ف-س,verb,,Form V,1,8,4,5,breathes,শ্বাস নেয়,سانس لیتی ہے,साँस लेती है,menyingsing,soluk almağa başladığı,بردمد,commence à briller,81:18,https://quranicwords.vercel.app/quran-words/tanaffasa-408d9929.html
wv_418f60c7,3638,جَنَّ,janna,ج-ن-ن,verb,,Form I,1,8,4,5,covered,আচ্ছন্ন হলো,طاری ہوگی,छा गई,telah gelap,basınca,تاریکی افکند,a enveloppé,6:76,https://quranicwords.vercel.app/quran-words/janna-418f60c7.html
wv_4233d2d3,3639,أَزِفَتِ,azifati,أ-ز-ف,verb,,Form I,1,8,4,5,Has approached,নিকটে এসেছে,نزدیک آگئی,नज़दीक आ गई,telah dekat,yaklaştı,نزدیک شد,s’est approchée,53:57,https://quranicwords.vercel.app/quran-words/azifati-4233d2d3.html
wv_48c8464b,3640,يَتَفَجَّرُ,yatafajjaru,ف-ج-ر,verb,,Form V,1,8,4,6,gush forth,ফেটে বের হয়,پھوٹ پڑتی ہیں,फूट पड़ती हैं,mengalir,fışkırır,می جوشد,jaillissent,2:74,https://quranicwords.vercel.app/quran-words/yatafajjaru-48c8464b.html
wv_49240d12,3641,أَسْبَغَ,asbagha,س-ب-غ,verb,,Form IV,1,8,4,6,amply bestowed,সম্পূর্ণ করে দিয়েছেন,تمام کردیں,तमाम कर दीं,telah menyempurnakan,bol bol verdi,کامل بخشید,a rendu vaste,31:20,https://quranicwords.vercel.app/quran-words/asbagha-49240d12.html
wv_49661101,3642,تَرَدَّىٰٓ,taraddā,ر-د-ي,verb,,Form V,1,8,4,6,falls,ধ্বংস হবে,ہلاک ہوگیا,गिरेगा,ia telah binasa,çukura düştüğü,هلاک شود,sera jeté en étant ruiné,92:11,https://quranicwords.vercel.app/quran-words/taradda-49661101.html
wv_49bd5d06,3643,أَبَقَ,abaqa,أ-ب-ق,verb,,Form I,1,8,4,6,ran away,পালিয়েছিলো,بھاگ گئے,भाग कर गया,lari,kaçmıştı,گریخت,s’est enfui de son Maître,37:140,https://quranicwords.vercel.app/quran-words/abaqa-49bd5d06.html
wv_4ad5de01,3644,انكَدَرَتْ,ankadarat,ك-د-ر,verb,,Form VII,1,8,4,6,fall losing their luster,খসে পড়বে,گدلے ہوجائیں گے,बेनूर हो जाऐंगे,berjatuhan,kararıp döküldüğü,تیره شوند,tomberont rapidement,81:2,https://quranicwords.vercel.app/quran-words/ankadarat-4ad5de01.html
wv_4b57a42a,3645,ٱدَّكَرَ,addakara,ذ-ك-ر,verb,,Form VIII,1,8,4,7,remembered,স্মরণ হলো,یاد کیا,उसे याद आ गया,teringat,hatırladı,به یاد آورده بود,s’est rappelé,12:45,https://quranicwords.vercel.app/quran-words/addakara-4b57a42a.html
wv_4c514485,3646,رَانَ,rāna,ر-ي-ن,verb,,Form I,1,8,4,7,stain has covered,মরচে ধরিয়েছে,زنگ چڑھ گیا ہے,ज़ंग चढ़ गया है,menutup,paslanmıştır,زنگار زده است,a couvert comme une tache sale,83:14,https://quranicwords.vercel.app/quran-words/rana-4c514485.html
wv_4cc55a33,3647,نَعَّمَ,naʿʿama,ن-ع-م,verb,,Form II,1,8,4,7,favors,অনুগ্রহ করেন,نعمت دیتا ہے,नेअमत देता है,memberikan nikmat padanya,ona ni'met verse,نعمت دهدبه او,lui donne beaucoup de bienfait,89:15,https://quranicwords.vercel.app/quran-words/naama-4cc55a33.html
wv_4d0c338b,3648,تُقْلَبُ,tuqlabu,ق-ل-ب,verb,,Form I,1,8,4,7,will be returned,প্রত্যাবর্তিত হবে,پھیرے جاؤ گے,लौटाए जाओगे,dikembalikan,çevrilirsiniz,باز گردانیده خواهید شد,serez retournés,29:21,https://quranicwords.vercel.app/quran-words/tuqlabu-4d0c338b.html
wv_4d8a04c6,3649,ٱنۢبَعَثَ,anbaʿatha,ب-ع-ث,verb,,Form VII,1,8,4,7,sent forth,উঠলো,اٹھا,उठा,bangkit,ayaklandığı,به پاخواست,ont envoyé,91:12,https://quranicwords.vercel.app/quran-words/anbaatha-4d8a04c6.html
wv_4e1cd314,3650,خَبُثَ,khabutha,خ-ب-ث,verb,,Form I,1,8,4,8,is bad,নিকৃষ্ট,خراب ہوتی ہے,ख़राब हो गई,buruk,kötü,پلید است,est mauvaise,7:58,https://quranicwords.vercel.app/quran-words/khabutha-4e1cd314.html
wv_4e3184c2,3651,ٱنْهَارَ,anhāra,ه-و-ر,verb,,Form VII,1,8,4,8,collapsed,পড়লো,لے گری,ले गिरी,maka,yuvarlanan,بیندازد,s’est ensuite écroulée,9:109,https://quranicwords.vercel.app/quran-words/anhara-4e3184c2.html
wv_5038b0a4,3652,أَسَلْ,asal,س-ي-ل,verb,,Form IV,1,8,4,8,caused to flow,প্রবাহিত করেছি,بہادیا,बहा दिया,alirkan,akıttık,روان ساختیم,avons fait couler,34:12,https://quranicwords.vercel.app/quran-words/asal-5038b0a4.html
wv_508eb92b,3653,يَهِيمُ,yahīmu,ه-ي-م,verb,,Form I,1,8,4,8,roam,উদভ্রান্ত হয়ে ঘুরছে,بھٹکتے ہیں,सरगर्दां फिरते हैं,mengembara,şaşkın şaşkın dolaşırlar,سرگردان اند,vagabondent,26:225,https://quranicwords.vercel.app/quran-words/yahimu-508eb92b.html
wv_50d08b8a,3654,تَلَظَّى,talaẓẓā,ل-ظ-ي,verb,,Form I,1,8,4,8,blazing,জ্বলন্ত,بھٹرکتی ہے,भड़कती है,menyala-nyala,alev saçan,زبانه می کشد,flambe,92:14,https://quranicwords.vercel.app/quran-words/talazza-50d08b8a.html
wv_51885ff1,3655,تَسْتَأْنِسُ,tastaʾnisu,أ-ن-س,verb,,Form X,1,8,4,9,have asked permission,অনুমতি চাও,انس حاصل کرو,उनस हासिल कर लो,minta izin,izin almadan,آشنایی داده,demandiez autorisation,24:27,https://quranicwords.vercel.app/quran-words/tastanisu-51885ff1.html
wv_521fcd5b,3656,تَسْتَتِرُ,tastatiru,س-ت-ر,verb,,Form VIII,1,8,4,9,covering yourselves,লুকাতে,چھپ سکتے,छुपते,bersembunyi,gizleniyor,پنهان بدارید,couvriez,41:22,https://quranicwords.vercel.app/quran-words/tastatiru-521fcd5b.html
wv_52d2c612,3657,يَصْدُرُ,yaṣduru,ص-د-ر,verb,,Form I,1,8,4,9,will proceed,বের হবে,نکلیں گے,लौटेंगे,keluar,çıkarlar,بازگردند,iront,99:6,https://quranicwords.vercel.app/quran-words/yasduru-52d2c612.html
wv_533a82c2,3658,نَضِجَتْ,naḍijat,ن-ض-ج,verb,,Form I,1,8,4,9,are roasted,জ্বলে যাবে,پک جائیں گی,पक जाऐंगीं,hangus,piştikçe,بسوزد,seront rôties,4:56,https://quranicwords.vercel.app/quran-words/nadijat-533a82c2.html
wv_5364d7cc,3659,اثْبُتُ,athbutu,ث-ب-ت,verb,,Form I,1,8,4,9,be firm,দৃঢ় থাকো,جمے رہو,साबित क़दम रहो,berteguh hatilah,sebat edin,استوار باشید,soyez fermes,8:45,https://quranicwords.vercel.app/quran-words/athbutu-5364d7cc.html
wv_5439ea11,3660,سِيحُ,sīḥu,س-ي-ح,verb,,Form I,1,8,4,10,move about,চলাচল করো,چلو پھرو,पस चलो फिरो,berjalanlah,dolaşın,بگردید,Parcourez donc,9:2,https://quranicwords.vercel.app/quran-words/sihu-5439ea11.html
wv_5511ea5c,3661,يَسْتَسْخِرُ,yastaskhiru,س-خ-ر,verb,,Form X,1,8,4,10,mock,উপহাস করে,مذاق اڑاتے ہیں,ख़ूब मज़ाक़ उड़ाते हैं,memperolok-olok,alay ederler,مسخره می کنند,ridiculisent,37:14,https://quranicwords.vercel.app/quran-words/yastaskhiru-5511ea5c.html
wv_556a2b05,3662,يُخَيَّلُ,yukhayyalu,خ-ي-ل,verb,,Form II,1,8,4,10,seemed,মনে হলো,خیال جاتا تھا,ख़्याल डाला गया,terhayal,gibi görünüyor,چنان وانمود شد,faisaient imaginer,20:66,https://quranicwords.vercel.app/quran-words/yukhayyalu-556a2b05.html
wv_581fa64c,3663,اشْمَأَزَّتْ,ashmaʾazzat,ش-م-ز,verb,,Form VIII,1,8,4,10,shrink with aversion,সংকুচিত হয় বিতৃষ্ণায়,نفرت کرتے ہیں,नफ़रत करते हैं,mengerut,ürker,متنفّر می گردد,rétrécissent avec aversion,39:45,https://quranicwords.vercel.app/quran-words/ashmaazzat-581fa64c.html
wv_59d96150,3664,عُمِّيَتْ,ʿummiyat,ع-م-ي,verb,,Form II,1,8,4,10,has been obscured,গোপন রাখা হয়েছে,چھپائی گئی,छुपा दी गई हो,maka,bu gizli bırakılmış ise,پوشیده شده باشد,soit cachée des yeux,11:28,https://quranicwords.vercel.app/quran-words/ummiyat-59d96150.html
wv_59feec14,3665,نُقَدِّسُ,nuqaddisu,ق-د-س,verb,,Form II,1,8,5,1,sanctify,মহিমা ঘোষণা করি,پاکی بیان کرتے ہیں,पाकीज़गी बयान करते हैं,mensucikan,takdis ediyoruz,وپاکی می ورزیم,sanctifions,2:30,https://quranicwords.vercel.app/quran-words/nuqaddisu-59feec14.html
wv_5a25cbd0,3666,تَغْتَسِلُ,taghtasilu,غ-س-ل,verb,,Form VIII,1,8,5,1,have bathed,গোসল কর,غسل کرلو,ग़ुस्ल कर लो,mandi,yıkanıncaya,غسل کنید,prenez un bain rituel,4:43,https://quranicwords.vercel.app/quran-words/taghtasilu-5a25cbd0.html
wv_5b0a9749,3667,جَرَحْ,jaraḥ,ج-ر-ح,verb,,Form I,1,8,5,1,committed,অর্জন করো তোমরা,کمائی تم کرتے ہو,कमाई करते हो,kerjakan,işlediğiniz,کسب کردید,avez acquis avec soin,6:60,https://quranicwords.vercel.app/quran-words/jarah-5b0a9749.html
wv_5cbd34ed,3668,أَثْقَلَت,athqalat,ث-ق-ل,verb,,Form IV,1,8,5,1,grows heavy,ভারী হয়,بوجھل ہوگئی,बोझल हो गई,ia merasa berat,ağırlaşınca,گران بار شد,devient lourde,7:189,https://quranicwords.vercel.app/quran-words/athqalat-5cbd34ed.html
wv_5ddcacdc,3669,تَسُرُّ,tasurru,س-ر-ر,verb,,Form I,1,8,5,1,pleasing,আনন্দদেয়,خوش کرتی ہو,ख़ुश करती हो,menarik hati,sevinç verir,شاد می کند,rend heureux,2:69,https://quranicwords.vercel.app/quran-words/tasurru-5ddcacdc.html
wv_5e970e27,3670,ازْدُجِرَ,azdujira,ز-ج-ر,verb,,Form VIII,1,8,5,2,was repelled,ধমকানো হয়েছিল,ڈانٹا گیا,झिड़क दिया गया,ancaman,menedildi,رانده شد,a été repoussé verbalement,54:9,https://quranicwords.vercel.app/quran-words/azdujira-5e970e27.html
wv_5f08f262,3671,تَلَهَّىٰ,talahhā,ل-ه-و,verb,,Form I,1,8,5,2,distracted,অনীহা প্রকাশ করছ,بےرخی برتتے ہیں,बेरुख़ी बरतते हैं,mengabaikannya,ilgilenmiyorsun,مشغول می شوی,es distrait,80:10,https://quranicwords.vercel.app/quran-words/talahha-5f08f262.html
wv_5fa22e11,3672,تَمَيَّزُ,tamayyazu,م-ي-ز,verb,,Form V,1,8,5,2,bursts,ফেটে পড়ার,پھٹ جائے,फट जाए,terpecah belah,çatlayacak,پاره شود,se séparer,67:8,https://quranicwords.vercel.app/quran-words/tamayyazu-5fa22e11.html
wv_60794e94,3673,انفَطَرَتْ,anfaṭarat,ف-ط-ر,verb,,Form VII,1,8,5,2,cleft asunder,ফেটে যাবে,پھٹ جائے گا,फट जाएगा,terbelah,yarıldığı,بشکافد,sera déchiré,82:1,https://quranicwords.vercel.app/quran-words/anfatarat-60794e94.html
wv_608a1269,3674,عَبَّد,ʿabbad,ع-ب-د,verb,,Form II,1,8,5,2,have enslaved,দাস বানিয়ে রেখেছো,نے غلام بنایا,ग़ुलाम बना रखा है,memperhambakan,köle yapman,بردۂ خود ساخته ای,as transformé en esclaves,26:22,https://quranicwords.vercel.app/quran-words/abbad-608a1269.html
wv_616922aa,3675,شُبِّهَ,shubbiha,ش-ب-ه,verb,,Form II,1,8,5,3,was made to appear,বিভ্রম হয়েছিল,شبہ ڈالا گیا,मुश्तबा कर दिया गया,diserupakan,benzer gösterildi,مشتبه شد,a été rendu ressemblant,4:157,https://quranicwords.vercel.app/quran-words/shubbiha-616922aa.html
wv_61bbe8f3,3676,ٱغْتَرَفَ,aghtarafa,غ-ر-ف,verb,,Form VIII,1,8,5,3,takes,আঁজলা ভরে নেবে,چلو بھر لے,चुल्लु भर ले,menciduk,avuçlayan,بر گیرد,prend,2:249,https://quranicwords.vercel.app/quran-words/aghtarafa-61bbe8f3.html
wv_61cc0f50,3677,ٱعْتَمَرَ,aʿtamara,ع-م-ر,verb,,Form VIII,1,8,5,3,performs Umrah,ওমরা করবে,عمرہ کرے,उमरा करे,berumrah,ömre yaparsa,عمره گزارد,fait l’ʿOumrah,2:158,https://quranicwords.vercel.app/quran-words/atamara-61cc0f50.html
wv_61fc9bef,3678,فُزِّعَ,fuzziʿa,ف-ز-ع,verb,,Form II,1,8,5,3,fear is removed,দূর হয়ে যাবে,خوف دور کیا جائے گا,घबराहट दूर की जाएगी,dihilangkan ketakutan,korku giderildi,بر طرف شود دلهره,aura été enlevée la terreur,34:23,https://quranicwords.vercel.app/quran-words/fuzzia-61fc9bef.html
wv_65b8b988,3679,نَطْوِي,naṭwī,ط-و-ي,verb,,Form I,1,8,5,3,will fold,গুটিয়ে ফেলবো আমরা,لپیٹ دیں گے,लपेट देंगे,lipat,düreriz,بپیچانیم,plierons,21:104,https://quranicwords.vercel.app/quran-words/natwi-65b8b988.html
wv_66924087,3680,غَلَّقَتِ,ghallaqati,غ-ل-ق,verb,,Form II,1,8,5,4,closed,বন্ধ করলো,بند کرلیے,अच्छी तरह बन्द कर लिए,ia menutup,kilitledi,بست,a fermé,12:23,https://quranicwords.vercel.app/quran-words/ghallaqati-66924087.html
wv_66bb5ccf,3681,تَدايَن,tadāyan,د-ي-ن,verb,,Form VI,1,8,5,4,contract with one another,পরস্পরে আদান-প্রদান কর,باہم لین دین کرو,बाहम लेन-देन करो,berhutang piutang,birbirinize verdiğiniz,معامله ای کردید,contractez avec l’un l’autre,2:282,https://quranicwords.vercel.app/quran-words/tadayan-66bb5ccf.html
wv_67dd562d,3682,انۢبَجَسَتْ,anbajasat,ب-ج-س,verb,,Form VII,1,8,5,4,gushed forth,ফেটে বের হলো,پھوٹ نکلے,पस फूट निकले,memancar,fışkırdı,آنگاه بر جوشید,ont ensuite jailli,7:160,https://quranicwords.vercel.app/quran-words/anbajasat-67dd562d.html
wv_68344a9d,3683,أَشارَتْ,ashārat,ش-و-ر,verb,,Form IV,1,8,5,4,pointed,ইঙ্গিত করলো,اشارہ کردیا,इशारा कर दिया,ia menunjuk,gösterdi,اشاره کرد,a alors fait signe,19:29,https://quranicwords.vercel.app/quran-words/asharat-68344a9d.html
wv_6bb1798c,3684,يُبِينُ,yubīnu,ب-ي-ن,verb,,Form IV,1,8,5,4,clear,স্পষ্ট বর্ণনা করতে পারে,واضح بات کرے,वाज़ेह कर सके,ia menjelaskan,söz anlatacak durumda,به روشنی,parler clairement,43:52,https://quranicwords.vercel.app/quran-words/yubinu-6bb1798c.html
wv_6bcb81a3,3685,يُوفِضُ,yūfiḍu,و-ف-ض,verb,,Form IV,1,8,5,5,hastening,ছুটে যাচ্ছে,دوڑتے ہیں,दौड़ते हैं,pergi dengan segera,koşuyorlar,می‌ دوند,courraient,70:43,https://quranicwords.vercel.app/quran-words/yufidu-6bcb81a3.html
wv_729462d9,3686,مَهَّد,mahhad,م-ه-د,verb,,Form II,1,8,5,5,spread,সুগম করেছি,نے بچھایا,फैलाया मैं ने,lapangkan,döşedim,آماده کردم,ai étendu,74:14,https://quranicwords.vercel.app/quran-words/mahhad-729462d9.html
wv_730100a9,3687,يُؤْلُ,yuʾlu,أ-ل-و,verb,,Form IV,1,8,5,5,swear,শপথ করে,قسم کھالیتے ہیں,इला करते हैं,meng-ila,yaklaşmamağa yemin edenler,سوگند می خورند,jurent,2:226,https://quranicwords.vercel.app/quran-words/yulu-730100a9.html
wv_7313fc9a,3688,يَدُسُّ,yadussu,د-س-س,verb,,Form I,1,8,5,5,bury,পুঁতে ফেলবে,دبا دے,दबा दे,ia menguburkan,onu gömsün mü,بپو شاند,enterre,16:59,https://quranicwords.vercel.app/quran-words/yadussu-7313fc9a.html
wv_75ee8f9d,3689,تُذِلُّ,tudhillu,ذ-ل-ل,verb,,Form IV,1,8,5,5,humiliate,লাঞ্ছিত কর,ذلیل کرتا ہے,ज़िल्लत देता है,hinakan,alçaltırsın,وخوار می گردانی,déshonores,3:26,https://quranicwords.vercel.app/quran-words/tudhillu-75ee8f9d.html
wv_760713c6,3690,نَقْتَبِسْ,naqtabis,ق-ب-س,verb,,Form VIII,1,8,5,6,may acquire,উপকৃত হব,روشنی حاصل کریں,रौशनी हासिल करें,mengambil,yararlanalım,روشنایی بگیریم,prenions,57:13,https://quranicwords.vercel.app/quran-words/naqtabis-760713c6.html
wv_761b60c2,3691,يَعْشُ,yaʿshu,ع-ش-و,verb,,Form I,1,8,5,6,turns away,বিমুখ হয়,غفلت برتتا ہے,अंधा बन जाए,berpaling,yüz çevirirse,چشم پوشد,se détourne de la lumière,43:36,https://quranicwords.vercel.app/quran-words/yashu-761b60c2.html
wv_7637041b,3692,أَوِّبِ,awwibi,أ-و-ب,verb,,Form II,1,8,5,6,Repeat praises,পবিত্রতা ঘোষণা করো,رجوع کرو,तस्बीह,kembalilah,tesbih edin,همنوا شوید,Répétez,34:10,https://quranicwords.vercel.app/quran-words/awwibi-7637041b.html
wv_76e7f8e8,3693,يُؤْثَرُ,yuʾtharu,أ-ث-ر,verb,,Form I,1,8,5,6,imitated,চলে আসা,پہلے سے چلا آرہا ہے,नक़्ल किया जाता है,diceritakan,rivayet edilip öğretilen,نقل می شود,est transmise,74:24,https://quranicwords.vercel.app/quran-words/yutharu-76e7f8e8.html
wv_76ec77a2,3694,الْتَفَّتِ,al-taffati,ل-ف-ف,verb,,Form VIII,1,8,5,6,is wound,জড়িয়ে যাবে,جڑ جائے گی,लिपट जाएगी,bertaut,dolaşır,بپیچد,sera reliée,75:29,https://quranicwords.vercel.app/quran-words/al-taffati-76ec77a2.html
wv_773b7c0c,3695,زُرْ,zur,ز-و-ر,verb,,Form I,1,8,5,7,visit,উপস্থিত হও,زیارت کرلی,जा पहुँचे,melewati,ziyaret ettiniz,دیدار کردید,ayez visité,102:2,https://quranicwords.vercel.app/quran-words/zur-773b7c0c.html
wv_7aec17cb,3696,أَتَوَكَّؤُا۟,atawakkaʾu,و-ك-أ,verb,,Form V,1,8,5,7,lean,ভর দিই,سہارا لیتا ہوں,सहारा लेता हूँ,bertelekan,dayanıyorum,تکیه می کنم,m’appuie,20:18,https://quranicwords.vercel.app/quran-words/atawakkau-7aec17cb.html
wv_7bf8be46,3697,اسْتَطْعَمَ,astaṭʿama,ط-ع-م,verb,,Form X,1,8,5,7,asked for food,দু'জনে খাদ্য চাইলো,کھانا مانگا,उन दोनों ने खाना माँगा,keduanya minta makan,yemek istediler,غذا خواستند,ont demandé à manger,18:77,https://quranicwords.vercel.app/quran-words/astatama-7bf8be46.html
wv_7ce2986e,3698,أُشْرِبُ,ushribu,ش-ر-ب,verb,,Form IV,1,8,5,7,were made to drink,সিঞ্চিত হয়েছিল,اوروہ پلادیئے گئے,पिला दिए गए,diminumkan,içirildi,وبه آنان نوشانیده شد,ont été amenés à absorber,2:93,https://quranicwords.vercel.app/quran-words/ushribu-7ce2986e.html
wv_7e326cf8,3699,نَقَّبُ,naqqabu,ن-ق-ب,verb,,Form II,1,8,5,7,explored,ভ্রমণ করত,چھان مارا تھا,छान मारा था,keliling,gezip dolaşmışlardı,راه گشودند,ont donc parcouru,50:36,https://quranicwords.vercel.app/quran-words/naqqabu-7e326cf8.html
wv_81954c13,3700,نَسْلَخُ,naslakhu,س-ل-خ,verb,,Form I,1,8,5,8,withdraw,সরিয়ে দিই,نکال لیتے ہیں,खींच लेते हैं,tanggalkan,soyup alırız,بیرون می کشیم,enlevons,36:37,https://quranicwords.vercel.app/quran-words/naslakhu-81954c13.html
wv_823211a8,3701,أَظْلَمَ,aẓlama,ظ-ل-م,verb,,Form IV,1,8,5,8,darkens,অন্ধকার হয়,اندھیرا کیا,अँधेरा कर देती है,menjadi gelap,karanlık çöktüğü,تاریک کند,devient obscur,2:20,https://quranicwords.vercel.app/quran-words/azlama-823211a8.html
wv_82511402,3702,نَتَقْ,nataq,ن-ت-ق,verb,,Form I,1,8,5,8,raised,উপরে তুলে ধরেছিলাম,نے اٹھایا,उठाया,goncangkan,kaldırmıştık,بالا نگه داشتیم,avons levé,7:171,https://quranicwords.vercel.app/quran-words/nataq-82511402.html
wv_8346bbc4,3703,تَرْدَى,tardā,ر-د-ي,verb,,Form I,1,8,5,8,lest you perish,তাহ'লে তুমি ধ্বংস হবে,ورنہ تو ہلاک ہوجائے گا,वरना तू हलाक हो जाएगा,akan binasa,helak olursun,هلاک می شوی,car tu tomberais alors en ruine,20:16,https://quranicwords.vercel.app/quran-words/tarda-8346bbc4.html
wv_836a9e01,3704,طَوَّعَتْ,ṭawwaʿat,ط-و-ع,verb,,Form II,1,8,5,8,prompted,অত:পর উত্তেজিত করলো,آسان کردیا,आसान कर दिया,menjadikan mudah,çağırdı,آراست,a incité,5:30,https://quranicwords.vercel.app/quran-words/tawwaat-836a9e01.html
wv_837c35af,3705,يُسْجَرُ,yusjaru,س-ج-ر,verb,,Form I,1,8,5,9,will be burned,পোড়ানো হবে,جھونکے جائیں گے,झोंके जाऐंगे,di bakar,yakılacaklardır,گداخته شوند,seront brûlés en tant que combustible,40:72,https://quranicwords.vercel.app/quran-words/yusjaru-837c35af.html
wv_83a96991,3706,عُطِّلَتْ,ʿuṭṭilat,ع-ط-ل,verb,,Form II,1,8,5,9,left untended,উপেক্ষিত হবে,تنہا چھوڑ دی جائیں گی,बेकार छोड़ दी जाऐंगी,dibiarkan,başı boş bırakıldığı,رها شوند,seront laissées sans surveillance,81:4,https://quranicwords.vercel.app/quran-words/uttilat-83a96991.html
wv_84504c29,3707,تُعِزُّ,tuʿizzu,ع-ز-ز,verb,,Form IV,1,8,5,9,honor,দাও ইজ্জত,عزت دیتا ہے,इज़्ज़त देता है,muliakan,yükseltirsin,گرامی می داری,donnes l’honneur,3:26,https://quranicwords.vercel.app/quran-words/tuizzu-84504c29.html
wv_84a3be5d,3708,سَفِهَ,safiha,س-ف-ه,verb,,Form I,1,8,5,9,fooled,নির্বোধ বানিয়েছে,ناقص ثابت کیا,बेवक़ूफ़ बनाया,membodohi,sefih kılan,به سبکسری افکند,sème dans la sottise,2:130,https://quranicwords.vercel.app/quran-words/safiha-84a3be5d.html
wv_860fc9fb,3709,رَدِفَ,radifa,ر-د-ف,verb,,Form I,1,8,5,9,close behind,নিকটবর্তী হয়েছে,پیچھے لگا ہوا,पीछे आ लगे,hampir datang,ardınıza takılmıştır,درپی آمده باشد,était proche et à la suite,27:72,https://quranicwords.vercel.app/quran-words/radifa-860fc9fb.html
wv_86be0d9e,3710,تَغْفُلُ,taghfulu,غ-ف-ل,verb,,Form I,1,8,5,10,neglect,গাফিল হও তোমরা,غافل ہوجاؤ,ग़ाफ़िल हो जाओ,lengah,gaflet etseniz,غفلت بورزید,soyez inattentifs,4:102,https://quranicwords.vercel.app/quran-words/taghfulu-86be0d9e.html
wv_8a22f802,3711,حَجَّ,ḥajja,ح-ج-ج,verb,,Form I,1,8,5,10,performs Hajj,হজ্জ করবে,حج کرے,हज करे,beribadah haji,hacceder,حج,fait Le Ḥajj,2:158,https://quranicwords.vercel.app/quran-words/hajja-8a22f802.html
wv_8b01806f,3712,يُصْهَرُ,yuṣharu,ص-ه-ر,verb,,Form I,1,8,5,10,Will be melted,গলে যায়,گلا دے گا,पिघला दिया जाएगा,dihancurluluhkan,eritiliyor,گداخته می شود,Sera fondu,22:20,https://quranicwords.vercel.app/quran-words/yusharu-8b01806f.html
wv_8be779b6,3713,يَسْتَوْفُ,yastawfu,و-ف-ي,verb,,Form X,1,8,5,10,take in full,পূর্ণমাত্রায় নেয়,پورا پورا لیتے ہیں,पूरा-पूरा लेते हैं,minta dipenuhi,ölçüyü tam yaparlar,به تمامی ستانند,prennent complètement,83:2,https://quranicwords.vercel.app/quran-words/yastawfu-8be779b6.html
wv_8c09a78c,3714,تَلْفَحُ,talfaḥu,ل-ف-ح,verb,,Form I,1,8,5,10,Will burn,জ্বালিয়ে দিবে,جھلسا دے گی,झुलसा देगी,membakar,yalar,می‌سوزاند,Brûlera,23:104,https://quranicwords.vercel.app/quran-words/talfahu-8c09a78c.html
wv_8c767ffd,3715,وَكَزَ,wakaza,و-ك-ز,verb,,Form I,1,8,6,1,Musa struck him with his fist,ঘুষি মারলো,گھونسہ مارا,घूँसा मारा,meninjunya,yumruk indirdi,مشتی زد,a donc frappé,28:15,https://quranicwords.vercel.app/quran-words/wakaza-8c767ffd.html
wv_8e116268,3716,تَصِيرُ,taṣīru,ص-ي-ر,verb,,Form I,1,8,6,1,reach,ফিরে যায়,رجوع کرتے ہیں، لوٹتے ہیں,लौटते हैं,kembali,sonunda varır,بازمی گردد,tendent,42:53,https://quranicwords.vercel.app/quran-words/tasiru-8e116268.html
wv_8e74407d,3717,تَتَقَلَّبُ,tataqallabu,ق-ل-ب,verb,,Form V,1,8,6,1,will turn about,উল্টে যাবে,الٹ پلٹ ہوجائیں گے,उलट-पलट हो जाऐंगे,bolak-balik,ters döneceği,زیر و رو می شود,se retourneront,24:37,https://quranicwords.vercel.app/quran-words/tataqallabu-8e74407d.html
wv_8f1f8543,3718,تَحِيدُ,taḥīdu,ح-ي-د,verb,,Form I,1,8,6,1,avoiding,পাশ কাটাতে,بدکتا,भागता,lari,kaçmış,کناره می گرفتی,évitais,50:19,https://quranicwords.vercel.app/quran-words/tahidu-8f1f8543.html
wv_8f4140f3,3719,أَبْشِرُ,abshiru,ب-ش-ر,verb,,Form IV,1,8,6,1,receive the glad tidings,সুসংবাদ শুনে খুশি হও,خوشخبری پاؤ,ख़ुश हो जाओ,gembirakanlah,sevinin,مژده باد بر شما,recevez bonne nouvelle,41:30,https://quranicwords.vercel.app/quran-words/abshiru-8f4140f3.html
wv_906deff9,3720,نَخْزَى,nakhzā,خ-ز-ي,verb,,Form I,1,8,6,2,disgraced,অপমানিত হতাম,رسوا ہوں,रुस्वा होते,bernoda,alçak,رسوا گردیم؟,recevions la disgrâce,20:134,https://quranicwords.vercel.app/quran-words/nakhza-906deff9.html
wv_916f4d3a,3721,صُدُّ,ṣuddu,ص-د-د,verb,,Form II,1,8,6,2,are hindered,নিবৃত্ত করা হয়েছে,روکے گئے,रोक दिए गए,dihalangi,çıkarıldılar,بازداشته شده اند,ont été empêchés,13:33,https://quranicwords.vercel.app/quran-words/suddu-916f4d3a.html
wv_93a810b3,3722,يَتَّكِئُ,yattakiʾu,و-ك-أ,verb,,Form VIII,1,8,6,2,recline,হেলান দেয়,تکیہ لگاتے ہوں,तकिया लगाते है,bersandar,yaslanacakları,تکیه کنند,s’allongent,43:34,https://quranicwords.vercel.app/quran-words/yattakiu-93a810b3.html
wv_94c75455,3723,يَطْهُرْ,yaṭhur,ط-ه-ر,verb,,Form I,1,8,6,2,are cleansed,পবিত্র হয়,پاک ہوجائیں,पाक हो जाऐं,suci,temizleninceye,پاک شوند,soient pures,2:222,https://quranicwords.vercel.app/quran-words/yathur-94c75455.html
wv_94d91a94,3724,يَعْكُفُ,yaʿkufu,ع-ك-ف,verb,,Form I,1,8,6,2,devoted,পূজায় লেগে ছিলো,جھکے ہوئے تھے,जमे बैठे थे,menyembah,tapan,روی می آوردند,attaché,7:138,https://quranicwords.vercel.app/quran-words/yakufu-94d91a94.html
wv_95021deb,3725,ٱسْتَقَرَّ,astaqarra,ق-ر-ر,verb,,Form X,1,8,6,3,remains,স্হির থাকে,قائم رہے,क़ायम रहे,ia tetap,durursa,استوار ماند,reste,7:143,https://quranicwords.vercel.app/quran-words/astaqarra-95021deb.html
wv_967d05ea,3726,ٱنفَلَقَ,anfalaqa,ف-ل-ق,verb,,Form VII,1,8,6,3,parted,ফেটে গেল,پھٹ گیا,फट गया,terbelahlah,yarıldı,شکافت,est ensuite devenue fendue,26:63,https://quranicwords.vercel.app/quran-words/anfalaqa-967d05ea.html
wv_97281fba,3727,سُعِّرَتْ,suʿʿirat,س-ع-ر,verb,,Form II,1,8,6,3,is set ablaze,প্রজ্বলিত করা হবে,بھڑکا دی جائے گی,भड़का दी जाएगी,dinyalakan,alevlendirildiği,برافروخته شود,sera enflammé ardemment,81:12,https://quranicwords.vercel.app/quran-words/suirat-97281fba.html
wv_9767b159,3728,يَصْطَرِخُ,yaṣṭarikhu,ص-ر-خ,verb,,Form VIII,1,8,6,3,will cry,চিৎকার করে বলবে,فریاد کریں گے,चिल्लाऐंगे,berteriak,feryadederler,فریاد کنند,appelleront fortement au secours,35:37,https://quranicwords.vercel.app/quran-words/yastarikhu-9767b159.html
wv_9a86971f,3729,اثّاقَلْ,aththāqal,ث-ق-ل,verb,,Form VI,1,8,6,3,cling heavily,বোঝার ভারে নুয়ে পড়ছো,بوجھ سے جھگ گئے,बोझल हो जाते हो,apakah kamu merasa berat,çakılıp kaldınız,سنگینی می کنید,adhérez avec lourdeur,9:38,https://quranicwords.vercel.app/quran-words/aththaqal-9a86971f.html
wv_9a8ac7b9,3730,ناجَيْ,nājay,ن-ج-و,verb,,Form III,1,8,6,4,privately consult,একান্তে কথা বলবে,سرگوشی کرو,सरगोशी करो,berbicara rahasia,gizli konuşacağınız,خواهید که راز بگویید,discutez secrètement,58:12,https://quranicwords.vercel.app/quran-words/najay-9a8ac7b9.html
wv_9b215544,3731,اسْتُحْفِظُ,astuḥfiẓu,ح-ف-ظ,verb,,Form X,1,8,6,4,were entrusted,রক্ষক বানানো,نگران ٹھہرائے گئے,मुहाफ़िज़ बनाए गए थे,diperintah memelihara,korumakla görevlendirildiklerinden,نگهبان گذاشته شدند,ont été confié de garder,5:44,https://quranicwords.vercel.app/quran-words/astuhfizu-9b215544.html
wv_9c245e01,3732,يُنفَ,yunfa,ن-ف-ي,verb,,Form I,1,8,6,4,be exiled,নির্বাসিত করা হবে,نکال دییے جائیں,या वो निकाल दिए जाऐं,dibuang,sürülmeleridir,دور کرده شوند,soient exilés,5:33,https://quranicwords.vercel.app/quran-words/yunfa-9c245e01.html
wv_9c3e816e,3733,تَفَكَّهُ,tafakkahu,ف-ك-ه,verb,,Form V,1,8,6,4,wondering,অবাক বোধ করতে,باتیں بناتے,बातें बनाते,meratap,sızlanıp,شگفت زدگان,êtes étonnés,56:65,https://quranicwords.vercel.app/quran-words/tafakkahu-9c3e816e.html
wv_9d83f3ea,3734,اجْتَرَحُ,ajtaraḥu,ج-ر-ح,verb,,Form VIII,1,8,6,4,commit,লিপ্ত রয়েছে,کام کیے,इर्तिकाब किया,berbuat,işleyen,مرتکب شدند,ont acquis avec beaucoup de soin,45:21,https://quranicwords.vercel.app/quran-words/ajtarahu-9d83f3ea.html
wv_9de7113a,3735,دَمْدَمَ,damdama,د-م-د-م,verb,,Form I,1,8,6,5,destroyed,ধ্বংস করে দিলেন,ہلاکت ڈالی,हलाकत डाली,menurunkan azab,başlarına geçirdi,خشم گرفت,a donc envoyé la destruction,91:14,https://quranicwords.vercel.app/quran-words/damdama-9de7113a.html
wv_a1221af5,3736,يَطْلُبُ,yaṭlubu,ط-ل-ب,verb,,Form I,1,8,6,5,seeking,অনুসরণ করে,پا لیتی ہے,तलब करता है,mengikutinya,onu kovalayan,می جوید,le poursuit,7:54,https://quranicwords.vercel.app/quran-words/yatlubu-a1221af5.html
wv_a215c7b4,3737,يَغْلِي,yaghlī,غ-ل-ي,verb,,Form I,1,8,6,5,will boil,ফুটবে,جوش کھائے گا,जोश खाएगा,ia mendidih,kaynar,گداخته می جوشد,bouillie,44:45,https://quranicwords.vercel.app/quran-words/yaghli-a215c7b4.html
wv_a27b0caa,3738,تَتَجافَى,tatajāfā,ج-ف-و,verb,,Form I,1,8,6,5,Forsake,আলাদা থাকে,الگ رہتے ہیں,अलग रहते हैं,menjauhkan,uzaklaşır,فاصله می گیرد,Se lèvent,32:16,https://quranicwords.vercel.app/quran-words/tatajafa-a27b0caa.html
wv_a35c1e61,3739,قَلَّ,qalla,ق-ل-ل,verb,,Form I,1,8,6,5,little,কম হক,کم ہو,क़लील हो,sedikit,az,کم باشد,est peu,4:7,https://quranicwords.vercel.app/quran-words/qalla-a35c1e61.html
wv_a3c121c3,3740,يُمَسِّكُ,yumassiku,م-س-ك,verb,,Form II,1,8,6,6,hold fast,আঁকড়ে থাকে,پکڑ کر رکھتے ہیں,मज़बूती से पकड़ते हैं,berpegang teguh,sımsıkı sarılırlar,چنگ می زنند,tiennent fermement,7:170,https://quranicwords.vercel.app/quran-words/yumassiku-a3c121c3.html
wv_a3cac7a2,3741,سُعِدُ,suʿidu,س-ع-د,verb,,Form I,1,8,6,6,were glad,সৌভাগ্যবান হবে,نیک بخت ہوئے,नेकबख़्त हुए,berbahagia,mutlu olan,نیکبخت شدند,seront rendus heureux,11:108,https://quranicwords.vercel.app/quran-words/suidu-a3cac7a2.html
wv_a46167dc,3742,لَوَّ,lawwa,ل-و-ي,verb,,Form II,1,8,6,6,turn aside,ফিরিয়ে নেয়,موڑتے ہیں,मोड़ते है,memalingkan,çevirirler,می پیچانند,tournent beaucoup,63:5,https://quranicwords.vercel.app/quran-words/lawwa-a46167dc.html
wv_a49249d1,3743,هُزِّ,huzzi,ه-ز-ز,verb,,Form I,1,8,6,6,shake,নাড়া দাও,ہلالے,हिला ले,goyangkanlah,silkele,بجنبان,secoue,19:25,https://quranicwords.vercel.app/quran-words/huzzi-a49249d1.html
wv_a660af9b,3744,ٱسْتَغْلَظَ,astaghlaẓa,غ-ل-ظ,verb,,Form X,1,8,6,6,becomes thick,মোটা হয়,سخت ہوئی,सख़्त हो गई,ia menjadi besar,kalınlaşan,ستبر ساخت,devient ensuite grande,48:29,https://quranicwords.vercel.app/quran-words/astaghlaza-a660af9b.html
wv_a7538aec,3745,يَصَّعَّدُ,yaṣṣaʿʿadu,ص-ع-د,verb,,Form V,1,8,6,7,climbing,আরোহণ করছে,چڑھتا ہے,चढ़ता है,ia mendaki,yükseliyor,بالا می رود,montait,6:125,https://quranicwords.vercel.app/quran-words/yassaadu-a7538aec.html
wv_a9fa2736,3746,أَعْثَرْ,aʿthar,ع-ث-ر,verb,,Form IV,1,8,6,7,made known,জানিয়ে দিলাম,نے بتادیا,आगाह कर दिया,perlihatkan,buldurduk,آگاه کردیم,avons fait tomber,18:21,https://quranicwords.vercel.app/quran-words/athar-a9fa2736.html
wv_aa894b3e,3747,ٱتَّسَقَ,attasaqa,و-س-ق,verb,,Form VIII,1,8,6,7,becomes full,পূর্ণ হয়,پورا ہو جائے,पूरा हो जाए,sempurna terang,dolunay olduğu,کامل شود,devient pleine,84:18,https://quranicwords.vercel.app/quran-words/attasaqa-aa894b3e.html
wv_ac06916f,3748,أَغْفَلْ,aghfal,غ-ف-ل,verb,,Form IV,1,8,6,7,Have Made Heedless,অমনোযোগী করে দিয়েছি,غافل کردیا,ग़ाफ़िल कर दिया,telah lalaikan,alıkoyduğumuz,غافل ساختیم,avons rendu inattentif,18:28,https://quranicwords.vercel.app/quran-words/aghfal-ac06916f.html
wv_ac0dcfde,3749,أُفَوِّضُ,ufawwiḍu,ف-و-ض,verb,,Form II,1,8,6,7,entrust,সমর্পণ করছি,سپرد کرتا ہوں,सुपुर्द करता हूँ,menyerahkan,bırakıyorum,وامی گذارم,confie,40:44,https://quranicwords.vercel.app/quran-words/ufawwidu-ac0dcfde.html
wv_ac214855,3750,يَشْوِي,yashwī,ش-و-ي,verb,,Form I,1,8,6,8,scalds,ঝলসে দিবে,بھون ڈالے گا,भून डालेगा,menghanguskan,haşlayan,بریان می کند,fait rôtir,18:29,https://quranicwords.vercel.app/quran-words/yashwi-ac214855.html
wv_acbdda20,3751,اقْتَدِهْ,aqtadih,ق-د-و,verb,,Form VIII,1,8,6,8,follow,অনুসরণ করো,پیروی کر اس کی ہدایت کی,पैरवी कीजिए,ikutilah,uy,اقتدا کن,prend exemple,6:90,https://quranicwords.vercel.app/quran-words/aqtadih-acbdda20.html
wv_ace2d00f,3752,أَغْطَشَ,aghṭasha,غ-ط-ش,verb,,Form IV,1,8,6,8,darkened,অন্ধকারাচ্ছন্ন করেছেন,ڈھانک دیا,तारीक किया,jadikan gelap,örtüp kararttı,تاریک کرد,a rendu sombre,79:29,https://quranicwords.vercel.app/quran-words/aghtasha-ace2d00f.html
wv_ad3d3e90,3753,يَتَجَرَّعُ,yatajarraʿu,ج-ر-ع,verb,,Form V,1,8,6,8,will sip,ঢোক গিলবে,گھونٹ گھونٹ پئے گا,घूँट-घूँट पियेगा,menghirupnya,onu yutmağa çalışır,جرعه جرعه فروکشد,l’avalera à petites gorgées,14:17,https://quranicwords.vercel.app/quran-words/yatajarrau-ad3d3e90.html
wv_afb411e1,3754,يَجُرُّ,yajurru,ج-ر-ر,verb,,Form I,1,8,6,8,dragging,টানলো,کھینچنے لگے,खींचने लगा,menariknya,çekmeye başladı,در حالی که می کشید,tirant,7:150,https://quranicwords.vercel.app/quran-words/yajurru-afb411e1.html
wv_b083ce73,3755,تَحَرَّ,taḥarra,ح-ر-ي,verb,,Form I,1,8,6,9,have sought,বেছে নিয়েছে,ارادہ کیا,इरादा किया,menuju,aramışlardır,برگزیدند,ont visé,72:14,https://quranicwords.vercel.app/quran-words/taharra-b083ce73.html
wv_b0c18cb9,3756,انصَرَفُ,anṣarafu,ص-ر-ف,verb,,Form VII,1,8,6,9,turn away,সরে পড়ে,منہ پھیر جاتے ہیں,जाते हैं,berpaling,sıvışırlar,بازمی گردند,se détournent,9:127,https://quranicwords.vercel.app/quran-words/ansarafu-b0c18cb9.html
wv_b1aabbfb,3757,سُطِحَتْ,suṭiḥat,س-ط-ح,verb,,Form I,1,8,6,9,is spread out,বিস্তৃত করা হয়েছে,بچھائی گئی ہے,बिछाई गई,ia dihamparkan,yayılıp döşenmiş,گسترده شده است,a été étalée,88:20,https://quranicwords.vercel.app/quran-words/sutihat-b1aabbfb.html
wv_b326085b,3758,خَلَطُ,khalaṭu,خ-ل-ط,verb,,Form I,1,8,6,9,had mixed,মিশিয়ে ফেলেছে,ملے جلے کیے,मिला दिए,mencampur adukkan,birbirine karıştırdılar,آمیختند,ont mélangé,9:102,https://quranicwords.vercel.app/quran-words/khalatu-b326085b.html
wv_b4158616,3759,اعْتَبِرُ,aʿtabiru,ع-ب-ر,verb,,Form VIII,1,8,6,9,take a lesson,শিক্ষা গ্রহণ কর,عبرت پکڑو,पस इब्रत पकड़ो,ambillah pelajaran,ibret alın,عبرت گیرید,recevez donc une leçon,59:2,https://quranicwords.vercel.app/quran-words/atabiru-b4158616.html
wv_b4363794,3760,الْغَ,al-gha,ل-غ-و,verb,,Form I,1,8,6,10,make noise,গোলমাল সৃষ্টি করো,بےہودہ گوئی کرو,ग़ुल मचाओ,buatlah keributan,gürültü edin,سخن بیهوده گویید,parlez inutilement,41:26,https://quranicwords.vercel.app/quran-words/al-gha-b4363794.html
wv_b4c2c35a,3761,أَبْرَمُ,abramu,ب-ر-م,verb,,Form IV,1,8,6,10,have they determined,সিদ্ধান্ত নিয়েছে,مقرر کیا,पुख़्ता फ़ैसला किया,menetapkan,kararlaştırdılar,استوار داشته اند,ont déterminé,43:79,https://quranicwords.vercel.app/quran-words/abramu-b4c2c35a.html
wv_b830cd53,3762,يَسْتَصْرِخُ,yastaṣrikhu,ص-ر-خ,verb,,Form X,1,8,6,10,cried out to him for help,চিৎকার করে ডাকছে,پکار رہا تھا,फ़रियाद कर रहा था उससे,ia berteriak kepadanya,yine feryadediyor,را به فریادرسی می طلبید,appelait au secours,28:18,https://quranicwords.vercel.app/quran-words/yastasrikhu-b830cd53.html
wv_b8a4b600,3763,كَرَّهَ,karraha,ك-ر-ه,verb,,Form II,1,8,6,10,has made hateful,অপ্রিয় করে দিয়েছেন,مکروہ کیا ہے,नापसंदीदा कर दिया,menjadikan benci,çirkin gösterdi,ناپسند گردانید,a rendu détestés,49:7,https://quranicwords.vercel.app/quran-words/karraha-b8a4b600.html
wv_b963763c,3764,انْحَرْ,anḥar,ن-ح-ر,verb,,Form I,1,8,6,10,sacrifice,কুরবানী করো,قربانی کرو,क़ुर्बानी कीजिए,berkurbanlah,kurban kes,قربانی کن,sacrifie,108:2,https://quranicwords.vercel.app/quran-words/anhar-b963763c.html
wv_b9ecb7da,3765,يَتِيهُ,yatīhu,ت-ي-ه,verb,,Form I,1,8,7,1,will wander,উদ্ভ্রান্ত হয়ে ফিরবে,سرگرداں رہیں گے,भटकते फिरेंगे,mengembara kebingungan,şaşkın şaşkın dolaşacaklar,سر گردان می شوند,vont errer,5:26,https://quranicwords.vercel.app/quran-words/yatihu-b9ecb7da.html
wv_ba200251,3766,رابِطُ,rābiṭu,ر-ب-ط,verb,,Form III,1,8,7,1,constant,প্রস্তুত থাক,تیار رہو,तैयार रहो,waspadalah,savaşa hazırlıklı uyanık bulunun,پیو ستگی و هبستگی داشته باشید,restez stationnés,3:200,https://quranicwords.vercel.app/quran-words/rabitu-ba200251.html
wv_bbfda7bf,3767,الْتَمِسُ,al-tamisu,ل-م-س,verb,,Form VIII,1,8,7,1,seek,খোঁজ করো,تلاش کرو,तलाश करो,carilah,arayın,بجویید,cherchez ensuite,57:13,https://quranicwords.vercel.app/quran-words/al-tamisu-bbfda7bf.html
wv_bebf3f28,3768,عَقَدَتْ,ʿaqadat,ع-ق-د,verb,,Form I,1,8,7,1,pledged,আবদ্ধ হয়েছে,گرہ باندھی,बाँध रखा है,telah mengikat,bağladığı,بسته است,ont conclu,4:33,https://quranicwords.vercel.app/quran-words/aqadat-bebf3f28.html
wv_c2221dcc,3769,يُصْحَبُ,yuṣḥabu,ص-ح-ب,verb,,Form I,1,8,7,1,can be protected,সহযোগিতা দেয়া হবে,حمایت دیئے جائیں گے,साथ दिए जाते हैं,dibela,sahip çıkılır,همراهی شوند,recevront de compagnon,21:43,https://quranicwords.vercel.app/quran-words/yushabu-c2221dcc.html
wv_c2af2ea5,3770,تَقْشَعِرُّ,taqshaʿirru,ق-ش-ع-ر,verb,,Form IV,1,8,7,2,Shiver,রোমাঞ্চিত হয়,رونگٹے کھڑے ہوجاتے ہیں,लरज़ने लगती हैं,gemetar,ürperir,می لرزد,frissonnent,39:23,https://quranicwords.vercel.app/quran-words/taqshairru-c2af2ea5.html
wv_c2cb7fe7,3771,تَوَجَّهَ,tawajjaha,و-ج-ه,verb,,Form V,1,8,7,2,turned his face,মুখ ফেরালো,رخ کیا,रुख़ किया,menghadap,yönelince,روی آورد,a tourné son visage,28:22,https://quranicwords.vercel.app/quran-words/tawajjaha-c2cb7fe7.html
wv_c30d06e0,3772,سُكِّرَتْ,sukkirat,س-ك-ر,verb,,Form II,1,8,7,2,have been dazzled,সম্মোহিত করা হয়েছে,سست ہوگئیں ہیں,मदहोश करदी गई हैं,dikaburkan,döndürüldü,چشم بندی شده ایم,ont été couverts,15:15,https://quranicwords.vercel.app/quran-words/sukkirat-c30d06e0.html
wv_c310ec62,3773,عَدَّدَ,ʿaddada,ع-د-د,verb,,Form II,1,8,7,2,counts,বারবার গণনা করে রেখেছে,گن گن کر رکھا,गिन-गिन कर रखा,menghitungnya,onu saydı durdu,شمرد,a comptée,104:2,https://quranicwords.vercel.app/quran-words/addada-c310ec62.html
wv_c366c904,3774,عَقَّد,ʿaqqad,ع-ق-د,verb,,Form II,1,8,7,2,contracted,দৃঢ়ভাবে করো তোমরা,مضبوط گرہ باندھی,मज़बूत बाँधीं तुम ने,sengaja,bilerek yaptığınız,بسته بادشید,avez promis,5:89,https://quranicwords.vercel.app/quran-words/aqqad-c366c904.html
wv_c51848e6,3775,يُضاهِئُ,yuḍāhiʾu,ض-ه-أ,verb,,Form III,1,8,7,3,imitate,মিল রেখে বলে,مشابہت پیدا کررہے ہیں,नक़ल करते हैं,meniru,benzetiyorlar,همانندی می کنند,imitent,9:30,https://quranicwords.vercel.app/quran-words/yudahiu-c51848e6.html
wv_c865fac7,3776,تَخَلَّتْ,takhallat,خ-ل-و,verb,,Form V,1,8,7,3,becomes empty,শূন্য হয়ে যাবে,خالی ہوجائے گی,ख़ाली हो जाएगी,ia menjadi sunyi,boşaldığı,خالی گردد,deviendra vide,84:4,https://quranicwords.vercel.app/quran-words/takhallat-c865fac7.html
wv_c86f530c,3777,خَلُّ,khallu,خ-ل-و,verb,,Form II,1,8,7,3,leave,ছেড়ে দাও,چھوڑ دو,छोड़ दो,berilah kebebasan,serbest bırakın,بگذارید,libérez,9:5,https://quranicwords.vercel.app/quran-words/khallu-c86f530c.html
wv_c87e05c2,3778,اصْدَعْ,aṣdaʿ,ص-د-ع,verb,,Form I,1,8,7,3,proclaim,প্রকাশ্যে প্রচার করো,کھول کر سنا دو,पस आप खुल्लम-खुल्ला सुना दीजिए,terus-teranglah,açıkça söyle,آشکار کن,Déclare donc,15:94,https://quranicwords.vercel.app/quran-words/asda-c87e05c2.html
wv_ca201959,3779,أَكْدَىٰٓ,akdā,ك-د-ي,verb,,Form IV,1,8,7,3,withheld,ক্ষান্ত হয়,بند کردیا,रोक लिया,menahan,gerisini elinde tutanı,دست بازدشت,a retenu,53:34,https://quranicwords.vercel.app/quran-words/akda-ca201959.html
wv_cce187f6,3780,تَزاوَرُ,tazāwaru,ز-و-ر,verb,,Form VI,1,8,7,4,inclining away,সরে যায়,بچ جاتا ہے,किनारा कर जाता,miring,eğiliyor,مایل می شود,s’inclinait,18:17,https://quranicwords.vercel.app/quran-words/tazawaru-cce187f6.html
wv_cd91253c,3781,اخْلَعْ,akhlaʿ,خ-ل-ع,verb,,Form I,1,8,7,4,remove,খুলে ফেলো,اتار دو,पस उतार दो,lepaskan,çıkar,در آور,enlève donc,20:12,https://quranicwords.vercel.app/quran-words/akhla-cd91253c.html
wv_ceae51d8,3782,عَسْعَسَ,ʿasʿasa,ع-س-ع-س,verb,,Form I,1,8,7,4,departs,শেষ হয়,رخصت ہوتی ہے,रुख़्सत होती है,hampir habis,sırtını döndüğü,پشت کند,part,81:17,https://quranicwords.vercel.app/quran-words/asasa-ceae51d8.html
wv_d03a4c1c,3783,تَنادَ,tanāda,ن-د-ي,verb,,Form I,1,8,7,4,called one another,পরস্পরে ডাকলো,ایک دوسرے کو پکارے لگے,एक दूसरे को पुकारने लगे,panggil memanggil,birbirlerine seslendiler,آواز دادند یکدیگر را,se sont ensuite appelés,68:21,https://quranicwords.vercel.app/quran-words/tanada-d03a4c1c.html
wv_d3618579,3784,يُنَشَّؤُا۟,yunashshaʾu,ن-ش-أ,verb,,Form II,1,8,7,4,is brought up,লালিত পালিত হয়,پالا جاتا ہے,पाला जाता है,dibesarkan,yetiştirilen,پرورش می‌ یابد,est mis à grandir,43:18,https://quranicwords.vercel.app/quran-words/yunashshau-d3618579.html
wv_d3e66d26,3785,يَتَرَدَّدُ,yataraddadu,ر-د-د,verb,,Form V,1,8,7,5,waver,দ্বিধাগ্রস্ত হচ্ছে,آتے جاتے ہیں,मुतरदिद,bimbang,bocalayıp duranlar,سرگردانند,hésitent,9:45,https://quranicwords.vercel.app/quran-words/yataraddadu-d3e66d26.html
wv_d5ffa059,3786,ازَرَ,azara,أ-ز-ر,verb,,Form IV,1,8,7,5,strengthens,এরপর তাকে শক্তিশালী করে,تقویت دی,मज़बूत किया,ia menguatkan,onu güçlendiren,ونیرومند گردانید,la renforce ensuite,48:29,https://quranicwords.vercel.app/quran-words/azara-d5ffa059.html
wv_d62e2dce,3787,دَعْ,daʿ,و-د-ع,verb,,Form I,1,8,7,5,disregard,উপেক্ষা করো,چھوڑ دیجیے,नज़र अंदाज़ कर दीजिए,biarkan,aldırma,واگذار,ignore,33:48,https://quranicwords.vercel.app/quran-words/da-d62e2dce.html
wv_d684c484,3788,اصْطادُ,aṣṭādu,ص-ي-د,verb,,Form VIII,1,8,7,5,hunt,শিকার করতে পারো,شکار کرو,शिकार करो,berburulah,avlanabilirsiniz,شکار کنید,chassez,5:2,https://quranicwords.vercel.app/quran-words/astadu-d684c484.html
wv_d6fef4b6,3789,أَلَ,ala,ل-ي-ن,verb,,Form IV,1,8,7,5,made pliable,নরম করে দেই,نے نرم کیا,नर्म किया,telah melunakkan,yumuşattık,ونرم گردانیدیم,avons rendu mou,34:10,https://quranicwords.vercel.app/quran-words/ala-d6fef4b6.html
wv_d7887f50,3790,يَرْتَعْ,yartaʿ,ر-ت-ع,verb,,Form I,1,8,7,6,enjoy,ফল খাবে,چرلے,ख़ूब खाए पिए,bersuka ria,gezsin,خوش بگذارند و بخورد,mangera abondamment,12:12,https://quranicwords.vercel.app/quran-words/yarta-d7887f50.html
wv_d915071e,3791,يَصْعَدُ,yaṣʿadu,ص-ع-د,verb,,Form I,1,8,7,6,ascends,উঠে,چڑھتے ہیں,चढ़ते हैं,naik,çıkar,بالا می رود,monte,35:10,https://quranicwords.vercel.app/quran-words/yasadu-d915071e.html
wv_d9b6b7c5,3792,تَزْدَرِي,tazdarī,ز-ر-ي,verb,,Form VIII,1,8,7,6,look down upon,নিতান্ত হীন মনে করে,جنہیں حقیر سمجھتی ہیں,हक़ीर समझती हैं,rendah,küçük gördükleri,بخواری نگرد,méprisent,11:31,https://quranicwords.vercel.app/quran-words/tazdari-d9b6b7c5.html
wv_dac3b7db,3793,تُرْهِبُ,turhibu,ر-ه-ب,verb,,Form IV,1,8,7,6,terrify,সন্ত্রস্ত করবে,ڈراتے ہو,डराओगे,menakutkan,korkutursunuz,بتر سانید,ferez redouter,8:60,https://quranicwords.vercel.app/quran-words/turhibu-dac3b7db.html
wv_db7e654b,3794,أَجْلِبْ,ajlib,ج-ل-ب,verb,,Form IV,1,8,7,6,assault,চড়াও হও,چڑھا لا,चढ़ा ला,kerahkanlah,yaygarayı bas,بانگ بزن,crie,17:64,https://quranicwords.vercel.app/quran-words/ajlib-db7e654b.html
wv_dba9b9a8,3795,تَطَاوَلَ,taṭāwala,ط-و-ل,verb,,Form VI,1,8,7,7,prolonged,দীর্ঘায়িত হয়েছে,لمبی ہوگئی,तवील हो गई,panjanglah,geçti,دراز شد,sont devenues prolongées,28:45,https://quranicwords.vercel.app/quran-words/tatawala-dba9b9a8.html
wv_dce1dc56,3796,يَصَّدَّعُ,yaṣṣaddaʿu,ص-د-ع,verb,,Form V,1,8,7,7,will be divided,বিভক্ত হয়ে পড়বে,متفرق ہوجائیں گے,जुदा-जुदा हो जाऐंगे,terpisah-pisah,bölük bölük ayrılırlar,از هم جدا می شوند,seront séparés,30:43,https://quranicwords.vercel.app/quran-words/yassaddau-dce1dc56.html
wv_dda88970,3797,فُرِجَتْ,furijat,ف-ر-ج,verb,,Form I,1,8,7,7,is cleft asunder,বিদীর্ণ করা হবে,کھولا جائے گا,खोला जाएगा,dibelah,yarıldığı,شکافته شود,aura été fendu,77:9,https://quranicwords.vercel.app/quran-words/furijat-dda88970.html
wv_dec03c2f,3798,مَرِضْ,mariḍ,م-ر-ض,verb,,Form I,1,8,7,7,am ill,অসুস্থ হই,بیمار ہوتا ہوں,बीमार होता हूँ,sakit,hastalandığım,بیمار شوم,suis malade,26:80,https://quranicwords.vercel.app/quran-words/marid-dec03c2f.html
wv_dff75543,3799,تُسِيمُ,tusīmu,س-و-م,verb,,Form IV,1,8,7,7,pasture your cattle,পশু চরিয়ে থাকো,چراتے ہو,चराते हो,menggembala,hayvanları otlattığınız,می چرانید,laissez brouter,16:10,https://quranicwords.vercel.app/quran-words/tusimu-dff75543.html
wv_e094755f,3800,يُرْضِعْ,yurḍiʿ,ر-ض-ع,verb,,Form IV,1,8,7,8,shall suckle,স্তন্য পান করাবে,دودھ پلائیں,दूध पिलाऐं,hendaklah menyusui,emzirirler,شیر دهند,allaiteront,2:233,https://quranicwords.vercel.app/quran-words/yurdi-e094755f.html
wv_e1072e08,3801,تَنۢبُتُ,tanbutu,ن-ب-ت,verb,,Form I,1,8,7,8,produces,উৎপন্ন হয়,اگتا ہے,उगता है,ia tumbuh,biten,می روید,produit,23:20,https://quranicwords.vercel.app/quran-words/tanbutu-e1072e08.html
wv_e32cad83,3802,تَشْخَصُ,tashkhaṣu,ش-خ-ص,verb,,Form I,1,8,7,8,will stare,স্থির হবে,پتھر جائیں گی,पथरा जाऐंगी,terbuka,donup kalacağı,خیره شود,se figeront,14:42,https://quranicwords.vercel.app/quran-words/tashkhasu-e32cad83.html
wv_e3da0183,3803,كُبْكِبُ,kubkibu,ك-ب-ك-ب,verb,,Form I,1,8,7,8,will be overturned,মুখ নিচু করে ফেলা হবে,اوندھے منہ گرائیں جائیں گے,औंधे मुँह गिराए जाऐंगे,dijungkirkan,tepe taklak atılırlar,بر روی انداخته شوند,seront ensuite jetés retournés,26:94,https://quranicwords.vercel.app/quran-words/kubkibu-e3da0183.html
wv_e48959f4,3804,أُقِّتَتْ,uqqitat,و-ق-ت,verb,,Form II,1,8,7,8,are gathered to their appointed time,নির্দিষ্ট সময় উপস্থিত করা হবে,مقرر وقت پر لائے جائیں گے,मुक़र्रर वक़्त पर लाए जाऐंगे,ditetapkan waktunya,vakit belirlendiği,وقت معّین شود,auront reçu un temps,77:11,https://quranicwords.vercel.app/quran-words/uqqitat-e48959f4.html
wv_e4d06f6c,3805,رُجَّتِ,rujjati,ر-ج-ج,verb,,Form I,1,8,7,9,will be shaken,প্রকম্পিত করা হবে,ہلائی جائے گی,हिलाई जाएगी,digoncangkan,sarsıldığı,جنبانیده شود,sera secouée,56:4,https://quranicwords.vercel.app/quran-words/rujjati-e4d06f6c.html
wv_e6208723,3806,تَصَدَّى,taṣaddā,ص-د-ي,verb,,Form V,1,8,7,9,give attention,মনযোগ দিচ্ছো,مائل ہوتے ہیں,तवज्जो करते हैं,menghadapi,yöneliyorsun,می پردازی,donnes de l’attention,80:6,https://quranicwords.vercel.app/quran-words/tasadda-e6208723.html
wv_e6344533,3807,يَنْعِقُ,yanʿiqu,ن-ع-ق,verb,,Form I,1,8,7,9,shouts,ডাকে,پکارتا ہے,चीख़ कर पुकारता है,berteriak,haykıran,بانگ می زند,crie fortement,2:171,https://quranicwords.vercel.app/quran-words/yaniqu-e6344533.html
wv_e8630073,3808,مَرَدُ,maradu,م-ر-د,verb,,Form I,1,8,7,9,persist,চরমে পৌঁছে গিয়েছে,ماہر ہوگئے,अड़ गए हैं,berlebih-lebihan,iyice alışmış,خو گرفته اند,sont insolents de manière rebelle,9:101,https://quranicwords.vercel.app/quran-words/maradu-e8630073.html
wv_ea5981a5,3809,يُصْدِرَ,yuṣdira,ص-د-ر,verb,,Form IV,1,8,7,9,take away,সরিয়ে নিয়ে যায়,واپس نکال لائیں,वापस ले जाऐं,menghalau,sulayıp çekilinceye,باز گردانند,fassent retourner,28:23,https://quranicwords.vercel.app/quran-words/yusdira-ea5981a5.html
wv_eac00a1e,3810,يَثْنُ,yathnu,ث-ن-ي,verb,,Form I,1,8,7,10,fold up,দু-ভাঁজ করে,موڑتے ہیں,दोहरे करते हैं,membusungkan,bükerler,می پیچانند,replient,11:5,https://quranicwords.vercel.app/quran-words/yathnu-eac00a1e.html
wv_eb270c9e,3811,أَفَاقَ,afāqa,ف-و-ق,verb,,Form IV,1,8,7,10,recovered,চেতনা পেলো,ہوش میں آئے,होश में आया,sadar kembali,ayılınca,به هوش آمد,s’est remis,7:143,https://quranicwords.vercel.app/quran-words/afaqa-eb270c9e.html
wv_eb344337,3812,انتَثَرَتْ,antatharat,ن-ث-ر,verb,,Form VIII,1,8,7,10,scatter,বিক্ষিপ্ত হবে,بکھرجائیں گے,बिखर जाऐंगे,jatuh bertaburan,saçıldığı,پراکنده شوند,seront dispersés,82:2,https://quranicwords.vercel.app/quran-words/antatharat-eb344337.html
wv_ec98e4d1,3813,تُمْسُ,tumsu,م-س-و,verb,,Form IV,1,8,7,10,reach the evening,সন্ধ্যা করো,شام کرتے ہو,शाम करते हो,dipetang hari,akşama girdiğiniz,شام می کنید,entrez dans l’après-midi,30:17,https://quranicwords.vercel.app/quran-words/tumsu-ec98e4d1.html
wv_ee46a1ed,3814,تَشْتَكِي,tashtakī,ش-ك-و,verb,,Form VIII,1,8,7,10,directs her complaint,অভিযোগ করছে,شکایت کررہی تھی,शिकायत कर रही थी,ia mengadukan,şikayette bulunan,شکایت می برد,se plaint,58:1,https://quranicwords.vercel.app/quran-words/tashtaki-ee46a1ed.html
wv_eeae55f7,3815,أَقَلَّتْ,aqallat,ق-ل-ل,verb,,Form IV,1,8,8,1,have carried,বয়ে নিয়ে আসে,اٹھالیتی ہیں رحمت,उठा लेती हैं,membawa,yüklenince,بردارد,ont porté,7:57,https://quranicwords.vercel.app/quran-words/aqallat-eeae55f7.html
wv_efdae544,3816,نُكِسُ,nukisu,ن-ك-س,verb,,Form I,1,8,8,1,were turned,অবনত হয়ে গেলো,الٹائے گئے,औंधे कर दिए गए,ditundukkan,döndürüldüler,واژگون شدند,ont été retournés,21:65,https://quranicwords.vercel.app/quran-words/nukisu-efdae544.html
wv_f1002beb,3817,تَبايَعْ,tabāyaʿ,ب-ي-ع,verb,,Form VI,1,8,8,1,make commercial transaction,বেচা কেনা কর,باہم خریدوفروخت کرو,बाहम ख़रीदो फ़रोख़्त करो,berjual beli,alışveriş yaptığınız,با یکدیگر داد وستدی می کنید,achetez,2:282,https://quranicwords.vercel.app/quran-words/tabaya-f1002beb.html
wv_f10ae9fe,3818,تَسَوَّرُ,tasawwaru,س-و-ر,verb,,Form V,1,8,8,1,climbed over the wall,দেয়াল টপকে ঢুকে পড়লো,دیوار پھاند کر آتے تھے,दीवार फाँद कर आए थे,melompati pagar,tırmanmışlardı,بالا آمدند,ont escaladé un mur,38:21,https://quranicwords.vercel.app/quran-words/tasawwaru-f10ae9fe.html
wv_f14b12f6,3819,صابِرُ,ṣābiru,ص-ب-ر,verb,,Form III,1,8,8,1,patient,ধৈর্যে দৃঢ় থাক,مقابلے پر صبر کرو,मुक़ाबले में मज़बूत रहो,tingkatkan kesabaranmu,sabırda direnin,ویکدیگر رابه شکیبایی فرا خوانید,rivalisez dans l’endurance,3:200,https://quranicwords.vercel.app/quran-words/sabiru-f14b12f6.html
wv_f1fa6bd7,3820,انفَجَرَتْ,anfajarat,ف-ج-ر,verb,,Form VII,1,8,8,2,gushed forth,ফেটে বের হল,پھوٹ پڑے,फूट पड़े,memancarlah,fışkırmıştı,آنگاه جوشید,ont ensuite jailli,2:60,https://quranicwords.vercel.app/quran-words/anfajarat-f1fa6bd7.html
wv_f2f76ab8,3821,احْتَرَقَتْ,aḥtaraqat,ح-ر-ق,verb,,Form VIII,1,8,8,2,is burnt,পুড়ে গেল অতঃপর,مل جائے,पस वो जल जाए,terbakar,yakıp kül etsin,بسوزد؟,est donc brûlé,2:266,https://quranicwords.vercel.app/quran-words/ahtaraqat-f2f76ab8.html
wv_f4c3dabc,3822,تَدَلَّىٰ,tadallā,د-ل-و,verb,,Form I,1,8,8,2,came down,শূন্যে ভেসে রইল,اتر آیا,पस वो उतर आया,turun,sarktı,وفرود آمد,est descendu,53:8,https://quranicwords.vercel.app/quran-words/tadalla-f4c3dabc.html
wv_f4e1e328,3823,تَأْسِرُ,taʾsiru,أ-س-ر,verb,,Form I,1,8,8,2,took captive,বন্দী করছো,قید کر رہے تھے,क़ैद कर रहे थे,menawan,esir alıyordunuz,اسیر می گرفتید,emprisonniez,33:26,https://quranicwords.vercel.app/quran-words/tasiru-f4e1e328.html
wv_f5710805,3824,يَبْحَثُ,yabḥathu,ب-ح-ث,verb,,Form I,1,8,8,2,scratching,খুঁড়তে লাগলো,کردیتا تھا,खोदता था,menggali,eşeleyen,کاوش می کرد,grattait,5:31,https://quranicwords.vercel.app/quran-words/yabhathu-f5710805.html
wv_f6d7278f,3825,يُحْمَى,yuḥmā,ح-م-ي,verb,,Form I,1,8,8,3,will be heated,গরম করা হবে,تپایا جائے گا,तपाया जाएगा,dipanaskan,kızdırılır,گداخته شود,seront chauffés,9:35,https://quranicwords.vercel.app/quran-words/yuhma-f6d7278f.html
wv_f75da444,3826,ٱسْتَعْصَمَ,astaʿṣama,ع-ص-م,verb,,Form X,1,8,8,3,saved himself,তবুও সে নিজেকে পবিত্র রেখেছে,بچا گیا,पस वो बच निकला,maka,reddetti,خویشتن داری کرد,s’est protégé,12:32,https://quranicwords.vercel.app/quran-words/astasama-f75da444.html
wv_f78c0176,3827,يَجْمَحُ,yajmaḥu,ج-م-ح,verb,,Form I,1,8,8,3,run wild,দ্রুত ছুটে যেতো,سرکشی کرتے ہیں,सरपट दौड़ते हैं,lari secepat-cepatnya,hemen,می شتابند,s’enfuient en courant,9:57,https://quranicwords.vercel.app/quran-words/yajmahu-f78c0176.html
wv_fb4e9515,3828,زُحْزِحَ,zuḥziḥa,ز-ح-ز-ح,verb,,Form I,1,8,8,3,is drawn away,রক্ষা করা হবে,دور کیا گیا,दूर किया गया,ia dijauhkan,çekilip kurtarılır,دور داشته شود,est écarté,3:185,https://quranicwords.vercel.app/quran-words/zuhziha-fb4e9515.html
wv_fcc9f359,3829,تُرِيحُ,turīḥu,ر-و-ح,verb,,Form IV,1,8,8,3,bring them in,সন্ধ্যায় চারণভূমি থেকে আনো,شام کو چگا لاتے ہو,शाम को चरा कर लाते हो,membawa pulang,akşamleyin getirdiğiniz,برمی گردانید,ramenez le soir,16:6,https://quranicwords.vercel.app/quran-words/turihu-fcc9f359.html
wv_fe25761a,3830,تَعَاطَىٰ,taʿāṭā,ع-ط-و,verb,,Form I,1,8,8,4,took,হস্তক্ষেপ করল,پکڑا,पकड़ा,ia berbuat nekat,da bıçağı çekti,دست درازی کرد,a ensuite pris de sa main,54:29,https://quranicwords.vercel.app/quran-words/taata-fe25761a.html
wv_fe475b3d,3831,عَزَّزْ,ʿazzaz,ع-ز-ز,verb,,Form II,1,8,8,4,strengthened,শক্তিশালী করলাম তখন,قوت دی,क़ुव्वत दी,kuatkan,de destekledik,تقویت دادیم,avons ensuite renforcé,36:14,https://quranicwords.vercel.app/quran-words/azzaz-fe475b3d.html
wv_ffae98b5,3832,تَلَّ,talla,ت-ل-ل,verb,,Form I,1,8,8,4,put him down,শুইয়ে দিলো,گرادیا,लिटा दिया,membaringkannya,yıktı,انداخت,l’a placé,37:103,https://quranicwords.vercel.app/quran-words/talla-ffae98b5.html
wv_ffea96f7,3833,بَرِقَ,bariqa,ب-ر-ق,verb,,Form I,1,8,8,4,is dazzled,স্থির হয়ে যাবে,چندھیا جائیں گی,चौंधिया जाऐंगी,bingung,kamaştığı,خیره شود,se fixe de terreur,75:7,https://quranicwords.vercel.app/quran-words/bariqa-ffea96f7.html
