word_id	arabic	lang	meaning	support	total	method
wv_04785d3e	كَانَ	hi	था	39	224	bare-3ms
wv_04785d3e	كَانَ	tr	oldu	42	340	bare-3ms
wn_528c9eed	قَوْم	hi	लोग	38	181	bare
wn_528c9eed	قَوْم	tr	toplum	38	155	bare
wv_670557db	جَعَلَ	tr	yaptı	17	78	bare-3ms
wv_b7bb1bd4	كَفَرَ	tr	nankörlük / inkar ederse	3	18	bare-3ms
wv_1ec1eabc	جَآءَ	ur	آگیا	15	78	bare-3ms
wv_1ec1eabc	جَآءَ	hi	आया	15	78	bare-3ms
wv_7a8c3881	ءَاتَىٰ	fr	donne / aura reçu	3	20	bare-3ms
wv_98678a73	أَتَىٰ	fa	آمد	1	6	bare-3ms
wn_297772b8	أَيّ	ur	کس / کون سا	1	7	bare
wn_297772b8	أَيّ	fa	چه / کدام یک	1	8	bare
wn_b042b597	سَبِيل	hi	रास्ते	31	152	bare
wv_ebda2f43	دَعَا	ur	بلائے / اس نے پکارا	1	7	bare-3ms
wv_ebda2f43	دَعَا	hi	बुलाए / उसने पुकारा	1	7	bare-3ms
wv_ebda2f43	دَعَا	fr	invoque / a invoqué	1	7	bare-3ms
wv_bc2ae729	ٱتَّقَىٰ	bn	ভয় করে	1	7	bare-3ms
wv_bc2ae729	ٱتَّقَىٰ	ur	تقوی کیا / تقویٰ اختیار کرے	1	7	bare-3ms
wn_cfc75a93	أَمْر	bn	নির্দেশ	21	96	bare
wn_cfc75a93	أَمْر	tr	işler	15	78	bare
wn_e7b30e02	عَلِيم	bn	সর্বজ্ঞ	34	162	bare
wn_41806ee2	ذُو	en	possessor	17	86	bare
wn_41806ee2	ذُو	hi	क़राबतदार	4	103	bare
wn_41806ee2	ذُو	fa	دارای	23	99	bare
wn_95fee760	غَيْر	fa	جز	10	64	bare
wn_70eaa3f6	نار	hi	आग	31	141	bare
wv_3c9c88e0	هَدَىٰ	tr	iletmişti	1	12	bare-3ms
wv_838a5f98	أَرَادَ	bn	চায় / ইচ্ছে করেন	4	21	bare-3ms
wv_1df44b78	أَخَذَ	bn	ধরলো	2	13	bare-3ms
wn_994d7189	أَهْل	bn	আহলি	8	39	bare
wv_b5341e95	عَبَدَ	fa	پرستید	14	73	bare
wv_1b711d15	ظَلَمَ	tr	zulmeder	1	5	bare-3ms
wv_ddf0a703	سَأَلَ	bn	জিজ্ঞাসা করল	1	2	bare-3ms
wv_ddf0a703	سَأَلَ	ur	سوال کیا	1	2	bare-3ms
wv_ddf0a703	سَأَلَ	hi	सवाल किया	1	2	bare-3ms
wv_ddf0a703	سَأَلَ	in	ditanya	1	2	bare-3ms
wv_ddf0a703	سَأَلَ	tr	sordu	1	2	bare-3ms
wv_ddf0a703	سَأَلَ	fa	درخواست شد	1	2	bare-3ms
wv_ddf0a703	سَأَلَ	fr	A demandé	1	2	bare-3ms
wv_b2039839	أَخْرَجَ	fa	برآورد / بیرون آورد	2	12	bare-3ms
wv_c19b5598	أَكَلَ	bn	খেয়েছে	1	3	bare-3ms
wv_c19b5598	أَكَلَ	ur	کھائیں / کھا گیا اس کو	1	3	bare-3ms
wv_c19b5598	أَكَلَ	tr	yediği	1	3	bare-3ms
wv_c19b5598	أَكَلَ	fa	خورده باشند / بخورد او را	1	3	bare-3ms
wv_c19b5598	أَكَلَ	fr	mange	1	3	bare-3ms
wn_62aaeae1	دِين	bn	দীন	13	57	bare
wn_cd55808b	مَثَل	fa	حال	11	53	bare
wv_44c523bb	نَظَرَ	en	look	1	3	bare-3ms
wv_44c523bb	نَظَرَ	ur	دیکھتے ہیں / اس نے دیکھا	1	3	bare-3ms
wv_44c523bb	نَظَرَ	fa	نگریست	1	3	bare-3ms
wv_44c523bb	نَظَرَ	fr	regardent	1	3	bare-3ms
wn_1bafa5ba	هُدًى	bn	পথনির্দেশ	12	54	bare
wv_82c00ac6	ذَكَرَ	ur	یاد کرے / ذکر کیا گیا	2	10	bare-3ms
wv_82c00ac6	ذَكَرَ	fa	یاد شود	2	11	bare-3ms
wv_4c74aa32	قَتَلَ	bn	হত্যা করবে	3	15	bare-3ms
wv_4c74aa32	قَتَلَ	hi	मारा जाए	3	14	bare-3ms
wv_4c74aa32	قَتَلَ	fa	بکشد	3	15	bare-3ms
wv_4c74aa32	قَتَلَ	fr	tue	2	15	bare-3ms
wv_cc30127d	رَجَعَ	bn	ফিরে আসলো	1	2	bare-3ms
wv_cc30127d	رَجَعَ	fr	est retourné	1	2	bare-3ms
wv_3bceaeaf	تَوَلَّىٰ	bn	মুখ ফিরায়	5	21	bare-3ms
wv_3bceaeaf	تَوَلَّىٰ	ur	منہ موڑا	3	19	bare-3ms
wv_3bceaeaf	تَوَلَّىٰ	hi	मुँह मोड़ा	4	20	bare-3ms
wv_3bceaeaf	تَوَلَّىٰ	fa	روی گردانید	3	21	bare-3ms
wv_cf19a1da	سَمِعَ	ur	بیشک / سن لی	1	3	bare-3ms
wn_64428fd1	زَوْج	in	isteri	8	37	bare
wn_64428fd1	زَوْج	fa	همسرانی	6	34	bare
wn_64428fd1	زَوْج	fr	types	9	37	bare
wv_1ca4c131	دَخَلَ	fa	درآمد	1	6	bare-3ms
wn_8f21b16a	عالَم	hi	आलमीन / तमाम जहानों का	10	61	bare
wv_c4887285	جَزَىٰ	bn	প্রতিফল দিই	10	44	bare
wv_c4887285	جَزَىٰ	ur	جزا دیتے ہیں	7	41	bare
wv_c4887285	جَزَىٰ	tr	cezalandırırız	9	37	bare
wv_eb1ab82a	أَشْرَكَ	hi	शिर्क किया	11	67	bare
wv_eb1ab82a	أَشْرَكَ	tr	ortak koşan	9	48	bare
wv_eb1ab82a	أَشْرَكَ	fa	شرک ورزیدند	9	45	bare
wn_a91764f4	عَمَل	tr	işi	3	15	bare
wv_c3ab3798	أَلْقَىٰ	bn	ছুঁড়লো	1	19	bare-3ms
wv_c3ab3798	أَلْقَىٰ	hi	डाले	4	19	bare-3ms
wv_c3ab3798	أَلْقَىٰ	fr	jette	2	19	bare-3ms
wv_9bad3da8	أَنفَقَ	bn	খরচ করেছে	1	2	bare-3ms
wv_9bad3da8	أَنفَقَ	hi	ख़र्च किया	1	2	bare-3ms
wv_9bad3da8	أَنفَقَ	in	belanjakan	1	2	bare-3ms
wv_9bad3da8	أَنفَقَ	tr	harcadıkları	1	2	bare-3ms
wv_9bad3da8	أَنفَقَ	fa	انفاق کرد	1	2	bare-3ms
wv_4e5bc56b	غَفَرَ	en	forgave	1	3	bare-3ms
wv_4e5bc56b	غَفَرَ	bn	মাফ করে	1	3	bare-3ms
wv_4e5bc56b	غَفَرَ	hi	बख़्श दिया मुझे	1	3	bare-3ms
wv_4e5bc56b	غَفَرَ	in	memaafkan	1	3	bare-3ms
wv_4e5bc56b	غَفَرَ	fa	آمرزید	1	3	bare-3ms
wv_4e5bc56b	غَفَرَ	fr	pardonne	1	3	bare-3ms
wn_2d99d8e5	بَيْت	hi	घर	4	41	bare
wn_264909ec	يَمِين	hi	क़समें	4	17	bare
wn_117d16e0	أُمَّة	fa	امّتی	14	61	bare
wv_39f0e9df	أَصَابَ	tr	istediği	1	7	bare-3ms
wn_975c46ae	كَثِير	hi	ज़्यादा	7	56	bare
wv_48842967	تَابَ	tr	affetti	3	18	bare-3ms
wv_48842967	تَابَ	fr	s’est repenti	4	18	bare-3ms
wv_66f8d0e7	نَزَّلَ	fa	فروفرستاد	2	17	bare-3ms
wv_d68b9690	كَسَبَ	bn	অর্জন করেছে	1	3	bare-3ms
wv_d68b9690	كَسَبَ	hi	कमाई	1	3	bare-3ms
wv_d68b9690	كَسَبَ	in	berbuat	1	3	bare-3ms
wv_d68b9690	كَسَبَ	fa	کسب کند	1	3	bare-3ms
wv_2afed9e0	رَزَقَ	en	provides	2	11	bare
wv_2afed9e0	رَزَقَ	bn	জীবিকা দেন	2	11	bare
wv_2afed9e0	رَزَقَ	in	memberi rezki	2	11	bare
wv_2bca27a9	نَصَرَ	bn	সাহায্য কর	6	26	bare
wv_2bca27a9	نَصَرَ	ur	مدد کی	2	26	bare
wv_2bca27a9	نَصَرَ	tr	yardım eder	2	22	bare
wv_2bca27a9	نَصَرَ	fa	یاری شوند	3	19	bare
wv_2bca27a9	نَصَرَ	fr	aide contre les ennemis	3	26	bare
wn_faa0c7e8	نِساء	hi	औरतों को	7	30	bare
wv_e6a69bc0	قَضَىٰ	en	decreed	5	23	bare-3ms
wv_e6a69bc0	قَضَىٰ	bn	সিদ্ধান্ত নেন	2	23	bare-3ms
wv_e6a69bc0	قَضَىٰ	ur	فیصلہ کرتا ہے	4	22	bare-3ms
wv_e6a69bc0	قَضَىٰ	hi	पूरी कर चुका	2	23	bare-3ms
wv_e6a69bc0	قَضَىٰ	tr	hükmettiği	4	23	bare-3ms
wv_e6a69bc0	قَضَىٰ	fr	décide	3	23	bare-3ms
wv_1540974c	صَبَرَ	en	patient	1	2	bare-3ms
wv_1540974c	صَبَرَ	bn	ধৈর্য্য ধরে	1	2	bare-3ms
wv_1540974c	صَبَرَ	in	sabar	1	2	bare-3ms
wv_1540974c	صَبَرَ	tr	sabrederse	1	2	bare-3ms
wv_1540974c	صَبَرَ	fa	شکیبایی کردند	1	2	bare-3ms
wv_1540974c	صَبَرَ	fr	endure	1	2	bare-3ms
wn_026b30ac	قَرْيَة	hi	बस्तियाँ	10	53	bare
wn_c878aa97	عَيْن	hi	चश्मे	5	26	bare
wv_9ebeb6d8	ضَرَبَ	tr	anlattı / misal verir	2	12	bare-3ms
wv_9ebeb6d8	ضَرَبَ	fa	زد	3	13	bare-3ms
wv_1a9570f9	أَقَامَ	en	establish	1	3	bare-3ms
wv_1a9570f9	أَقَامَ	ur	قائم کرے	1	2	bare-3ms
wv_1a9570f9	أَقَامَ	tr	kılan	1	3	bare-3ms
wv_1a9570f9	أَقَامَ	fa	برپا دارد	1	3	bare-3ms
wv_6efd46c7	قَٰتَلَ	bn	লড়াই করেছে	1	2	bare-3ms
wv_6efd46c7	قَٰتَلَ	tr	savaşanlar	1	2	bare-3ms
wv_6efd46c7	قَٰتَلَ	fa	پیکار کرد	1	2	bare-3ms
wv_6efd46c7	قَٰتَلَ	fr	a combattu	1	2	bare-3ms
wn_d883bf26	جَمِيع	hi	सबको / सबके सब	7	52	bare
wv_3c3968d9	خَرَجَ	en	left	1	3	bare-3ms
wv_3c3968d9	خَرَجَ	fa	خارج شد	1	3	bare-3ms
wv_414cf1db	ضَلَّ	bn	পথভ্রষ্ট হয়	5	26	bare-3ms
wv_414cf1db	ضَلَّ	tr	sapan	3	25	bare-3ms
wv_414cf1db	ضَلَّ	fa	گمراه شد	6	25	bare-3ms
wn_76d0a9e5	خَلْق	hi	पैदाइश	9	40	bare
wn_b09c6bfa	أَجَل	hi	वक़्त	4	27	bare
wv_66de5541	أَحْيَا	bn	বাঁচালো / জীবিত করেন	1	6	bare-3ms
wv_66de5541	أَحْيَا	fr	fait vivre / a ensuite donné vie	1	6	bare-3ms
wn_838c9594	بَصِير	bn	সর্বদ্রষ্টা	5	46	bare
wv_fb436f13	أَهْلَكَ	ur	ہلاک کردیا	1	2	bare-3ms
wv_fb436f13	أَهْلَكَ	hi	जिसने हलाक किया	1	2	bare-3ms
wv_fb436f13	أَهْلَكَ	tr	helak etti	1	2	bare-3ms
wv_10dfd764	تَذَكَّرَ	fa	پندپذیرند	3	35	bare
wv_56304863	زَادَ	bn	বৃদ্ধি করে	3	14	bare
wv_56304863	زَادَ	fa	بیشتر	1	9	bare
wv_81ef818d	عَقَلُ	tr	düşünen / aklını kullanan	3	24	bare
wv_81ef818d	عَقَلُ	fa	خرد ورزید / خرد می ورزند	4	25	bare
wv_f6a39d0b	كَتَبَ	bn	নির্ধারিত	4	21	bare-3ms
wv_bdfe71cb	ظَنَّ	bn	ভেবেছিলো / মনে করেছিল	1	7	bare-3ms
wv_bdfe71cb	ظَنَّ	fr	savait	1	7	bare-3ms
wv_c29c4d82	شَكَرَ	bn	কৃতজ্ঞ হয়	1	2	bare-3ms
wv_c29c4d82	شَكَرَ	ur	شکر کیا	1	2	bare-3ms
wv_c29c4d82	شَكَرَ	hi	शुक्र किया	1	2	bare-3ms
wv_c29c4d82	شَكَرَ	tr	şükreden	1	2	bare-3ms
wv_c29c4d82	شَكَرَ	fa	سپاس گزارد	1	2	bare-3ms
wv_714542c9	نَبَّأَ	bn	বলে দেয়	1	4	bare
wv_714542c9	نَبَّأَ	ur	آگاہ کردیاجائے	1	3	bare
wv_714542c9	نَبَّأَ	hi	ख़बर दे दीजिए	1	4	bare
wv_714542c9	نَبَّأَ	in	beritakanlah	1	4	bare
wv_714542c9	نَبَّأَ	fa	با خبر ساز	1	2	bare
wv_714542c9	نَبَّأَ	fr	Informe	1	4	bare
wv_c9041189	حَكَمَ	hi	फ़ैसला करे	7	37	bare
wv_c9041189	حَكَمَ	tr	hükmet / hüküm ver	6	29	bare
wv_96280695	يَذَرَ	bn	ছাড়বেন	1	17	bare
wv_96280695	يَذَرَ	hi	छोड़ दो	4	17	bare
wv_96280695	يَذَرَ	fa	واگذار	2	14	bare
wv_96280695	يَذَرَ	fr	laissez	4	17	bare
wn_051fca7b	خَبِير	tr	haberdar / haber almaktadır	7	43	bare
wv_c7dcd7af	أَنذَرَ	bn	সতর্ক করেছিল	1	2	bare-3ms
wv_c7dcd7af	أَنذَرَ	ur	خبردار کیے گئے	1	2	bare-3ms
wv_c7dcd7af	أَنذَرَ	hi	डराए गए	1	2	bare-3ms
wv_c7dcd7af	أَنذَرَ	in	diberi peringatan	1	2	bare-3ms
wv_c7dcd7af	أَنذَرَ	fr	a averti	1	2	bare-3ms
wv_9a339129	شَهِدَ	bn	পাবে / সাক্ষ্য দেয়	1	6	bare-3ms
wv_9a339129	شَهِدَ	tr	görüp / şahidlik etti	1	6	bare-3ms
wv_9a339129	شَهِدَ	fa	دریابد / گواهی دهد	1	6	bare-3ms
wv_9e8b0a25	حَسِبَ	ur	خیال کیا	1	3	bare-3ms
wv_9e8b0a25	حَسِبَ	hi	समझा है	1	3	bare-3ms
wv_9e8b0a25	حَسِبَ	fa	پنداشتند	1	3	bare-3ms
wv_b0d3c5b2	سَبَّحَ	bn	তসবীহ করে	1	3	bare-3ms
wv_b0d3c5b2	سَبَّحَ	tr	tesbih eder	1	3	bare-3ms
wv_5e7505a4	ٱسْتَطَاعَ	fr	sont capables	9	42	bare
wv_24e4f4c4	أُدْخِلَ	ur	داخل کردیا گیا	1	2	bare-3ms
wv_24e4f4c4	أُدْخِلَ	hi	दाख़िल किए जाऐंगे	1	2	bare-3ms
wv_24e4f4c4	أُدْخِلَ	tr	sokulursa	1	2	bare-3ms
wv_24e4f4c4	أُدْخِلَ	fa	درآورده شود	1	2	bare-3ms
wv_24e4f4c4	أُدْخِلَ	fr	est mis à entrer	1	2	bare-3ms
wv_523e89b0	حَمَلَ	bn	বহন করে	4	24	bare
wv_523e89b0	حَمَلَ	ur	اٹھاتی	3	23	bare
wv_523e89b0	حَمَلَ	hi	उठाया	3	24	bare
wv_523e89b0	حَمَلَ	in	bawa	4	24	bare
wv_523e89b0	حَمَلَ	tr	taşır	2	17	bare
wv_523e89b0	حَمَلَ	fa	برداشتیم	2	20	bare
wv_523e89b0	حَمَلَ	fr	portent	4	24	bare
wv_2ce03568	تَرَكَ	tr	bıraktıysa / geriye bıraktıkları	1	6	bare-3ms
wv_2ce03568	تَرَكَ	fa	برجای نهاده است / بر جای نهاده است	2	11	bare-3ms
wv_f511a3a7	ٱسْتَكْبَرَ	tr	kibirlendi	1	4	bare-3ms
wv_6618b7f1	ٱهْتَدَىٰ	bn	সৎপথে চলে	1	7	bare-3ms
wv_4a2045c1	أَرَيْ	bn	দেখাবো	1	2	bare
wv_4a2045c1	أَرَيْ	ur	دکھائیں	1	2	bare
wv_4a2045c1	أَرَيْ	hi	दिखा दें	1	2	bare
wv_4a2045c1	أَرَيْ	in	perhatikan	1	2	bare
wv_4a2045c1	أَرَيْ	tr	göstermeyi	1	2	bare
wv_4a2045c1	أَرَيْ	fa	نشان دهیم	1	2	bare
wv_4a2045c1	أَرَيْ	fr	montrions	1	2	bare
wv_8cce80ad	خَشِىَ	ur	ڈرے / ڈرتا ہو	1	4	bare-3ms
wv_8cce80ad	خَشِىَ	hi	डरे	1	4	bare-3ms
wv_f0b09595	ٱسْتَغْفَرَ	bn	ক্ষমা চাইত	1	2	bare-3ms
wv_f0b09595	ٱسْتَغْفَرَ	ur	بخشش مانگتا	1	2	bare-3ms
wv_f0b09595	ٱسْتَغْفَرَ	hi	बख़्शिश माँगते	1	2	bare-3ms
wv_f0b09595	ٱسْتَغْفَرَ	in	minta ampun	1	2	bare-3ms
wv_f0b09595	ٱسْتَغْفَرَ	tr	mağfiret diledi	1	2	bare-3ms
wv_f0b09595	ٱسْتَغْفَرَ	fa	آمرزش خواست	1	2	bare-3ms
wv_f0b09595	ٱسْتَغْفَرَ	fr	avait demandé le pardon	1	2	bare-3ms
wv_274872c8	تَوَكَّلْ	ur	توکل کیا	7	29	bare
wv_274872c8	تَوَكَّلْ	hi	तवक्कल कीजिए	7	31	bare
wv_274872c8	تَوَكَّلْ	fr	fais confiance	6	31	bare
wv_3bb85999	مَّاتَ	en	died	1	2	bare-3ms
wv_3bb85999	مَّاتَ	bn	মরে গেলে	1	2	bare-3ms
wv_3bb85999	مَّاتَ	ur	مرجائیں	1	2	bare-3ms
wv_3bb85999	مَّاتَ	hi	मर जाए	1	2	bare-3ms
wv_3bb85999	مَّاتَ	in	ia wafat	1	2	bare-3ms
wv_3bb85999	مَّاتَ	tr	ölen	1	2	bare-3ms
wv_3bb85999	مَّاتَ	fr	mourrait	1	2	bare-3ms
wv_b5fedb76	حَرَّمَ	fa	حرام گردانیده / حرام کرده است	4	21	bare-3ms
wv_25ee2cca	بُشِّرَ	bn	সুখবর দেয়া হয়	1	3	bare-3ms
wv_25ee2cca	بُشِّرَ	ur	خوشخبری دیا گیا	1	3	bare-3ms
wv_25ee2cca	بُشِّرَ	tr	müjdelense	1	2	bare-3ms
wn_284c1dee	مُحْسِن	hi	एहसान करने वालों को	7	36	bare
wv_c6eaa00c	رَّضِىَ	fa	خوشنوداست	1	6	bare-3ms
wn_cc2c37fe	مَعْرُوف	bn	সদ্ভাবে	2	12	bare
wv_19cf20e7	حَشَرَ	bn	একত্র করা হবে	1	3	bare-3ms
wv_19cf20e7	حَشَرَ	ur	اکٹھے کیے گئے	1	3	bare-3ms
wv_19cf20e7	حَشَرَ	hi	इकट्ठा किए गए	1	3	bare-3ms
wv_19cf20e7	حَشَرَ	fa	محشور شوند	1	3	bare-3ms
wv_19cf20e7	حَشَرَ	fr	ont été assemblés	1	3	bare-3ms
wv_753bb09e	صَدَّ	en	turned away	1	2	bare-3ms
wv_753bb09e	صَدَّ	bn	বিরত রয়েছে	1	2	bare-3ms
wv_753bb09e	صَدَّ	ur	رک گیا	1	2	bare-3ms
wv_753bb09e	صَدَّ	hi	रुक गया	1	2	bare-3ms
wv_753bb09e	صَدَّ	in	dihalangi	1	2	bare-3ms
wv_753bb09e	صَدَّ	tr	çıkarıldı	1	2	bare-3ms
wv_753bb09e	صَدَّ	fa	روی برتافت	1	2	bare-3ms
wv_753bb09e	صَدَّ	fr	s’est détourné	1	2	bare-3ms
wv_ed3df04a	رَدَّ	bn	ফিরিয়েছে	1	24	bare
wv_ed3df04a	رَدَّ	hi	लौटाए जाऐं	3	24	bare
wv_ed3df04a	رَدَّ	tr	itilir	2	22	bare
wv_ed3df04a	رَدَّ	fa	برگردانیم	1	21	bare
wv_ed3df04a	رَدَّ	fr	revient	1	24	bare
wv_99572ef6	ذَهَبَ	bn	গেল	1	6	bare-3ms
wv_99572ef6	ذَهَبَ	fr	part	1	6	bare-3ms
wv_0ea0c45f	ٱسْتَوَىٰ	tr	yöneldi / istiva etti	2	12	bare-3ms
wv_6099a552	سَجَدَ	in	sujudlah	1	2	bare-3ms
wv_6099a552	سَجَدَ	fr	se sont prosternés	1	2	bare-3ms
wn_a1442ced	مَتاع	tr	geçimi	4	23	bare
wv_f54d50f2	نَسِىَ	tr	unutur	1	5	bare-3ms
wv_075ab2ec	ٱخْتَلَفَ	tr	ayrılığa düşüldü	1	5	bare-3ms
wv_075ab2ec	ٱخْتَلَفَ	fr	ont ensuite différé / ont été en désaccord	1	5	bare-3ms
wv_7a7e35f9	ٱبْتَغَىٰ	bn	চায়	1	2	bare-3ms
wv_7a7e35f9	ٱبْتَغَىٰ	ur	تلاش کرے	1	2	bare-3ms
wv_7a7e35f9	ٱبْتَغَىٰ	hi	चाहे	1	2	bare-3ms
wv_7a7e35f9	ٱبْتَغَىٰ	tr	ararsa	1	2	bare-3ms
wv_299f8504	قَامَ	hi	क़ायम होगी	5	30	bare
wv_299f8504	قَامَ	fa	برخیز	6	26	bare
wv_299f8504	قَامَ	fr	s’établira	5	30	bare
wn_bb9d9330	نَعَم	hi	मवेशी / मवेशियों के	4	18	bare
wv_bdb5ae00	نَهَىٰ	ur	روکے گئے	5	22	bare
wv_bdb5ae00	نَهَىٰ	hi	रोकता है	2	22	bare
wv_bdb5ae00	نَهَىٰ	tr	men'eder	3	22	bare
wv_bdb5ae00	نَهَىٰ	fa	بازدار	2	20	bare
wv_bdb5ae00	نَهَىٰ	fr	interdisent	5	22	bare
wn_d196a876	حَيْث	in	mana	7	29	bare
wv_0475336c	نَفَعَ	hi	नफ़ा देगा	3	14	bare
wv_0475336c	نَفَعَ	tr	faydası / fayda vermez	1	8	bare
wv_87b66e8e	وَلَّىٰ	hi	वो फिर गया	1	3	bare-3ms
wv_87b66e8e	وَلَّىٰ	tr	kaçtı	1	3	bare-3ms
wv_87b66e8e	وَلَّىٰ	fa	روی گرادنید	1	3	bare-3ms
wn_c61795a4	عاد	bn	আ'দের	4	19	bare
wn_c61795a4	عاد	hi	आद	4	19	bare
wn_7bae634c	شَرّ	bn	অনিষ্ট	5	23	bare
wn_7bae634c	شَرّ	hi	बदतरीन	5	22	bare
wn_d3fcbc90	مَلَأ	bn	প্রধানরা / প্রধান ব্যক্তিরা	3	20	bare
wv_b85c353e	لَبِثَ	bn	রয়ে গেলো	1	3	bare-3ms
wv_b85c353e	لَبِثَ	in	tetap	1	3	bare-3ms
wv_b85c353e	لَبِثَ	fa	ماند	1	2	bare-3ms
wv_b85c353e	لَبِثَ	fr	a tardé	1	3	bare-3ms
wn_c5043e2d	كَرِيم	hi	मुअज़्ज़िज़ / इज़्ज़त वाला	5	30	bare
wv_82ed5cdd	أَبْصَرَ	fa	می بینید	3	13	bare
wn_86159f27	رَجُل	hi	आदमी	3	25	bare
wv_4b5857ee	ٱسْتَجَابَ	ur	قبول کرلیا	1	4	bare-3ms
wv_4b5857ee	ٱسْتَجَابَ	in	diterima	1	4	bare-3ms
wv_4b5857ee	ٱسْتَجَابَ	tr	karşılık verdi	1	3	bare-3ms
wv_4b5857ee	ٱسْتَجَابَ	fr	a été répondu	1	4	bare-3ms
wv_ee360106	رَحِمَ	in	kasihani	1	5	bare-3ms
wv_ee360106	رَحِمَ	tr	acıdığı	1	4	bare-3ms
wv_f135f285	أَغْنَتْ	hi	काम आए	5	24	bare
wv_f135f285	أَغْنَتْ	tr	savamaz	2	12	bare
wv_f135f285	أَغْنَتْ	fa	بازندارد / بازمی دارد	1	8	bare
wn_9584b8d8	حَدِيث	in	cerita	6	26	bare
wn_f7460178	باب	fa	درها	5	22	bare
wv_883d89ca	قَدَّمَ	en	brought	1	2	bare-3ms
wv_883d89ca	قَدَّمَ	bn	আগে পাঠিয়েছে	1	2	bare-3ms
wv_883d89ca	قَدَّمَ	ur	آگے بھیجا ہے	1	2	bare-3ms
wv_883d89ca	قَدَّمَ	hi	आगे लाया	1	2	bare-3ms
wv_883d89ca	قَدَّمَ	in	kerjakan/dahulukan	1	2	bare-3ms
wv_883d89ca	قَدَّمَ	tr	önümüze getirdiyse	1	2	bare-3ms
wv_883d89ca	قَدَّمَ	fa	پیش فرستاده	1	2	bare-3ms
wv_a9248df1	أَفْلَحَ	bn	সফল হবে	1	4	bare-3ms
wv_a9248df1	أَفْلَحَ	tr	başarmıştır	1	4	bare-3ms
wv_8de7a426	جَٰهَدَ	hi	जिहाद करे	1	2	bare-3ms
wv_8de7a426	جَٰهَدَ	tr	cihadeden	1	2	bare-3ms
wv_8de7a426	جَٰهَدَ	fa	بکوشد	1	2	bare-3ms
wv_8de7a426	جَٰهَدَ	fr	lutte	1	2	bare-3ms
wn_f22c7a8c	آل	hi	आले लूत	4	22	bare
wv_8865a7cb	زَيَّنَ	bn	শোভন করেছিলো	3	17	bare-3ms
wv_8865a7cb	زَيَّنَ	tr	süsledi / süslü gösterildi	4	17	bare-3ms
wv_ea5ac5d7	يَشْعُرُ	fa	فهمیدند	1	4	bare
wv_b48601eb	خَلَا	en	had passed	1	2	bare-3ms
wv_b48601eb	خَلَا	bn	মিলে গোপনে	1	2	bare-3ms
wv_b48601eb	خَلَا	ur	گزرا ہے	1	2	bare-3ms
wv_b48601eb	خَلَا	hi	गुज़रा है	1	2	bare-3ms
wv_b48601eb	خَلَا	in	berkumpul	1	2	bare-3ms
wv_b48601eb	خَلَا	tr	geçmiş	1	2	bare-3ms
wv_b48601eb	خَلَا	fa	خلوت کنند	1	2	bare-3ms
wv_b48601eb	خَلَا	fr	soit passé	1	2	bare-3ms
wn_d498926b	بَأْس	fa	آسیب	1	7	bare
wv_555a4713	قَدَرَ	en	restricts	1	3	bare-3ms
wv_555a4713	قَدَرَ	bn	সংকীর্ণ করেন	1	3	bare-3ms
wv_555a4713	قَدَرَ	ur	تنگ کیا گیا	1	2	bare-3ms
wv_555a4713	قَدَرَ	hi	तंग किया गया	1	3	bare-3ms
wv_555a4713	قَدَرَ	in	ditetapkan	1	3	bare-3ms
wv_555a4713	قَدَرَ	tr	daraltsa	1	2	bare-3ms
wv_555a4713	قَدَرَ	fa	تنگ شده	1	2	bare-3ms
wv_55f63041	بَغَىٰ	bn	বাড়াবাড়ি করেছে	1	3	bare-3ms
wv_55f63041	بَغَىٰ	ur	زیادتی کی گئی	1	3	bare-3ms
wv_55f63041	بَغَىٰ	in	dianiaya	1	3	bare-3ms
wv_55f63041	بَغَىٰ	tr	saldırdı	1	3	bare-3ms
wv_55f63041	بَغَىٰ	fa	ستم کنند	1	3	bare-3ms
wv_55f63041	بَغَىٰ	fr	a cherché à transgresser	1	2	bare-3ms
wv_c1154a7d	جادَلُ	bn	বিতর্ক করে	4	17	bare
wv_191e2c01	كَادَ	en	had nearly	1	2	bare-3ms
wv_191e2c01	كَادَ	ur	قریب ہے	1	2	bare-3ms
wv_191e2c01	كَادَ	hi	वो क़रीब था	1	2	bare-3ms
wv_191e2c01	كَادَ	fr	ont été proches	1	2	bare-3ms
wv_aafa24bd	تَوَفَّىٰ	ur	فوت کرتا ہے / فوت کیا جاتا ہے	1	4	bare
wv_aafa24bd	تَوَفَّىٰ	hi	फ़ौत करते हैं / फ़ौत कर लिए जाते हैं	1	6	bare
wv_aafa24bd	تَوَفَّىٰ	fa	برمی گیرد / جانشان گرفته می شود	1	5	bare
wv_aafa24bd	تَوَفَّىٰ	fr	font mourir / sont amenés à mourir	1	6	bare
wn_482062f3	غَنِيّ	fr	riches / celui qui suffit à Lui-même	4	22	bare
wv_de46f4db	أَنجَىٰ	ur	بچالیا اس کو / نجات دی ہم نے	1	7	bare
wv_5838f67e	بَدَّلَ	bn	বদলে নেয়	1	4	bare-3ms
wv_5838f67e	بَدَّلَ	hi	बदल डाला	1	4	bare-3ms
wv_5838f67e	بَدَّلَ	fr	change	1	4	bare-3ms
wn_32383d43	مِسْكِين	bn	নিঃস্বকে	2	11	bare
wv_7d202a62	لَعَنَ	bn	অভিশাপ দেন	1	5	bare-3ms
wv_7d202a62	لَعَنَ	hi	लानत की है / लानत की उस पर	1	5	bare-3ms
wv_7d202a62	لَعَنَ	fa	لعنت شدند / لعنت کرد او را	1	5	bare-3ms
wn_a4ea3d3c	ذِكْرَى	fa	پندی / پند دادن	2	12	bare
wv_824b7e81	رَفَعَ	bn	চড়ালেন / উন্নীত করেছেন	1	6	bare-3ms
wv_824b7e81	رَفَعَ	ur	اٹھایا / بلند کیا	1	6	bare-3ms
wn_45096af9	خَلْف	bn	পরবর্তীরা	1	2	bare
wn_45096af9	خَلْف	ur	نااہل وارث	1	2	bare
wn_45096af9	خَلْف	hi	नाख़ल्फ़	1	2	bare
wn_45096af9	خَلْف	tr	yerlerine geçip	1	2	bare
wv_2e4af30f	أَسْلَمَ	ur	سپرد کردیا	1	4	bare-3ms
wv_2e4af30f	أَسْلَمَ	hi	इस्लाम लाया	1	5	bare-3ms
wv_2e4af30f	أَسْلَمَ	tr	İslam	1	5	bare-3ms
wv_2e4af30f	أَسْلَمَ	fa	تسلیم کند	1	5	bare-3ms
wn_bad3db36	دُعاء	bn	আহবান	2	11	bare
wn_bad3db36	دُعاء	tr	du'ayı	2	10	bare
wn_bad3db36	دُعاء	fa	دعوت	2	11	bare
wv_ab01adb9	يَرْجُوا۟	hi	उम्मीद रखता / नहीं वो उम्मीद रखते	5	21	bare
wv_6d5846b5	وَهَبَ	bn	দান করলেন	1	2	bare-3ms
wv_6d5846b5	وَهَبَ	ur	عطا کیا	1	2	bare-3ms
wv_6d5846b5	وَهَبَ	hi	अता किए	1	2	bare-3ms
wv_6d5846b5	وَهَبَ	in	memberikan	1	2	bare-3ms
wv_6d5846b5	وَهَبَ	fa	بخشید	1	2	bare-3ms
wv_6d5846b5	وَهَبَ	fr	a offert	1	2	bare-3ms
wv_9c4e94c1	جَمَعَ	en	collects	1	5	bare-3ms
wv_9c4e94c1	جَمَعَ	tr	yığdı	1	5	bare-3ms
wv_9c4e94c1	جَمَعَ	fa	گردآورد	1	5	bare-3ms
wv_da1eddb7	مَكَرَ	tr	tuzak kurdu	1	3	bare-3ms
wn_f2d500ac	بَرّ	hi	खुश्की	2	19	bare
wv_dfce1598	أَذَاقَ	en	make taste	1	5	bare
wv_faba221e	سَخَّرَ	fa	رام کرد	3	16	bare-3ms
wn_7413951e	مُفْسِد	ur	مفسد / فساد کرنے والوں	4	17	bare
wn_7413951e	مُفْسِد	hi	मुफ़सिद बनकर	3	18	bare
wv_02026388	اسْتُهْزِئَ	fa	ریشخند شدند / ریشخند شده اند	1	3	bare-3ms
wv_f7352b81	ٱشْتَرَىٰ	en	purchased	1	3	bare-3ms
wv_f7352b81	ٱشْتَرَىٰ	bn	তা কিনবে	1	3	bare-3ms
wv_f7352b81	ٱشْتَرَىٰ	ur	خرید لیں	1	2	bare-3ms
wv_f7352b81	ٱشْتَرَىٰ	hi	ख़रीद लीं	1	3	bare-3ms
wv_f7352b81	ٱشْتَرَىٰ	tr	satın almıştır / onu satın alan	1	3	bare-3ms
wv_f7352b81	ٱشْتَرَىٰ	fa	خریده است	1	3	bare-3ms
wv_f7352b81	ٱشْتَرَىٰ	fr	achète / a acheté	1	3	bare-3ms
wv_d4532bda	مَشَ	hi	चलो / चलता है	5	21	bare
wv_d4532bda	مَشَ	fa	می رفت	2	17	bare
wv_969237e6	أَمَاتَ	en	causes death	1	3	bare-3ms
wv_969237e6	أَمَاتَ	bn	মারেন	1	3	bare-3ms
wv_969237e6	أَمَاتَ	ur	جس نے موت دی	1	3	bare-3ms
wv_969237e6	أَمَاتَ	hi	जिसने मौत दी	1	3	bare-3ms
wv_969237e6	أَمَاتَ	tr	öldüren	1	3	bare-3ms
wv_969237e6	أَمَاتَ	fa	می میراند	1	3	bare-3ms
wv_8ed1f361	كَتَمَ	fa	می داشتید	1	13	bare
wv_53c8af8b	أَحْسَنَ	ur	اچھا دیا	2	9	bare-3ms
wv_53c8af8b	أَحْسَنَ	hi	एहसान किया	2	9	bare-3ms
wv_a0b4e9d9	وَضَعَ	bn	রাখা হবে	1	4	bare-3ms
wv_a0b4e9d9	وَضَعَ	ur	بنایا گیا / رکھ دی جائے گی	1	4	bare-3ms
wv_a0b4e9d9	وَضَعَ	hi	रखदी जाएगी	1	4	bare-3ms
wv_a0b4e9d9	وَضَعَ	tr	konur	1	4	bare-3ms
wv_a0b4e9d9	وَضَعَ	fa	بنهاد / نهاده شود	1	4	bare-3ms
wv_a0b4e9d9	وَضَعَ	fr	établie / sera posé	1	4	bare-3ms
wv_6dea74e3	عَرَفَ	hi	पहचाने जाऐंगे	1	11	bare
wv_6dea74e3	عَرَفَ	tr	tanıdıkları	2	9	bare
wv_6dea74e3	عَرَفَ	fa	شناختند / می شناسند	2	9	bare
wv_d6c6d24e	سَعَىٰ	fa	بکو شد	1	6	bare-3ms
wv_254538c7	كَلَّمَ	bn	বলেছেন কথা	1	5	bare-3ms
wv_254538c7	كَلَّمَ	in	berkata-kata	1	5	bare-3ms
wv_b033c261	بَلَوْ	en	tried	1	5	bare
wv_b033c261	بَلَوْ	bn	ক্ষয় হয়	1	5	bare
wv_b033c261	بَلَوْ	ur	آزمائیں	1	5	bare
wv_b033c261	بَلَوْ	hi	आज़माऐंगे	1	5	bare
wv_b033c261	بَلَوْ	in	binasa	1	5	bare
wv_b033c261	بَلَوْ	tr	yoklanacağı	1	4	bare
wv_b033c261	بَلَوْ	fa	دچار شود	1	4	bare
wv_b033c261	بَلَوْ	fr	détériorera	1	5	bare
wv_cc34f9b4	أَحَلَّ	fr	a autorisé	1	9	bare-3ms
wv_8e99a639	أَمِنَ	hi	ऐतबार करे / अमन में आ जाओ तुम	1	7	bare
wv_d15b2b25	قَصَّ	fa	حکایت کردیم	2	14	bare
wv_218db3dc	أَقْسَمُ	hi	क़समें खाईं / क़सम खाता हूँ	4	18	bare
wv_218db3dc	أَقْسَمُ	tr	and içerim	4	17	bare
wn_2b5b1bb5	حِزْب	bn	দলের	4	18	bare
wv_302d830c	أَنشَأَ	ur	جس نے پیدا کئے	1	2	bare-3ms
wv_302d830c	أَنشَأَ	in	menumbuhkan	1	2	bare-3ms
wv_302d830c	أَنشَأَ	fa	پدید آورد	1	2	bare-3ms
wn_60128061	حَمِيم	hi	गहरा	2	19	bare
wv_1dda0db6	حَقَّ	fr	est devenu mérité	2	12	bare-3ms
wv_ffed929e	سَبَقَ	bn	আগে ঘটেছে	1	3	bare-3ms
wv_ffed929e	سَبَقَ	ur	گزرچکی	1	4	bare-3ms
wv_ffed929e	سَبَقَ	fa	پیش صادر شد	1	3	bare-3ms
wn_687aaaef	مُعْرِض	bn	উপেক্ষাকারী / মুখ ফিরিয়ে নেয়	3	19	bare
wv_3d835bae	يَضُرَّ	hi	वो नुक़सान देगा / वो नुक़सान दे सकते	1	6	bare
wv_3d835bae	يَضُرَّ	tr	zarar veremezler	1	2	bare
wv_3d835bae	يَضُرَّ	fr	font du mal	1	6	bare
wv_8f1d471a	اسْتَعْجَلَ	bn	শীঘ্র চাচ্ছ	2	12	bare
wv_8f1d471a	اسْتَعْجَلَ	ur	جلدی مچاتے	2	11	bare
wv_8f1d471a	اسْتَعْجَلَ	hi	जल्दी माँगते हो	2	11	bare
wn_55699fc7	مُهْتَدي	tr	gidiyoruz	1	9	bare
wv_d0ae996a	أَوْفَىٰ	en	fulfils	1	2	bare-3ms
wv_d0ae996a	أَوْفَىٰ	bn	পুর্ণ করবে	1	2	bare-3ms
wv_d0ae996a	أَوْفَىٰ	ur	پورا کیا	1	2	bare-3ms
wv_d0ae996a	أَوْفَىٰ	hi	पूरा करे	1	2	bare-3ms
wv_d0ae996a	أَوْفَىٰ	tr	tutarsa	1	2	bare-3ms
wv_d0ae996a	أَوْفَىٰ	fa	وفاکند	1	2	bare-3ms
wv_418a29cc	أَسَرَّ	en	conceals	1	2	bare-3ms
wv_418a29cc	أَسَرَّ	bn	গোপন করে	1	2	bare-3ms
wv_418a29cc	أَسَرَّ	ur	چھپائے	1	2	bare-3ms
wv_418a29cc	أَسَرَّ	hi	छुपा कर की	1	2	bare-3ms
wv_418a29cc	أَسَرَّ	tr	gizleyen	1	2	bare-3ms
wv_418a29cc	أَسَرَّ	fa	نهان دارد	1	2	bare-3ms
wv_418a29cc	أَسَرَّ	fr	cache	1	2	bare-3ms
wv_be5c1e75	مَتَّعْ	en	have bestowed	1	6	bare
wv_be5c1e75	مَتَّعْ	bn	উপভোগ করে	1	6	bare
wv_be5c1e75	مَتَّعْ	ur	فائدہ دیے جاتے / فائدہ دیا ہم نے	1	5	bare
wv_be5c1e75	مَتَّعْ	in	menikmati / beri kesenangan	1	6	bare
wv_be5c1e75	مَتَّعْ	tr	yaşattım	1	4	bare
wv_be5c1e75	مَتَّعْ	fa	برخوردار کردیم / بهره مند ساختیم	1	4	bare
wn_cfa9c1bb	رَأْس	en	head	1	2	bare
wn_cfa9c1bb	رَأْس	tr	ana	1	3	bare
wn_cfa9c1bb	رَأْس	fa	سر	1	3	bare
wn_cfa9c1bb	رَأْس	fr	tête	1	3	bare
wv_2acb923c	أَمْسَكَ	en	withholds	2	9	bare
wv_2acb923c	أَمْسَكَ	bn	রাখো	1	9	bare
wv_2acb923c	أَمْسَكَ	hi	रोक रख	1	9	bare
wv_7667dd27	أُخْفِيَ	tr	gizledikleri	3	13	bare
wv_7667dd27	أُخْفِيَ	fa	پنهان کنید	1	11	bare
wv_7471068d	وَفَّىٰ	en	fulfilled	1	2	bare-3ms
wv_7471068d	وَفَّىٰ	bn	পূর্ণ করেছে	1	2	bare-3ms
wv_7471068d	وَفَّىٰ	hi	वफ़ा की	1	2	bare-3ms
wv_7471068d	وَفَّىٰ	in	sempurnakan	1	2	bare-3ms
wv_7471068d	وَفَّىٰ	tr	tam görür	1	2	bare-3ms
wv_7471068d	وَفَّىٰ	fr	a complété	1	2	bare-3ms
wv_6db04db8	عَادَ	en	returns	1	3	bare-3ms
wv_6db04db8	عَادَ	ur	لوٹے	1	3	bare-3ms
wv_6db04db8	عَادَ	hi	लौटा	1	3	bare-3ms
wv_6db04db8	عَادَ	tr	hale geldi	1	3	bare-3ms
wv_438369db	ذُكِّرَ	bn	উপদেশ দেওয়া হয়	1	2	bare-3ms
wv_438369db	ذُكِّرَ	tr	hatırlatılan	1	2	bare-3ms
wv_438369db	ذُكِّرَ	fa	پند داده شد	1	2	bare-3ms
wv_438369db	ذُكِّرَ	fr	est rappelé	1	2	bare-3ms
wn_1a38ea29	مَوْلَى	tr	dost	1	6	bare
wn_47712347	ذَكَر	hi	लड़के / मर्द हो	3	13	bare
wn_94114af6	مُنكَر	bn	মন্দ	2	14	bare
wv_eaae164a	أُعِيدُ	bn	পুনরাবর্তন ঘটান / পুনরাবৃত্তি করবেন তা	2	11	bare
wv_eaae164a	أُعِيدُ	ur	لوٹاتا ہے / لوٹائے گا اس کو	2	11	bare
wv_eaae164a	أُعِيدُ	tr	geri çevrilirler	2	11	bare
wv_eaae164a	أُعِيدُ	fa	آن را باز گرداند / باز می گرداند آن را	2	9	bare
wv_429e12e6	أَنْعَمَ	in	menganugerahi nikmat / telah memberi nikmat	1	5	bare-3ms
wv_429e12e6	أَنْعَمَ	fa	نعمت داد	1	5	bare-3ms
wn_2750d3c9	حَوْل	bn	পাশ	1	4	bare
wn_2750d3c9	حَوْل	in	setahun	1	4	bare
wn_2750d3c9	حَوْل	tr	yıla	1	3	bare
wn_2750d3c9	حَوْل	fa	اطراف	1	4	bare
wn_2750d3c9	حَوْل	fr	année	1	3	bare
wn_2c0fc055	ثَمَرَة	hi	फल	3	16	bare
wv_e4dee28a	أَحَاطَ	en	encompasses / has encompassed	1	7	bare-3ms
wv_e4dee28a	أَحَاطَ	fa	احاطه شدند	1	6	bare-3ms
wv_67e249ec	وَدَّ	en	Wish	1	2	bare-3ms
wv_67e249ec	وَدَّ	tr	isterler	1	2	bare-3ms
wv_67e249ec	وَدَّ	fr	Aimeraient	1	2	bare-3ms
wn_d2e71889	أَهْواء	in	keinginan / hawa nafsu	1	3	bare
wv_fb0dcfb7	ٱنقَلَبَ	bn	ফিরবে	3	17	bare
wv_fb0dcfb7	ٱنقَلَبَ	ur	لوٹے	2	16	bare
wv_fb0dcfb7	ٱنقَلَبَ	hi	वो पलटे	2	17	bare
wv_fb0dcfb7	ٱنقَلَبَ	tr	döner	3	16	bare
wv_fb0dcfb7	ٱنقَلَبَ	fr	retourne	3	17	bare
wv_74b1ccef	يَتَفَكَّرُ	bn	চিন্তা করে	4	17	bare
wv_74b1ccef	يَتَفَكَّرُ	hi	ग़ौरो फ़िक्र करो / जो ग़ौरो फ़िक्र करते हैं	3	15	bare
wv_74b1ccef	يَتَفَكَّرُ	fa	بیندیشند / می اندیشند	2	14	bare
wn_eb9dba3e	حَمِيد	fr	digne de compliments	1	2	bare
wn_f6737ba2	تَأْوِيل	tr	içyüzü / sonuç bakımından	1	4	bare
wn_9014ebea	قائِم	ur	قائم	2	12	bare
wn_cdd494c5	فاحِشَة	fa	کاری زشت / کار زشت را	2	11	bare
wv_09ac11a2	فَصَّلَ	bn	বিশদভাবে বিবৃত	2	15	bare
wv_09ac11a2	فَصَّلَ	ur	کھول کر رکھتے ہیں	1	4	bare
wv_09ac11a2	فَصَّلَ	fr	expliquons en détail	3	15	bare
wv_ba4027f3	أَدْرَىٰ	en	can make you know / will make you know	8	17	pronoun
wv_ba4027f3	أَدْرَىٰ	bn	জান	14	17	pronoun
wv_ba4027f3	أَدْرَىٰ	ur	بتائے تجھ کو	16	17	pronoun
wv_ba4027f3	أَدْرَىٰ	hi	बताए आपको	16	17	pronoun
wv_ba4027f3	أَدْرَىٰ	in	tahu	10	17	pronoun
wv_ba4027f3	أَدْرَىٰ	tr	sana bildiren	9	16	pronoun
wv_ba4027f3	أَدْرَىٰ	fa	آگاهت کرد	10	17	pronoun
wv_ba4027f3	أَدْرَىٰ	fr	fera savoir	15	17	pronoun
wv_4bb73d90	أَنۢبَتَ	ur	اگاتی ہے / اگائے ہم نے	3	14	bare
wv_e79d573f	فَتَحَ	bn	খুললো	1	15	bare
wv_e79d573f	فَتَحَ	ur	فیصلہ کردے	2	15	bare
wv_e79d573f	فَتَحَ	hi	खोल दे	1	15	bare
wv_e79d573f	فَتَحَ	tr	açtık	2	15	bare
wv_e79d573f	فَتَحَ	fa	گشودیم	2	15	bare
wv_e79d573f	فَتَحَ	fr	Juge	2	15	bare
wv_da06801d	أَتَمَّ	fa	تمام کند	1	9	bare
wn_c03a34e0	يَعْقُوب	ur	یعقوب کو	1	5	bare
wn_c03a34e0	يَعْقُوب	hi	याक़ूब को	1	5	bare
wv_300cc194	ٱنتَهَىٰ	tr	vazgeçerse / son verirlerse	2	9	bare
wv_8ae0dfd1	وَقَىٰ	bn	বাঁচাবে / রক্ষা কর	1	5	bare
wv_8ae0dfd1	وَقَىٰ	ur	بچاؤ / بچالیا گیا	1	5	bare
wv_8ae0dfd1	وَقَىٰ	hi	बचाओ / बचा लिया गया	1	5	bare
wv_8ae0dfd1	وَقَىٰ	fa	نگهدارید	1	5	bare
wv_8ae0dfd1	وَقَىٰ	fr	protèges / est protégé	1	5	bare
wv_dcc1b72c	بَسَطَ	bn	সম্প্রসারিত করে / প্রশস্ত করে দেন	3	15	bare
wv_dcc1b72c	بَسَطَ	fa	بگشایی	1	15	bare
wn_57ebde5c	مَرْجِع	en	return	16	16	pronoun
wn_57ebde5c	مَرْجِع	bn	প্রত্যাবর্তন	16	16	pronoun
wn_57ebde5c	مَرْجِع	ur	لوٹنا	14	16	pronoun
wn_57ebde5c	مَرْجِع	hi	लौटना	15	16	pronoun
wn_57ebde5c	مَرْجِع	in	kembali	16	16	pronoun
wn_57ebde5c	مَرْجِع	tr	dönüşü	12	16	pronoun
wn_57ebde5c	مَرْجِع	fa	باز گشت / بازگشت	11	16	pronoun
wn_57ebde5c	مَرْجِع	fr	retour	16	16	pronoun
wv_b794adf6	فَرِحَ	en	Rejoice	1	2	bare-3ms
wv_b794adf6	فَرِحَ	bn	খুশি হয়েছে	1	2	bare-3ms
wv_b794adf6	فَرِحَ	ur	خوش ہوگئے	1	2	bare-3ms
wv_b794adf6	فَرِحَ	hi	ख़ुश हो गए	1	2	bare-3ms
wv_b794adf6	فَرِحَ	tr	sevinir	1	2	bare-3ms
wv_b794adf6	فَرِحَ	fa	شاد شوند	1	2	bare-3ms
wv_b794adf6	فَرِحَ	fr	se réjoui	1	2	bare-3ms
wv_865c6ae4	مَنَّ	fr	a placé Sa Faveur / a donné de la faveur	1	4	bare-3ms
wv_b5558080	خَسِرَ	hi	ख़सारा पाया / ख़सारे में रहे	1	7	bare-3ms
wv_b5558080	خَسِرَ	tr	ziyana uğradı	1	7	bare-3ms
wv_aefca8d0	أُفِكَ	bn	তোমাদের ফিরানো হচ্ছে	3	15	bare
wv_aefca8d0	أُفِكَ	fa	برساخته بودند	1	15	bare
wv_d8a3043c	ٱسْتَمَعَ	bn	শোনো	1	15	bare
wv_d8a3043c	ٱسْتَمَعَ	hi	ग़ौर से सुनते	3	14	bare
wv_d8a3043c	ٱسْتَمَعَ	fa	بشنو	2	13	bare
wn_fc0af6f5	مِيزان	tr	mizanı	1	3	bare
wn_fc0af6f5	مِيزان	fa	سنجش / ترازو را	1	4	bare
wv_3b58cd1a	قَرَأَ	bn	পাঠ করা হয়	1	3	bare-3ms
wv_3b58cd1a	قَرَأَ	ur	پڑھا جائے	1	3	bare-3ms
wv_3b58cd1a	قَرَأَ	hi	पढ़ा जाए	1	3	bare-3ms
wv_cc9d88d0	قَدَّرَ	ur	اندازہ	1	7	bare-3ms
wv_5900985d	أَفْسَدُ	bn	বিপর্যয় করো	1	10	bare
wv_f4530def	يُبْدِيَ	tr	göstermesinler	2	9	bare
wv_80d7124b	سَكَنَ	ur	رہو	2	9	bare
wv_80d7124b	سَكَنَ	in	tinggallah	2	9	bare
wv_c569e9c0	شَرِبَ	fa	بنوشید	2	15	bare
wv_a321b2b1	ٱعْتَدَىٰ	bn	সীমালংঘন করবে	1	4	bare-3ms
wv_a321b2b1	ٱعْتَدَىٰ	tr	saldırırsa	1	3	bare-3ms
wv_a321b2b1	ٱعْتَدَىٰ	fa	تجاوز کند	1	4	bare-3ms
wn_c8dd6816	ظَهْر	en	backs	9	14	pronoun
wn_c8dd6816	ظَهْر	bn	পিঠ	9	14	pronoun
wn_c8dd6816	ظَهْر	ur	پیٹھ / پشت	7	14	pronoun
wn_c8dd6816	ظَهْر	hi	पुश्त	8	14	pronoun
wn_c8dd6816	ظَهْر	in	punggung	11	14	pronoun
wn_c8dd6816	ظَهْر	tr	sırtı / sırtlarının	3	9	pronoun
wn_c8dd6816	ظَهْر	fa	پشت	11	11	pronoun
wn_c8dd6816	ظَهْر	fr	dos	10	14	pronoun
wn_8f3dd978	مِلَّة	bn	দীন	2	10	bare
wv_cf4e3808	صَدَقَ	en	told truth	1	4	bare-3ms
wv_cf4e3808	صَدَقَ	tr	doğrudur	1	4	bare-3ms
wv_cf4e3808	صَدَقَ	fr	a réalisé / ont dit la vérité	1	4	bare-3ms
wv_4f20a23a	وَعَظْ	en	preach	1	6	bare
wv_4f20a23a	وَعَظْ	bn	সদুপদেশ দাও / উপদেশ দেয়া হচ্ছে	1	6	bare
wv_4f20a23a	وَعَظْ	ur	نصیحت کرتے ہو / نصیحت کی جاتی ہے	1	5	bare
wv_4f20a23a	وَعَظْ	hi	नसीहत करते हो / नसीहत की जाती है	1	5	bare
wv_4f20a23a	وَعَظْ	in	diajar	1	6	bare
wv_4f20a23a	وَعَظْ	fr	conseillait de manière émouvante / est conseillé de manière émouvante	1	5	bare
wv_008ceb2d	أُوذِيَ	ur	ستائے گئے	2	12	bare
wv_008ceb2d	أُوذِيَ	hi	ईज़ा दो	1	12	bare
wv_008ceb2d	أُوذِيَ	tr	incitirler	1	7	bare
wn_7139c5a1	حَرَج	bn	সংকীর্ণতা / কোনো অপরাধ	2	15	bare
wv_8848ec05	أَخَّرَ	en	delay	1	5	bare
wv_8848ec05	أَخَّرَ	bn	অবকাশ দেন	1	5	bare
wv_8848ec05	أَخَّرَ	ur	ڈھیل	1	4	bare
wv_8848ec05	أَخَّرَ	hi	मोहलत देगा / उसने पीछे छोड़ा	1	5	bare
wv_8848ec05	أَخَّرَ	in	undurkan	1	5	bare
wv_8848ec05	أَخَّرَ	tr	ertelemez	1	4	bare
wv_8848ec05	أَخَّرَ	fr	reporte / a remis à plus tard	1	5	bare
wn_a85cd317	رِجْل	en	feet	1	2	bare
wn_a85cd317	رِجْل	bn	পাসমূহ	1	2	bare
wn_a85cd317	رِجْل	ur	پاؤں	1	2	bare
wn_a85cd317	رِجْل	hi	पाँव	1	2	bare
wn_a85cd317	رِجْل	in	kaki-kaki	1	2	bare
wn_a85cd317	رِجْل	tr	ayakları	1	2	bare
wn_a85cd317	رِجْل	fa	دوپای	1	2	bare
wv_a0b02af3	صَنَعُ	bn	করে	3	14	bare
wv_a0b02af3	صَنَعُ	hi	बना	3	14	bare
wv_a0b02af3	صَنَعُ	fa	بساز	2	12	bare
wv_a0b02af3	صَنَعُ	fr	œuvrent	3	14	bare
wn_1cfa966c	مُسْرِف	hi	हद से बढ़ने वाले	2	10	bare
wv_ae57622a	أَغْنَىٰ	fa	سودی	1	4	bare-3ms
wn_08cd7a17	ضالّ	ur	گمراہ	2	10	bare
wv_8b8d339d	لَقُ	bn	মিলে	1	10	bare
wv_8b8d339d	لَقُ	ur	پائے گا	2	10	bare
wv_8b8d339d	لَقُ	hi	वो पाएगा	2	10	bare
wv_8b8d339d	لَقُ	tr	rastladıkları	2	9	bare
wv_8b8d339d	لَقُ	fa	یافتیم	1	10	bare
wn_14805ec0	خاشِع	hi	दबी हुई	1	12	bare
wn_14805ec0	خاشِع	in	tunduk	2	12	bare
wn_14805ec0	خاشِع	tr	saygılıdırlar	2	11	bare
wn_14805ec0	خاشِع	fa	خاشع	2	12	bare
wn_16d2a0da	عَدْل	fa	برابر	1	5	bare
wv_cf94f7c2	أَخْلَفُ	tr	dönmez	1	5	bare
wv_cf94f7c2	أَخْلَفُ	fa	خلاف کردند	1	4	bare
wn_cbfae5bc	مُهِين	hi	रुस्वाकुन / रुस्वा करने वाला	3	14	bare
wn_582cc3c4	شاكِر	hi	क़द्रदान	2	13	bare
wn_845af2ba	ابْتِغاء	ur	تعاقب	1	9	bare
wn_845af2ba	ابْتِغاء	tr	kazanmak	2	10	bare
wv_f95fc4b5	نَكَحَ	tr	alın	1	3	bare
wv_ebdb7926	حَلَلْ	tr	iner	2	10	bare
wv_ebdb7926	حَلَلْ	fr	est autorisé	3	14	bare
wv_cf669bcf	صَرَفَ	bn	ফিরালেন	1	2	bare-3ms
wv_cf669bcf	صَرَفَ	ur	پھیر دیا	1	2	bare-3ms
wv_cf669bcf	صَرَفَ	hi	फेर दिया	1	2	bare-3ms
wv_cf669bcf	صَرَفَ	in	palingkan	1	2	bare-3ms
wv_cf669bcf	صَرَفَ	tr	savdı	1	2	bare-3ms
wv_cf669bcf	صَرَفَ	fa	بازداشت	1	2	bare-3ms
wv_cf669bcf	صَرَفَ	fr	Que détourne	1	2	bare-3ms
wv_f4bd61dd	عَدَلَ	en	deviate	1	12	bare
wv_f4bd61dd	عَدَلَ	tr	verse / adalet yapan	1	8	bare
wn_851b7aa9	أُخْت	fa	خواهر	1	4	bare
wv_00105162	أَعْتَدَتْ	fa	آماده کرد	3	14	bare
wn_10a74fee	ظِلّ	hi	साये / सायों में	1	8	bare
wn_98d88a61	أَثَر	en	track	1	3	bare
wn_98d88a61	أَثَر	ur	نشان	1	3	bare
wn_98d88a61	أَثَر	hi	तरफ़ आसार के	1	3	bare
wn_98d88a61	أَثَر	fa	اثر	1	3	bare
wn_5dfe8444	صِدْق	en	sound	2	9	bare
wn_5dfe8444	صِدْق	ur	سچی	2	9	bare
wv_b1e83390	كَشَفَ	bn	উঠালো	1	14	bare
wv_b1e83390	كَشَفَ	ur	مٹا دے	1	12	bare
wv_b1e83390	كَشَفَ	hi	हटा दे	2	14	bare
wv_b1e83390	كَشَفَ	fa	برداری	3	14	bare
wv_b1e83390	كَشَفَ	fr	enlève / avons enlevé	2	14	bare
wv_525f3bc5	مَدَّ	en	spread	1	2	bare-3ms
wv_525f3bc5	مَدَّ	bn	বিস্তৃত করেছেন	1	2	bare-3ms
wv_525f3bc5	مَدَّ	ur	جس نے پھیلادیا	1	2	bare-3ms
wv_525f3bc5	مَدَّ	in	memanjangkan	1	2	bare-3ms
wv_525f3bc5	مَدَّ	fa	گسترد	1	2	bare-3ms
wv_9a3e99a8	سَوَّىٰ	bn	সুঠাম করলেন	1	3	bare-3ms
wv_9a3e99a8	سَوَّىٰ	ur	درست کردیا	1	3	bare-3ms
wv_14573568	أَبَىٰ	tr	kaçındı	1	7	bare-3ms
wn_c0bb3c17	حُسْن	fa	نیک	1	7	bare
wv_41a070af	تَرَبَّصْ	fa	منتظر باشید	2	13	bare
wn_ac43ba1b	رِضْوان	hi	रज़ा	1	3	bare
wv_5297bc88	غَشِيَ	ur	چھا جائے / چھا رہا تھا	1	8	bare
wv_5297bc88	غَشِيَ	tr	sarar	1	7	bare
wv_5297bc88	غَشِيَ	fa	بپوشاند / پوشانده بود	1	8	bare
wn_8f49fca1	جَمْع	bn	দলে	1	10	bare
wn_8f49fca1	جَمْع	in	pengumpulan	2	10	bare
wn_8f49fca1	جَمْع	tr	toplanma / iki topluluğun	2	10	bare
wn_33f76213	غالِب	tr	yenecek / üstün gelen	2	13	bare
wv_86a0f3a4	وَرِثَ	en	inherited	1	2	bare-3ms
wv_86a0f3a4	وَرِثَ	bn	তার উত্তরাধিকারী	1	2	bare-3ms
wv_86a0f3a4	وَرِثَ	hi	वारिस हुआ	1	2	bare-3ms
wv_86a0f3a4	وَرِثَ	in	mewarisinya	1	2	bare-3ms
wv_86a0f3a4	وَرِثَ	tr	mirasçı oldu	1	2	bare-3ms
wv_86a0f3a4	وَرِثَ	fa	ارث برد	1	2	bare-3ms
wv_86a0f3a4	وَرِثَ	fr	a hérité	1	2	bare-3ms
wv_97fec451	زَعَمَ	in	anggap	2	13	bare
wn_7848d2f4	اثْنَيْن	fa	دوازده / دو را	2	12	bare
wv_bc887734	مَكَّ	bn	প্রতিষ্ঠা	1	6	bare
wv_bc887734	مَكَّ	ur	نے بسایا	1	6	bare
wv_bc887734	مَكَّ	hi	इक़तिदार बख़्शें / इक़्तिदार दिया हमने	1	6	bare
wv_bc887734	مَكَّ	tr	imkan verdik	1	4	bare
wv_bc887734	مَكَّ	fa	منزلت دادیم	1	5	bare
wv_b7ce7031	يَصِفُ	tr	uyduruyorlar	1	6	bare
wn_8cd28491	صَيْحَة	tr	çığlık	2	13	bare
wv_35e7023f	يُوقِنُ	tr	iyi bilen	1	9	bare
wv_25138216	قُطِعَ	bn	কেটেছ	1	9	bare
wv_25138216	قُطِعَ	ur	کاٹتے ہیں	2	9	bare
wv_25138216	قُطِعَ	hi	काटते हो	1	9	bare
wv_25138216	قُطِعَ	in	memutuskan	2	9	bare
wv_25138216	قُطِعَ	tr	kesin	1	8	bare
wv_25138216	قُطِعَ	fa	ببرید	1	7	bare
wv_25138216	قُطِعَ	fr	coupez	2	9	bare
wn_101fa8b3	أَدْنَى	en	less	2	11	bare
wn_101fa8b3	أَدْنَى	tr	daha az	2	10	bare
wv_57336497	سَقَىٰ	ur	پلائے گا	1	9	bare
wv_57336497	سَقَىٰ	hi	वो पिलाए जाऐंगे	2	10	bare
wv_57336497	سَقَىٰ	tr	sulanır	1	7	bare
wv_57336497	سَقَىٰ	fa	آب داد	1	8	bare
wv_57336497	سَقَىٰ	fr	arrose	1	10	bare
wv_2b9917a3	حَآجَّ	bn	বিতর্ক করেছিল	1	2	bare-3ms
wv_2b9917a3	حَآجَّ	ur	جھگڑا کیا اس سے	1	2	bare-3ms
wv_2b9917a3	حَآجَّ	in	mendebat	1	2	bare-3ms
wv_2b9917a3	حَآجَّ	tr	tartışan	1	2	bare-3ms
wv_6f395f8c	مَنَعَ	fa	بازداتشند	1	2	bare-3ms
wv_6f395f8c	مَنَعَ	fr	empêche / a empêché	1	4	bare-3ms
wv_e28f18dd	زَكَّىٰ	bn	পবিত্র করেন	1	4	bare
wv_e28f18dd	زَكَّىٰ	ur	پاک ٹھہراؤ / پاک کرتا ہے	1	4	bare
wv_e28f18dd	زَكَّىٰ	hi	पाक ठहराओ / पाक करता है	1	4	bare
wv_e28f18dd	زَكَّىٰ	tr	yüceltir	1	4	bare
wv_e28f18dd	زَكَّىٰ	fa	پاک می سازد	1	3	bare
wv_68c15a8a	يُنظَرُ	tr	gözetme	1	5	bare
wv_a2ac5ac9	حَبِطَ	en	wasted	1	2	bare-3ms
wv_a2ac5ac9	حَبِطَ	bn	নষ্ট হবে	1	2	bare-3ms
wv_a2ac5ac9	حَبِطَ	in	lenyap	1	2	bare-3ms
wv_a2ac5ac9	حَبِطَ	tr	boşa çıkmıştır	1	2	bare-3ms
wv_a2ac5ac9	حَبِطَ	fa	تباه شد	1	2	bare-3ms
wv_a2ac5ac9	حَبِطَ	fr	est devenu vain	1	2	bare-3ms
wv_efe52d64	يَحْذَرُ	ur	بچو	1	6	bare
wv_efe52d64	يَحْذَرُ	hi	डरो	1	7	bare
wv_efe52d64	يَحْذَرُ	fa	بترسند	1	6	bare
wv_efe52d64	يَحْذَرُ	fr	Ont peur	1	7	bare
wn_c5f996d3	فَقِير	tr	yoksul	2	9	bare
wv_92dded11	صَلَّىٰ	bn	নামায পড়ল	1	3	bare-3ms
wv_92dded11	صَلَّىٰ	tr	namaz kılan	1	3	bare-3ms
wn_bbf57a53	طِين	tr	çamurun	1	2	bare
wn_00604157	أَفْواه	en	mouths	4	4	pronoun
wn_00604157	أَفْواه	bn	মুখগুলো	4	4	pronoun
wn_00604157	أَفْواه	ur	مونہوں	4	4	pronoun
wn_00604157	أَفْواه	hi	मुँहों	4	4	pronoun
wn_00604157	أَفْواه	in	mulut	4	4	pronoun
wn_00604157	أَفْواه	tr	ağızları	1	1	pronoun
wn_00604157	أَفْواه	fa	دهان ها	3	3	pronoun
wn_00604157	أَفْواه	fr	bouches	4	4	pronoun
wn_4aaf3e9b	عامِل	bn	কর্মশীলদের / কাজ করে যাচ্ছি	2	11	bare
wn_4aaf3e9b	عامِل	fr	travailleurs	1	11	bare
wv_f41f6969	قَعَدَ	hi	बैठो	2	11	bare
wv_33a354c7	أَخْزَيْ	bn	লাঞ্চিত করবেন / তাকে লাঞ্ছিত করবে	1	4	bare
wv_33a354c7	أَخْزَيْ	ur	رسوا کرے گا	1	3	bare
wv_33a354c7	أَخْزَيْ	hi	ना रुस्वा करेगा / जो रुस्वा कर देगा उसे	1	4	bare
wv_33a354c7	أَخْزَيْ	tr	aşağılatıcı	1	3	bare
wv_33a354c7	أَخْزَيْ	fa	رسوا یش کند	1	3	bare
wn_1cd30998	حَفِيظ	bn	সংরক্ষক	2	10	bare
wn_1cd30998	حَفِيظ	hi	निगरान	2	10	bare
wv_4d28a0b9	وَقَعَ	bn	পড়ল / এসে পড়বে	1	7	bare-3ms
wv_4d28a0b9	وَقَعَ	ur	پڑچکی / واقع ہوجائے گی	1	7	bare-3ms
wv_4d28a0b9	وَقَعَ	hi	पड़ चुकी / वाक़ेअ हो जाएगी	1	7	bare-3ms
wv_4d28a0b9	وَقَعَ	tr	düşer	1	7	bare-3ms
wv_4d28a0b9	وَقَعَ	fa	فروآمد	1	5	bare-3ms
wv_4d28a0b9	وَقَعَ	fr	arrivera	1	7	bare-3ms
wv_558e479c	قَطَّعَ	bn	কেটে ফেললো	1	7	bare
wv_558e479c	قَطَّعَ	ur	کاٹو گے	1	6	bare
wv_558e479c	قَطَّعَ	hi	काटो / काट लिए	1	7	bare
wv_558e479c	قَطَّعَ	tr	biçildi	1	6	bare
wv_558e479c	قَطَّعَ	fr	couperiez / ont coupé	1	7	bare
wn_522fb52e	مُعْجِز	fa	عاجز کنندگان	1	2	bare
wv_7234326e	بَدَأَ	ur	ابتدا کی	1	3	bare-3ms
wv_7234326e	بَدَأَ	fr	a ensuite commencé / a créé à l’origine	1	3	bare-3ms
wv_6cee1c28	أَوْرَثَ	en	made inheritors / caused to inherit	1	5	bare
wv_6cee1c28	أَوْرَثَ	bn	করবো উত্তরাধিকারী	1	5	bare
wv_6cee1c28	أَوْرَثَ	ur	وارث بنائیں گے / وارث بنایا ہم نے	1	5	bare
wv_6cee1c28	أَوْرَثَ	hi	वारिस बनाऐंगे	1	5	bare
wv_6cee1c28	أَوْرَثَ	tr	miras verdik	1	3	bare
wv_8c9eda44	خَرَّ	tr	düşmüş	1	5	bare-3ms
wv_8c2702f9	ٱسْتَْٔذَنَ	bn	অনুমতি নেয়	1	2	bare
wv_8c2702f9	ٱسْتَْٔذَنَ	ur	اجازت لیتے تھے	1	2	bare
wv_8c2702f9	ٱسْتَْٔذَنَ	hi	इजाज़त लेते थे	1	2	bare
wv_8c2702f9	ٱسْتَْٔذَنَ	in	minta izin	1	2	bare
wv_8c2702f9	ٱسْتَْٔذَنَ	tr	izin istiyordu	1	2	bare
wv_8c2702f9	ٱسْتَْٔذَنَ	fa	اذن می طلبیدند	1	2	bare
wv_8c2702f9	ٱسْتَْٔذَنَ	fr	demandent permission	1	2	bare
wn_5cd40cf3	مَوْعِد	ur	ایک مقررہ وقت	1	5	bare
wn_5cd40cf3	مَوْعِد	hi	वादे का वक़्त / वादे का एक वक़्त	1	5	bare
wn_5cd40cf3	مَوْعِد	tr	vade	1	5	bare
wv_b5802b4f	طَغَىٰ	in	naik/pasang / melampui batas	1	6	bare-3ms
wv_8f195551	سَلَكَ	en	inserted	1	2	bare-3ms
wv_8f195551	سَلَكَ	bn	চালিয়ে দিয়েছেন	1	2	bare-3ms
wv_8f195551	سَلَكَ	ur	بنائے	1	2	bare-3ms
wv_8f195551	سَلَكَ	hi	उसने जारी किया	1	2	bare-3ms
wv_8f195551	سَلَكَ	in	mengalirkan	1	2	bare-3ms
wv_8f195551	سَلَكَ	tr	açtı	1	2	bare-3ms
wv_8f195551	سَلَكَ	fa	کشیده است	1	2	bare-3ms
wv_8f195551	سَلَكَ	fr	a tracé	1	2	bare-3ms
wv_76669660	كَذَبَ	en	lies	1	2	bare-3ms
wv_76669660	كَذَبَ	ur	جھوٹ بولا	1	2	bare-3ms
wv_76669660	كَذَبَ	hi	झूठ बोले	1	2	bare-3ms
wv_76669660	كَذَبَ	in	mendustakan	1	2	bare-3ms
wv_58fdfcb9	عَرَضَ	en	offered	1	10	bare
wv_58fdfcb9	عَرَضَ	bn	পেশ করবো	1	10	bare
wv_c971f3b2	لَبَسْ	bn	মিলাও	1	6	bare
wv_c971f3b2	لَبَسْ	hi	मिलाओ / वो पहनेंगे	1	6	bare
wv_c971f3b2	لَبَسْ	fa	می پوشند	1	5	bare
wv_c55118ce	هادُ	ur	جو یہودی بنے / جو یہودی بن گئے	2	10	bare
wn_31d7be01	بَغْي	bn	নির্যাতন	1	7	bare
wn_31d7be01	بَغْي	ur	ضد	1	7	bare
wn_31d7be01	بَغْي	fa	ستم / از روی سرکشی	1	6	bare
wv_be1889a6	عَٰهَدَ	en	has covenanted	1	2	bare-3ms
wv_be1889a6	عَٰهَدَ	bn	অঙ্গীকার করেছে	1	2	bare-3ms
wv_be1889a6	عَٰهَدَ	ur	اس نے عہد کیا	1	2	bare-3ms
wv_be1889a6	عَٰهَدَ	fa	پیمان بستند	1	2	bare-3ms
wn_52431e0a	مَشْرِق	fr	est et l’ouest / points de lever du soleil	1	4	bare
wv_8c4eafe5	يَنالُ	hi	पहुँचते	1	7	bare
wv_8c4eafe5	يَنالُ	in	capai	1	7	bare
wv_8c4eafe5	يَنالُ	tr	eremezsiniz	1	3	bare
wv_8c4eafe5	يَنالُ	fa	نمی رسد	1	2	bare
wv_69b66c99	وَصَّىٰ	bn	আদেশ দিয়েছিলেন	1	2	bare-3ms
wv_69b66c99	وَصَّىٰ	in	diwasiatkan	1	2	bare-3ms
wv_69b66c99	وَصَّىٰ	tr	vasiyyet etti	1	2	bare-3ms
wv_69b66c99	وَصَّىٰ	fa	سفارش کرد	1	2	bare-3ms
wv_69b66c99	وَصَّىٰ	fr	a ordonné	1	2	bare-3ms
wn_56d85678	مُخْلِص	fa	خالص کنان	1	9	bare
wv_7503dc55	تَمَتَّعَ	ur	فائدہ اٹھاؤ	1	9	bare
wv_7503dc55	تَمَتَّعَ	tr	yaşa	2	10	bare
wv_273f3f88	أَعْجَبَ	bn	আনন্দ দেয় / তোমাকে বিস্মিত করে	1	5	bare
wv_273f3f88	أَعْجَبَ	ur	خوش کیا	1	5	bare
wv_273f3f88	أَعْجَبَ	hi	ख़ुश कर दिया / ताज्जुब में डालें आपको	1	5	bare
wv_273f3f88	أَعْجَبَ	in	mengagumkan / menarik hatimu	1	5	bare
wv_273f3f88	أَعْجَبَ	fa	شاد گرداند	1	3	bare
wn_d408b568	فَساد	tr	bozgunculuk	2	9	bare
wn_a5caab67	حَسْب	en	Sufficient	9	10	pronoun
wn_a5caab67	حَسْب	bn	জন্যে যথেষ্ট	6	10	pronoun
wn_a5caab67	حَسْب	ur	کافی ہے ہم کو	3	10	pronoun
wn_a5caab67	حَسْب	hi	काफ़ी	10	10	pronoun
wn_a5caab67	حَسْب	in	cukuplah / cukup bagi	6	10	pronoun
wn_a5caab67	حَسْب	tr	bize yeter	3	10	pronoun
wn_a5caab67	حَسْب	fa	بسنده / کافی	5	10	pronoun
wn_a5caab67	حَسْب	fr	Ce qui me suffit	2	10	pronoun
wv_099c3c32	سَخِرَ	bn	ঠাট্টা করেছিল	2	11	bare
wv_099c3c32	سَخِرَ	hi	तमस्ख़र किया	1	11	bare
wn_289f3810	قَدَر	en	decree	1	3	bare
wn_289f3810	قَدَر	bn	সময়	1	3	bare
wn_289f3810	قَدَر	hi	एक अंदाज़ा	1	3	bare
wn_289f3810	قَدَر	in	ketentuan/waktu	1	3	bare
wn_289f3810	قَدَر	tr	süreye	1	2	bare
wn_289f3810	قَدَر	fa	به اندازه	1	3	bare
wn_2c9ccb3b	أَوْلَى	bn	দুর্ভোগ / অধিক ঘনিষ্ঠ	1	8	bare
wv_fed32582	بَدَا	bn	সৃষ্টি হল	1	6	bare-3ms
wn_d1068c0c	نَجْوَى	tr	konuştular	1	5	bare
wv_d9c0f946	أَذْهَبَ	bn	দূর করার	1	5	bare
wv_d9c0f946	أَذْهَبَ	hi	ले गया / वो ले जाए	1	5	bare
wv_d9c0f946	أَذْهَبَ	tr	giderir	1	4	bare
wv_d9c0f946	أَذْهَبَ	fr	font partir	1	5	bare
wn_18e13dcd	هَواء	bn	শূন্য	1	5	bare
wn_18e13dcd	هَواء	hi	ख़ाली होंगे	1	5	bare
wn_18e13dcd	هَواء	tr	keyfinize	1	4	bare
wv_483318a0	طَبَعَ	in	menutup mati / telah mengunci mati	1	6	bare-3ms
wn_85a9eb19	شِيعَة	tr	milletten	1	6	bare
wn_a7b2ff39	نَخْل	bn	খেজুরের / খেজুর গাছ	1	4	bare
wv_75441a79	بَنَىٰ	bn	বানাও / নির্মাণ করো	1	6	bare
wv_ad155aec	أَنَابَ	bn	মুখ ফিরায়	1	4	bare-3ms
wv_ad155aec	أَنَابَ	fa	برگشت	1	4	bare-3ms
wv_686c9ad1	يَصِلُ	bn	পৌঁছায়	2	10	bare
wv_686c9ad1	يَصِلُ	ur	پہنچتا / جوڑا جائے	2	10	bare
wv_686c9ad1	يَصِلُ	tr	ulaşır	1	4	bare
wv_686c9ad1	يَصِلُ	fa	بپیوندند	1	5	bare
wv_686c9ad1	يَصِلُ	fr	joignent / soit uni	2	10	bare
wn_29b71204	دَم	fr	sang	1	2	bare
wv_3988f76b	فَسَقَ	bn	পাপাচার / সত্যত্যাগ করে	2	10	bare
wv_3988f76b	فَسَقَ	tr	fenalık	1	6	bare
wv_3988f76b	فَسَقَ	fa	سرپیچید / نافرمانی کردند	1	4	bare
wv_3988f76b	فَسَقَ	fr	faisaient d’immoralité / faisaient de l’immoralité	2	10	bare
wn_67252c01	عَصا	en	staff	7	7	pronoun
wn_67252c01	عَصا	bn	লাঠি	7	7	pronoun
wn_67252c01	عَصا	ur	عصا / لاٹھی	5	7	pronoun
wn_67252c01	عَصا	hi	लाठी / असा	5	7	pronoun
wn_67252c01	عَصا	in	tongkat	7	7	pronoun
wn_67252c01	عَصا	tr	asanı / asasını	3	7	pronoun
wn_67252c01	عَصا	fa	عصا	7	7	pronoun
wn_67252c01	عَصا	fr	bâton	7	7	pronoun
wv_21a1af84	نَّبَذَ	en	threw away	1	2	bare-3ms
wv_21a1af84	نَّبَذَ	ur	پھینک دیا	1	2	bare-3ms
wv_21a1af84	نَّبَذَ	tr	attılar	1	2	bare-3ms
wv_21a1af84	نَّبَذَ	fa	آن را شکستند	1	2	bare-3ms
wn_d7b66f21	مَغْرِب	en	west	1	3	bare
wn_d7b66f21	مَغْرِب	bn	অস্তাচলে	1	3	bare
wn_d7b66f21	مَغْرِب	ur	دو مغربوں کا	1	3	bare
wn_d7b66f21	مَغْرِب	hi	मग़रिब से	1	3	bare
wn_d7b66f21	مَغْرِب	in	barat	1	3	bare
wn_d7b66f21	مَغْرِب	tr	iki batının	1	2	bare
wn_d7b66f21	مَغْرِب	fr	ouest	1	2	bare
wv_e125f5fe	تَقَبَّلَ	en	was accepted	1	2	bare-3ms
wv_e125f5fe	تَقَبَّلَ	bn	গ্রহণ করা হবে	1	2	bare-3ms
wv_e125f5fe	تَقَبَّلَ	ur	قبول کرلی گئی	1	2	bare-3ms
wv_e125f5fe	تَقَبَّلَ	hi	वो क़ुबूल किया जाएगा	1	2	bare-3ms
wv_e125f5fe	تَقَبَّلَ	fr	serait accepté	1	2	bare-3ms
wv_c8093994	أَضاعُ	tr	ecirlerini	1	3	bare
wn_dfb073ed	خَيْرَة	tr	hayırlı / hayır işlerine	1	5	bare
wn_646aff98	فِئَة	hi	जमाअत	2	10	bare
wv_cd690393	ثَبَّتْ	fa	استوار دار	1	7	bare
wv_8bf65dff	مَرَّ	bn	চলে	1	3	bare-3ms
wv_8bf65dff	مَرَّ	ur	گزرا	1	3	bare-3ms
wv_8bf65dff	مَرَّ	hi	गुज़रा	1	3	bare-3ms
wv_8bf65dff	مَرَّ	tr	uğramıştı	1	3	bare-3ms
wv_8bf65dff	مَرَّ	fa	گذشت	1	3	bare-3ms
wv_8bf65dff	مَرَّ	fr	passe	1	3	bare-3ms
wn_23db4231	سَعْي	en	haste	1	2	bare
wn_23db4231	سَعْي	bn	দৌড়ে	1	2	bare
wn_23db4231	سَعْي	hi	दौड़ते हुए	1	2	bare
wn_23db4231	سَعْي	in	segera	1	2	bare
wn_23db4231	سَعْي	tr	koşarak	1	2	bare
wn_23db4231	سَعْي	fa	شتابان	1	2	bare
wn_23db4231	سَعْي	fr	hâte	1	2	bare
wv_37455b38	نَزَعَ	ur	اس نے کھینچا	1	2	bare-3ms
wv_37455b38	نَزَعَ	hi	उसने खींच लिया	1	2	bare-3ms
wv_37455b38	نَزَعَ	fa	براورد	1	2	bare-3ms
wv_95cc1e89	يُولِجُ	fa	فرومی برد / در می آورد	2	10	bare
wn_542a26cc	مُحْضَر	ur	حاضر کیا ہوا	1	5	bare
wn_542a26cc	مُحْضَر	fa	حاضر شده / حاضر شدگان اند	1	8	bare
wv_2d82a577	ٱجْتَبَىٰ	tr	onu seçti	1	3	bare-3ms
wv_2d82a577	ٱجْتَبَىٰ	fa	برگزیدش / برگزید او را	1	3	bare-3ms
wv_2d82a577	ٱجْتَبَىٰ	fr	a choisi	1	3	bare-3ms
wv_ac79f3d8	بَخِلَ	ur	بخل کیا / جو بخل کرتے ہیں	2	10	bare
wv_ac79f3d8	بَخِلَ	hi	बुख़्ल किया / बुख़्ल करते हैं	2	10	bare
wv_ac79f3d8	بَخِلَ	tr	cimrilik eden	2	10	bare
wv_ac79f3d8	بَخِلَ	fa	بخل ورزید	2	10	bare
wn_4b73deec	مُقِيم	hi	दाइमी / क़ायम रहने वाला	1	8	bare
wn_1cb17996	جَبّار	ur	متکبر	2	9	bare
wn_1cb17996	جَبّار	fa	سرکش / زور گوی	2	9	bare
wn_da8bb804	رِجْس	en	filth	2	9	bare
wv_234f515f	حَاقَ	bn	ঘিরে রাখবে	2	9	bare-3ms
wv_ebb83e4d	صَرَّفْ	fa	گوناگون آوردیم	1	9	bare
wn_fc4e3f62	شَفِيع	tr	aracıları	1	7	bare
wv_394ef971	فَطَرَ	ur	جس نے پیدا کیا	1	2	bare-3ms
wv_394ef971	فَطَرَ	fa	شرشته است	1	2	bare-3ms
wv_394ef971	فَطَرَ	fr	a créé et rendu manifeste	1	2	bare-3ms
wv_a6fba974	ظَهَرَ	bn	প্রকাশ্য	1	5	bare-3ms
wv_a6fba974	ظَهَرَ	hi	ज़ाहिर हों / ज़ाहिर हो गया	1	5	bare-3ms
wv_a6fba974	ظَهَرَ	tr	çıktı	1	4	bare-3ms
wv_1b0082c6	اسْتَقامُ	bn	অবিচল থাকে	2	9	bare
wv_1b0082c6	اسْتَقامُ	hi	क़ायम रहिए	2	9	bare
wv_1b0082c6	اسْتَقامُ	in	tetaplah	2	9	bare
wv_1b0082c6	اسْتَقامُ	fa	استقامت کنند	1	9	bare
wv_1b0082c6	اسْتَقامُ	fr	sont droits / restent sur le droit chemin	1	8	bare
wn_110f93e9	شَكُور	fa	قدردان / شکر گزار	2	10	bare
wv_952444ae	أَحْصَىٰ	en	takes account	1	2	bare-3ms
wv_952444ae	أَحْصَىٰ	bn	গুনে রেখেছেন	1	2	bare-3ms
wv_952444ae	أَحْصَىٰ	ur	گن رکھا ہے اس کو	1	2	bare-3ms
wv_952444ae	أَحْصَىٰ	hi	गिन रखा है उसे	1	2	bare-3ms
wv_952444ae	أَحْصَىٰ	fa	آمار گرفته است	1	2	bare-3ms
wn_97b1fb67	والِدَي	en	parents	2	2	pronoun
wn_97b1fb67	والِدَي	bn	পিতা-মাতার	1	2	pronoun
wn_97b1fb67	والِدَي	ur	والدین	2	2	pronoun
wn_97b1fb67	والِدَي	hi	वालिदैन	2	2	pronoun
wn_97b1fb67	والِدَي	in	kedua orang tua	2	2	pronoun
wn_97b1fb67	والِدَي	tr	anama babama	2	2	pronoun
wn_97b1fb67	والِدَي	fa	والدین	1	2	pronoun
wn_97b1fb67	والِدَي	fr	deux parents	2	2	pronoun
wv_9f3f4877	صَدَّقَ	en	believed	1	5	bare-3ms
wv_9f3f4877	صَدَّقَ	tr	doğrularsa	1	4	bare-3ms
wv_9f3f4877	صَدَّقَ	fa	تصدیق کند	1	4	bare-3ms
wn_2accf9b3	ضَلالَة	bn	ভ্রান্তপথ	1	7	bare
wv_6df63343	يَسْتَحْىِۦ	in	malu / membiarkan hidup	2	9	bare
wv_6df63343	يَسْتَحْىِۦ	fa	زنده گذارید / زنده نگه می داشتند	1	7	bare
wv_31cd53e1	تَبِعَ	bn	অনুসরণ করে	1	2	bare-3ms
wv_31cd53e1	تَبِعَ	ur	پیروی کی	1	2	bare-3ms
wv_31cd53e1	تَبِعَ	hi	पैरवी की	1	2	bare-3ms
wv_31cd53e1	تَبِعَ	tr	uyan	1	2	bare-3ms
wv_58c36bfd	يَقْبَلُ	ur	قبول کرتا ہے / قبول کیا جائے گا	2	9	bare
wv_58c36bfd	يَقْبَلُ	tr	kabul eden	1	3	bare
wv_58c36bfd	يَقْبَلُ	fa	که می پذیرد / پذیر فته نمی شود	1	6	bare
wv_58c36bfd	يَقْبَلُ	fr	accepte / sera acceptée	2	9	bare
wn_048717d7	لَوْن	en	colors	6	8	pronoun
wn_048717d7	لَوْن	bn	রংসমূহ	6	8	pronoun
wn_048717d7	لَوْن	ur	رنگ	8	8	pronoun
wn_048717d7	لَوْن	hi	रंग	8	8	pronoun
wn_048717d7	لَوْن	in	warna	8	8	pronoun
wn_048717d7	لَوْن	tr	renklerde / onun rengi	3	8	pronoun
wn_048717d7	لَوْن	fa	رنگ های	6	8	pronoun
wn_048717d7	لَوْن	fr	couleurs	6	8	pronoun
wv_a685a002	أَيَّدَ	bn	সাহায্য করলাম	1	3	bare
wv_a685a002	أَيَّدَ	ur	تائید کرتا ہے	1	2	bare
wv_a685a002	أَيَّدَ	hi	ताईद करता है	1	3	bare
wv_a685a002	أَيَّدَ	in	menguatkan	1	3	bare
wv_a685a002	أَيَّدَ	tr	destekler	1	3	bare
wv_a685a002	أَيَّدَ	fa	تایید می کند	1	3	bare
wv_a685a002	أَيَّدَ	fr	renforce	1	3	bare
wv_2eec1cbb	فَرَّقُ	en	divide / make distinction	2	9	bare
wv_2eec1cbb	فَرَّقُ	tr	ayıran	1	5	bare
wv_2eec1cbb	فَرَّقُ	fr	séparent	1	9	bare
wv_a498c93a	طَهَّرَ	ur	پاک کرے	1	3	bare
wv_a498c93a	طَهَّرَ	hi	पाक रखो	1	3	bare
wv_a498c93a	طَهَّرَ	in	bersihkan	1	3	bare
wv_a498c93a	طَهَّرَ	fa	پاک کن	1	2	bare
wn_165adba5	حُبّ	tr	sevda	1	5	bare
wn_4caa4630	ضَرّاء	bn	কষ্টে	1	4	bare
wn_4caa4630	ضَرّاء	in	bahaya	1	4	bare
wn_4caa4630	ضَرّاء	fa	رنج	1	4	bare
wn_33a976e8	صِيام	hi	रोज़े की	1	5	bare
wn_4fae1a42	أَذًى	ur	اذیت	1	6	bare
wv_7933ceb8	فَرَضَ	bn	স্থির করল	1	4	bare-3ms
wv_7933ceb8	فَرَضَ	ur	فرض کرے	1	4	bare-3ms
wv_7933ceb8	فَرَضَ	hi	फ़र्ज़ किया	1	4	bare-3ms
wv_7933ceb8	فَرَضَ	tr	farz ederse	1	4	bare-3ms
wn_c3f74027	مُبَشِّر	ur	خوشخبری دینے والا / خوش خبری دینے والے	1	6	bare
wv_5cfc7a53	يُؤاخِذُ	en	Allah punish	1	2	bare
wv_5cfc7a53	يُؤاخِذُ	bn	ধরতেন	1	2	bare
wv_5cfc7a53	يُؤاخِذُ	hi	पकड़ लेता	1	2	bare
wv_5cfc7a53	يُؤاخِذُ	in	mengambil/menyiksa	1	2	bare
wv_5cfc7a53	يُؤاخِذُ	tr	cezalandırsaydı	1	2	bare
wv_5cfc7a53	يُؤاخِذُ	fa	بگیرد	1	2	bare
wv_75c21729	يُضاعِفُ	hi	बढ़ाता है / दोगुना किया जाएगा	1	7	bare
wv_75c21729	يُضاعِفُ	fa	افزون شود	1	7	bare
wv_f77b9296	ٱطْمَأَنَّ	en	satisfy / find satisfaction	1	6	bare
wv_f77b9296	ٱطْمَأَنَّ	bn	নিরাপদ হও / শান্তি লাভ করে	1	6	bare
wv_f77b9296	ٱطْمَأَنَّ	ur	مطمئن ہوگئے	1	6	bare
wv_f77b9296	ٱطْمَأَنَّ	hi	मुत्मईन हो जाऐं	1	6	bare
wv_f77b9296	ٱطْمَأَنَّ	in	menentramkan / menjadi tenteram	1	6	bare
wv_f77b9296	ٱطْمَأَنَّ	tr	huzur bulur	1	6	bare
wv_f77b9296	ٱطْمَأَنَّ	fa	آرام گیرد	1	6	bare
wv_89bb50a8	ٱرْتَابَ	hi	शक करें	1	7	bare
wv_89bb50a8	ٱرْتَابَ	tr	kuşkulandınız	1	6	bare
wn_db812793	مَآب	bn	পরিণাম	2	9	bare
wv_29499590	يُسارِعُ	bn	তৎপর হয় / দ্রুত ধাবিত হয়	2	9	bare
wv_29499590	يُسارِعُ	tr	koşuyor	2	9	bare
wv_d2d5d735	أَمْلَىٰ	bn	ঢিল দিই	2	9	bare
wv_d2d5d735	أَمْلَىٰ	in	tangguhkan / memberi tangguh	2	9	bare
wv_d2d5d735	أَمْلَىٰ	tr	yazdırılıyor / mühlet veriyorum	1	8	bare
wv_d2d5d735	أَمْلَىٰ	fr	récitées / accorderai un délai	1	8	bare
wv_41f597f6	يَتَساءَلُ	en	ask / questioning one another	1	8	bare
wv_41f597f6	يَتَساءَلُ	ur	سوال کررہے ہوں گے	1	2	bare
wv_41f597f6	يَتَساءَلُ	fa	می‌پرسند از یکدیگر	1	5	bare
wn_068a7a95	جُلُود	bn	দেহ	1	3	bare
wn_068a7a95	جُلُود	hi	खालें	1	3	bare
wv_9442a029	خاضُ	bn	লিপ্ত হয়	1	9	bare
wv_9442a029	خاضُ	ur	بحثیں کریں	2	9	bare
wv_9442a029	خاضُ	hi	बहस करते	1	9	bare
wv_9442a029	خاضُ	in	memperolok-olok	2	9	bare
wv_9442a029	خاضُ	fa	درآیند	1	7	bare
wn_d0ce58c5	مَبْعُوث	bn	উত্থিত হবে	1	2	bare
wn_d0ce58c5	مَبْعُوث	in	orang yang dibangkitkan	1	2	bare
wn_d0ce58c5	مَبْعُوث	tr	diriltileceksiniz	1	2	bare
wn_d0ce58c5	مَبْعُوث	fa	برانگیخته شوند	1	2	bare
wv_e9c3eccb	يَلْعَبْ	bn	খেলবে	1	9	bare
wv_e9c3eccb	يَلْعَبْ	ur	کھیلے	1	9	bare
wv_e9c3eccb	يَلْعَبْ	hi	खेले	1	9	bare
wn_1f685d14	آتِي	bn	আসবেই	1	3	bare
wn_595fe16a	عُنُق	bn	গলাসমূহের	1	2	bare
wn_595fe16a	عُنُق	ur	گردنوں کے	1	2	bare
wn_595fe16a	عُنُق	hi	गर्दनों के	1	2	bare
wv_9f52d7a4	اوَىٰ	bn	আশ্রয় দিলো	1	3	bare-3ms
wv_9f52d7a4	اوَىٰ	ur	ٹھہرایا	1	2	bare-3ms
wv_9f52d7a4	اوَىٰ	hi	उसने जगह दी	1	3	bare-3ms
wv_9f52d7a4	اوَىٰ	in	hampiri	1	3	bare-3ms
wv_9f52d7a4	اوَىٰ	tr	aldı	1	3	bare-3ms
wv_9006f015	وَلَدَ	en	begot	1	3	bare-3ms
wv_9006f015	وَلَدَ	ur	پیدا ہوا	1	3	bare-3ms
wv_9006f015	وَلَدَ	hi	कि जन्म दिया	1	3	bare-3ms
wv_9006f015	وَلَدَ	in	beranak	1	3	bare-3ms
wv_9006f015	وَلَدَ	fa	زاده شد	1	2	bare-3ms
wv_9006f015	وَلَدَ	fr	est né	1	3	bare-3ms
wn_51a39a1b	مُخْلَص	fa	ناب برگزیدۂ / نابِ برگزیده اند	1	5	bare
wv_86be9954	أَقْبَلَ	bn	মুখোমুখী হবে	1	4	bare-3ms
wv_86be9954	أَقْبَلَ	ur	متوجہ ہوا / متوجہ ہوں گے	1	4	bare-3ms
wv_86be9954	أَقْبَلَ	fa	روی آورند	1	4	bare-3ms
wn_34d5c654	قَرار	bn	অবস্থানের	2	9	bare
wn_34d5c654	قَرار	hi	ठिकाना	1	9	bare
wn_34d5c654	قَرار	tr	durak / durulacak yer	1	6	bare
wv_ba80df40	ظَلَّ	en	turns	1	2	bare-3ms
wv_ba80df40	ظَلَّ	hi	होजाता है	1	2	bare-3ms
wn_56ee1375	أَعْلَى	bn	সর্বশ্রেষ্ঠ	2	9	bare
wn_c37ee293	جانِب	in	sebelah	1	5	bare
wn_c37ee293	جانِب	tr	yandan	1	3	bare
wv_4b7a42eb	ٱنطَلَقَ	en	went / set out	2	9	bare
wv_4b7a42eb	ٱنطَلَقَ	fr	Partez / sont donc tous deux partis	2	9	bare
wv_da1e3500	قَذَفَ	in	memasukkan	1	2	bare-3ms
wv_da1e3500	قَذَفَ	tr	saldı	1	2	bare-3ms
wv_da1e3500	قَذَفَ	fa	افکند	1	2	bare-3ms
wv_3e0a580c	يَنطِقُ	bn	কথা বলো	1	9	bare
wv_3e0a580c	يَنطِقُ	in	berbicara	2	9	bare
wv_3e0a580c	يَنطِقُ	tr	söyleyen	1	6	bare
wv_3e0a580c	يَنطِقُ	fa	سخن می گویند / که سخن می گوید	1	6	bare
wn_93fe7bc2	راكِع	tr	eğilerek / rüku edenler	1	6	bare
wn_db9fbe13	خَشْيَة	tr	korkuyla	1	3	bare
wv_59ad7bd5	يَطْمَعُ	ur	طمع رکھتا ہوں	1	4	bare
wv_59ad7bd5	يَطْمَعُ	tr	umarız	1	6	bare
wn_08d21eea	عُدْوان	en	hostility	1	3	bare
wn_08d21eea	عُدْوان	bn	আক্রমণের	1	3	bare
wv_e7b28454	خَفَّفَ	bn	কমানো হবে / হালকা করা হবে	1	8	bare
wv_e7b28454	خَفَّفَ	fa	سبک گردانید	1	2	bare
wv_1c07cdd8	هَوَىٰ	en	perished	1	3	bare-3ms
wv_1c07cdd8	هَوَىٰ	bn	অস্তমিত হয়	1	3	bare-3ms
wv_1c07cdd8	هَوَىٰ	ur	گرا	1	2	bare-3ms
wv_1c07cdd8	هَوَىٰ	hi	वो गिरे	1	3	bare-3ms
wv_1c07cdd8	هَوَىٰ	in	terbenam	1	3	bare-3ms
wv_1c07cdd8	هَوَىٰ	tr	düşmüş tur	1	3	bare-3ms
wv_1c07cdd8	هَوَىٰ	fa	فروشود	1	3	bare-3ms
wv_1c07cdd8	هَوَىٰ	fr	descendent très bas	1	2	bare-3ms
wn_b142252f	بُرْهان	bn	নিদর্শন	1	4	bare
wn_b142252f	بُرْهان	ur	برہان	1	4	bare
wn_b142252f	بُرْهان	hi	एक दलील	1	4	bare
wn_b142252f	بُرْهان	in	tanda-tanda	1	4	bare
wn_63b3a6dd	قانِت	in	taat/patuh	1	6	bare
wn_63b3a6dd	قانِت	tr	ibadet eden	1	5	bare
wn_63b3a6dd	قانِت	fa	فروتنانه	1	6	bare
wv_db1a5113	ٱبْتَلَىٰ	ur	آزمایا / آزماتا ہے اس کو	1	4	bare-3ms
wv_db1a5113	ٱبْتَلَىٰ	hi	आज़माया / आज़माता है उसे	1	4	bare-3ms
wv_db1a5113	ٱبْتَلَىٰ	tr	denenmişti	1	4	bare-3ms
wv_db1a5113	ٱبْتَلَىٰ	fa	آزمود	1	2	bare-3ms
wv_db1a5113	ٱبْتَلَىٰ	fr	éprouve sévèrement et visiblement	1	3	bare-3ms
wn_dbb72f30	عَقِب	en	heels	7	8	pronoun
wn_dbb72f30	عَقِب	bn	গোড়ালির	5	8	pronoun
wn_dbb72f30	عَقِب	ur	ایڑیوں	6	8	pronoun
wn_dbb72f30	عَقِب	hi	एड़ियों पर	7	8	pronoun
wn_dbb72f30	عَقِب	in	tumit-tumit	2	8	pronoun
wn_dbb72f30	عَقِب	tr	ökçesi / arkanız	3	8	pronoun
wn_dbb72f30	عَقِب	fa	دو پاشنه / پاشنه ها	3	8	pronoun
wn_dbb72f30	عَقِب	fr	talons	7	8	pronoun
wv_07b30160	أُجِيبَت	bn	সাড়া দিই	1	8	bare
wv_07b30160	أُجِيبَت	ur	جواب دے	1	6	bare
wv_07b30160	أُجِيبَت	hi	जवाब दो	1	8	bare
wv_07b30160	أُجِيبَت	in	dijawab	1	8	bare
wv_07b30160	أُجِيبَت	tr	uyun	1	7	bare
wv_07b30160	أُجِيبَت	fa	اجایت شد	1	7	bare
wn_ccd9ed21	مِيقات	en	appointment	1	4	bare
wn_ccd9ed21	مِيقات	bn	সময়ে	1	4	bare
wn_ccd9ed21	مِيقات	ur	مقرر	1	4	bare
wn_ccd9ed21	مِيقات	in	waktu-waktu tertentu / waktu yang ditentukan	1	4	bare
wn_ccd9ed21	مِيقات	tr	buluşma vakti	1	3	bare
wv_acce1bee	زالَت	tr	daima	1	5	bare
wv_acce1bee	زالَت	fa	اختلاف کنندگان	1	2	bare
wv_54402433	ٱرْتَدَّ	ur	پھر جاؤ	1	8	bare
wv_54402433	ٱرْتَدَّ	fa	گشت	1	5	bare
wv_54402433	ٱرْتَدَّ	fr	revenez / se détourne	1	8	bare
wn_f03f811a	قَدَم	en	foot	1	3	bare
wn_f03f811a	قَدَم	bn	পদ	1	3	bare
wn_f03f811a	قَدَم	ur	قدم	1	3	bare
wn_f03f811a	قَدَم	hi	क़दम	1	3	bare
wn_f03f811a	قَدَم	in	kedudukan	1	3	bare
wn_f03f811a	قَدَم	fa	گامی	1	3	bare
wn_f03f811a	قَدَم	fr	pied	1	3	bare
wn_79876e5f	إِسْلام	tr	İslam'a	1	3	bare
wv_4fdb2272	سَمَّىٰ	ur	نام رکھا	2	6	pronoun
wv_6cb4b2d5	اخْتَصَمُ	bn	বিতর্ক করছে	1	8	bare
wv_6cb4b2d5	اخْتَصَمُ	ur	جھگڑو / جھگڑ رہے ہوں گے	1	8	bare
wv_6cb4b2d5	اخْتَصَمُ	hi	झगड़ा करोगे / वो झगड़ रहे थे	1	8	bare
wv_6cb4b2d5	اخْتَصَمُ	fa	در کشمکش اند	1	6	bare
wv_0fbfcfd6	ازْدادُ	bn	বাড়ে / বৃদ্ধি করেছে	1	6	bare
wv_0fbfcfd6	ازْدادُ	hi	ज़्यादा लेंगे	1	6	bare
wv_b13fdf87	تَفَرَّقَ	bn	মতবিরোধ করো	1	7	bare
wv_b13fdf87	تَفَرَّقَ	ur	تفرقہ کیا	1	6	bare
wv_b13fdf87	تَفَرَّقَ	hi	तफ़रक़ा डालो	1	7	bare
wv_b13fdf87	تَفَرَّقَ	tr	bölünüp / ayrılığa düşmediler	1	6	bare
wv_b13fdf87	تَفَرَّقَ	fa	پراکنده شدند	1	3	bare
wv_b9644035	هَمَّ	en	determined	1	2	bare-3ms
wv_b9644035	هَمَّ	bn	সংকল্প করেছিলো	1	2	bare-3ms
wv_b9644035	هَمَّ	ur	ارادہ کیا	1	2	bare-3ms
wv_b9644035	هَمَّ	hi	इरादा किया	1	2	bare-3ms
wv_b9644035	هَمَّ	in	berkehendak	1	2	bare-3ms
wv_b9644035	هَمَّ	tr	yeltenmişti	1	2	bare-3ms
wv_b9644035	هَمَّ	fa	قصد کرد	1	2	bare-3ms
wv_b9644035	هَمَّ	fr	ont eu l’intention	1	2	bare-3ms
wn_47c4348d	جَنب	tr	yanları	4	4	pronoun
wn_483de43a	نُزُل	in	anugerah / turun/tempat tinggal	1	6	bare
wn_483de43a	نُزُل	tr	ağırlanırlar / konak olarak	1	6	bare
wv_b69b3fb1	كَبُرَ	fa	سخت	1	4	bare-3ms
wn_69a10439	مُحْصَنَة	in	wanita-wanita merdeka	1	5	bare
wn_69a10439	مُحْصَنَة	fa	زنان آزاد	1	5	bare
wv_172d9be3	نَفَرَ	fa	کوچ کنید	1	5	bare
wv_a23456fb	كَفَّ	bn	বিরত রাখলেন	1	3	bare-3ms
wv_a23456fb	كَفَّ	hi	रोक दिया / उसने रोक दिए	1	3	bare-3ms
wv_a23456fb	كَفَّ	tr	çekti	1	2	bare-3ms
wv_de7fcddb	يَئِسَ	en	despair	1	2	bare-3ms
wv_de7fcddb	يَئِسَ	ur	مایوس ہوئے	1	2	bare-3ms
wv_de7fcddb	يَئِسَ	hi	मायूस हुए	1	2	bare-3ms
wv_de7fcddb	يَئِسَ	in	putus asa	1	2	bare-3ms
wv_de7fcddb	يَئِسَ	tr	umudu kestiği	1	2	bare-3ms
wv_de7fcddb	يَئِسَ	fa	ناامید شدند	1	2	bare-3ms
wn_b3481852	ظاهِر	hi	सरसरी	1	5	bare
wn_b3481852	ظاهِر	tr	sathi	1	5	bare
wn_b3481852	ظاهِر	fa	سرسری	1	5	bare
wn_fe2f2e9f	أَشُدّ	en	maturity	7	8	pronoun
wn_fe2f2e9f	أَشُدّ	bn	যৌবনে	5	8	pronoun
wn_fe2f2e9f	أَشُدّ	ur	جوانی کو	7	7	pronoun
wn_fe2f2e9f	أَشُدّ	hi	जवानी को	8	8	pronoun
wn_fe2f2e9f	أَشُدّ	in	dewasa	5	8	pronoun
wn_fe2f2e9f	أَشُدّ	tr	erişinceye / güçlü çağına	1	8	pronoun
wn_fe2f2e9f	أَشُدّ	fa	رشد خو / به کمال رشد	1	8	pronoun
wn_fe2f2e9f	أَشُدّ	fr	âge de force	8	8	pronoun
wv_f71780c2	أَغْوَيْ	ur	بھٹکا دے تم کو	1	3	pronoun
wv_ff53fbf5	عَجِبُ	hi	तआज्जुब करते हो	1	5	bare
wv_ff53fbf5	عَجِبُ	tr	şaştılar	1	5	bare
wv_ff53fbf5	عَجِبُ	fa	در شگفتی	1	4	bare
wv_e7bdfe26	اسْتَضْعَفُ	ur	کمزور سمجھے جاتے / جو کمزور بنائے گئے تھے	1	3	bare
wv_e7bdfe26	اسْتَضْعَفُ	fa	ناتوان شمرده شدند / به زبونی کشیده شدند	1	6	bare
wv_e70cb9d7	بَٰرَكَ	bn	হয়েছে ধন্য	1	2	bare-3ms
wv_e70cb9d7	بَٰرَكَ	ur	برکت ڈالی	1	2	bare-3ms
wv_e70cb9d7	بَٰرَكَ	hi	बरकत डाली	1	2	bare-3ms
wv_e70cb9d7	بَٰرَكَ	in	berkati	1	2	bare-3ms
wv_e70cb9d7	بَٰرَكَ	tr	bereketler	1	2	bare-3ms
wv_e70cb9d7	بَٰرَكَ	fr	Que soient bénis	1	2	bare-3ms
wv_c40b3bea	دَمَّرَ	ur	ہلاکت ڈالی / تباہ کردیا ہم نے	1	5	bare
wv_c40b3bea	دَمَّرَ	hi	हलाकत डाली / तबाह कर दिया हमने	1	5	bare
wv_c40b3bea	دَمَّرَ	tr	kırdık	1	5	bare
wv_c40b3bea	دَمَّرَ	fa	هلاک ساختیم	1	5	bare
wv_0682b988	كِيدُ	bn	কৌশল করছি	1	4	bare
wv_0682b988	كِيدُ	ur	تدبیر کی ہم	1	4	bare
wv_0682b988	كِيدُ	hi	तदबीर की हमने	1	4	bare
wv_0682b988	كِيدُ	tr	kurarlar	1	4	bare
wv_0682b988	كِيدُ	fa	ترفند می زنند	1	4	bare
wv_0682b988	كِيدُ	fr	complote	1	4	bare
wn_3ca4dddd	مُدْبِر	bn	পিছনে / পিঠ ফিরিয়ে	1	8	bare
wv_131f3a27	أَعْطَىٰ	bn	দেয়	1	3	bare-3ms
wv_131f3a27	أَعْطَىٰ	tr	verir	1	3	bare-3ms
wv_131f3a27	أَعْطَىٰ	fa	بخشش کند	1	3	bare-3ms
wv_f84cdb4d	أَظْهَرَ	en	reveals	1	5	bare
wv_f84cdb4d	أَظْهَرَ	bn	সৃষ্টি করবে	1	5	bare
wv_f84cdb4d	أَظْهَرَ	ur	ظاہر کرتا	1	4	bare
wv_f84cdb4d	أَظْهَرَ	hi	वो फैला देगा	1	4	bare
wv_f84cdb4d	أَظْهَرَ	in	menyatakannya	1	5	bare
wv_f84cdb4d	أَظْهَرَ	tr	çıkaracak	1	4	bare
wv_f84cdb4d	أَظْهَرَ	fa	آگاه نمی گرداند	1	3	bare
wv_f84cdb4d	أَظْهَرَ	fr	rend manifeste	1	4	bare
wn_c7468470	خِلال	en	any friendship	1	2	bare
wn_c7468470	خِلال	bn	মধ্যে	1	2	bare
wn_c7468470	خِلال	ur	اندر	1	2	bare
wn_c7468470	خِلال	hi	अन्दर	1	2	bare
wn_c7468470	خِلال	in	persahabatan	1	2	bare
wn_c7468470	خِلال	tr	dostluk	1	2	bare
wn_c7468470	خِلال	fa	درون	1	2	bare
wn_c7468470	خِلال	fr	amitié	1	2	bare
wv_a8adfed4	راوَدُ	en	sought to seduce	1	2	bare
wv_a8adfed4	راوَدُ	bn	ফুসলাচ্ছে	1	2	bare
wv_a8adfed4	راوَدُ	ur	اکساتی ہے۔ پھسلاتی ہے	1	2	bare
wv_a8adfed4	راوَدُ	hi	वो फुसलाती है	1	2	bare
wv_a8adfed4	راوَدُ	tr	murad almak istemiş	1	2	bare
wv_a8adfed4	راوَدُ	fa	کام خواستید شما زنان	1	2	bare
wv_a8adfed4	راوَدُ	fr	essaye de détourner	1	2	bare
wv_d57e4d3e	أَسْقَيْ	fa	نوشانیده شوند	1	2	bare
wv_1bb01d53	خَسَفَ	en	becomes dark / will cause to swallow	1	7	bare
wv_1bb01d53	خَسَفَ	bn	আলোকহীন হবে	1	7	bare
wv_1bb01d53	خَسَفَ	hi	धंसादे / वो धँसा दे	1	7	bare
wn_486ff46c	صَوْت	en	voice	1	3	bare
wn_486ff46c	صَوْت	bn	কন্ঠস্বরের	1	3	bare
wn_486ff46c	صَوْت	ur	آواز پر	1	3	bare
wn_486ff46c	صَوْت	hi	आवाज़ें	1	3	bare
wn_486ff46c	صَوْت	fa	صدای	1	3	bare
wn_ac276134	مُشْفِق	bn	ভয়কারী	1	8	bare
wv_c28c4c5e	تَزَكَّىٰ	bn	পবিত্র করে	1	3	bare-3ms
wv_c28c4c5e	تَزَكَّىٰ	hi	पाक हुआ	1	3	bare-3ms
wv_c28c4c5e	تَزَكَّىٰ	in	mensucikan	1	3	bare-3ms
wv_c28c4c5e	تَزَكَّىٰ	tr	arınan	1	3	bare-3ms
wv_5d2340d5	طَافَ	bn	বিপদ আসলো / পরিবেশন করা হবে	1	8	bare
wv_5d2340d5	طَافَ	ur	گیا / پھرائے جائیں گے	1	8	bare
wv_5d2340d5	طَافَ	hi	गया / गर्दिश करेंगे	1	8	bare
wv_ac5bcd66	يَعْمَهُ	bn	উদভ্রান্ত হয়ে ফিরে	1	7	bare
wn_e56f86f0	اثْنَتَيْن	ur	دو	1	7	bare
wn_e3437bc9	عاكِف	bn	পূজারত	1	6	bare
wn_e3437bc9	عاكِف	ur	معتکف	1	5	bare
wv_5595840a	اضْطُرَّ	tr	daralırsa / mecbur kalırsa	1	4	bare-3ms
wv_5595840a	اضْطُرَّ	fa	باگزیر شود	1	4	bare-3ms
wv_6e764be3	حَضَرَ	ur	آرہی تھی	1	5	bare-3ms
wv_6e764be3	حَضَرَ	hi	आई	1	5	bare-3ms
wn_e54c4768	شِقاق	bn	বিরোধের	1	5	bare
wn_e54c4768	شِقاق	ur	ضد / مخالفت میں	1	5	bare
wn_e54c4768	شِقاق	hi	इख़्तिलाफ़ से / अलबत्ता मुख़ालिफ़त में	1	5	bare
wn_a03e8cb8	قِبْلَة	hi	क़िबला/मरकज़ / क़िबले की	1	4	bare
wn_c7a946d2	حُجَّة	bn	যুক্তিপ্রমাণ	1	4	bare
wn_c7a946d2	حُجَّة	fr	preuve	2	2	pronoun
wn_cf17fcc7	اخْتِلاف	bn	আবর্তন	1	3	bare
wn_cf17fcc7	اخْتِلاف	hi	इख्तिलाफ़	1	3	bare
wn_cf17fcc7	اخْتِلاف	in	pertukaran	1	3	bare
wn_cf17fcc7	اخْتِلاف	tr	değişmesi	1	2	bare
wn_cf17fcc7	اخْتِلاف	fa	اختلافی	1	3	bare
wn_e944ccdb	حَسْرَة	bn	অাক্ষেপ	1	5	bare
wn_e944ccdb	حَسْرَة	ur	حسرت کے / حسرت کا سبب	1	5	bare
wn_2ef4d541	فَحْشاء	tr	fuhşu	1	2	conj
wn_2ef4d541	فَحْشاء	fa	زشتکاری	1	2	bare
wn_becb09fc	سائِل	en	questioner	1	2	bare
wn_becb09fc	سائِل	bn	প্রার্থীর	1	2	bare
wn_becb09fc	سائِل	ur	سوالی	1	2	bare
wn_becb09fc	سائِل	hi	सवाली	1	2	bare
wn_becb09fc	سائِل	in	seorang penanya	1	2	bare
wn_becb09fc	سائِل	tr	soran	1	2	bare
wn_becb09fc	سائِل	fa	سائل را	1	2	bare
wn_44157d0c	سَفَر	tr	sefer	1	3	bare
wn_20cec30c	هَدْي	fr	offrande / animaux sacrificiels	1	5	bare
wv_33228567	أَفَاضَ	hi	डालो / पलटो तुम	1	7	bare
wv_33228567	أَفَاضَ	in	melakukan / telah bertolak	1	7	bare
wv_33228567	أَفَاضَ	fa	فروریزید / باز گردید	1	6	bare
wn_45a12304	إِصْلاح	bn	সংশোধন	1	5	bare
wn_45a12304	إِصْلاح	tr	barışmak / ıslah etmek	1	5	bare
wv_ccdaa2f7	ٱفْتَدَىٰ	en	ransoms	1	3	bare
wv_ccdaa2f7	ٱفْتَدَىٰ	bn	বিনিময় দেয়ও	1	3	bare
wv_ccdaa2f7	ٱفْتَدَىٰ	ur	فدیہ دے	1	3	bare
wv_ccdaa2f7	ٱفْتَدَىٰ	hi	वो फ़िदया दे	1	3	bare
wv_ccdaa2f7	ٱفْتَدَىٰ	in	ia menebus	1	3	bare
wv_ccdaa2f7	ٱفْتَدَىٰ	fr	se rachète	1	3	bare
wv_516418ed	يُكَلِّفُ	bn	কষ্ট দেন	1	7	bare
wn_15c65261	عَشْر	fa	ده	1	4	bare
wn_b757d894	أُكُل	bn	ফলের	1	2	bare
wn_b757d894	أُكُل	ur	میوے	1	2	bare
wn_b757d894	أُكُل	hi	फलों में	1	2	bare
wn_b757d894	أُكُل	in	rasa	1	2	bare
wn_b757d894	أُكُل	fa	خوردنی	1	2	bare
wn_989bae74	نَخِيل	hi	खजूर	1	5	bare
wv_1094306b	ٱلْتَقَى	hi	आमने-सामने हुईं / आमने सामने हुईं	1	4	bare-3ms
wv_1094306b	ٱلْتَقَى	fa	رویاروی شدند	1	4	bare-3ms
wn_8b11b88d	حَبْل	en	rope	1	2	bare
wn_8b11b88d	حَبْل	bn	দড়ি	1	2	bare
wn_8b11b88d	حَبْل	hi	रस्सी होगी	1	2	bare
wn_8b11b88d	حَبْل	fa	رگ	1	2	bare
wn_8b11b88d	حَبْل	fr	veine	1	2	bare
wv_dd20d658	تَنازَعُ	bn	মতভেদ কর	1	6	bare
wv_dd20d658	تَنازَعُ	ur	باہم جھگڑو	1	6	bare
wv_dd20d658	تَنازَعُ	hi	बाहम झगड़ो	1	5	bare
wv_dd20d658	تَنازَعُ	tr	kapışırlar	1	5	bare
wv_dd20d658	تَنازَعُ	fa	نزاع کردند	1	5	bare
wv_971320c6	يَسْتَبْشِرُ	bn	উল্লসিত / আনন্দিত হবে	1	7	bare
wv_971320c6	يَسْتَبْشِرُ	ur	خوشیاں مناؤ / خوشیاں مناتے ہیں	1	7	bare
wv_971320c6	يَسْتَبْشِرُ	fa	شادی کنان	1	7	bare
wn_c1b3ef85	زُبُر	bn	খাতাসমূহের	1	4	bare
wn_c1b3ef85	زُبُر	tr	Kitaplara	1	3	bare
wn_cbbc60ba	أَبَوان	en	parents	5	6	pronoun
wn_cbbc60ba	أَبَوان	bn	পিতা-মাতাকে	3	6	pronoun
wn_cbbc60ba	أَبَوان	ur	والدین	5	6	pronoun
wn_cbbc60ba	أَبَوان	hi	वालिदैन	4	6	pronoun
wn_cbbc60ba	أَبَوان	in	ibu-bapak	4	6	pronoun
wn_cbbc60ba	أَبَوان	tr	ana-babasını	2	6	pronoun
wn_cbbc60ba	أَبَوان	fa	پدرو مادر / پدر و مادر	2	6	pronoun
wn_cbbc60ba	أَبَوان	fr	deux parents	5	6	pronoun
wn_2aaea267	إِخْوَة	bn	ভাইবোন	1	4	bare
wv_87efabbb	حَفِظَ	hi	हिफ़ाज़त की / वो हिफ़ाज़त करें	1	5	bare
wv_87efabbb	حَفِظَ	fa	نگهدارند	1	5	bare
wv_87efabbb	حَفِظَ	fr	gardez / doivent garder	1	5	bare
wn_cc33cbd0	مَفْعُول	ur	پورا ہونے والا / کر رہنے والا تھا	1	6	bare
wn_cc33cbd0	مَفْعُول	tr	yapılır	1	4	bare
wn_cb27c21d	أَهْدَى	bn	অধিকতর সঠিক	1	6	bare
wn_a67f24bb	مُهاجِر	bn	হিজরতকারী	1	4	bare
wn_a67f24bb	مُهاجِر	hi	जो मुहाजिर	1	4	bare
wn_a67f24bb	مُهاجِر	tr	hicret eden	1	3	bare
wn_7f40762b	جَهْر	en	loudness	1	4	bare
wn_7f40762b	جَهْر	bn	ব্যক্ত	1	4	bare
wn_7f40762b	جَهْر	ur	اونچی / ظاہر کو	1	3	bare
wn_7f40762b	جَهْر	hi	बुलन्द / ज़ाहिर को	1	4	bare
wn_7f40762b	جَهْر	fa	آشکار را	1	4	bare
wn_7f40762b	جَهْر	fr	ce qui est manifeste	1	3	bare
wv_a21c74be	طَّلَعَ	bn	পৌঁছে যাবে	1	6	bare
wv_a21c74be	طَّلَعَ	ur	جھانکتے	1	6	bare
wv_a21c74be	طَّلَعَ	hi	झाँकूँ	1	6	bare
wv_a21c74be	طَّلَعَ	tr	işler	1	6	bare
wv_3bf6d6a6	عَمِىَ	en	blind	1	2	bare-3ms
wv_3bf6d6a6	عَمِىَ	bn	অন্ধ হবে	1	2	bare-3ms
wv_3bf6d6a6	عَمِىَ	ur	اندھا ہوا	1	2	bare-3ms
wv_3bf6d6a6	عَمِىَ	hi	अँधा हुआ	1	2	bare-3ms
wv_3bf6d6a6	عَمِىَ	in	buta	1	2	bare-3ms
wv_3bf6d6a6	عَمِىَ	tr	kör olursa	1	2	bare-3ms
wv_3bf6d6a6	عَمِىَ	fa	کور شد	1	2	bare-3ms
wv_3bf6d6a6	عَمِىَ	fr	est aveugle	1	2	bare-3ms
wn_5ffa336b	جَناح	en	wing	1	2	bare
wn_5ffa336b	جَناح	ur	بازو	1	2	bare
wn_5ffa336b	جَناح	hi	बाज़ू	1	2	bare
wn_5ffa336b	جَناح	tr	kanadını	1	2	bare
wn_5ffa336b	جَناح	fr	aile	1	2	bare
wn_0a9c5b1d	بَصِيرَة	bn	আলো / প্রত্যক্ষ প্রমাণ	1	7	bare
wn_0a9c5b1d	بَصِيرَة	ur	بصیرت / کھلی دلیلیں	1	6	bare
wn_0a9c5b1d	بَصِيرَة	hi	बसीरत पर / बसीरत की बातें	1	7	bare
wn_0a9c5b1d	بَصِيرَة	in	pedoman	1	7	bare
wv_4cff73c8	دَلَّىٰ	en	direct	3	6	pronoun
wv_4cff73c8	دَلَّىٰ	bn	জানালো	1	6	pronoun
wv_4cff73c8	دَلَّىٰ	ur	رہنمائی کروں	2	6	pronoun
wv_4cff73c8	دَلَّىٰ	hi	बताऊँ / रहनुमाई करुँ	1	6	pronoun
wv_4cff73c8	دَلَّىٰ	in	tunjukkan kepada / menunjukkan kepada	3	6	pronoun
wv_4cff73c8	دَلَّىٰ	tr	size göstereyim	1	3	pronoun
wv_4cff73c8	دَلَّىٰ	fa	دلالت کنم	1	5	pronoun
wv_4cff73c8	دَلَّىٰ	fr	dirige	4	6	pronoun
wv_58c77e82	حَىَّ	hi	जियोगे / जीते हैं	1	7	bare
wv_58c77e82	حَىَّ	fa	زندگی کند / زنده می شویم	1	7	bare
wn_d5e9970a	حِجاب	hi	हिजाब / एक पर्दा	1	6	bare
wv_ca6e872f	سِيقَ	bn	নিয়ে যাওয়া হবে	1	2	bare-3ms
wv_ca6e872f	سِيقَ	ur	ہانکے جائیں گے	1	2	bare-3ms
wv_ca6e872f	سِيقَ	hi	हाँके जाऐंगे	1	2	bare-3ms
wv_ca6e872f	سِيقَ	tr	sürülürler	1	2	bare-3ms
wv_ca6e872f	سِيقَ	fa	رانده شوند	1	2	bare-3ms
wn_6591ea96	غابِر	tr	kalacaklar	1	2	bare
wn_28945cfb	كارِه	tr	istemezsek	1	6	bare
wn_28945cfb	كارِه	fa	ناخوشنودان؟	1	6	bare
wn_8441ba1d	حَمْل	hi	बोझ	1	3	bare
wn_8441ba1d	حَمْل	fr	port	1	3	bare
wv_2419bab7	يُنقَصُ	en	lessen	1	4	bare
wv_2419bab7	يُنقَصُ	ur	کم کرو	1	4	bare
wv_2419bab7	يُنقَصُ	hi	कम करो	1	4	bare
wv_2419bab7	يُنقَصُ	in	kurang	1	4	bare
wv_2419bab7	يُنقَصُ	fa	بکاه	1	2	bare
wv_e321e766	ضَاقَ	bn	সংকীর্ণ হলো	1	2	bare-3ms
wv_e321e766	ضَاقَ	in	sempit/sesak	1	2	bare-3ms
wv_e321e766	ضَاقَ	tr	daraldı	1	2	bare-3ms
wv_e321e766	ضَاقَ	fa	درمانده شد	1	2	bare-3ms
wv_823efef0	ضَحِكَتْ	bn	হাসলো	1	6	bare
wv_823efef0	ضَحِكَتْ	hi	हँसते हो	1	6	bare
wn_e6e43c16	سابِق	ur	آگے بڑھنے والے	1	3	bare
wn_e6e43c16	سابِق	hi	भाग जाने वाले	1	5	bare
wn_e6e43c16	سابِق	tr	öne geçendir	1	5	bare
wn_e6e43c16	سابِق	fa	پیشتاز / پیشی گیرندگان	1	5	bare
wn_958f48a1	بُنْيان	hi	दीवार / एक इमारत	1	3	bare
wn_158cf650	تَبْدِيل	fa	هیچ تغییری / دگر گونی را	1	5	bare
wn_c8f1f503	بُعْد	tr	uzaklaştırıldı / uzak olsun	1	5	bare
wn_c8f1f503	بُعْد	fa	فاصلۂ / نابود باد	1	5	bare
wn_9b196140	مُرِيب	tr	derin	1	7	bare
wn_b5fef64a	مُنِيب	fa	رجوع کنان	1	5	bare
wn_bf0cffb4	رُءْيا	hi	ख़्वाब को	1	3	bare
wn_bf0cffb4	رُءْيا	tr	rüyayı	1	3	bare
wv_31aa906b	عَدَّ	ur	شمار کرو	1	5	bare
wv_31aa906b	عَدَّ	hi	गिनने लगो	1	5	bare
wv_31aa906b	عَدَّ	tr	saysanız	1	3	bare
wn_fa430759	واد	hi	वादी पर	1	3	bare
wn_fa430759	واد	tr	vadide	1	3	bare
wn_fa430759	واد	fa	درّه	1	2	bare
wn_8ccf9095	شَجَر	hi	दरख़्त	1	4	bare
wn_d5d04694	صَفّ	fa	صف	1	7	bare
wn_dafc39ed	كُبْرَى	fa	هنگامه	1	4	bare
wv_75dda4ad	ٱنتَصَرَ	ur	بدلہ لے	1	6	bare
wv_75dda4ad	ٱنتَصَرَ	hi	बदला ले	1	6	bare
wv_75dda4ad	ٱنتَصَرَ	in	tolonglah	1	6	bare
wv_75dda4ad	ٱنتَصَرَ	tr	savunurlar	1	5	bare
wv_75dda4ad	ٱنتَصَرَ	fa	انتقام بگیر	1	3	bare
wv_75dda4ad	ٱنتَصَرَ	fr	se défend	1	5	bare
wn_29fe8042	مُتَشابِه	tr	müteşabihdir / birbirine benzer	1	4	bare
wv_bf97194d	نَقَضَتْ	ur	توڑو / جو توڑتے ہیں	1	6	bare
wv_bf97194d	نَقَضَتْ	hi	तोड़ो / तोड़ते हैं	1	6	bare
wn_53340ad7	جاعِل	en	makes	1	2	bare
wn_53340ad7	جاعِل	bn	সৃষ্টিকারী	1	2	bare
wn_53340ad7	جاعِل	in	pencipta	1	2	bare
wn_53340ad7	جاعِل	tr	yapan	1	2	bare
wn_53340ad7	جاعِل	fa	قراردهندۂ	1	2	bare
wn_53340ad7	جاعِل	fr	Celui qui fait	1	2	bare
wv_ba47503f	بَآءَ	en	draws	1	2	bare-3ms
wv_ba47503f	بَآءَ	bn	পরিবেষ্টিত হবে	1	2	bare-3ms
wv_ba47503f	بَآءَ	ur	پلٹے	1	2	bare-3ms
wv_ba47503f	بَآءَ	hi	पलटे	1	2	bare-3ms
wv_ba47503f	بَآءَ	tr	uğrar	1	2	bare-3ms
wv_ba47503f	بَآءَ	fa	باخود آورده	1	2	bare-3ms
wn_f16d88f7	بَقَرَة	ur	گائیں / ایسی گائے ہو	1	6	bare
wn_35ba8b43	أُمْنِيَّت	en	desire / wishful thinking	1	3	bare
wn_35ba8b43	أُمْنِيَّت	ur	خواہشات کے	1	3	bare
wn_35ba8b43	أُمْنِيَّت	hi	आरज़ुओं पर	1	3	bare
wn_35ba8b43	أُمْنِيَّت	in	dongengan / angan-angan kosong	1	3	bare
wn_35ba8b43	أُمْنِيَّت	fa	آرزوها	1	3	bare
wn_35ba8b43	أُمْنِيَّت	fr	vœux	1	3	bare
wn_63526c2b	إِخْراج	en	driving out	1	2	bare
wn_63526c2b	إِخْراج	ur	نکالے	1	2	bare
wn_63526c2b	إِخْراج	hi	निकालना	1	2	bare
wn_63526c2b	إِخْراج	in	pengeluaran	1	2	bare
wn_63526c2b	إِخْراج	fa	بیرون کردن	1	2	bare
wv_b5c5a6dc	يَتَمَنَّ	bn	লোভ করো	1	4	bare
wv_b5c5a6dc	يَتَمَنَّ	in	berharaplah	1	4	bare
wv_b5c5a6dc	يَتَمَنَّ	tr	arzuluyordunuz / temenni edin	1	3	bare
wn_82f878a3	خَلاق	tr	payı	1	2	bare
wv_134ed894	عَهِدَ	en	has promised	1	3	bare-3ms
wv_134ed894	عَهِدَ	ur	اس نے عہد لیا	1	3	bare-3ms
wv_134ed894	عَهِدَ	fa	سفارش کرده است	1	3	bare-3ms
wn_700f67d7	كَرَّة	hi	बारी / एक बार पलटना	1	6	bare
wn_700f67d7	كَرَّة	in	giliran	1	6	bare
wn_700f67d7	كَرَّة	fa	دوباره / باز گشتی	1	6	bare
wn_e6da65ba	دَعْوَة	en	call	1	4	bare
wn_e6da65ba	دَعْوَة	in	seruan	1	4	bare
wn_6a366ef5	فَجْر	hi	फ़जर / फ़ज्र का	1	5	bare
wn_74a0fdaf	مُعْتَدي	ur	زیادتی کرنے والوں کو	1	4	bare
wn_74a0fdaf	مُعْتَدي	hi	ज़्यादती करने वालों को	1	2	bare
wn_74a0fdaf	مُعْتَدي	tr	saldırganlar / aşırı gidenleri	1	5	bare
wn_74a0fdaf	مُعْتَدي	fa	تجاوز گران	1	4	bare
wv_8bf04cd3	ثُقِفُ	bn	তাদের পাওয়া যাবে	1	2	bare
wv_8bf04cd3	ثُقِفُ	hi	वो पाए गए	1	2	bare
wv_8bf04cd3	ثُقِفُ	in	dijumpai	1	2	bare
wn_9ad8d8ec	ظُلَّة	fa	ابر / سایه بان هایی	1	5	bare
wv_b5751131	سَلَّمَ	bn	অর্পন কর	1	6	bare
wv_b5751131	سَلَّمَ	in	menerima	1	6	bare
wv_b5751131	سَلَّمَ	tr	kurtardı	1	6	bare
wv_b5751131	سَلَّمَ	fr	payez	1	5	bare
wn_7ab6ea17	فَرِيضَة	tr	mehir	1	6	bare
wn_ffea0950	سَعَة	en	abundance	1	2	bare
wn_ffea0950	سَعَة	bn	প্রাচুর্য	1	2	bare
wn_ffea0950	سَعَة	in	luas/cukup	1	2	bare
wn_ffea0950	سَعَة	tr	genişlik	1	2	bare
wn_2290d1d5	سَكِينَة	fa	آرامشی / آرامش را	1	3	bare
wv_093fb2af	وَسِعَ	bn	পরিবেষ্টিত	1	4	bare-3ms
wv_093fb2af	وَسِعَ	ur	وسعت والا ہے	1	3	bare-3ms
wv_093fb2af	وَسِعَ	fa	احاطه دارد	1	4	bare-3ms
wn_2d28b3b3	رُشْد	bn	সঠিক	1	5	bare
wn_886c9534	سِيما	en	mark	1	1	pronoun
wn_886c9534	سِيما	bn	চিহ্ন	1	1	pronoun
wn_886c9534	سِيما	ur	علامتیں	1	1	pronoun
wn_886c9534	سِيما	hi	अलामत	1	1	pronoun
wn_886c9534	سِيما	in	tanda-tanda	1	1	pronoun
wn_886c9534	سِيما	tr	nişanları vardır	1	1	pronoun
wn_886c9534	سِيما	fa	نشان	1	1	pronoun
wn_886c9534	سِيما	fr	signes	1	1	pronoun
wv_7e9fb49a	تَصَدَّقَ	en	remit charity	1	5	bare
wv_7e9fb49a	تَصَدَّقَ	hi	सदक़ा करता	1	5	bare
wv_7e9fb49a	تَصَدَّقَ	in	memberikan	1	5	bare
wv_7e9fb49a	تَصَدَّقَ	tr	bağışlarsa	1	4	bare
wv_7e9fb49a	تَصَدَّقَ	fa	ببخشد	1	4	bare
wv_7e9fb49a	تَصَدَّقَ	fr	font charité	1	5	bare
wn_f9429ea8	فِضَّة	tr	gümüşü	1	2	conj
wn_73a6683f	قَصَص	ur	قصے	1	4	bare
wn_73a6683f	قَصَص	hi	क़िस्से	1	5	bare
wn_73a6683f	قَصَص	fr	récit	1	5	bare
wn_bac1beed	غَيْظ	bn	রাগ	1	4	bare
wn_bac1beed	غَيْظ	hi	ग़ुस्सा	1	4	bare
wn_bac1beed	غَيْظ	tr	öfkesini	1	2	bare
wv_d868efb7	بَوَّأَ	en	settled	1	3	bare
wv_d868efb7	بَوَّأَ	bn	বসবাস করিয়েছি	1	3	bare
wv_d868efb7	بَوَّأَ	hi	ठिकाना दिया हमने	1	3	bare
wv_d868efb7	بَوَّأَ	in	tempatkan	1	3	bare
wv_d868efb7	بَوَّأَ	tr	ayrılmıştın	1	3	bare
wv_d868efb7	بَوَّأَ	fa	آماده کردیم	1	3	bare
wv_d868efb7	بَوَّأَ	fr	loges avec satisfaction / avons logé avec satisfaction	1	3	bare
wn_d2049cb3	غَمّ	tr	gam	1	2	bare
wn_8bff0468	فَرِح	bn	উৎফুল্ল	1	5	bare
wn_8bff0468	فَرِح	in	mereka bangga	1	5	bare
wn_8bff0468	فَرِح	fa	شادمانند / شادمان اند	1	5	bare
wn_d4267482	ثُلُث	bn	দুই-তৃতীয়াংশ / এক তৃতীয়াংশ	1	5	bare
wn_d4267482	ثُلُث	fa	دوسوم / یک سوم	1	4	bare
wn_df182fe2	مَقْت	tr	gazabı	1	3	bare
wv_cd4d5312	ٱسْتَمْتَعَ	en	enjoyed	1	2	bare-3ms
wv_cd4d5312	ٱسْتَمْتَعَ	bn	ভোগ করেছে	1	2	bare-3ms
wv_cd4d5312	ٱسْتَمْتَعَ	in	menikmati	1	2	bare-3ms
wv_cd4d5312	ٱسْتَمْتَعَ	tr	yararlandık	1	2	bare-3ms
wv_cd4d5312	ٱسْتَمْتَعَ	fa	بهره مند شدند	1	2	bare-3ms
wv_6bea66ec	أَدْرَكَ	bn	তাকে পাবে	1	4	bare
wv_6bea66ec	أَدْرَكَ	ur	پالیتا ہے	1	4	bare
wv_6bea66ec	أَدْرَكَ	hi	पा ले उसे	1	4	bare
wv_6bea66ec	أَدْرَكَ	in	menemuinya	1	4	bare
wv_6bea66ec	أَدْرَكَ	tr	görür	1	3	bare
wv_6bea66ec	أَدْرَكَ	fa	درمی یابد	1	3	bare
wv_6bea66ec	أَدْرَكَ	fr	atteigne	1	4	bare
wn_e209eaf3	تَحِيَّة	en	greeting	1	2	bare
wn_e209eaf3	تَحِيَّة	hi	तोहफ़ा	1	2	bare
wn_e209eaf3	تَحِيَّة	tr	dileğiyle	1	2	bare
wn_e209eaf3	تَحِيَّة	fa	با درود	1	2	bare
wv_6caa44fe	غَضِبَ	bn	রাগ হয়েছেন	1	5	bare-3ms
wv_180fcd71	يَسْتَفْتُ	bn	জিজ্ঞেস করবে	1	2	bare
wv_180fcd71	يَسْتَفْتُ	ur	پوچھنا	1	2	bare
wv_180fcd71	يَسْتَفْتُ	hi	आप पूछिए	1	2	bare
wv_180fcd71	يَسْتَفْتُ	in	menanyakan	1	2	bare
wv_180fcd71	يَسْتَفْتُ	tr	sorduğunuz	1	2	bare
wv_180fcd71	يَسْتَفْتُ	fr	demande de jugement	1	2	bare
wn_164ecbcd	أَسْفَل	bn	নিচ	1	6	bare
wn_164ecbcd	أَسْفَل	ur	نیچے تھا	1	6	bare
wn_164ecbcd	أَسْفَل	hi	नीचे था	1	6	bare
wn_164ecbcd	أَسْفَل	tr	aşağıların	1	5	bare
wv_db20969b	بَلَّغْ	bn	পৌঁছায়	1	3	bare
wv_db20969b	بَلَّغْ	ur	پہنچا دیجیے	1	3	bare
wv_db20969b	بَلَّغْ	hi	पहुँचा दीजिए	1	3	bare
wv_db20969b	بَلَّغْ	fa	ابلاغ کن	1	2	bare
wv_db20969b	بَلَّغْ	fr	Transmets	1	3	bare
wn_57868583	بالِغ	en	reaching	1	2	bare
wn_57868583	بالِغ	bn	অর্জনকারী	1	2	bare
wn_57868583	بالِغ	ur	پہنچنے والی	1	2	bare
wn_57868583	بالِغ	hi	पहुँचने वाली	1	2	bare
wn_57868583	بالِغ	in	sampai	1	2	bare
wn_57868583	بالِغ	tr	varacak	1	2	bare
wn_57868583	بالِغ	fa	رسیده	1	2	bare
wn_57868583	بالِغ	fr	transmise	1	2	bare
wv_ccaf9388	انتَقَمْ	fr	se vengera / sommes donc vengé	1	6	bare
wv_031c07ea	قَلَّبُ	en	twisting	1	5	bare
wv_031c07ea	قَلَّبُ	bn	মুচড়াতে	1	5	bare
wv_031c07ea	قَلَّبُ	hi	फेर देंगे	1	5	bare
wv_031c07ea	قَلَّبُ	tr	çevirir	1	5	bare
wv_031c07ea	قَلَّبُ	fa	می گردانیم	1	5	bare
wv_031c07ea	قَلَّبُ	fr	tourner	1	5	bare
wv_bf890613	ذَرَأَ	en	produced	1	2	bare-3ms
wv_bf890613	ذَرَأَ	ur	اس نے پیدا کیا	1	2	bare-3ms
wv_bf890613	ذَرَأَ	hi	उसने पैदा किया	1	2	bare-3ms
wv_bf890613	ذَرَأَ	in	adakan/ciptakan	1	2	bare-3ms
wv_bf890613	ذَرَأَ	tr	yarattığı	1	2	bare-3ms
wv_bf890613	ذَرَأَ	fa	آفرید	1	2	bare-3ms
wv_bf890613	ذَرَأَ	fr	fait croître en créant davantage	1	1	pronoun
wv_003e4657	أَسْرَفَ	ur	اسراف کرو	1	6	bare
wv_003e4657	أَسْرَفَ	tr	israf eden	1	3	bare
wv_003e4657	أَسْرَفَ	fa	از اندازه بگذرد	1	2	bare
wn_5220e74e	قائِل	bn	একজন কথক	1	4	bare
wn_728ba150	مُنظَر	hi	मोहलत दिए गए / मोहलत दिए जाने वाले	1	3	bare
wn_728ba150	مُنظَر	tr	mühletleri	1	3	bare
wn_50d2ccf7	ناصِح	bn	হিতাকাঙ্খী	1	5	bare
wn_50d2ccf7	ناصِح	hi	ख़ैरख़्वाह हूँ	1	5	bare
wn_50d2ccf7	ناصِح	tr	öğütçüyüm	1	4	bare
wn_3a334315	وَحْد	en	Alone	6	6	pronoun
wn_3a334315	وَحْد	bn	একার	4	6	pronoun
wn_3a334315	وَحْد	ur	اکیلے اسی / اکیلے اس پر	3	6	pronoun
wn_3a334315	وَحْد	hi	अकेले उसी	6	6	pronoun
wn_3a334315	وَحْد	in	sendiri	6	6	pronoun
wn_3a334315	وَحْد	tr	tek	5	6	pronoun
wn_3a334315	وَحْد	fa	به یگانگی	5	6	pronoun
wn_3a334315	وَحْد	fr	seul	6	6	pronoun
wn_64998d09	ضُحًى	en	daylight	1	2	bare
wn_64998d09	ضُحًى	bn	দিনের বেলায়	1	2	bare
wn_64998d09	ضُحًى	ur	دن چڑھے	1	2	bare
wn_64998d09	ضُحًى	in	waktu dhuha	1	2	bare
wn_64998d09	ضُحًى	fa	چاشتگاه	1	2	bare
wv_2cbff62a	نَّكَثَ	ur	توڑ دے	1	6	bare
wv_2cbff62a	نَّكَثَ	hi	वो तोड़ दें	1	6	bare
wv_2cbff62a	نَّكَثَ	tr	bozan	1	6	bare
wn_6a96655a	خَبِيثَة	hi	नापाक के	1	5	bare
wn_4341abcf	واقِع	en	fall	1	3	bare
wn_4341abcf	واقِع	bn	পড়বে	1	3	bare
wn_4341abcf	واقِع	ur	گرنے والا / واقع ہونے والا	1	3	bare
wn_4341abcf	واقِع	hi	गिरने वाला / वाक़ेअ होने वाला	1	3	bare
wn_4341abcf	واقِع	in	menimpa	1	3	bare
wn_4341abcf	واقِع	tr	vuku bulacak	1	3	bare
wn_4341abcf	واقِع	fa	فروافتادنی	1	2	bare
wn_4341abcf	واقِع	fr	arrivante / qui arrive	1	3	bare
wn_9e71829e	غاوي	ur	گمراہوں / بہکے ہوئے	1	4	bare
wn_9e71829e	غاوي	tr	azmıştık	1	2	bare
wv_47e04c27	ظاهَرُ	en	support / pronounce zihar	1	5	bare
wv_47e04c27	ظاهَرُ	ur	ظہار کرتے ہو / جو ظہار کرتے ہیں	1	4	bare
wv_47e04c27	ظاهَرُ	fr	ont soutenu	1	2	bare
wv_56df7ce1	يُجِيرُ	en	protect	1	3	bare
wv_56df7ce1	يُجِيرُ	bn	আশ্রয় দেন	1	3	bare
wv_56df7ce1	يُجِيرُ	ur	پناہ دے گا	1	3	bare
wv_56df7ce1	يُجِيرُ	hi	पनाह देगा	1	3	bare
wv_56df7ce1	يُجِيرُ	in	melindungi	1	3	bare
wv_56df7ce1	يُجِيرُ	tr	kurtarabilir	1	3	bare
wv_56df7ce1	يُجِيرُ	fa	که پناه دهد	1	2	bare
wv_56df7ce1	يُجِيرُ	fr	pourrait protéger	1	3	bare
wv_0319a723	بايَعْ	en	have contracted	1	2	bare
wv_0319a723	بايَعْ	bn	কেনাবেচা করছো	1	2	bare
wv_0319a723	بايَعْ	hi	सौदा किया तुमने	1	2	bare
wv_0319a723	بايَعْ	in	berjanji setia	1	2	bare
wv_0319a723	بايَعْ	fa	معامله کردید	1	2	bare
wv_0319a723	بايَعْ	fr	avez acheté	1	2	bare
wv_b91ab9a4	زَاغَ	bn	ভুল করেছে	1	6	bare
wv_b91ab9a4	زَاغَ	tr	sapsa	1	5	bare
wv_b91ab9a4	زَاغَ	fa	سرباز زند	1	5	bare
wv_b91ab9a4	زَاغَ	fr	dévier / a dévié	1	6	bare
wn_14475f8c	خُلْد	fa	جاویدی	1	6	bare
wv_e87c445f	شَدَدْ	ur	پکا کرو	1	5	bare
wv_e87c445f	شَدَدْ	hi	मज़बूत बाँधो	1	5	bare
wv_e87c445f	شَدَدْ	tr	bağla	1	5	bare
wv_e87c445f	شَدَدْ	fr	Renforce / avons renforcé	1	5	bare
wn_cb5378b8	كَنز	bn	গুপ্তধন	1	4	bare
wn_c0febbc6	وَحْى	ur	ایک وحی	1	2	bare
wn_c0febbc6	وَحْى	hi	एक वही	1	2	bare
wn_c0febbc6	وَحْى	fa	به وحی	1	2	bare
wn_6c0e386e	عالِي	en	haughty	1	3	bare
wn_6c0e386e	عالِي	bn	উদ্ধত	1	3	bare
wn_6c0e386e	عالِي	ur	متکبر	1	3	bare
wn_6c0e386e	عالِي	tr	ululanan	1	2	bare
wn_6c0e386e	عالِي	fa	برتران	1	3	bare
wn_036d3a96	قَمِيص	en	shirt	5	5	pronoun
wn_036d3a96	قَمِيص	bn	জামা	5	5	pronoun
wn_036d3a96	قَمِيص	ur	قمیص	5	5	pronoun
wn_036d3a96	قَمِيص	hi	क़मीज़	5	5	pronoun
wn_036d3a96	قَمِيص	in	baju	4	5	pronoun
wn_036d3a96	قَمِيص	tr	gömleği	5	5	pronoun
wn_036d3a96	قَمِيص	fa	پیراهن	5	5	pronoun
wn_036d3a96	قَمِيص	fr	tunique	5	5	pronoun
wn_7f62e371	سِجْن	hi	क़ैद ख़ाना / क़ैद ख़ाने में	1	6	bare
wn_4e2c5ea5	مَرَدّ	bn	ফেরার	1	5	bare
wn_4e2c5ea5	مَرَدّ	ur	لوٹنے کی	1	5	bare
wn_4e2c5ea5	مَرَدّ	hi	अंजाम में / नहीं कोई टलना	1	5	bare
wn_4e2c5ea5	مَرَدّ	tr	geri çevirecek	1	3	bare
wn_4e2c5ea5	مَرَدّ	fa	بازگشتی	1	3	bare
wn_7dd2bdc4	وَعِيد	en	Warning	1	3	bare
wn_7dd2bdc4	وَعِيد	bn	সতর্কবাণী	1	3	bare
wn_7dd2bdc4	وَعِيد	ur	وعدے کا	1	2	bare
wn_7dd2bdc4	وَعِيد	hi	वादे का	1	3	bare
wn_7dd2bdc4	وَعِيد	tr	tehdidimi	1	2	bare
wn_eb6f4af7	طَرْف	ur	نظر / نگاہوں کو	1	4	bare
wn_eb6f4af7	طَرْف	fa	چشمِ	1	2	bare
wv_e08f5bd0	عَاقَبَ	en	has retaliated	1	2	bare-3ms
wv_e08f5bd0	عَاقَبَ	bn	প্রতিশোধ নিবে	1	2	bare-3ms
wv_e08f5bd0	عَاقَبَ	ur	بدلہ لے	1	2	bare-3ms
wv_e08f5bd0	عَاقَبَ	hi	बदला ले	1	2	bare-3ms
wv_e08f5bd0	عَاقَبَ	in	dibalas	1	2	bare-3ms
wv_e08f5bd0	عَاقَبَ	fa	کیفر کند	1	2	bare-3ms
wv_e08f5bd0	عَاقَبَ	fr	puni	1	2	bare-3ms
wv_d8d61346	عَلَا	bn	দখল করে	1	4	bare
wv_d8d61346	عَلَا	in	dapati	1	4	bare
wv_d8d61346	عَلَا	tr	ululandı	1	2	bare
wv_d8d61346	عَلَا	fa	دست یابند	1	2	bare
wv_d8d61346	عَلَا	fr	ont envahi	1	4	bare
wn_efcee00e	أَوّاب	ur	رجوع کرنے والے	1	3	bare
wn_efcee00e	أَوّاب	fa	برگردندۂ	1	4	bare
wv_c0ee9b5c	فُجِّرَتْ	en	caused to burst / caused to gush forth	1	5	bare
wv_c0ee9b5c	فُجِّرَتْ	bn	উথলে উঠবে	1	5	bare
wv_c0ee9b5c	فُجِّرَتْ	hi	जारी करो	1	5	bare
wv_c0ee9b5c	فُجِّرَتْ	tr	akıttık	1	5	bare
wv_c0ee9b5c	فُجِّرَتْ	fa	روان کنی	1	5	bare
wv_c0ee9b5c	فُجِّرَتْ	fr	jaillissent ensuite / avons fait jaillir	1	4	bare
wv_49ecef94	نَزَلَ	en	descends	1	4	bare-3ms
wv_49ecef94	نَزَلَ	tr	indiği	1	4	bare-3ms
wv_49ecef94	نَزَلَ	fa	فرودآید	1	4	bare-3ms
wn_23f79983	كَهْف	fa	کهف	1	4	bare
wv_094d4fa7	يَنۢبَغِي	en	suits	1	6	bare
wv_094d4fa7	يَنۢبَغِي	fa	سزا وار	1	2	bare
wv_0605e6d0	لَقَّىٰ	ur	ڈالا جاتا	1	1	pronoun
wv_7d157c2e	فَرَّتْ	bn	পালাও / পলায়ন কর	1	6	bare
wv_7d157c2e	فَرَّتْ	ur	دوڑو	1	6	bare
wv_7d157c2e	فَرَّتْ	hi	भागेगा	1	6	bare
wv_7d157c2e	فَرَّتْ	tr	kaçar	1	5	bare
wn_f5fe426e	طاغي	bn	অবাধ্য	1	4	bare
wn_fc26bedd	كَأْس	bn	সূরা	1	3	bare
wn_fc26bedd	كَأْس	ur	ایک جام	1	3	bare
wn_fc26bedd	كَأْس	hi	एक जाम	1	3	bare
wn_fc26bedd	كَأْس	fa	پیاله ای	1	3	bare
wv_20e5209e	خَتَمَ	en	sealed	1	3	bare-3ms
wv_20e5209e	خَتَمَ	bn	সিল লাগান	1	3	bare-3ms
wv_20e5209e	خَتَمَ	ur	مہر لگادیں	1	3	bare-3ms
wv_20e5209e	خَتَمَ	tr	mühürlediği	1	3	bare-3ms
wv_20e5209e	خَتَمَ	fa	مهر نهد	1	3	bare-3ms
wv_20e5209e	خَتَمَ	fr	scelle / a scellé	1	3	bare-3ms
wn_4606e72e	مُصْلِح	tr	düzelticileriz	1	3	bare
wn_4606e72e	مُصْلِح	fa	شایسته کار	1	5	bare
wv_c7c6d526	يَرْكَعُ	bn	অবনত হও	1	5	bare
wv_c7c6d526	يَرْكَعُ	tr	eğil / rüku' edin	1	4	bare
wv_8ca86e81	فَرَقْ	en	parted	1	4	bare
wv_8ca86e81	فَرَقْ	bn	ভয় করে	1	4	bare
wv_8ca86e81	فَرَقْ	ur	ڈرتے ہیں	1	4	bare
wv_8ca86e81	فَرَقْ	hi	फाड़ा हमने	1	4	bare
wv_8ca86e81	فَرَقْ	in	takut	1	4	bare
wv_8ca86e81	فَرَقْ	fa	شکا فتیم	1	4	bare
wv_8ca86e81	فَرَقْ	fr	ont peur	1	4	bare
wv_ccfab7b3	تَعْثَ	bn	বাড়াবাড়ি করো	1	5	bare
wv_ccfab7b3	تَعْثَ	in	berkeliaran / melakukan kejahatan	1	5	bare
wn_25e469d5	مِصْر	hi	शहर में	1	4	bare
wv_b1960c32	ذُبِحَ	en	slaughter	1	2	bare
wv_b1960c32	ذُبِحَ	bn	জবাই কর	1	2	bare
wv_b1960c32	ذُبِحَ	ur	ذبح کرو	1	2	bare
wv_b1960c32	ذُبِحَ	hi	ज़िबाह करो	1	2	bare
wv_b1960c32	ذُبِحَ	in	disembelih	1	2	bare
wv_b1960c32	ذُبِحَ	fr	égorger	1	2	bare
wn_6577c1f5	ناظِر	en	awaiting	1	2	bare
wn_6577c1f5	ناظِر	bn	অপেক্ষাকারী	1	2	bare
wn_6577c1f5	ناظِر	hi	देखने वालों को	1	2	bare
wn_6577c1f5	ناظِر	in	menunggu-nunggu	1	2	bare
wn_6577c1f5	ناظِر	tr	bakanlara	1	2	bare
wn_6577c1f5	ناظِر	fa	منتظر بمانید	1	2	bare
wn_6577c1f5	ناظِر	fr	observateurs	1	2	bare
wv_8146328b	أَثارُ	bn	চাষে	1	5	bare
wv_8146328b	أَثارُ	in	membajak	1	5	bare
wv_8146328b	أَثارُ	fa	برانگیزاند	1	5	bare
wv_37c8e009	يُعَمَّرُ	en	is granted life	1	3	bare
wv_37c8e009	يُعَمَّرُ	bn	আয়ু দেয়া হত	1	3	bare
wv_37c8e009	يُعَمَّرُ	ur	عمر دیا جائے	1	3	bare
wv_37c8e009	يُعَمَّرُ	hi	उमर दिया जाता / वो उम्र दिया जाए	1	3	bare
wv_37c8e009	يُعَمَّرُ	tr	ömür	1	3	bare
wv_37c8e009	يُعَمَّرُ	fr	vive	1	3	bare
wn_f68dc294	تَقَلُّب	en	turning	1	2	bare
wn_f68dc294	تَقَلُّب	bn	চলাফেরা	1	2	bare
wn_f68dc294	تَقَلُّب	ur	چلنا پھرنا	1	2	bare
wn_f68dc294	تَقَلُّب	hi	चलना फिरना	1	2	bare
wn_f68dc294	تَقَلُّب	in	menengadah	1	2	bare
wn_f68dc294	تَقَلُّب	tr	gezip dolaşması	1	2	bare
wn_f68dc294	تَقَلُّب	fa	گردش	1	2	bare
wn_f68dc294	تَقَلُّب	fr	tournement	1	2	bare
wv_5018087a	اسْتَبَقَ	bn	অতঃপর চলতে চাইতো	1	5	bare
wv_5018087a	اسْتَبَقَ	ur	دوڑیں / سبقت کرو	1	5	bare
wv_5018087a	اسْتَبَقَ	hi	पस वो दौड़ें	1	5	bare
wv_5018087a	اسْتَبَقَ	tr	koşuştular	1	5	bare
wv_0c158b8e	بَثَّ	in	sebarkan	1	4	bare-3ms
wv_0c158b8e	بَثَّ	fa	وبپراکند	1	4	bare-3ms
wv_7cc82ada	تَبَرَّأَ	en	disassociated	1	2	bare-3ms
wv_7cc82ada	تَبَرَّأَ	bn	সম্পর্ক ছিন্ন করবে	1	2	bare-3ms
wv_7cc82ada	تَبَرَّأَ	hi	बेज़ार होंगे	1	2	bare-3ms
wv_7cc82ada	تَبَرَّأَ	in	berlepas diri	1	2	bare-3ms
wv_7cc82ada	تَبَرَّأَ	fa	بیزاری جست	1	2	bare-3ms
wv_7cc82ada	تَبَرَّأَ	fr	désavoueront	1	2	bare-3ms
wv_f09938bb	تَّقَطَّعَ	bn	ছিন্ন হয়েছে	1	4	bare
wv_f09938bb	تَّقَطَّعَ	ur	کٹ گئے	1	4	bare
wv_f09938bb	تَّقَطَّعَ	hi	कट गया	1	5	bare
wv_f09938bb	تَّقَطَّعَ	in	memotong	1	5	bare
wv_f09938bb	تَّقَطَّعَ	tr	kesildi	1	4	bare
wv_f09938bb	تَّقَطَّعَ	fa	گسته شد	1	4	bare
wv_f09938bb	تَّقَطَّعَ	fr	seront coupés / mais ils ont divisés	1	5	bare
wn_680348f2	خَصِيم	ur	جھگڑے	1	4	bare
wn_680348f2	خَصِيم	fa	گفتگو	1	5	bare
wn_fcb27b10	كافَّة	ur	سب کے سب	1	3	bare
wn_f00adb0f	مُشْرِكَة	en	polytheist woman	1	3	bare
wn_f00adb0f	مُشْرِكَة	ur	مشرکہ عورت	1	3	bare
wn_f00adb0f	مُشْرِكَة	in	wanita musyrik	1	3	bare
wn_f00adb0f	مُشْرِكَة	tr	müşrik kadından	1	2	bare
wn_f00adb0f	مُشْرِكَة	fa	مشرکه	1	3	bare
wv_c145e2df	تَطَهَّرْ	en	are purified	1	5	bare
wv_c145e2df	تَطَهَّرْ	bn	পবিত্র হয় / পবিত্র থাকতে চায়	1	5	bare
wv_c145e2df	تَطَهَّرْ	ur	پاک ہو جائیں	1	5	bare
wv_c145e2df	تَطَهَّرْ	hi	ख़ूब पाक हो जाओ	1	4	bare
wv_c145e2df	تَطَهَّرْ	in	telah suci	1	5	bare
wv_c145e2df	تَطَهَّرْ	tr	temizlendikleri	1	4	bare
wv_c145e2df	تَطَهَّرْ	fa	پاکی بورزید	1	4	bare
wn_229c4eda	وُسْع	en	capacity	5	5	pronoun
wn_229c4eda	وُسْع	bn	সামর্থ্য / সাধ্য	3	5	pronoun
wn_229c4eda	وُسْع	ur	وسعت کے مطابق	5	5	pronoun
wn_229c4eda	وُسْع	hi	वुसअत के मुताबिक़	4	5	pronoun
wn_229c4eda	وُسْع	in	kesanggupan	4	5	pronoun
wn_229c4eda	وُسْع	tr	gücünün yettiğinden	4	5	pronoun
wn_229c4eda	وُسْع	fa	به اندازه توان	3	5	pronoun
wn_229c4eda	وُسْع	fr	capacité / ce dont elle est capable	3	5	pronoun
wn_95b87eb4	نِكاح	fa	نکاح / ازدواج را	1	5	bare
wv_91ad82fa	قَبَضْ	en	took	1	4	bare
wv_91ad82fa	قَبَضْ	bn	সংকুচিত করেন	1	4	bare
wv_91ad82fa	قَبَضْ	ur	نے اٹھا لی	1	4	bare
wv_91ad82fa	قَبَضْ	hi	तंगी करता है	1	4	bare
wv_91ad82fa	قَبَضْ	in	menyempitkan	1	4	bare
wv_91ad82fa	قَبَضْ	tr	aldım	1	4	bare
wv_91ad82fa	قَبَضْ	fa	گرفتم	1	4	bare
wv_91ad82fa	قَبَضْ	fr	restreint	1	3	bare
wv_1fee4120	فَصَلَ	bn	রওনা হল / মীমাংসা করে দিবেন	1	5	bare
wv_1fee4120	فَصَلَ	tr	ayırır	1	5	bare
wv_abcfa568	طَعِمُ	en	ate	1	4	bare
wv_abcfa568	طَعِمُ	bn	খেয়েছে	1	4	bare
wv_abcfa568	طَعِمُ	ur	کھانا کھالو	1	3	bare
wv_abcfa568	طَعِمُ	hi	चखा उसे	1	4	bare
wv_abcfa568	طَعِمُ	tr	yediklerinden	1	2	bare
wv_abcfa568	طَعِمُ	fa	خورده اند	1	3	bare
wv_abcfa568	طَعِمُ	fr	goûte	1	4	bare
wn_a4bb821b	غُرْفَة	en	hollow / lofty mansions	1	5	bare
wn_a4bb821b	غُرْفَة	fa	غرفۂ / کوشک هایی	1	5	bare
wv_3097411e	بَرَزَ	en	leave / will come forth	1	4	bare
wv_3097411e	بَرَزَ	ur	نکلے	1	3	bare
wv_3097411e	بَرَزَ	hi	वो सामने हुए	1	4	bare
wv_3097411e	بَرَزَ	tr	çıkınca	1	4	bare
wv_3097411e	بَرَزَ	fa	بیرون روند	1	4	bare
wn_abac7ce3	خاوِيَة	en	fell	1	5	bare
wn_abac7ce3	خاوِيَة	bn	পরিত্যাক্ত	1	5	bare
wn_abac7ce3	خاوِيَة	ur	گری پڑی	1	5	bare
wn_abac7ce3	خاوِيَة	hi	खोखले	1	5	bare
wn_abac7ce3	خاوِيَة	tr	yığılmış	1	5	bare
wn_a4edef5e	حِمار	tr	eşeğin	1	3	bare
wn_5e96e852	كَفّار	hi	बड़ा नाशुक्रा	1	5	bare
wv_9ef6e079	يُؤَدِّ	en	render / will return it	1	4	bare
wv_9ef6e079	يُؤَدِّ	ur	ادا کرے گا	1	4	bare
wv_9ef6e079	يُؤَدِّ	hi	अदा करो	1	4	bare
wv_9ef6e079	يُؤَدِّ	in	serahkan / ia mengembalikannya	1	4	bare
wv_9ef6e079	يُؤَدِّ	tr	onu öder	1	2	bare
wv_9ef6e079	يُؤَدِّ	fr	délivrer	1	4	bare
wv_3b4d2413	ٱكْتَسَبَ	fa	کسب نمود / به دست آورده اند	1	4	bare
wv_cd6017e3	حُمِّلَ	en	were entrusted	1	4	bare
wv_cd6017e3	حُمِّلَ	bn	ভার দেয়া হয়েছিল	1	4	bare
wv_cd6017e3	حُمِّلَ	ur	اٹھوایا گیا	1	4	bare
wv_cd6017e3	حُمِّلَ	in	dipikulkan / yang dibebankan	1	4	bare
wv_cd6017e3	حُمِّلَ	tr	size yükletilen	1	3	bare
wv_cd6017e3	حُمِّلَ	fa	بر ما نهادند	1	4	bare
wv_cd6017e3	حُمِّلَ	fr	a été mis à porter	1	4	bare
wn_bf689d49	خَيْل	hi	कोई घोड़े	1	2	bare
wn_bf689d49	خَيْل	fa	اسبان	1	2	conj
wn_c289d124	اللَّهُمَّ	en	O Allah	5	5	pronoun
wn_c289d124	اللَّهُمَّ	bn	হে আল্লাহ	5	5	pronoun
wn_c289d124	اللَّهُمَّ	ur	اے اللہ	4	5	pronoun
wn_c289d124	اللَّهُمَّ	hi	ऐ अल्लाह	5	5	pronoun
wn_c289d124	اللَّهُمَّ	in	ya Allah	4	5	pronoun
wn_c289d124	اللَّهُمَّ	tr	Allah'ım	5	5	pronoun
wn_c289d124	اللَّهُمَّ	fa	بار الها	4	5	pronoun
wn_c289d124	اللَّهُمَّ	fr	Ô Allâh	5	5	pronoun
wn_4c6a4ddd	يَحْيَى	hi	यहया	1	2	bare
wn_4c6a4ddd	يَحْيَى	tr	Yahya'yı	1	2	bare
wn_ff289c52	مَهْد	ur	گہوارے / پن گھوڑے	1	5	bare
wn_48f58bc8	حَوارِيّ	in	orang-orang Hawariyun / pengikut-pengikut yang setia	1	4	bare
wn_8ccda36c	نُبُوَّة	tr	peygamberlik	1	2	bare
wv_d5a60825	دَرَسُ	en	learn	1	4	bare
wv_d5a60825	دَرَسُ	tr	öğretiyor	1	4	bare
wv_d5a60825	دَرَسُ	fa	آموخته ای	1	3	bare
wn_2375039f	كَرْه	ur	ناخوشی سے	1	3	bare
wn_2375039f	كَرْه	hi	ज़बरदस्ती	1	3	bare
wn_2375039f	كَرْه	tr	zorla	1	3	bare
wn_2375039f	كَرْه	fa	ناخواسته	1	3	bare
wv_bac1af82	اعْتَصَمُ	bn	আঁকড়ে ধরো	1	5	bare
wv_bac1af82	اعْتَصَمُ	ur	مضبوط تھام لو	1	3	bare
wv_bac1af82	اعْتَصَمُ	hi	थाम ले	1	5	bare
wv_c048074d	أَلَّفَ	bn	মিলিয়ে দিলেন / সম্প্রীতি স্থাপন করেছেন	1	3	bare-3ms
wn_0f68ceb0	قائِمَة	bn	ঘটবে	1	5	bare
wn_0f68ceb0	قائِمَة	ur	کھڑی تھی	1	5	bare
wn_0f68ceb0	قائِمَة	hi	खड़ा / क़ायम होने वाली	1	5	bare
wn_7a0b21ad	طَرَف	en	part	1	2	bare
wn_7a0b21ad	طَرَف	bn	একটি অংশকে	1	2	bare
wn_7a0b21ad	طَرَف	hi	एक हिस्सा	1	2	bare
wn_7a0b21ad	طَرَف	in	golongan	1	2	bare
wn_7a0b21ad	طَرَف	tr	kısmını	1	2	bare
wn_7a0b21ad	طَرَف	fa	گروهی	1	2	bare
wn_7a0b21ad	طَرَف	fr	partie	1	2	bare
wv_c081f863	وَهَنَ	bn	নরম হয়েছে	1	5	bare
wv_c081f863	وَهَنَ	ur	سستی کرو	1	5	bare
wv_c081f863	وَهَنَ	hi	सुस्ती करो	1	5	bare
wv_c081f863	وَهَنَ	tr	gevşedi	1	2	bare
wv_71676085	غَلَّ	hi	ख़यानत करेगा	1	4	bare
wv_71676085	غَلَّ	tr	bağlandı	1	3	bare
wv_71676085	غَلَّ	fr	prend par escroquerie	1	4	bare
wv_1aeb0703	دَفَعْ	ur	دور کرو	1	5	bare
wn_648d187b	عَزْم	hi	कोई अज़्म	1	4	bare
wn_648d187b	عَزْم	in	diutamakan	1	5	bare
wn_648d187b	عَزْم	fa	کارهای	1	5	bare
wv_a6204b6f	ءَانَسَ	ur	نے پائی ہے	1	3	bare
wv_a6204b6f	ءَانَسَ	hi	पाओ तुम / देखी है मैं ने	1	5	bare
wv_539e6d68	أَوْصَٰ	en	has made	1	3	bare
wv_539e6d68	أَوْصَٰ	ur	وصیت کر جاؤ	1	3	bare
wv_539e6d68	أَوْصَٰ	hi	वसीयत कर जाओ	1	3	bare
wv_539e6d68	أَوْصَٰ	in	diwasiatkan	1	3	bare
wv_539e6d68	أَوْصَٰ	fa	وصیت می کند	1	3	bare
wv_539e6d68	أَوْصَٰ	fr	a ordonné	1	3	bare
wv_b733b28f	أَرْضَعَتْ	en	suckle	1	2	bare
wv_b733b28f	أَرْضَعَتْ	bn	দুধপান করায়	1	2	bare
wv_b733b28f	أَرْضَعَتْ	ur	دودھ پلائیں	1	2	bare
wv_b733b28f	أَرْضَعَتْ	hi	वो दूध पिलाऐं	1	2	bare
wv_b733b28f	أَرْضَعَتْ	in	menyusukan	1	2	bare
wv_b733b28f	أَرْضَعَتْ	fa	شیر دهند	1	2	bare
wv_b733b28f	أَرْضَعَتْ	fr	allaitent	1	2	bare
wv_9e3e9e83	أَحْصَنَتْ	bn	বিবাহিতা হয়	1	4	bare
wv_9e3e9e83	أَحْصَنَتْ	ur	روک رکھو گے / جس نے حفاظت کی	1	4	bare
wv_9e3e9e83	أَحْصَنَتْ	hi	महफ़ूज़ रखा	1	4	bare
wv_9e3e9e83	أَحْصَنَتْ	in	simpan	1	4	bare
wv_9e3e9e83	أَحْصَنَتْ	fa	نگهداشت	1	4	bare
wv_9e3e9e83	أَحْصَنَتْ	fr	stockerez / a protégé	1	4	bare
wv_015b1315	اهْجُرْ	en	avoid	1	2	bare
wv_015b1315	اهْجُرْ	bn	দূরে থাক	1	2	bare
wv_015b1315	اهْجُرْ	ur	چھوڑ دو	1	2	bare
wv_015b1315	اهْجُرْ	hi	पस छोड़ दीजिए	1	2	bare
wv_015b1315	اهْجُرْ	in	tinggalkan	1	2	bare
wv_015b1315	اهْجُرْ	tr	kaçın	1	2	bare
wv_015b1315	اهْجُرْ	fa	دوری گزین	1	2	bare
wv_015b1315	اهْجُرْ	fr	quitte	1	2	bare
wn_4e97e92e	عَفُوّ	bn	মাফকারী	1	3	bare
wv_c34e4538	طُمِسَتْ	en	efface	1	4	bare
wv_c34e4538	طُمِسَتْ	bn	বিনষ্ট করো	1	4	bare
wv_c34e4538	طُمِسَتْ	ur	مٹا دے	1	4	bare
wv_c34e4538	طُمِسَتْ	in	merubah	1	4	bare
wv_c34e4538	طُمِسَتْ	tr	silindiği	1	3	bare
wv_c34e4538	طُمِسَتْ	fa	محو کن	1	3	bare
wv_c34e4538	طُمِسَتْ	fr	Anéantis	1	4	bare
wn_89d8e24d	صِدِّيق	in	sangat benar	1	4	bare
wn_89d8e24d	صِدِّيق	fa	راست گوی	1	4	bare
wn_4c5bbb38	مُسْتَضْعَف	ur	کمزور ۔ بےبس۔ مجبور	1	2	bare
wn_4c5bbb38	مُسْتَضْعَف	tr	hırpalanıyordunuz	1	2	bare
wn_70431cad	سَلَم	fa	تسلیم	1	5	bare
wv_a448eda9	يُفْتِي	en	Advise / Explain to	1	5	pronoun
wv_a448eda9	يُفْتِي	bn	অভিমত দাও	3	5	pronoun
wv_a448eda9	يُفْتِي	ur	جواب دو ہم کو / فتوی دیتا ہے تم کو	1	4	pronoun
wv_a448eda9	يُفْتِي	hi	बताओ / जवाब दो	1	5	pronoun
wv_a448eda9	يُفْتِي	in	terangkan kepada / memberi fatwa kepada	1	5	pronoun
wv_a448eda9	يُفْتِي	tr	bana anlatın	1	5	pronoun
wv_a448eda9	يُفْتِي	fa	نظر دهید مرا	2	5	pronoun
wv_a448eda9	يُفْتِي	fr	donnera un jugement / donnez-moi un jugement	2	5	pronoun
wn_c4cafb47	شُحّ	ur	بخل کو	1	5	bare
wn_c4cafb47	شُحّ	fa	بخل / درحالی که بخیلان اند	1	4	bare
wv_6f1f8c32	هَلَكَ	bn	মারা যায়	1	4	bare-3ms
wv_6f1f8c32	هَلَكَ	ur	فوت ہوگئے	1	4	bare-3ms
wv_6f1f8c32	هَلَكَ	tr	ölen	1	4	bare-3ms
wv_6f1f8c32	هَلَكَ	fa	بمیرد	1	4	bare-3ms
wv_6f1f8c32	هَلَكَ	fr	meurt / est mort	1	4	bare-3ms
wv_205ef844	قَرَّبَ	en	both offered	1	2	bare
wv_205ef844	قَرَّبَ	bn	দু’জনে পেশ করলো	1	2	bare
wv_205ef844	قَرَّبَ	hi	उसने क़रीब किया उसे	1	2	bare
wv_205ef844	قَرَّبَ	in	dihidangkannya	1	2	bare
wv_205ef844	قَرَّبَ	tr	sunmuşlardı	1	2	bare
wv_205ef844	قَرَّبَ	fa	پیش آوردند	1	2	bare
wv_205ef844	قَرَّبَ	fr	ont sacrifié	1	2	bare
wn_95d3377c	جَهْد	bn	কঠিন	1	5	bare
wv_3036a43c	أَوْقَدُ	en	heat	1	5	bare
wv_3036a43c	أَوْقَدُ	bn	জ্বালিয়েছে	1	5	bare
wv_3036a43c	أَوْقَدُ	ur	جلا	1	5	bare
wv_3036a43c	أَوْقَدُ	hi	पस जलाओ	1	5	bare
wv_3036a43c	أَوْقَدُ	tr	yakılır	1	5	bare
wv_3036a43c	أَوْقَدُ	fa	برافروختند	1	5	bare
wv_52cc8c0f	يَمْتَرُ	bn	সন্দেহ করছো	1	4	bare
wv_52cc8c0f	يَمْتَرُ	in	ragu-ragu	1	4	bare
wv_52cc8c0f	يَمْتَرُ	tr	kuşkulanmış	1	4	bare
wv_52cc8c0f	يَمْتَرُ	fr	mettez en doute	1	4	bare
wv_d9aa7444	فَرَّط	bn	ভুল করে	1	5	bare
wv_d9aa7444	فَرَّط	ur	کمی کرتے / کمی کی ہم نے	1	5	bare
wv_d9aa7444	فَرَّط	hi	कमी की हमने	1	5	bare
wv_d9aa7444	فَرَّط	in	alpakan	1	5	bare
wv_d9aa7444	فَرَّط	fa	کوتاهی کردم	1	3	bare
wv_d9aa7444	فَرَّط	fr	négligent / avons négligé	1	5	bare
wn_3606ba90	أَصْنام	bn	মূর্তির	1	4	bare
wn_2071c5aa	مُوقِن	bn	দৃঢ়বিশ্বাসী / দৃঢ় বিশ্বাসী	1	4	bare
wn_2071c5aa	مُوقِن	tr	kesin olarak inandık	1	3	bare
wn_db62f532	كَوْكَب	ur	تارے	1	5	bare
wn_db62f532	كَوْكَب	hi	तारा	1	5	bare
wn_80b6ae75	تَقْدِير	bn	পরিমাণে	1	5	bare
wv_251ff705	يَجْهَلُ	fa	نادانید / نادانی می کنید	1	5	bare
wv_8f311fb9	أَجْرَمُ	fa	گناه کردند	1	5	bare
wv_948c3202	شَرَحَ	en	opens	1	2	bare-3ms
wv_948c3202	شَرَحَ	bn	উন্মুক্ত রাখে	1	2	bare-3ms
wv_948c3202	شَرَحَ	ur	کھول دے	1	2	bare-3ms
wv_948c3202	شَرَحَ	hi	खोल दे	1	2	bare-3ms
wv_948c3202	شَرَحَ	tr	açan	1	2	bare-3ms
wv_948c3202	شَرَحَ	fa	بگشاید	1	2	bare-3ms
wv_948c3202	شَرَحَ	fr	ouvre	1	2	bare-3ms
wn_f8ffda6f	مُهْلِك	en	one to destroy	1	3	bare
wv_5ff127b2	ٱسْتَخْلَفَ	en	gave succession	1	3	bare
wv_5ff127b2	ٱسْتَخْلَفَ	bn	স্থলাভিষিক্ত করবেন	1	3	bare
wv_5ff127b2	ٱسْتَخْلَفَ	ur	پیچھے لائے	1	2	bare
wv_5ff127b2	ٱسْتَخْلَفَ	hi	जानशीन बनाएगा	1	3	bare
wv_5ff127b2	ٱسْتَخْلَفَ	in	berkuasa	1	3	bare
wv_5ff127b2	ٱسْتَخْلَفَ	tr	hükümran kıldığı	1	3	bare
wv_5ff127b2	ٱسْتَخْلَفَ	fa	جانشین سازد	1	3	bare
wv_5ff127b2	ٱسْتَخْلَفَ	fr	fera suivre	1	3	bare
wn_aef48e38	مَكانَت	en	position	4	5	pronoun
wn_aef48e38	مَكانَت	bn	অবস্থার	1	5	pronoun
wn_aef48e38	مَكانَت	ur	جگہ	5	5	pronoun
wn_aef48e38	مَكانَت	hi	जगह पर	4	5	pronoun
wn_aef48e38	مَكانَت	in	kesanggupan	1	5	pronoun
wn_aef48e38	مَكانَت	tr	durumunuza	1	1	pronoun
wn_aef48e38	مَكانَت	fa	جایگاه / شیوه و منش	1	5	pronoun
wn_aef48e38	مَكانَت	fr	positions	4	5	pronoun
wn_903aec24	حِجْر	en	forbidden	1	4	bare
wn_903aec24	حِجْر	bn	হিজরের	1	4	bare
wn_903aec24	حِجْر	ur	حجر	1	4	bare
wn_903aec24	حِجْر	hi	ममनूअ	1	4	bare
wn_903aec24	حِجْر	tr	Hicr	1	4	bare
wn_903aec24	حِجْر	fa	حِجر	1	3	bare
wn_903aec24	حِجْر	fr	Al-Ḥijr	1	4	bare
wn_2df582d7	وازِرَة	in	pemikul beban / orang yang berdosa	1	5	bare
wn_a920a2a7	صاغِر	en	abased	1	5	bare
wn_a920a2a7	صاغِر	bn	ছোট	1	5	bare
wn_a920a2a7	صاغِر	ur	ذلیل ہوکر / ذلیل ہونے والوں میں سے	1	4	bare
wn_a920a2a7	صاغِر	hi	ज़लील हों / ज़लील होने वालों में से	1	5	bare
wn_a920a2a7	صاغِر	in	menjadi kecil	1	5	bare
wn_a920a2a7	صاغِر	tr	küçük	1	3	bare
wv_a6afa3cb	نَصَحُ	ur	خیرخواہی کریں / نے خیر خواہی کی	1	5	bare
wv_a6afa3cb	نَصَحُ	hi	ख़ैरख़्वाही करूँ / ख़ैरख़्वाही की मैंने	1	5	bare
wv_a6afa3cb	نَصَحُ	fr	sont sincères	1	5	bare
wv_26e612f0	عَقَرَ	bn	হত্যা করলো	1	2	bare
wv_26e612f0	عَقَرَ	ur	انہوں نے کونچیں کاٹ ڈالیں	1	2	bare
wv_26e612f0	عَقَرَ	hi	उसने कूँचें काट डालीं	1	2	bare
wv_26e612f0	عَقَرَ	in	menyembelih	1	2	bare
wv_26e612f0	عَقَرَ	tr	kesti	1	2	bare
wv_26e612f0	عَقَرَ	fr	a ensuite coupé ses jambes	1	2	bare
wv_3b1ab7ee	عَتَ	bn	অমান্য করলো	1	5	bare
wv_3b1ab7ee	عَتَ	in	angkuh	1	5	bare
wv_3b1ab7ee	عَتَ	tr	vazgeçmediler	1	5	bare
wn_c37290be	جاثِم	bn	নতজানু অবস্থায় / উপুড় হয়ে পড়া	1	4	bare
wn_c37290be	جاثِم	fa	بر زانو افتادگان / به زانو افتاد گان	1	5	bare
wv_d73b5659	خَلَفَ	in	datang	1	2	bare-3ms
wv_d73b5659	خَلَفَ	tr	ardından	1	2	bare-3ms
wv_d73b5659	خَلَفَ	fa	آمد	1	2	bare-3ms
wv_d73b5659	خَلَفَ	fr	ont ensuite suivi	1	2	bare-3ms
wn_9263c6bf	لَوْح	fa	لوحی / لوح ها	1	5	bare
wv_212af8c2	عَجِلَ	en	hasten	1	3	bare
wv_212af8c2	عَجِلَ	bn	তাড়াতাড়ি করো	1	3	bare
wv_212af8c2	عَجِلَ	ur	جلدی کرو	1	3	bare
wv_212af8c2	عَجِلَ	hi	आप जल्दी करें	1	3	bare
wn_d323921a	حُوت	hi	मछली को	1	3	bare
wn_d323921a	حُوت	fa	ماهی را	1	2	bare
wn_83811f41	مُبْطِل	in	orang-orang yang sesat	1	4	bare
wn_83811f41	مُبْطِل	tr	iptalciler / iptal edenler	1	5	bare
wv_9f4f7ddb	ٱقْتَرَبَ	bn	নিকটে এসেছে	1	3	bare-3ms
wv_9f4f7ddb	ٱقْتَرَبَ	ur	قریب آگئی	1	3	bare-3ms
wv_9f4f7ddb	ٱقْتَرَبَ	hi	क़रीब आ गया	1	3	bare-3ms
wv_9f4f7ddb	ٱقْتَرَبَ	tr	yaklaştı	1	3	bare-3ms
wv_9f4f7ddb	ٱقْتَرَبَ	fa	نزدیک است	1	2	bare-3ms
wv_6ed0a18f	بَطَشْ	bn	ধরবে / আঘাত করো	1	5	bare
wv_6ed0a18f	بَطَشْ	ur	پکڑ لے	1	5	bare
wv_6ed0a18f	بَطَشْ	hi	पकड़ेंगे / पकड़ते हो तुम	1	5	bare
wv_6ed0a18f	بَطَشْ	tr	vururuz	1	4	bare
wv_6ed0a18f	بَطَشْ	fa	حمله برد / دست می گشایید	1	5	bare
wv_3533b650	خانُ	bn	বিশ্বাসভঙ্গ করেছে / বিশ্বাস ভঙ্গ করো	1	3	bare
wv_3533b650	خانُ	tr	hiyanet ederek	1	2	bare
wv_3533b650	خانُ	fa	خیانت مکنید	1	2	bare
wn_8e0c6cf3	خُرُوج	ur	نکلنا / نکلنے کا	1	4	bare
wn_8e0c6cf3	خُرُوج	hi	निकलना / निकलने का	1	4	bare
wn_8e0c6cf3	خُرُوج	fa	برآمدن / بیرون آمدن	1	4	bare
wv_41d2e420	يَعْتَذِرُ	hi	ना तुम मअज़रत करो / ना तुम उज़र पेश करो	1	5	bare
wv_41d2e420	يَعْتَذِرُ	in	beralasan / mengemukakan 'udzur	1	5	bare
wv_41d2e420	يَعْتَذِرُ	tr	özür dilerler	1	3	bare
wv_fe3763b8	بَكَتْ	bn	কাঁদছ	1	4	bare
wv_fe3763b8	بَكَتْ	ur	رویا	1	4	bare
wv_fe3763b8	بَكَتْ	hi	रोए / रोते हुए	1	4	bare
wv_fe3763b8	بَكَتْ	fr	pleurez	1	4	bare
wn_54af30b9	عَجَب	in	aneh	1	4	bare
wn_54af30b9	عَجَب	fa	شگرف	1	4	bare
wv_019470a7	عَجَّلَ	bn	শীঘ্র দাও	1	4	bare
wv_019470a7	عَجَّلَ	hi	जल्दी दे	1	4	bare
wv_019470a7	عَجَّلَ	tr	hemen ver	1	4	bare
wv_019470a7	عَجَّلَ	fa	شتاب کن	1	4	bare
wv_019470a7	عَجَّلَ	fr	Hâte	1	4	bare
wv_1875a49c	سُيِّرَتْ	bn	চালাবো	1	4	bare
wv_1875a49c	سُيِّرَتْ	ur	چلائیں گے / چلا دیئے جائیں گے	1	4	bare
wv_1875a49c	سُيِّرَتْ	hi	चलाऐंगे / चला दिए जाऐंगे	1	4	bare
wv_1875a49c	سُيِّرَتْ	in	jalankan	1	4	bare
wv_1875a49c	سُيِّرَتْ	fa	روان شود	1	4	bare
wv_1875a49c	سُيِّرَتْ	fr	ferons partir / seront causées à partir	1	4	bare
wv_33ba9f87	يَرْهَقُ	en	cover	1	2	bare
wv_33ba9f87	يَرْهَقُ	ur	چھائے گی	1	2	bare
wv_33ba9f87	يَرْهَقُ	hi	छाएगी	1	2	bare
wn_d2530653	مُنذَر	bn	সতর্ককৃতদের / যাদের সতর্ক করা হয়েছিলো	1	5	bare
wv_11319e8e	أُكْرِهَ	bn	বাধ্য করো	1	3	bare
wv_11319e8e	أُكْرِهَ	hi	मजबूर करो	1	3	bare
wv_11319e8e	أُكْرِهَ	in	paksa	1	3	bare
wv_11319e8e	أُكْرِهَ	tr	zorlanan	1	3	bare
wv_11319e8e	أُكْرِهَ	fa	اکراه می کنی	1	2	bare
wv_11319e8e	أُكْرِهَ	fr	forcez	1	3	bare
wv_aaff893b	أَوَى	en	retired	1	4	bare
wv_aaff893b	أَوَى	bn	আশ্রয় পেতাম	1	4	bare
wv_aaff893b	أَوَى	ur	پناہ لی	1	4	bare
wv_aaff893b	أَوَى	tr	sığındıkları	1	4	bare
wv_aaff893b	أَوَى	fa	پناه برید	1	4	bare
wv_aaff893b	أَوَى	fr	réfugiez-vous	1	4	bare
wn_abb5165c	ضَيْف	ur	مہمانوں کی	1	2	bare
wn_abb5165c	ضَيْف	fa	مهمانان	1	2	bare
wv_1f94a22e	رَجَمْ	en	stone	2	2	pronoun
wv_1f94a22e	رَجَمْ	bn	পাথর মেরে হত্যা করবে	2	2	pronoun
wv_1f94a22e	رَجَمْ	ur	سنگسار کرو	1	2	pronoun
wv_1f94a22e	رَجَمْ	hi	संगसार करो	1	2	pronoun
wv_1f94a22e	رَجَمْ	in	akan merajam	1	2	pronoun
wv_1f94a22e	رَجَمْ	tr	taşlayarak öldürürler	1	1	pronoun
wv_1f94a22e	رَجَمْ	fa	سنگسار کنند	1	1	pronoun
wv_1f94a22e	رَجَمْ	fr	lapideront	1	2	pronoun
wn_85cf5b15	عَطاء	tr	lütuftur	1	3	bare
wn_3fc3029c	بِضاعَة	ur	پونچی	1	3	pronoun
wn_f1acf44a	خاطِئ	fr	ceux qui font erreur / gens qui font des erreurs	1	4	bare
wn_06d50b7e	خَطْب	en	case	1	5	pronoun
wn_06d50b7e	خَطْب	bn	ব্যাপার / উদ্দেশ্য	2	5	pronoun
wn_06d50b7e	خَطْب	ur	معاملہ	3	5	pronoun
wn_06d50b7e	خَطْب	hi	मामला	5	5	pronoun
wn_06d50b7e	خَطْب	in	pembicaraan	1	5	pronoun
wn_06d50b7e	خَطْب	tr	işiniz	2	5	pronoun
wn_06d50b7e	خَطْب	fa	کار	3	4	pronoun
wn_06d50b7e	خَطْب	fr	affaire	5	5	pronoun
wn_376eeaf3	مُنزِل	en	hosts	1	5	bare
wn_376eeaf3	مُنزِل	ur	اتارنے والا	1	4	bare
wn_376eeaf3	مُنزِل	tr	indirici	1	5	bare
wn_376eeaf3	مُنزِل	fa	میزبانانم	1	5	bare
wn_376eeaf3	مُنزِل	fr	hôtes / ceux qui font descendre	1	5	bare
wv_ccc6efa1	ءَاثَرَ	bn	প্রাধান্য দাও	1	3	bare
wv_ccc6efa1	ءَاثَرَ	ur	ترجیح دی	1	3	bare
wv_ccc6efa1	ءَاثَرَ	hi	तरजीह देते हो	1	3	bare
wv_ccc6efa1	ءَاثَرَ	in	memilih	1	3	bare
wv_ccc6efa1	ءَاثَرَ	tr	yeğlemişse	1	3	bare
wv_ccc6efa1	ءَاثَرَ	fa	ترجیح می دهید	1	3	bare
wv_ccc6efa1	ءَاثَرَ	fr	préférez	1	3	bare
wv_840251de	جَهَرَ	en	proclaim / be loud	1	5	bare
wv_840251de	جَهَرَ	hi	ज़ाहिर करे	1	5	bare
wv_840251de	جَهَرَ	fa	آشکار کنی	1	3	bare
wv_840251de	جَهَرَ	fr	rend publique	1	5	bare
wn_1b1dd665	قارِعَة	ur	کوئی آفت	1	2	bare
wv_52f6ad79	أَسْكَن	bn	ধরে রাখবেন	1	2	bare
wv_52f6ad79	أَسْكَن	ur	بسایا	1	2	bare
wv_52f6ad79	أَسْكَن	hi	बसाया मैंने	1	2	bare
wv_52f6ad79	أَسْكَن	in	menempatkan	1	2	bare
wv_52f6ad79	أَسْكَن	tr	yerleştirdim	1	2	bare
wv_52f6ad79	أَسْكَن	fa	ساکن ساختیم	1	2	bare
wv_52f6ad79	أَسْكَن	fr	peut calmer	1	2	bare
wv_9ffb191b	يَعْرُجُ	bn	উঠে	1	5	bare
wn_3eec4d1c	مُخْرَج	en	exit	1	3	bare
wn_3eec4d1c	مُخْرَج	bn	বহিষ্কৃতদের	1	3	bare
wn_3eec4d1c	مُخْرَج	ur	نکالنا	1	3	bare
wn_3eec4d1c	مُخْرَج	hi	निकालना	1	3	bare
wn_3eec4d1c	مُخْرَج	in	dikeluarkan	1	3	bare
wn_3eec4d1c	مُخْرَج	tr	çıkarışiyle	1	2	bare
wn_3eec4d1c	مُخْرَج	fa	اخراج شدگان	1	3	bare
wn_45b7e1b9	شارِب	fa	می نوشید	1	2	conj
wv_d808a4d0	أَسَآءَ	bn	মন্দ করবে	1	2	bare-3ms
wv_d808a4d0	أَسَآءَ	ur	برا کیا	1	2	bare-3ms
wv_d808a4d0	أَسَآءَ	hi	बुरा किया	1	2	bare-3ms
wv_d808a4d0	أَسَآءَ	in	berbuat jahat	1	2	bare-3ms
wn_54d141c0	مَلُوم	ur	ملامت زدہ	1	3	bare
wn_54d141c0	مَلُوم	hi	मलामत ज़दा	1	4	bare
wn_54d141c0	مَلُوم	fa	تکوهیدۂ	1	2	bare
wn_3002764c	مَسْئُول	fa	درخواست شده	1	4	bare
wn_51389bae	نُفُور	ur	نفرت کا	1	4	bare
wn_51389bae	نُفُور	tr	kaçarlar	1	4	bare
wn_51389bae	نُفُور	fa	گریز و بیزاری	1	3	bare
wn_426d4a36	رَشَد	hi	रहनुमाई / भलाई का	1	5	bare
wn_426d4a36	رَشَد	in	pimpinan/kebaikan	1	5	bare
wn_d8ff4eb4	سَوِيّ	bn	সোজাসুজি / সরল সঠিক	1	5	bare
wn_d8ff4eb4	سَوِيّ	ur	سیدھے	1	5	bare
wn_d8ff4eb4	سَوِيّ	hi	सीधा / सीधे के	1	5	bare
wv_50d25e76	تَقَرَّ	en	cool	1	5	bare
wv_50d25e76	تَقَرَّ	in	dingin	1	5	bare
wv_50d25e76	تَقَرَّ	fa	وقرار بگیرید	1	2	bare
wv_29365f59	ٱنشَقَّ	bn	ছিঁড়েফেটে	1	5	bare
wn_4ac2ff22	طَرِيقَة	en	Way	1	4	bare
wn_4ac2ff22	طَرِيقَة	bn	পথ	1	4	bare
wn_4ac2ff22	طَرِيقَة	tr	tabaka	1	3	bare
wn_4ac2ff22	طَرِيقَة	fa	راه راست	1	2	bare
wn_19970cfe	غَفّار	ur	بخشنے والا	1	4	bare
wn_19970cfe	غَفّار	hi	बहुत बख़्शने वाला / बहुत बख़्शिश फ़रमाने वाला	1	4	bare
wn_a0acf8f6	شاعِر	bn	কবির / একজন কবি	1	3	bare
wn_a6ee6c1a	مُكْرَم	ur	باعزت لوگوں	1	5	bare
wn_a6ee6c1a	مُكْرَم	hi	मोअज़्ज़िज़ होंगे	1	5	bare
wn_d13a2bfb	نُشُور	ur	جی اٹھنے کی	1	5	bare
wn_d13a2bfb	نُشُور	hi	उठाया जाना	1	5	bare
wn_d13a2bfb	نُشُور	tr	dönüş	1	5	bare
wn_7b8bc23c	فَوْج	en	troop	1	5	bare
wn_7b8bc23c	فَوْج	ur	ایک لشکر / فوج در فوج	1	5	bare
wn_7b8bc23c	فَوْج	hi	कोई जमाअत / फ़ौज दर फ़ौज	1	5	bare
wn_7b8bc23c	فَوْج	in	golongan	1	5	bare
wn_7b8bc23c	فَوْج	tr	cemaat	1	5	bare
wn_ec7ae976	شِرْك	hi	शिर्क	1	4	bare
wn_0b79d918	مالِك	en	Owner	1	3	bare
wn_0b79d918	مالِك	in	Penguasa	1	3	bare
wn_0b79d918	مالِك	tr	sahibidir	1	3	bare
wn_0b79d918	مالِك	fa	خداوندگار	1	3	bare
wv_b8f730d4	اسْتَعِينُ	fa	یاری بجوید	1	4	bare
wn_9189a2e2	وَقُود	hi	ईंधन	1	2	bare
wn_9189a2e2	وَقُود	in	kayu bakar	1	2	bare
wn_9189a2e2	وَقُود	tr	yakıtıdırlar	1	2	bare
wv_4848a05c	أَنۢبَأَ	en	Inform	2	4	pronoun
wv_4848a05c	أَنۢبَأَ	bn	অবহিত করো	2	4	pronoun
wv_4848a05c	أَنۢبَأَ	ur	بتاؤ ان کو	1	3	pronoun
wv_4848a05c	أَنۢبَأَ	hi	ख़बर दो	2	4	pronoun
wv_4848a05c	أَنۢبَأَ	in	terangkan kepada	2	4	pronoun
wv_4848a05c	أَنۢبَأَ	tr	sana söyledi / bunlara haber ver	1	4	pronoun
wv_4848a05c	أَنۢبَأَ	fa	خبر داد	2	4	pronoun
wv_4848a05c	أَنۢبَأَ	fr	Informe-les	1	4	pronoun
wv_78631579	تَلَقَّىٰٓ	en	receive	1	2	bare
wv_78631579	تَلَقَّىٰٓ	bn	শিখে নিল	1	2	bare
wv_78631579	تَلَقَّىٰٓ	hi	पस सीख लिए	1	2	bare
wv_78631579	تَلَقَّىٰٓ	in	menerima	1	2	bare
wv_78631579	تَلَقَّىٰٓ	tr	kaydetmektedir	1	2	bare
wv_78631579	تَلَقَّىٰٓ	fa	دریافت کرد	1	2	bare
wv_78631579	تَلَقَّىٰٓ	fr	reçoivent	1	2	bare
wn_0380761f	مُلاقُوا	bn	সাক্ষাতকারী	1	3	bare
wn_b8b55245	راجِع	fa	بازمی گر دند	1	4	bare
wv_60ac1cba	يَسُومُ	en	afflicting	3	4	pronoun
wv_60ac1cba	يَسُومُ	bn	যন্ত্রণা দিত	2	4	pronoun
wv_60ac1cba	يَسُومُ	ur	چکھاتے تھے تم کو	2	4	pronoun
wv_60ac1cba	يَسُومُ	hi	चखाएगा / वो चखाते थे	1	4	pronoun
wv_60ac1cba	يَسُومُ	in	menimpakan	3	4	pronoun
wv_60ac1cba	يَسُومُ	tr	yapacak	1	4	pronoun
wv_60ac1cba	يَسُومُ	fa	تحمیل می کند به / که تحمیل می کردند بر	1	4	pronoun
wv_60ac1cba	يَسُومُ	fr	infligeaient	3	4	pronoun
wv_8f578c81	واعَدْ	bn	নির্ধারিত করেছিলাম	1	2	bare
wv_8f578c81	واعَدْ	ur	نے وعدہ لیا	1	2	bare
wv_8f578c81	واعَدْ	hi	वादा किया हमने	1	2	bare
wv_8f578c81	واعَدْ	tr	sözleştik	1	2	bare
wv_8f578c81	واعَدْ	fa	وعده گذاشتیم	1	2	bare
wn_86f9c226	غَمام	tr	bulutu	1	2	bare
wv_ee488ecb	تَشَٰبَهَ	en	allegorical	1	3	bare-3ms
wv_ee488ecb	تَشَٰبَهَ	bn	একই রকম	1	3	bare-3ms
wv_ee488ecb	تَشَٰبَهَ	ur	مشتبہ ہوگئی ہیں	1	3	bare-3ms
wv_ee488ecb	تَشَٰبَهَ	hi	मुताशाबह है	1	3	bare-3ms
wv_ee488ecb	تَشَٰبَهَ	in	mutasyabihat	1	3	bare-3ms
wv_ee488ecb	تَشَٰبَهَ	tr	müteşabih	1	3	bare-3ms
wv_31b8ee46	يُحَرِّفُ	ur	پھیر دیتے ہیں	1	3	bare
wv_31b8ee46	يُحَرِّفُ	hi	वो बदल देते हैं / वो तब्दील कर देते हैं	1	3	bare
wv_1f6eda7d	أَقْرَرْ	en	affirm	1	3	bare
wv_1f6eda7d	أَقْرَرْ	bn	স্থিতিশীল করি	1	3	bare
wv_1f6eda7d	أَقْرَرْ	ur	ٹھہراتے ہیں / اقرار کیا تم نے	1	3	bare
wv_1f6eda7d	أَقْرَرْ	hi	ठहराते हैं	1	3	bare
wv_1f6eda7d	أَقْرَرْ	in	berikrar	1	3	bare
wv_1f6eda7d	أَقْرَرْ	tr	tutarız	1	3	bare
wv_1f6eda7d	أَقْرَرْ	fa	اقرار کردید	1	3	bare
wv_1f6eda7d	أَقْرَرْ	fr	fixons	1	3	bare
wn_e8bbf7ce	أَسِير	tr	esirler	1	2	bare
wn_ad5d6aca	مُحَرَّم	ur	حرام شدہ	1	3	bare
wn_ad5d6aca	مُحَرَّم	hi	हुरमत वाले	1	3	bare
wn_ad5d6aca	مُحَرَّم	in	terlarang	1	3	bare
wn_ad5d6aca	مُحَرَّم	tr	haramlık	1	3	bare
wv_bd0c0d17	قَفَّيْ	in	iringkan	1	4	bare
wn_db62729f	قُدُس	hi	रूहल क़ुदुस ने / साथ रूहुल क़ुदुस के	1	4	bare
wv_69fd54e9	شَرَ	en	sold	1	3	bare
wv_69fd54e9	شَرَ	ur	جو بیچتا ہے	1	3	bare
wv_69fd54e9	شَرَ	hi	बेचता है	1	3	bare
wv_69fd54e9	شَرَ	tr	satar	1	3	bare
wv_69fd54e9	شَرَ	fa	می فروشد	1	2	bare
wv_69fd54e9	شَرَ	fr	vend	1	3	bare
wn_c6c36da3	طائِف	en	visitation	1	2	bare
wn_c6c36da3	طائِف	bn	বিপদ	1	2	bare
wn_c6c36da3	طائِف	ur	کوئی خیال	1	2	bare
wn_c6c36da3	طائِف	hi	कोई ख़्याल	1	2	bare
wn_c6c36da3	طائِف	in	was-was	1	2	bare
wn_c6c36da3	طائِف	tr	vesvese	1	2	bare
wn_c6c36da3	طائِف	fa	آفتی	1	2	bare
wn_c6c36da3	طائِف	fr	visiteur	1	2	bare
wn_a6564c16	مَنسَك	bn	ইবাদাত পদ্ধতি	1	2	bare
wn_a6564c16	مَنسَك	hi	क़ुरबानी करना	1	2	bare
wn_a6564c16	مَنسَك	in	cara peribadatan	1	2	bare
wn_a6564c16	مَنسَك	tr	ibadet şekli	1	2	bare
wn_a6564c16	مَنسَك	fa	آیین عبادتی را	1	2	bare
wv_0d3c79ec	يَرْغَبُ	en	prefer	1	4	bare
wv_0d3c79ec	يَرْغَبُ	bn	মুখ ফেরাবে	1	4	bare
wv_0d3c79ec	يَرْغَبُ	ur	منہ موڑے	1	4	bare
wv_0d3c79ec	يَرْغَبُ	hi	जो मुँह मोड़े	1	4	bare
wv_0d3c79ec	يَرْغَبُ	in	membenci	1	4	bare
wv_0d3c79ec	يَرْغَبُ	tr	istiyorsunuz	1	4	bare
wv_0d3c79ec	يَرْغَبُ	fa	روی آور	1	3	bare
wv_0d3c79ec	يَرْغَبُ	fr	désirez	1	4	bare
wn_8d2a2b7e	جُوع	hi	भूख का	1	3	bare
wn_a5175f9c	شَعائِر	bn	নিদর্শনাবলীর	1	4	bare
wn_a5175f9c	شَعائِر	hi	निशानियों को / निशानियों में से	1	4	bare
wn_a5175f9c	شَعائِر	tr	nişanlarına	1	2	bare
wn_e5397ea4	قِبَل	en	towards	1	2	bare
wn_e5397ea4	قِبَل	bn	দিকে	1	2	bare
wn_e5397ea4	قِبَل	ur	طرف	1	2	bare
wn_e5397ea4	قِبَل	hi	तरफ़	1	2	bare
wn_e5397ea4	قِبَل	in	kearah	1	2	bare
wn_e5397ea4	قِبَل	tr	tarafına	1	2	bare
wn_e5397ea4	قِبَل	fr	vers	1	2	bare
wn_927233d9	بَأْساء	en	suffering	1	2	bare
wn_927233d9	بَأْساء	bn	অভাব-অনটন	1	2	bare
wn_927233d9	بَأْساء	ur	سختیاں	1	2	bare
wn_927233d9	بَأْساء	hi	सख़्तियाँ	1	2	bare
wn_927233d9	بَأْساء	in	kesempitan	1	2	bare
wn_5dab9dba	فُسُوق	en	wickedness	1	3	bare
wn_5dab9dba	فُسُوق	ur	فسق میں	1	3	bare
wn_5dab9dba	فُسُوق	hi	नाफ़रमानी	1	3	bare
wn_5dab9dba	فُسُوق	tr	fısk	1	3	bare
wn_5dab9dba	فُسُوق	fa	نافرمانی ای	1	3	bare
wv_7ef60b70	عَزَمَ	ur	عزم کرو	1	3	bare
wv_7ef60b70	عَزَمَ	hi	अज़म करो	1	4	bare
wv_7ef60b70	عَزَمَ	tr	azmedildiği	1	3	bare
wv_7ef60b70	عَزَمَ	fa	عزم کردی	1	3	bare
wv_7ef60b70	عَزَمَ	fr	décidez	1	4	bare
wn_6e3f5b0f	أَطْهَر	bn	পবিত্রতর	1	2	bare
wn_6e3f5b0f	أَطْهَر	in	lebih suci	1	2	bare
wn_6e3f5b0f	أَطْهَر	fr	plus pure	1	2	bare
wn_da40a640	عُقْدَة	fa	عقد	1	4	bare
wv_fb568781	يُحافِظُ	bn	যত্ন করে	1	4	bare
wv_fb568781	يُحافِظُ	fa	مواظبت کنید / محافظت می کنند	1	4	bare
wv_4f795fd1	جَاوَزَ	en	crossed it	1	4	bare
wv_4f795fd1	جَاوَزَ	ur	آگے بڑھے / گزار دیا ہم نے	1	3	bare
wv_4f795fd1	جَاوَزَ	hi	उसने पार किया उसे	1	4	bare
wv_4f795fd1	جَاوَزَ	fa	گذشتند	1	4	bare
wv_4f795fd1	جَاوَزَ	fr	ont traversé / avons fait traverser	1	4	bare
wv_6954c930	ٱقْتَتَلَ	en	fight / fought each other	1	3	bare
wv_6954c930	ٱقْتَتَلَ	bn	একে অপরে লড়ত	1	3	bare
wv_6954c930	ٱقْتَتَلَ	ur	باہم لڑے	1	2	bare
wv_6954c930	ٱقْتَتَلَ	in	berperang / saling membunuh	1	3	bare
wn_a9ccee01	غَيّ	hi	गुमराही से	1	4	bare
wn_a9ccee01	غَيّ	tr	kötülük	1	3	bare
wv_3622e90b	يُبْطِلَ	en	make vain	1	3	bare
wv_3622e90b	يُبْطِلَ	bn	নষ্ট করো	1	3	bare
wv_3622e90b	يُبْطِلَ	hi	बातिल करो	1	3	bare
wv_3622e90b	يُبْطِلَ	tr	boşa çıkarmayın	1	2	bare
wv_592a0448	نَذَرْ	ur	نذر مانو تم	1	3	bare
wv_592a0448	نَذَرْ	hi	नज़र मानी तुमने	1	4	bare
wv_592a0448	نَذَرْ	in	nadzarkan	1	4	bare
wv_592a0448	نَذَرْ	fa	نذر کردم	1	3	bare
wv_592a0448	نَذَرْ	fr	promettez/vouez	1	4	bare
wn_cf6643c9	عَلانِيَة	hi	ज़ाहिर	1	4	conj
wn_f6179a87	حَرْب	in	perang	1	2	bare
wv_39a5b9c9	صَوَّرَ	en	shapes	1	2	pronoun
wv_39a5b9c9	صَوَّرَ	bn	আকৃতি গঠন করেন	1	2	pronoun
wv_39a5b9c9	صَوَّرَ	ur	صورتیں بناتا	1	2	pronoun
wv_39a5b9c9	صَوَّرَ	hi	सूरत बनाता	1	2	pronoun
wv_39a5b9c9	صَوَّرَ	in	membentuk	2	2	pronoun
wv_39a5b9c9	صَوَّرَ	tr	size biçim verdik	1	1	pronoun
wv_39a5b9c9	صَوَّرَ	fa	چهره نگاری کردیم	1	2	pronoun
wv_39a5b9c9	صَوَّرَ	fr	avons donnés de la forme	1	1	pronoun
wn_ecdb3454	أَمَد	bn	বহুকাল	1	4	bare
wn_ecdb3454	أَمَد	tr	mesafe	1	4	bare
wn_ecdb3454	أَمَد	fa	روزگار	1	3	bare
wn_05a1426e	مِحْراب	tr	mabed	1	2	bare
wn_c71c56ad	تَقِيّ	hi	परहेज़गार / मुत्तक़ी/डरने वाला	1	3	bare
wn_c71c56ad	تَقِيّ	tr	sakınan	1	2	bare
wn_c71c56ad	تَقِيّ	fa	پرهیزکار	1	2	bare
wv_0e9b2543	أَنقَذَ	en	save	1	2	bare
wv_0e9b2543	أَنقَذَ	bn	নিস্তার পাবে	1	2	bare
wv_0e9b2543	أَنقَذَ	hi	आप बचाऐंगे	1	2	bare
wv_0e9b2543	أَنقَذَ	in	dilepaskan/diselamatkan	1	2	bare
wv_0e9b2543	أَنقَذَ	tr	kurtaracaksın	1	2	bare
wv_0e9b2543	أَنقَذَ	fa	می رهانی	1	2	bare
wv_0e9b2543	أَنقَذَ	fr	seront sauvés	1	2	bare
wn_1ba41611	مَقْعَد	bn	আসনের	1	3	bare
wn_1ba41611	مَقْعَد	ur	جگہ	1	3	bare
wn_1ba41611	مَقْعَد	hi	जगह में	1	3	bare
wn_1ba41611	مَقْعَد	in	tempat duduk	1	3	bare
wn_1ba41611	مَقْعَد	tr	yerleştiriyordun	1	2	bare
wn_1ba41611	مَقْعَد	fa	جایگاهی	1	2	bare
wv_80f08c5c	فَشِلْ	en	lost heart	1	3	bare
wv_80f08c5c	فَشِلْ	bn	দূর্বলতা দেখালে	1	3	bare
wv_80f08c5c	فَشِلْ	ur	دونوں بزدلی دکھائیں	1	2	bare
wv_80f08c5c	فَشِلْ	hi	बुज़दिली दिखाई तुमने	1	2	bare
wv_80f08c5c	فَشِلْ	in	lemah/sia-sia	1	3	bare
wv_80f08c5c	فَشِلْ	tr	siz korktunuz	1	2	bare
wv_80f08c5c	فَشِلْ	fr	perdre courage	1	3	bare
wn_ffc03653	أَذِلَّة	en	weak	1	4	bare
wn_ffc03653	أَذِلَّة	bn	কোমল	1	4	bare
wn_ffc03653	أَذِلَّة	ur	ذلیل	1	4	bare
wn_ffc03653	أَذِلَّة	in	terhina	1	4	bare
wn_ffc03653	أَذِلَّة	tr	zilletle	1	4	bare
wv_28410b7e	أَصَرُّ	en	persist	1	4	bare
wv_28410b7e	أَصَرُّ	bn	অটল থাকে	1	4	bare
wv_28410b7e	أَصَرُّ	tr	ısrar	1	3	bare
wv_28410b7e	أَصَرُّ	fa	پا فشاری کردند	1	2	bare
wv_28410b7e	أَصَرُّ	fr	persiste	1	4	bare
wn_6e353996	جاهِلِيَّة	bn	অজ্ঞতার	1	4	bare
wv_b2dbb846	يَدْرَؤُا۟	ur	ہٹا لو / دور کرتے ہیں	1	3	bare
wv_b2dbb846	يَدْرَؤُا۟	hi	टाल देगी / वो दूर करते हैं	1	4	bare
wv_b2dbb846	يَدْرَؤُا۟	fa	بازدارید / دفع می کنند	1	4	bare
wv_5e37babc	يُخَوِّفُ	en	frightens	1	2	bare
wv_5e37babc	يُخَوِّفُ	bn	ভয় দেখায়	1	2	bare
wv_5e37babc	يُخَوِّفُ	in	mempertakuti	1	2	bare
wv_5e37babc	يُخَوِّفُ	tr	korkutur	1	2	bare
wn_6a60a04c	هَنِيئ	bn	সানন্দে	1	4	bare
wn_6a60a04c	هَنِيئ	in	dengan puas	1	4	bare
wn_efb0d352	حَسِيب	tr	hesaplayandır / hesapçı olarak	1	4	bare
wn_efb0d352	حَسِيب	fa	حسابرس	1	4	bare
wv_d46f76c9	أُصْلِي	en	cast	1	2	pronoun
wv_d46f76c9	أُصْلِي	bn	ঝলসাব আমরা	1	2	pronoun
wv_d46f76c9	أُصْلِي	ur	داخل کریں گے اس کو	1	2	pronoun
wv_d46f76c9	أُصْلِي	hi	जलाऐंगे	2	2	pronoun
wv_d46f76c9	أُصْلِي	in	masukkan	2	2	pronoun
wv_d46f76c9	أُصْلِي	tr	sokacağız	2	2	pronoun
wv_d46f76c9	أُصْلِي	fa	درمی آوریم	1	2	pronoun
wv_d46f76c9	أُصْلِي	fr	jetterons	2	2	pronoun
wn_350fa0f1	جُنُب	en	impure	1	4	bare
wn_350fa0f1	جُنُب	ur	دور	1	4	bare
wn_350fa0f1	جُنُب	hi	दूर से / हालते जनाबत में	1	4	bare
wn_350fa0f1	جُنُب	fa	جنب	1	3	bare
wn_350fa0f1	جُنُب	fr	distance / gens en état d’impureté majeur	1	3	bare
wn_c1bb2fee	فَخُور	in	bangga	1	4	bare
wn_c1bb2fee	فَخُور	fa	فخر فروش	1	4	bare
wv_6eeb2161	لَمَسُ	en	has contact	1	3	bare
wv_6eeb2161	لَمَسُ	bn	সহবাস কর	1	3	bare
wv_6eeb2161	لَمَسُ	ur	چھوؤ تم	1	2	bare
wv_6eeb2161	لَمَسُ	hi	छुआ हमने / छुआ हो तुमने	1	3	bare
wn_9494a2cc	كَلِم	ur	کلمات	1	3	bare
wn_1e403e0f	بُرُوج	bn	বুরুজ	1	4	bare
wn_1e403e0f	بُرُوج	ur	برج	1	4	bare
wn_1e403e0f	بُرُوج	hi	कई बुर्ज	1	4	bare
wn_1e403e0f	بُرُوج	fa	دژهایی / برج هایی را	1	4	bare
wv_163bcde0	بَيَّتَ	bn	রাতে পরামর্শ করে	1	3	bare
wv_163bcde0	بَيَّتَ	ur	رات کو مشورے کرتے ہیں	1	2	bare
wv_163bcde0	بَيَّتَ	in	putuskan	1	3	bare
wv_163bcde0	بَيَّتَ	tr	geceleyin kurarlar	1	3	bare
wv_163bcde0	بَيَّتَ	fr	fait pendant la nuit	1	3	bare
wn_3651907c	كِفْل	hi	एक हिस्सा	1	4	bare
wn_3651907c	كِفْل	tr	payı	1	4	bare
wn_3651907c	كِفْل	fa	سهمی	1	2	bare
wv_1640524b	حَيَّ	en	greet	1	2	bare
wv_1640524b	حَيَّ	bn	তোমরাও তখন সালাম দাও	1	2	bare
wv_1640524b	حَيَّ	ur	بھی دعا دو	1	2	bare
wv_1640524b	حَيَّ	hi	भी दुआ दो	1	2	bare
wv_1640524b	حَيَّ	in	dihormati	1	2	bare
wv_1640524b	حَيَّ	tr	selamlandığınız	1	2	bare
wv_1640524b	حَيَّ	fa	درود گویید	1	2	bare
wv_1640524b	حَيَّ	fr	saluez	1	2	bare
wn_4615da22	مَغانِم	en	booties / spoils of war	1	3	bare
wn_4615da22	مَغانِم	bn	গণিমতের মাল	1	3	bare
wn_4615da22	مَغانِم	ur	غنیمتیں	1	3	bare
wn_4615da22	مَغانِم	hi	ग़नीमतें	1	3	bare
wn_b0a489fd	مُجاهِد	hi	मुजाहिदों को / जिहाद करने वालों को	1	3	bare
wn_b0a489fd	مُجاهِد	fa	مجاهدین / جهاد کنندگان	1	3	bare
wn_30b17e4b	أَسْلِحَت	en	arms	3	3	pronoun
wn_30b17e4b	أَسْلِحَت	bn	অস্ত্র	3	3	pronoun
wn_30b17e4b	أَسْلِحَت	ur	اسلحہ	3	3	pronoun
wn_30b17e4b	أَسْلِحَت	hi	अस्लिहा	3	3	pronoun
wn_30b17e4b	أَسْلِحَت	in	senjata	3	3	pronoun
wn_30b17e4b	أَسْلِحَت	tr	silahlarınızı	1	2	pronoun
wn_30b17e4b	أَسْلِحَت	fa	جنگ افزارها / جنگ افزار ها	1	3	pronoun
wn_30b17e4b	أَسْلِحَت	fr	armes	3	3	pronoun
wv_1e0afb19	يُغَيِّرُ	ur	بدل دیں	1	3	bare
wv_1e0afb19	يُغَيِّرُ	hi	वो बदल दें	1	3	bare
wv_1e0afb19	يُغَيِّرُ	fa	تغییر دهند	1	2	bare
wn_f370d74b	قِيل	en	Word	1	3	bare
wn_f370d74b	قِيل	bn	কথায়	1	3	bare
wn_f370d74b	قِيل	hi	कहना	1	3	bare
wn_f370d74b	قِيل	fa	گفتن	1	3	bare
wn_6284b22a	خَلِيل	in	kesayangan	1	4	bare
wn_e4a8ff7f	يُونُس	bn	ইউনূসও	1	2	bare
wn_e4a8ff7f	يُونُس	in	Yûnus	1	2	bare
wn_d27eab57	طَرِيق	hi	रास्ते की	1	4	bare
wv_98c05186	تَأْسَ	bn	দু:খ করো	1	4	bare
wv_98c05186	تَأْسَ	in	berduka-cita	1	4	bare
wv_98c05186	تَأْسَ	tr	acırım	1	2	bare
wn_bdc9718c	باسِط	en	stretched	1	2	bare
wn_bdc9718c	باسِط	bn	প্রসারিতকারী	1	2	bare
wn_bdc9718c	باسِط	ur	پھیلائے ہوئے تھا	1	2	bare
wn_bdc9718c	باسِط	hi	फैलाए हुए था	1	2	bare
wn_bdc9718c	باسِط	in	mengulurkan	1	2	bare
wn_bdc9718c	باسِط	fa	گسترانده	1	2	bare
wn_bdc9718c	باسِط	fr	tendeurs	1	2	bare
wv_5ba6f853	وُۥرِيَ	bn	লুকাবে	1	4	bare
wv_5ba6f853	وُۥرِيَ	ur	چھپائے	1	4	bare
wv_5ba6f853	وُۥرِيَ	hi	वो छुपाए	1	4	bare
wv_5ba6f853	وُۥرِيَ	tr	örtecek	1	4	bare
wv_5ba6f853	وُۥرِيَ	fa	بپوشاند	1	4	bare
wv_bd2dd5e0	قُتِّلُ	en	be killed	1	3	bare
wv_bd2dd5e0	قُتِّلُ	bn	হত্যা করতো / তাদের হত্যা করা হবে	1	3	bare
wv_bd2dd5e0	قُتِّلُ	ur	قتل کیے جائیں	1	3	bare
wv_bd2dd5e0	قُتِّلُ	tr	öldürülürler	1	2	bare
wv_bd2dd5e0	قُتِّلُ	fa	کشته شوند	1	2	bare
wv_bd2dd5e0	قُتِّلُ	fr	massacraient	1	3	bare
wn_d4aa5fd9	سَمّاع	fa	جاسوسانی / گوش کنندگان اند	1	4	bare
wn_49df1262	أَحْبار	tr	alimlere	1	2	conj
wv_dea97193	نَقَمُ	en	resent	1	4	bare
wv_dea97193	نَقَمُ	hi	नाराज़ होते / उन्होंने इन्तिक़ाम लिया	1	4	bare
wv_dea97193	نَقَمُ	in	mencela	1	4	bare
wv_dea97193	نَقَمُ	tr	öc almadılar	1	2	bare
wv_dea97193	نَقَمُ	fr	reprochez	1	4	bare
wn_4af002be	عَلّام	bn	মহাজ্ঞানী	1	4	bare
wn_68850c56	غُيُوب	ur	غیبوں کو	1	4	bare
wn_8c53db5c	أَكِنَّة	tr	perdeler	1	4	bare
wn_63714935	مُبْلِس	bn	হতাশ হয়ে পড়বে	1	3	bare
wn_63714935	مُبْلِس	ur	مایوس ہوں گے / مایوس ہونے والے تھے	1	3	bare
wn_63714935	مُبْلِس	hi	मायूस होंगे / मायूस होने वाले थे	1	3	bare
wn_63714935	مُبْلِس	in	orang-orang berputus asa	1	3	bare
wn_63714935	مُبْلِس	tr	umutsuzdurlar	1	3	bare
wn_63714935	مُبْلِس	fa	ناامید شوند	1	3	bare
wv_b1438685	صَدَفَ	bn	মুখ ফিরাতো / মুখ ফিরিয়ে নেয়	1	4	bare
wv_b1438685	صَدَفَ	ur	روکے	1	4	bare
wv_b1438685	صَدَفَ	fa	روی گرداند	1	3	bare
wn_e874697c	مَلَكُوت	bn	কর্তৃত্ব	1	4	bare
wn_4de49635	هُون	hi	रुस्वाई का	1	4	bare
wv_f51811f6	خَرَقَ	en	tear	1	2	bare
wv_f51811f6	خَرَقَ	bn	রচনা করেছে	1	2	bare
wv_f51811f6	خَرَقَ	ur	پھاڑ سکتے	1	2	bare
wv_f51811f6	خَرَقَ	hi	फाड़ सकते	1	2	bare
wv_f51811f6	خَرَقَ	in	mengada-adakan	1	2	bare
wv_f51811f6	خَرَقَ	fr	fendras	1	2	bare
wn_a08870f4	صاحِبَة	en	wife	1	2	bare
wn_a08870f4	صاحِبَة	bn	স্ত্রী	1	2	bare
wn_a08870f4	صاحِبَة	in	teman/isteri	1	2	bare
wn_a08870f4	صاحِبَة	tr	eş	1	2	bare
wn_a08870f4	صاحِبَة	fa	همسری؟	1	2	bare
wn_49716db3	زُخْرُف	en	ornament	1	2	bare
wn_49716db3	زُخْرُف	bn	সোনার	1	2	bare
wn_49716db3	زُخْرُف	hi	सोने का	1	2	bare
wn_49716db3	زُخْرُف	in	perhiasan	1	2	bare
wn_49716db3	زُخْرُف	fa	زر	1	2	bare
wn_49716db3	زُخْرُف	fr	or	1	2	bare
wv_d5abada1	اقْتَرَفْ	en	earns	1	2	bare
wv_d5abada1	اقْتَرَفْ	bn	অর্জন করবে	1	2	bare
wv_d5abada1	اقْتَرَفْ	ur	کمائے گا	1	2	bare
wv_d5abada1	اقْتَرَفْ	hi	कमायेगा	1	2	bare
wv_d5abada1	اقْتَرَفْ	in	perbuat	1	2	bare
wv_d5abada1	اقْتَرَفْ	tr	yapmış	1	2	bare
wv_d5abada1	اقْتَرَفْ	fr	commet	1	2	bare
wv_0d5fa744	تَمَّ	in	sempurnalah / telah sempurna	1	4	bare
wv_0d5fa744	تَمَّ	tr	tamamlandı	1	4	bare
wv_9c4ceb3d	يَخْرُصُ	hi	क़यास आराइयाँ करते	1	4	bare
wv_9c4ceb3d	يَخْرُصُ	fa	حدس می زنند	1	2	bare
wn_998547eb	دَعْوَى	en	cry	1	4	pronoun
wn_998547eb	دَعْوَى	bn	ধ্বনি	2	4	pronoun
wn_998547eb	دَعْوَى	ur	پکار	4	4	pronoun
wn_998547eb	دَعْوَى	hi	पुकार	3	4	pronoun
wn_998547eb	دَعْوَى	in	doa / seruan/keluhan	2	4	pronoun
wn_998547eb	دَعْوَى	tr	dualarının	1	3	pronoun
wn_998547eb	دَعْوَى	fa	دعای	2	4	pronoun
wn_998547eb	دَعْوَى	fr	invocation	4	4	pronoun
wv_b1362f14	ثَقُلَتْ	fa	گران شود	1	4	bare
wv_6cb6deea	وَسْوَسَ	bn	কুমন্ত্রণা দিলো	1	2	bare-3ms
wv_6cb6deea	وَسْوَسَ	tr	derken fısıldadı	1	2	bare-3ms
wv_aa539b4e	يَسْتَقْدِمُ	bn	এগিয়ে নিতে পারবে	1	4	bare
wv_aa539b4e	يَسْتَقْدِمُ	tr	öne geçemezler	1	4	bare
wv_c294241a	أُغْشِيَتْ	bn	ঢেকে দেন	1	3	bare
wv_c294241a	أُغْشِيَتْ	ur	ڈھانپتا ہے	1	3	bare
wv_c294241a	أُغْشِيَتْ	hi	वो ढाँपता है	1	3	bare
wv_c294241a	أُغْشِيَتْ	fa	می پوشاند	1	3	bare
wn_a3d2d413	قَصْر	fr	palais	1	2	bare
wv_587a5305	يَنْحِتُ	bn	খোদাই করতো / খোদাই করে তৈরী কর	1	4	bare
wv_587a5305	يَنْحِتُ	tr	yonttuğunuz	1	4	bare
wn_0f40f61e	جَسَد	ur	مجسم	1	4	bare
wn_0f40f61e	جَسَد	hi	मुजस्सम	1	4	bare
wn_0f40f61e	جَسَد	fa	پیکر	1	4	bare
wv_eeea0f86	ٱخْتَارَ	en	chose	1	2	bare
wv_eeea0f86	ٱخْتَارَ	bn	বেছে নিলো	1	2	bare
wv_eeea0f86	ٱخْتَارَ	ur	چن لیا	1	2	bare
wv_eeea0f86	ٱخْتَارَ	hi	मुन्तख़िब कर लिए	1	2	bare
wv_eeea0f86	ٱخْتَارَ	tr	seçti	1	2	bare
wv_eeea0f86	ٱخْتَارَ	fa	برگزید	1	2	bare
wv_4ede625d	نَّزَغَ	en	sows discord	1	2	bare
wv_4ede625d	نَّزَغَ	bn	উস্কানি দেয়	1	2	bare
wv_4ede625d	نَّزَغَ	ur	وسوسہ	1	2	bare
wv_4ede625d	نَّزَغَ	hi	फ़साद डाला	1	2	bare
wv_4ede625d	نَّزَغَ	fr	cause la corruption	1	2	bare
wv_229867c2	اسْتَعِذْ	ur	پناہ مانگو	1	4	bare
wv_229867c2	اسْتَعِذْ	hi	पनाह माँगिए / पस पनाह तलब कीजिए	1	4	bare
wn_6a9aff05	مُبْصِر	bn	উজ্জ্বল	1	4	bare
wn_6a9aff05	مُبْصِر	in	menerangi / terang benderang	1	4	bare
wn_6a9aff05	مُبْصِر	tr	görürler	1	4	bare
wv_5cceb7fd	يُحِقَّ	en	justify	1	3	bare
wv_5cceb7fd	يُحِقَّ	bn	প্রতিষ্ঠিত করেন	1	3	bare
wv_5cceb7fd	يُحِقَّ	ur	ثابت کردے	1	3	bare
wv_5cceb7fd	يُحِقَّ	hi	वो साबित कर दे	1	3	bare
wv_5cceb7fd	يُحِقَّ	tr	yerleştirir	1	2	bare
wv_5cceb7fd	يُحِقَّ	fr	montre	1	3	bare
wv_7108be09	ٱسْتَغَٰثَ	en	call for relief	1	3	bare
wv_7108be09	ٱسْتَغَٰثَ	bn	সাহায্য চেয়েছিলে	1	3	bare
wv_7108be09	ٱسْتَغَٰثَ	ur	فریاد کریں گے	1	3	bare
wv_7108be09	ٱسْتَغَٰثَ	hi	वो फ़रियाद करेंगे	1	3	bare
wv_7108be09	ٱسْتَغَٰثَ	in	meminta minum	1	3	bare
wv_7108be09	ٱسْتَغَٰثَ	tr	yardım istedi	1	3	bare
wv_7108be09	ٱسْتَغَٰثَ	fa	فریادرسی خواهند	1	3	bare
wv_7108be09	ٱسْتَغَٰثَ	fr	avez demandé de l’aide	1	2	bare
wv_ab8d1a60	مَضَىٰ	en	preceded	1	4	bare
wv_ab8d1a60	مَضَىٰ	bn	চলে যাও	1	4	bare
wv_ab8d1a60	مَضَىٰ	in	teruskanlah	1	4	bare
wv_ab8d1a60	مَضَىٰ	tr	gidin	1	4	bare
wv_ab8d1a60	مَضَىٰ	fa	گذشت	1	4	bare
wv_ab8d1a60	مَضَىٰ	fr	avancez / est passé	1	4	bare
wn_4c9ab528	مَنام	tr	uyumanızdır	1	1	pronoun
wv_28118b02	يُعْجِزَ	en	escape	1	2	bare
wv_28118b02	يُعْجِزَ	bn	অক্ষম করতে পারবে	1	2	bare
wv_28118b02	يُعْجِزَ	in	dapat melemahkan	1	2	bare
wv_28118b02	يُعْجِزَ	fr	rendrons incapable	1	2	bare
wv_8204a8e6	عَمَرُ	ur	آباد کریں	1	2	bare
wv_8204a8e6	عَمَرُ	hi	वो आबाद करें	1	2	bare
wv_8204a8e6	عَمَرُ	fr	maintient	1	2	bare
wn_7a7bd5ed	فائِز	tr	kazananlar	1	4	bare
wv_9c2e0670	اسْتَحَبُّ	bn	অধিক ভালবাসে	1	4	bare
wv_9c2e0670	اسْتَحَبُّ	ur	جو ترجیح دیتے ہیں	1	4	bare
wv_9c2e0670	اسْتَحَبُّ	hi	वो तरजीह दें	1	4	bare
wv_9c2e0670	اسْتَحَبُّ	tr	seviyorlarsa	1	4	bare
wv_9c2e0670	اسْتَحَبُّ	fa	بر گزیدند	1	4	bare
wn_05144f5b	جِهاد	en	strive	1	2	bare
wn_05144f5b	جِهاد	in	jihad	1	2	bare
wn_05144f5b	جِهاد	tr	cihadla	1	2	bare
wn_05144f5b	جِهاد	fa	جهادی	1	2	bare
wn_8d0704d8	سَيِّئ	fr	mal	1	3	bare
wn_000fdd68	نَصَب	in	kepayahan	1	4	bare
wv_7a91bd36	يُدَبِّرُ	en	disposes	1	4	bare
wv_7a91bd36	يُدَبِّرُ	tr	düzenliyor	1	4	bare
wn_99adf8a5	حَصِيد	bn	কৃষিজাত	1	3	bare
wn_99adf8a5	حَصِيد	in	diketam	1	3	bare
wn_99adf8a5	حَصِيد	fa	درویدنی	1	3	bare
wn_99adf8a5	حَصِيد	fr	récolte fauchée	1	3	bare
wn_62627d9c	شَأْن	ur	نئی شان	1	3	bare
wn_62627d9c	شَأْن	hi	किसी हाल में	1	3	bare
wn_62627d9c	شَأْن	in	urusan	1	3	bare
wv_9a73c3f2	أَجْمَعُ	en	agreed / put together	1	4	bare
wv_9a73c3f2	أَجْمَعُ	bn	একমত হলো	1	4	bare
wv_9a73c3f2	أَجْمَعُ	ur	جمع کرلو	1	4	bare
wv_9a73c3f2	أَجْمَعُ	hi	जमा करो	1	4	bare
wv_9a73c3f2	أَجْمَعُ	tr	toplandıkları	1	4	bare
wv_9a73c3f2	أَجْمَعُ	fa	گردآورید / همداستان شدند	1	4	bare
wv_ec4cb84d	يَتَبَوَّأُ	en	settled	1	3	bare
wv_ec4cb84d	يَتَبَوَّأُ	bn	বসবাস করতো	1	3	bare
wv_ec4cb84d	يَتَبَوَّأُ	ur	جگہ بنائے	1	3	bare
wv_ec4cb84d	يَتَبَوَّأُ	hi	वो रहता	1	3	bare
wv_ec4cb84d	يَتَبَوَّأُ	in	menempati	1	3	bare
wv_ec4cb84d	يَتَبَوَّأُ	tr	yerleşen	1	3	bare
wv_ec4cb84d	يَتَبَوَّأُ	fa	آماده کردند	1	3	bare
wv_ec4cb84d	يَتَبَوَّأُ	fr	se logeait avec satisfaction	1	3	bare
wn_cdbe1b9e	أَرْذَل	en	worst	1	3	bare
wn_cdbe1b9e	أَرْذَل	bn	হীনতম	1	3	bare
wn_cdbe1b9e	أَرْذَل	ur	ناکارہ	1	2	bare
wn_cdbe1b9e	أَرْذَل	fa	بدترین	1	3	bare
wn_fe99193e	مُغْرَق	bn	নিমজ্জিতদের / ডুবে যাবে	1	4	bare
wn_fe99193e	مُغْرَق	ur	غرق ہونے والا	1	3	bare
wn_20334c54	عَنِيد	ur	عناد رکھنے والا	1	4	bare
wn_20334c54	عَنِيد	hi	ज़िद्दी की / इनाद रखने वाला	1	4	bare
wn_20334c54	عَنِيد	in	durhaka / keras kepala	1	4	bare
wn_20334c54	عَنِيد	fa	ستیزنده	1	4	bare
wn_00e72dc5	مَجِيد	ur	مجید	1	3	bare
wv_a3eb8ed1	ارْتَقِبْ	hi	इन्तिज़ार करो / पस इन्तज़ार कीजिए	1	3	bare
wv_a3eb8ed1	ارْتَقِبْ	tr	gözetleyin	1	3	bare
wv_a3eb8ed1	ارْتَقِبْ	fr	observez en attendant / observe donc en attendant	1	3	bare
wv_aac220ea	يَتَكَلَّمُ	bn	বলে	1	4	bare
wv_aac220ea	يَتَكَلَّمُ	ur	کلام کرے گا	1	3	bare
wv_aac220ea	يَتَكَلَّمُ	hi	कलाम करें	1	4	bare
wv_9f2f7a72	شَقُ	bn	কষ্ট পাবে	1	3	bare
wv_9f2f7a72	شَقُ	ur	جو بدبخت ہوئے	1	2	bare
wv_9f2f7a72	شَقُ	hi	बदबख़्त हुए	1	2	bare
wv_9f2f7a72	شَقُ	tr	sıkıntı	1	3	bare
wv_9f2f7a72	شَقُ	fa	رنج کشد	1	3	bare
wv_9f2f7a72	شَقُ	fr	sera malheureux	1	3	bare
wn_8dfe1b66	عُصْبَة	bn	একটি দল / একটি ঐক্যবদ্ধ দল	1	3	bare
wv_f6c6d3f5	سَوَّلَ	hi	अच्छा कर दिखाया	1	4	bare
wv_f6c6d3f5	سَوَّلَ	tr	süsledi	1	4	bare
wv_f6c6d3f5	سَوَّلَ	fa	آراست	1	4	bare
wv_e210fedc	أَكْرَمَ	en	honor	1	3	bare
wv_e210fedc	أَكْرَمَ	bn	সম্মান করো	1	3	bare
wv_e210fedc	أَكْرَمَ	ur	عزت دیتے	1	2	bare
wv_e210fedc	أَكْرَمَ	hi	बाइज़्ज़त कर	1	3	bare
wv_e210fedc	أَكْرَمَ	tr	ona kıymet ver	1	2	bare
wv_e210fedc	أَكْرَمَ	fa	گرامی دار	1	2	bare
wv_e210fedc	أَكْرَمَ	fr	Honore	1	3	bare
wn_8ed66ea0	بال	in	halnya	1	2	bare
wn_8ed66ea0	بال	tr	hali	1	2	bare
wn_2ce866a6	مَكِين	en	firm	1	4	bare
wn_2ce866a6	مَكِين	bn	সুরক্ষিত	1	4	bare
wn_2ce866a6	مَكِين	ur	محفوظ	1	4	bare
wn_2ce866a6	مَكِين	hi	मज़बूत	1	4	bare
wn_2ce866a6	مَكِين	in	kokoh / kedudukan tinggi	1	4	bare
wv_73fdeb4a	ٱسْتَخْرَجَ	en	extract	1	2	bare
wv_73fdeb4a	ٱسْتَخْرَجَ	bn	বের করো	1	2	bare
wv_73fdeb4a	ٱسْتَخْرَجَ	ur	نکالو	1	2	bare
wv_73fdeb4a	ٱسْتَخْرَجَ	hi	निकालो	1	2	bare
wv_73fdeb4a	ٱسْتَخْرَجَ	tr	çıkarırsınız	1	2	bare
wv_73fdeb4a	ٱسْتَخْرَجَ	fa	تا بیرون آورید	1	2	bare
wv_73fdeb4a	ٱسْتَخْرَجَ	fr	faites sortir	1	2	bare
wv_513d81cb	سَرَقَ	en	stole	1	2	bare-3ms
wv_513d81cb	سَرَقَ	bn	চুরি করেছে	1	2	bare-3ms
wv_513d81cb	سَرَقَ	ur	چوری کی ہے	1	2	bare-3ms
wv_513d81cb	سَرَقَ	tr	çalmıştı	1	2	bare-3ms
wv_513d81cb	سَرَقَ	fa	دزدی کرد	1	2	bare-3ms
wv_473e7b47	أَلْحَقْ	en	will join	1	2	bare
wv_473e7b47	أَلْحَقْ	bn	মিলিত করব	1	2	bare
wv_473e7b47	أَلْحَقْ	ur	ملا دیں گے	1	2	bare
wv_473e7b47	أَلْحَقْ	hi	मिला देंगे हम	1	2	bare
wv_473e7b47	أَلْحَقْ	in	hubungkan	1	2	bare
wv_473e7b47	أَلْحَقْ	fa	پیوست کنیم	1	2	bare
wv_473e7b47	أَلْحَقْ	fr	ferons rejoindre	1	2	bare
wv_be02c59d	مَكَثَ	en	stayed / stay here	1	4	bare
wv_be02c59d	مَكَثَ	bn	থাকো	1	4	bare
wv_be02c59d	مَكَثَ	ur	ٹھہرو	1	4	bare
wv_be02c59d	مَكَثَ	hi	ठहरो	1	4	bare
wv_be02c59d	مَكَثَ	in	ia tetap	1	4	bare
wv_be02c59d	مَكَثَ	tr	kalır / siz durun	1	4	bare
wn_97a6ba80	صَبّار	bn	ধৈর্যশীলের	1	4	bare
wn_97a6ba80	صَبّار	fa	پرشکیبی	1	4	bare
wv_400ddd71	خَابَ	in	rugi	1	4	bare-3ms
wv_400ddd71	خَابَ	fa	ناامید شد	1	4	bare-3ms
wv_ef27761b	أَلْهَىٰ	en	divert	1	3	pronoun
wv_ef27761b	أَلْهَىٰ	bn	বিরত করে	1	3	pronoun
wv_ef27761b	أَلْهَىٰ	ur	غافل کرتی ان کو	1	3	pronoun
wv_ef27761b	أَلْهَىٰ	hi	ना ग़ाफ़िल करे	1	3	pronoun
wv_ef27761b	أَلْهَىٰ	in	melalaikan	3	3	pronoun
wv_ef27761b	أَلْهَىٰ	tr	sizi oyaladı	1	1	pronoun
wv_ef27761b	أَلْهَىٰ	fa	سر گرم ساخت	1	1	pronoun
wv_ef27761b	أَلْهَىٰ	fr	distrait	2	3	pronoun
wn_a36b4b07	مَسْحُور	fa	جادوزده / جادو شده را	1	4	bare
wn_098e97c9	شِهاب	bn	উল্কা	1	3	bare
wn_098e97c9	شِهاب	ur	ایک شعلہ	1	3	bare
wn_098e97c9	شِهاب	tr	alev	1	3	bare
wn_098e97c9	شِهاب	fa	شهابی	1	3	bare
wv_a320bd95	قَنَطُ	hi	वो मायूस हो गए	1	4	bare
wv_a320bd95	قَنَطُ	tr	umut keser	1	3	bare
wv_a320bd95	قَنَطُ	fa	که ناامید شود	1	2	bare
wv_a320bd95	قَنَطُ	fr	désespère	1	4	bare
wn_f483d6b0	أَيْكَة	hi	असहाबे ऐका / ऐका वालों ने	1	4	bare
wn_ba85c113	داخِر	en	humble	1	4	bare
wn_ba85c113	داخِر	bn	বিনয়ী	1	4	bare
wn_ba85c113	داخِر	ur	ذلیل ہوکر	1	3	bare
wn_ba85c113	داخِر	hi	ज़लील हो कर	1	3	bare
wn_ba85c113	داخِر	in	terhina	1	4	bare
wn_ba85c113	داخِر	tr	sürünerek	1	4	bare
wn_ba85c113	داخِر	fa	فروتنانه	1	4	bare
wv_2bf0b291	يَسْتَعْتِبُ	en	ask for favor	1	2	bare
wv_2bf0b291	يَسْتَعْتِبُ	bn	অনুগ্রহ করতে চায়ও	1	3	bare
wv_2bf0b291	يَسْتَعْتِبُ	hi	वो माफ़ी तलब करेंगे / वो उज़्र क़ुबूल किए जाऐंगे	1	4	bare
wv_2bf0b291	يَسْتَعْتِبُ	in	minta dikasihani / diberi kesempatan bertaubat	1	4	bare
wv_2bf0b291	يَسْتَعْتِبُ	tr	affedilmek isterlerse	1	4	bare
wv_2bf0b291	يَسْتَعْتِبُ	fa	پوزش بخواهند	1	3	bare
wv_3588c504	نَفِدَ	fr	sera épuisé	1	3	bare
wn_31aea745	عُلُوّ	en	height	1	3	bare
wn_31aea745	عُلُوّ	bn	উপরে	1	3	bare
wn_31aea745	عُلُوّ	hi	सरकशी	1	3	bare
wn_31aea745	عُلُوّ	tr	yücedir	1	3	bare
wn_31aea745	عُلُوّ	fa	به والایی	1	3	bare
wn_81208a45	حاصِب	bn	কঙ্করবর্ষী ঝঞ্ঝা	1	4	bare
wn_81208a45	حاصِب	in	hujan batu kerikil / angin yang mengandung batu	1	4	bare
wn_1e76870b	كِسَف	ur	ایک ٹکڑا	1	4	bare
wn_1e76870b	كِسَف	hi	एक टुकड़ा	1	4	bare
wn_1e76870b	كِسَف	in	potong/gumpalan	1	4	bare
wn_f3af4096	فِرار	hi	भागना	1	4	bare
wn_f3af4096	فِرار	fa	رمیدن	1	4	bare
wv_128ffb8b	حُلُّ	fa	پوشانیده شوند	1	4	bare
wn_0590f4da	مُنتَصِر	en	helping	1	4	bare
wn_0590f4da	مُنتَصِر	bn	বিজয়ী	1	4	bare
wn_0590f4da	مُنتَصِر	tr	muzaffer / yardım edilen	1	3	bare
wn_bb352470	مُقْتَدِر	en	All Able	1	4	bare
wn_bb352470	مُقْتَدِر	ur	اقتدار والے کا	1	4	bare
wn_bb352470	مُقْتَدِر	hi	क़ुदरत रखने वाला	1	4	bare
wn_0a35da28	باقِيَة	en	lasting	1	2	bare
wn_0a35da28	باقِيَة	bn	চিরন্তন	1	2	bare
wn_0a35da28	باقِيَة	ur	باقی بچا ہوا	1	2	bare
wn_0a35da28	باقِيَة	hi	बाक़ी रहने वाली	1	2	bare
wn_0a35da28	باقِيَة	in	kekal	1	2	bare
wn_0a35da28	باقِيَة	tr	kalıcı	1	2	bare
wn_0a35da28	باقِيَة	fa	ماندگار	1	2	bare
wn_0a35da28	باقِيَة	fr	restes	1	2	bare
wn_9b5b5baa	داعِي	ur	داعی کو	1	2	bare
wn_9b5b5baa	داعِي	hi	पुकारने वाले की / अल्लाह के दाई को	1	3	bare
wn_9b5b5baa	داعِي	in	penyeru / orang yang menyeru	1	3	bare
wn_43325d6f	بَعْث	ur	قیامت کے	1	3	bare
wn_43325d6f	بَعْث	hi	दोबारा उठने का	1	3	bare
wn_acd644e5	طِفْل	tr	çocuklara	1	4	bare
wn_acd644e5	طِفْل	fa	کودکانتان	1	4	bare
wv_d3d42f25	اهْتَزَّتْ	bn	উথলিয়ে উঠে	1	4	bare
wv_d3d42f25	اهْتَزَّتْ	ur	ہلتی ہے	1	3	bare
wv_d3d42f25	اهْتَزَّتْ	hi	कि व हिलती है	1	2	bare
wv_213da5dd	رَبَتْ	en	grows	1	3	bare
wv_213da5dd	رَبَتْ	bn	স্ফীত হয়	1	3	bare
wv_213da5dd	رَبَتْ	ur	بڑھتا	1	2	bare
wv_213da5dd	رَبَتْ	hi	वो बढ़ता / वो उभर आती है	1	3	bare
wv_213da5dd	رَبَتْ	in	berkembang	1	3	bare
wv_213da5dd	رَبَتْ	fa	بردمد	1	2	bare
wv_63562955	صَبَّ	bn	ঢালো	1	4	bare
wv_63562955	صَبَّ	ur	انڈیل دو	1	3	bare
wv_63562955	صَبَّ	hi	बरसाया	1	4	bare
wv_63562955	صَبَّ	in	disiramkan	1	4	bare
wv_63562955	صَبَّ	tr	dökün	1	4	bare
wv_63562955	صَبَّ	fa	بریزید	1	4	bare
wv_63562955	صَبَّ	fr	versez	1	4	bare
wn_0c94bddb	زُور	en	false	1	2	bare
wn_0c94bddb	زُور	hi	झूठ के	1	2	bare
wn_0c94bddb	زُور	in	dusta	1	2	bare
wn_0e63e6a0	مَعِين	bn	প্রবহমান	1	3	bare
wn_0e63e6a0	مَعِين	ur	بہتا	1	3	bare
wn_0e63e6a0	مَعِين	hi	बहता हुआ	1	3	bare
wn_0e63e6a0	مَعِين	fa	شرابی صاف	1	2	bare
wv_bb316d2b	يَغُضُّ	bn	সংযত করে	1	4	bare
wv_bb316d2b	يَغُضُّ	ur	پست رکھو	1	4	bare
wv_bb316d2b	يَغُضُّ	hi	पस्त रखो / वो पस्त रखें	1	4	bare
wv_bb316d2b	يَغُضُّ	fa	بکاه / که فرود آرند	1	4	bare
wv_bb316d2b	يَغُضُّ	fr	baisse / doivent détourner	1	4	bare
wn_f4dd88c2	عَوْرَة	en	exposed	1	3	bare
wn_f4dd88c2	عَوْرَة	bn	অরক্ষিত	1	3	bare
wn_f4dd88c2	عَوْرَة	ur	پردے وقت	1	3	bare
wn_f4dd88c2	عَوْرَة	hi	परदे के	1	3	bare
wn_f4dd88c2	عَوْرَة	tr	açıktır	1	2	bare
wn_f4dd88c2	عَوْرَة	fa	بی حفاظ	1	3	bare
wn_f4dd88c2	عَوْرَة	fr	exposées	1	3	bare
wn_616a8f47	مِصْباح	bn	প্রদীপটি	1	2	bare
wn_616a8f47	مِصْباح	hi	एक चिराग़	1	2	bare
wn_616a8f47	مِصْباح	fa	چراغی	1	2	bare
wn_6b8b1813	مُبارَكَة	bn	পবিত্র	1	4	bare
wn_4069e297	سُوق	bn	হাট-বাজারগুলোর	1	2	bare
wn_4069e297	سُوق	tr	gövdesinin	1	1	pronoun
wv_ca76b198	أُزْلِفَتْ	tr	yaklaştırdık	1	4	bare
wv_ca76b198	أُزْلِفَتْ	fa	نزدیک شود	1	4	bare
wn_79b61a02	صَرْح	bn	মেঝে / সুউচ্চ প্রাসাদ	1	4	bare
wn_91a2e7f0	ساق	en	leg	1	2	bare
wn_91a2e7f0	ساق	bn	পিণ্ডলী	1	2	bare
wn_91a2e7f0	ساق	fr	Jambe	1	2	bare
wn_31f91969	مُرْسِل	tr	salıverecek	1	4	bare
wn_31f91969	مُرْسِل	fa	فرستندگان	1	3	bare
wn_67eac45c	قارُون	bn	ক্বরুণ	1	2	bare
wn_9356dec5	مَهِين	en	despised	1	4	bare
wv_f3c4bff5	أَحْبَطَ	hi	ज़ाया कर दिया	1	3	bare-3ms
wv_f3c4bff5	أَحْبَطَ	tr	boşa çıkardı	1	3	bare-3ms
wv_f3c4bff5	أَحْبَطَ	fa	تباه کرد	1	3	bare-3ms
wn_1c09ef91	زُلْفَى	bn	কাছাকাছি	1	2	bare
wn_1c09ef91	زُلْفَى	ur	قریب کرنا	1	2	bare
wn_1c09ef91	زُلْفَى	hi	दर्जे में	1	2	bare
wn_1c09ef91	زُلْفَى	tr	mertebece	1	2	bare
wn_419175e8	عِين	ur	نگاہوں کو، / بڑی آنکھوں والی	1	3	bare
wn_6bef9482	مَكْنُون	ur	محفوظ	1	3	bare
wn_6bef9482	مَكْنُون	hi	महफ़ूज़	1	4	bare
wn_9e1d565f	نَعْجَة	hi	दुम्बी	1	2	bare
wn_9e1d565f	نَعْجَة	fa	یک	1	2	bare
wn_c303399b	فُجّار	ur	بدکار لوگ	1	3	bare
wn_c303399b	فُجّار	hi	फ़ाजिर	1	3	bare
wn_c303399b	فُجّار	tr	kötüler	1	3	bare
wn_86ae4049	خَزَنَت	en	keepers	3	3	pronoun
wn_86ae4049	خَزَنَت	bn	রক্ষীরা	3	3	pronoun
wn_86ae4049	خَزَنَت	ur	دربان	1	3	pronoun
wn_86ae4049	خَزَنَت	hi	दरबान	2	3	pronoun
wn_86ae4049	خَزَنَت	in	penjaga-penjaga	3	3	pronoun
wn_86ae4049	خَزَنَت	tr	onun bekçileri	3	3	pronoun
wn_86ae4049	خَزَنَت	fa	نگهبانان	3	3	pronoun
wn_86ae4049	خَزَنَت	fr	gardes	3	3	pronoun
wv_b55499a1	تَمارَ	en	dispute	1	3	bare
wv_b55499a1	تَمارَ	bn	কুতর্ক করে	1	3	bare
wv_b55499a1	تَمارَ	ur	جھگڑے	1	2	bare
wv_b55499a1	تَمارَ	hi	झगड़ते हैं	1	3	bare
wv_b55499a1	تَمارَ	tr	tartışan	1	3	bare
wv_b55499a1	تَمارَ	fa	تردید داری	1	3	bare
wv_b55499a1	تَمارَ	fr	disputeras-tu par opposition	1	2	bare
wn_6f1eb7ba	أَكْواب	bn	পেয়ালাগুলো	1	3	conj
wn_6f1eb7ba	أَكْواب	fa	تنگ هایی	1	3	conj
wn_5070542a	مَحْرُوم	ur	محروم کردیئے گئے	1	2	bare
wn_5070542a	مَحْرُوم	in	orang-orang yang menghalangi	1	2	bare
wn_5070542a	مَحْرُوم	tr	yoksun bırakıldık	1	2	bare
wn_5070542a	مَحْرُوم	fa	بی بهره ایم	1	2	bare
wn_56dbcb8a	سَقَر	tr	Sekar'a	1	4	bare
wv_63a366ac	تَناجَيْ	ur	سرگوشیاں کرو / پوشیدہ بات کرو	1	3	bare
wv_63a366ac	تَناجَيْ	tr	konuşun	1	3	bare
wv_63a366ac	تَناجَيْ	fa	راز کنید	1	3	bare
wv_0b8ea6b2	ٱسْتَغْنَىٰ	en	self-sufficient / considers himself free from need	1	4	bare-3ms
wv_0b8ea6b2	ٱسْتَغْنَىٰ	bn	অভাবমুক্ত	1	4	bare-3ms
wv_0b8ea6b2	ٱسْتَغْنَىٰ	ur	بےنیاز	1	4	bare-3ms
wv_0b8ea6b2	ٱسْتَغْنَىٰ	hi	बेनियाज़	1	4	bare-3ms
wv_0b8ea6b2	ٱسْتَغْنَىٰ	in	serba cukup	1	4	bare-3ms
wv_0b8ea6b2	ٱسْتَغْنَىٰ	tr	zengin	1	4	bare-3ms
wv_0b8ea6b2	ٱسْتَغْنَىٰ	fa	که بی نیاز شد	1	4	bare-3ms
wn_eb3aef82	طَبَق	ur	دوسری حالت / تہ بہ تہ	1	4	bare
wn_eb3aef82	طَبَق	tr	tabakaya / tabaka tabaka	1	3	bare
wn_3e23b55b	راضِيَة	hi	पसंदीदा	1	4	bare
wn_3e23b55b	راضِيَة	in	diridhoi	1	4	bare
wn_3e23b55b	راضِيَة	tr	memnun	1	4	bare
wn_3e23b55b	راضِيَة	fa	خوشنود	1	4	bare
wv_8b04640e	أَدْبَرَ	en	departs / turned his back	1	4	bare-3ms
wv_8b04640e	أَدْبَرَ	bn	ফিরল	1	4	bare-3ms
wv_8b04640e	أَدْبَرَ	ur	پلٹا / پیٹھ پھیری	1	4	bare-3ms
wv_8b04640e	أَدْبَرَ	tr	sırtını dönen	1	3	bare-3ms
wv_6a696817	أَضَآءَ	en	glow	1	3	bare
wv_6a696817	أَضَآءَ	bn	আলোকিত হয়	1	3	bare
wv_6a696817	أَضَآءَ	ur	روشن ہوجائے	1	3	bare
wv_6a696817	أَضَآءَ	hi	वो रौशन हो जाए	1	3	bare
wv_6a696817	أَضَآءَ	tr	aydınlatır	1	3	bare
wv_6a696817	أَضَآءَ	fa	روشن کرد	1	3	bare
wv_6a696817	أَضَآءَ	fr	illumine	1	3	bare
wv_2b9952c5	خَطِفَ	bn	কেড়ে নেয়	1	2	bare
wv_2b9952c5	خَطِفَ	ur	اچک لے جاتا ہے	1	2	bare
wv_2b9952c5	خَطِفَ	hi	उचक ले जाए	1	2	bare
wv_2b9952c5	خَطِفَ	tr	kapan	1	2	bare
wv_2b9952c5	خَطِفَ	fr	vole rapidement	1	2	bare
wn_0bcad6a6	فِراش	en	couches	1	2	bare
wn_0bcad6a6	فِراش	bn	শয্যা	1	2	bare
wn_0bcad6a6	فِراش	ur	فرش	1	2	bare
wn_0bcad6a6	فِراش	hi	फ़र्श	1	2	bare
wn_0bcad6a6	فِراش	in	hamparan	1	2	bare
wn_0bcad6a6	فِراش	tr	döşek	1	2	bare
wn_0bcad6a6	فِراش	fa	بستری	1	2	bare
wn_0bcad6a6	فِراش	fr	lit	1	2	bare
wn_13dfa007	رَغَد	en	freely	1	3	bare
wn_13dfa007	رَغَد	bn	প্রচুর	1	3	bare
wn_13dfa007	رَغَد	hi	बाफ़राग़त / फ़राग़त से	1	3	bare
wn_13dfa007	رَغَد	in	puas/senang	1	3	bare
wv_310aac8b	يُذَبِّحُ	hi	वो ज़िबह करता था	1	3	bare
wv_310aac8b	يُذَبِّحُ	tr	kesiyordu	1	3	bare
wn_d22da760	جَهْرَة	hi	सामने	1	3	bare
wn_25b28c9c	سَلْوَى	fa	سلوی را	1	3	conj
wv_b5801190	يَسْتَبْدِلْ	bn	পরিবর্তন করবেন	1	2	bare
wv_b5801190	يَسْتَبْدِلْ	hi	वो बदल देगा	1	2	bare
wv_b5801190	يَسْتَبْدِلْ	fa	جایگزین کند	1	2	bare
wn_62658781	صابِئ	bn	সাবী	1	3	conj
wn_62658781	صابِئ	fa	صابئین	1	3	conj
wn_9d3a1cb0	خاسِئ	ur	ذلیل۔ خوار	1	3	bare
wn_9d3a1cb0	خاسِئ	fr	humiliée / écartés avec mépris	1	3	bare
wn_72f2fb07	نَكال	ur	عبرت	1	2	bare
wn_72f2fb07	نَكال	hi	इबरत	1	3	bare
wn_72f2fb07	نَكال	tr	azabıyle	1	3	bare
wn_72f2fb07	نَكال	fa	عبرتی	1	3	bare
wn_9de4c547	بِكْر	en	young	1	2	bare
wn_9de4c547	بِكْر	bn	বাচ্চা	1	2	bare
wn_9de4c547	بِكْر	ur	جوان	1	2	bare
wn_9de4c547	بِكْر	hi	छोटी	1	2	bare
wn_9de4c547	بِكْر	in	muda	1	2	bare
wn_9de4c547	بِكْر	tr	körpe	1	2	bare
wn_9de4c547	بِكْر	fa	جوان	1	2	bare
wn_9de4c547	بِكْر	fr	jeune	1	2	bare
wn_4bca27c7	مُسَلَّمَة	bn	সুস্থ্য / সমর্পিত হবে	1	3	bare
wn_4bca27c7	مُسَلَّمَة	hi	सही सलामत हो / जो सुपुर्द की जाएगी	1	3	bare
wn_4bca27c7	مُسَلَّمَة	tr	kusursuz	1	3	bare
wn_4bca27c7	مُسَلَّمَة	fa	سالم / پرداخت شده	1	3	bare
wn_1bd9b078	مُخْرِج	en	bring forth	1	2	bare
wn_1bd9b078	مُخْرِج	hi	निकालने वाला था	1	2	bare
wn_1bd9b078	مُخْرِج	tr	ortaya çıkarıcıdır	1	2	bare
wn_1bd9b078	مُخْرِج	fa	پدید آورنده	1	2	bare
wn_1bd9b078	مُخْرِج	fr	Celui qui fait sortir	1	2	bare
wv_2cad02ee	قَسَتْ	bn	কঠিন হয়ে গেল	1	3	bare
wv_12ecba6f	يَشَّقَّقُ	hi	फट जाएगा	1	3	bare
wv_12ecba6f	يَشَّقَّقُ	tr	yarılır	1	3	bare
wv_12ecba6f	يَشَّقَّقُ	fr	sera fendu	1	3	bare
wv_4ad2617f	تُحَدِّثُ	en	narrate	1	2	bare
wv_4ad2617f	تُحَدِّثُ	bn	বর্ণনা করো	1	2	bare
wv_4ad2617f	تُحَدِّثُ	ur	بیان کرو	1	2	bare
wv_4ad2617f	تُحَدِّثُ	hi	वो बयान करेगी	1	2	bare
wv_4ad2617f	تُحَدِّثُ	in	ia menceritakan	1	2	bare
wv_4ad2617f	تُحَدِّثُ	tr	anlat	1	2	bare
wv_4ad2617f	تُحَدِّثُ	fa	بازگو کن	1	2	bare
wv_4ad2617f	تُحَدِّثُ	fr	raconte	1	2	bare
wv_051c3bd5	اسْتَفْتَحُ	en	sought victory	1	3	bare
wv_051c3bd5	اسْتَفْتَحُ	bn	বিজয় চাইত	1	3	bare
wv_051c3bd5	اسْتَفْتَحُ	ur	فیصلہ چاہتے تھے	1	3	bare
wv_051c3bd5	اسْتَفْتَحُ	hi	वो फ़तह माँगते	1	3	bare
wv_051c3bd5	اسْتَفْتَحُ	in	minta keputusan	1	3	bare
wv_051c3bd5	اسْتَفْتَحُ	tr	fetih istediler	1	3	bare
wv_051c3bd5	اسْتَفْتَحُ	fa	طلب پیروزی کردند	1	3	bare
wv_051c3bd5	اسْتَفْتَحُ	fr	cherchez le jugement	1	3	bare
wn_382bc12f	جِبْرِيل	bn	জিবরাঈল	1	2	conj
wn_382bc12f	جِبْرِيل	ur	جبرائیل	1	2	conj
wn_382bc12f	جِبْرِيل	hi	जिबराईल	1	2	conj
wn_382bc12f	جِبْرِيل	tr	Cebrail'e	1	2	conj
wv_8a274b97	يَتَبَدَّلِ	bn	বদল করো	1	3	bare
wv_8a274b97	يَتَبَدَّلِ	ur	بدل کر دو	1	3	bare
wv_8a274b97	يَتَبَدَّلِ	hi	तब्दील करो	1	3	bare
wv_8a274b97	يَتَبَدَّلِ	in	menukar	1	3	bare
wv_8a274b97	يَتَبَدَّلِ	fa	جایگزین مکنید	1	2	bare
wn_76874194	خائِف	en	fearful	1	3	bare
wn_76874194	خائِف	bn	ভীত হয়ে	1	3	bare
wn_76874194	خائِف	in	ketakutan	1	3	bare
wn_46e2934e	قَواعِد	bn	ভিত্তিমূলের	1	2	bare
wn_46e2934e	قَواعِد	ur	بنیادیں	1	2	bare
wn_46e2934e	قَواعِد	hi	बुनियादें	1	2	bare
wn_b1c3a1c1	مُسْلِمَة	bn	অনুগত	1	2	bare
wn_b1c3a1c1	مُسْلِمَة	hi	मुसलमान	1	2	bare
wn_b1c3a1c1	مُسْلِمَة	in	muslimat/patuh	1	2	bare
wn_b1c3a1c1	مُسْلِمَة	tr	teslim olan	1	2	bare
wn_b1c3a1c1	مُسْلِمَة	fa	زنانی مسلمان	1	2	bare
wn_b1c3a1c1	مُسْلِمَة	fr	soumise	1	2	bare
wv_5fe60f33	أَلْفَ	hi	पाया हमने	1	3	bare
wv_5fe60f33	أَلْفَ	tr	buldular	1	3	bare
wv_5fe60f33	أَلْفَ	fa	یافتند	1	3	bare
wn_eb946dd1	فِدْيَة	bn	বিনিময় দিবে	1	2	bare
wn_eb946dd1	فِدْيَة	in	tebusan	1	2	bare
wn_eb946dd1	فِدْيَة	fa	عوضی	1	2	bare
wn_eb946dd1	فِدْيَة	fr	rançon	1	2	bare
wn_72a1f822	داع	bn	আহ্বানকারীর	1	3	bare
wn_72a1f822	داع	ur	پکارنے والا	1	3	bare
wn_72a1f822	داع	hi	पुकारने वाला	1	3	bare
wn_72a1f822	داع	in	menyeru	1	3	bare
wn_72a1f822	داع	tr	çağırana	1	3	bare
wn_eb5bdf59	مَحِلّ	en	place	2	3	pronoun
wn_eb5bdf59	مَحِلّ	bn	তার	1	3	pronoun
wn_eb5bdf59	مَحِلّ	ur	حلال گاہ کو	2	3	pronoun
wn_eb5bdf59	مَحِلّ	hi	हलाल गाह को	2	3	pronoun
wn_eb5bdf59	مَحِلّ	in	tempat	3	3	pronoun
wn_eb5bdf59	مَحِلّ	tr	yerine	1	3	pronoun
wn_eb5bdf59	مَحِلّ	fa	به قربانگاه	1	3	pronoun
wn_eb5bdf59	مَحِلّ	fr	lieu de sacrifice	3	3	pronoun
wv_1474a8d6	تَأَخَّرَ	en	delays	1	2	bare-3ms
wv_1474a8d6	تَأَخَّرَ	bn	বিলম্ব করে	1	2	bare-3ms
wv_1474a8d6	تَأَخَّرَ	ur	بعد میں ہوا	1	2	bare-3ms
wv_1474a8d6	تَأَخَّرَ	hi	ताख़ीर करे	1	2	bare-3ms
wv_1474a8d6	تَأَخَّرَ	in	mengakhirkan	1	2	bare-3ms
wv_1474a8d6	تَأَخَّرَ	tr	gelecek	1	2	bare-3ms
wv_1474a8d6	تَأَخَّرَ	fa	تاخیر کند	1	2	bare-3ms
wv_1474a8d6	تَأَخَّرَ	fr	s’attarde	1	2	bare-3ms
wv_caeaf77e	زُلْزِلُ	bn	প্রকম্পিত হবে	1	3	bare
wv_caeaf77e	زُلْزِلُ	hi	हिला दी जाएगी	1	3	bare
wv_caeaf77e	زُلْزِلُ	fa	ولرزانده شدند	1	3	bare
wv_caeaf77e	زُلْزِلُ	fr	tremble / ont été secoués	1	3	bare
wn_9153a05a	كُرْه	bn	কষ্টে	1	3	bare
wn_9153a05a	كُرْه	ur	ناپسندیدہ	1	3	bare
wn_9153a05a	كُرْه	hi	नापसंदीदा / तक्लीफ़ से	1	3	bare
wn_9153a05a	كُرْه	in	kebencian / susah payah	1	3	bare
wn_d3b7b8bb	مَيْسِر	en	gambling / games of chance	1	3	conj
wn_d3b7b8bb	مَيْسِر	ur	جوا	1	3	conj
wn_d3b7b8bb	مَيْسِر	hi	जुआ / जुए के	1	3	conj
wv_1ab4e863	تُنكِحُ	en	marry	1	2	bare
wv_1ab4e863	تُنكِحُ	bn	বিয়ে দিও	1	2	bare
wv_1ab4e863	تُنكِحُ	ur	نکاح کردو	1	2	bare
wv_1ab4e863	تُنكِحُ	hi	निकाह कर दो	1	2	bare
wv_1ab4e863	تُنكِحُ	in	menikahkan	1	2	bare
wv_1ab4e863	تُنكِحُ	fr	donnez en mariage	1	2	bare
wn_b326c31a	مَحِيض	bn	কালে	1	2	bare
wn_b326c31a	مَحِيض	hi	हैज़ से	1	3	bare
wv_258f1543	فاءُ	tr	dönerse	1	3	bare
wv_258f1543	فاءُ	fa	بر گشت	1	3	bare
wv_258f1543	فاءُ	fr	revient	1	3	bare
wv_17154003	يَتَعَدَّ	bn	লংঘন করে	1	3	bare
wv_39c5abd0	سَرِّحُ	en	release	1	1	pronoun
wv_39c5abd0	سَرِّحُ	bn	মুক্ত করে দাও	1	1	pronoun
wv_39c5abd0	سَرِّحُ	ur	رخصت کردو ان کو	1	1	pronoun
wv_39c5abd0	سَرِّحُ	hi	रुख़्सत कर दो	1	1	pronoun
wv_39c5abd0	سَرِّحُ	in	ceraikan	1	1	pronoun
wv_39c5abd0	سَرِّحُ	tr	bırakın	1	1	pronoun
wv_39c5abd0	سَرِّحُ	fa	رها شان کنید	1	1	pronoun
wv_39c5abd0	سَرِّحُ	fr	libérez-les par divorce	1	1	pronoun
wn_11121f5b	مَوْلُود	ur	والد کو	1	3	bare
wn_11121f5b	مَوْلُود	hi	वालिद को	1	3	bare
wn_11121f5b	مَوْلُود	in	dilahirkan/anak / anak yang dilahirkan	1	3	bare
wv_287a6065	أَكْنَن	ur	چھپاتے ہیں	1	2	bare
wv_287a6065	أَكْنَن	fa	پنهان کنید / پنهان می دارد	1	3	bare
wn_4ac2304d	بَقِيَّت	en	remains	1	2	bare
wn_4ac2304d	بَقِيَّت	hi	बाक़ी मान्दा	1	2	bare
wn_4ac2304d	بَقِيَّت	in	sisa/tertinggal	1	2	bare
wn_4ac2304d	بَقِيَّت	tr	fazilet	1	2	bare
wv_acb99822	أَفْرِغْ	ur	انڈیلوں / ڈال دے	1	3	bare
wv_acb99822	أَفْرِغْ	hi	उँडेलूं	1	3	bare
wv_acb99822	أَفْرِغْ	in	limpahkan	1	3	bare
wn_33517cbf	حِفْظ	ur	حفاظت کے لیے	1	2	conj
wn_33517cbf	حِفْظ	in	penjagaan	1	2	conj
wn_33517cbf	حِفْظ	tr	koruduk	1	2	conj
wn_33517cbf	حِفْظ	fa	نگهداشتنی	1	2	conj
wn_33517cbf	حِفْظ	fr	garde	1	2	conj
wv_18fe4555	ٱسْتَمْسَكَ	bn	ধারণ করল	1	2	bare-3ms
wv_18fe4555	ٱسْتَمْسَكَ	fr	a saisit	1	2	bare-3ms
wv_08debb0f	كَسَوْ	ur	پہناتے	1	1	pronoun
wn_d334d950	جُزْء	in	bagian	1	3	bare
wn_d334d950	جُزْء	fa	بخشی	1	3	bare
wn_179bb21d	رِئاء	ur	دکھاوے کے لیے	1	2	bare
wn_179bb21d	رِئاء	fa	برای نشان دادن	1	2	bare
wv_6cd66e69	تَيَمَّمُ	en	aim at	1	3	bare
wv_6cd66e69	تَيَمَّمُ	bn	সংকল্প করো	1	3	bare
wv_6cd66e69	تَيَمَّمُ	ur	تیمم کرو	1	3	bare
wv_6cd66e69	تَيَمَّمُ	hi	इरादा करो	1	3	bare
wv_6cd66e69	تَيَمَّمُ	in	memilih	1	3	bare
wn_5bc35f59	آخِذ	en	Taking	1	2	bare
wn_5bc35f59	آخِذ	bn	ধারণকারী	1	2	bare
wn_5bc35f59	آخِذ	ur	پکڑے ہوئے	1	2	bare
wn_5bc35f59	آخِذ	hi	पकड़ने वाला	1	2	bare
wn_5bc35f59	آخِذ	in	memegang	1	2	bare
wn_5bc35f59	آخِذ	tr	alırlar	1	2	bare
wn_5bc35f59	آخِذ	fa	گیرنده	1	2	bare
wn_5bc35f59	آخِذ	fr	prenant	1	2	bare
wn_58af6563	نَفَقَة	en	expenditures	1	2	bare
wn_58af6563	نَفَقَة	bn	খরচা খরচ	1	2	bare
wn_58af6563	نَفَقَة	in	suatu nafkah	1	2	bare
wn_58af6563	نَفَقَة	fa	نفقه ای	1	2	bare
wn_40dead6f	ضَرْب	en	striking	1	2	bare
wn_40dead6f	ضَرْب	bn	আঘাত	1	2	bare
wn_40dead6f	ضَرْب	hi	चलने फिरने की	1	2	bare
wn_40dead6f	ضَرْب	in	berusaha	1	2	bare
wn_40dead6f	ضَرْب	tr	gezmeye	1	2	bare
wn_40dead6f	ضَرْب	fa	سفری	1	2	bare
wn_40dead6f	ضَرْب	fr	coup	1	2	bare
wv_e01edba3	بَقِىَ	en	spared	1	2	bare-3ms
wv_e01edba3	بَقِىَ	bn	বকেয়া আছে	1	2	bare-3ms
wv_e01edba3	بَقِىَ	ur	باقی ہو	1	2	bare-3ms
wv_e01edba3	بَقِىَ	hi	उसने बाक़ी छोड़ा	1	2	bare-3ms
wv_e01edba3	بَقِىَ	in	tersisa	1	2	bare-3ms
wv_e01edba3	بَقِىَ	fr	reste	1	2	bare-3ms
wn_2ee5847d	آثِم	en	sinful	1	3	bare
wn_2ee5847d	آثِم	ur	گناہ گار	1	2	bare
wn_2ee5847d	آثِم	hi	गुनाहगार	1	3	bare
wn_2ee5847d	آثِم	fa	گنهکار	1	3	bare
wn_10fb3651	وَهّاب	ur	بہت عطا کرنے والا	1	3	bare
wn_10fb3651	وَهّاب	tr	çok lutfeden	1	3	bare
wn_0ac6aeff	جامِع	bn	সমবেতকারী	1	3	bare
wn_0ac6aeff	جامِع	ur	اجتماعی۔ اہم / جمع کرنے والا	1	3	bare
wn_0ac6aeff	جامِع	hi	इज्तिमाई / जमा करने वाला	1	3	bare
wn_0ac6aeff	جامِع	tr	bütün	1	3	bare
wn_5c08affe	شَهَوَة	en	lusts	1	3	bare
wn_5c08affe	شَهَوَة	in	hawa nafsu	1	3	bare
wn_5c08affe	شَهَوَة	fa	خواسته های	1	3	bare
wn_a00deeea	مُسَوَّمَة	ur	نشان زدہ / نشان لگے ہوئے	1	3	bare
wn_a00deeea	مُسَوَّمَة	hi	निशानज़दा	1	3	bare
wn_a00deeea	مُسَوَّمَة	in	pilihan	1	3	bare
wn_a00deeea	مُسَوَّمَة	fa	نشاندار	1	3	bare
wv_711a6c3b	يَكْفُلُ	en	takes charge	1	2	bare
wv_711a6c3b	يَكْفُلُ	bn	তত্ত্বাবধান করবে	1	2	bare
wv_711a6c3b	يَكْفُلُ	in	memeliharanya	1	2	bare
wv_711a6c3b	يَكْفُلُ	tr	ona bakacak	1	2	bare
wv_09f236a2	أَحَسَّ	bn	অনুভব করল	1	3	bare
wv_09f236a2	أَحَسَّ	ur	محسوس کیا	1	3	bare
wv_09f236a2	أَحَسَّ	in	menyadari	1	3	bare
wv_09f236a2	أَحَسَّ	tr	sezdi	1	2	bare
wv_09f236a2	أَحَسَّ	fr	ressens	1	3	bare
wv_c0184f55	يَلْ	bn	মুড়াতে থাকে	1	3	bare
wv_c0184f55	يَلْ	ur	ڈرتے ہیں	1	2	bare
wv_c0184f55	يَلْ	hi	मोड़ दोगे	1	3	bare
wv_c0184f55	يَلْ	in	menoleh	1	3	bare
wv_c0184f55	يَلْ	tr	eğip bükerler	1	2	bare
wv_c0184f55	يَلْ	fa	می پیچانند	1	3	bare
wv_c0184f55	يَلْ	fr	tordez	1	3	bare
wn_9b530e90	رَبّانِيِّن	en	Rabbis	1	2	bare
wn_9b530e90	رَبّانِيِّن	bn	রব্বানি	1	2	bare
wn_9b530e90	رَبّانِيِّن	ur	رب والے	1	2	bare
wn_9b530e90	رَبّانِيِّن	hi	रब वाले	1	2	bare
wn_9b530e90	رَبّانِيِّن	in	orang-orang rabbani	1	2	bare
wn_9b530e90	رَبّانِيِّن	tr	Rabbanilerin	1	2	bare
wn_9b530e90	رَبّانِيِّن	fr	savants	1	2	bare
wv_675d8519	ابْيَضَّتْ	en	turn white	1	3	bare
wv_675d8519	ابْيَضَّتْ	ur	سفید ہوگئیں	1	2	bare
wv_675d8519	ابْيَضَّتْ	hi	रोशन होंगे	1	3	bare
wv_675d8519	ابْيَضَّتْ	tr	ağarır	1	3	bare
wv_675d8519	ابْيَضَّتْ	fr	deviendront blancs	1	3	bare
wn_06355d03	آناء	bn	সময়	1	3	bare
wn_06355d03	آناء	hi	घड़ियाँ / घड़ियों में	1	3	bare
wn_06355d03	آناء	in	tengah	1	3	bare
wn_06355d03	آناء	fa	در اوقات	1	3	bare
wv_84b84624	عَنِ	en	suffer	1	2	bare
wv_84b84624	عَنِ	bn	অসুবিধায় পড়	1	2	bare
wv_84b84624	عَنِ	ur	مشکل میں پڑو تم	1	2	bare
wv_84b84624	عَنِ	hi	कि मुश्किल में पड़ो तुम	1	2	bare
wv_84b84624	عَنِ	in	derita	1	2	bare
wv_b3bd1e5a	غَدَ	en	Go early	1	3	bare
wv_b3bd1e5a	غَدَ	bn	চললো	1	3	bare
wv_b3bd1e5a	غَدَ	ur	چلو	1	3	bare
wv_b3bd1e5a	غَدَ	hi	सुबह सवेरे चलो	1	3	bare
wv_b3bd1e5a	غَدَ	in	pergi pagi-pagi	1	3	bare
wv_b3bd1e5a	غَدَ	tr	sen erkenden	1	3	bare
wv_b3bd1e5a	غَدَ	fa	بامداد رفتند	1	3	bare
wv_b3bd1e5a	غَدَ	fr	Partez pendant la matinée	1	3	bare
wn_5852b34c	خَمْسَة	ur	پانچ کی	1	2	bare
wn_5852b34c	خَمْسَة	hi	पाँच थे	1	2	bare
wn_5852b34c	خَمْسَة	in	kelima	1	2	bare
wn_5852b34c	خَمْسَة	tr	beştir	1	2	bare
wn_5852b34c	خَمْسَة	fa	پنج تنی	1	2	bare
wv_1f072412	كُبِتَ	en	be disgraced	1	2	bare
wv_1f072412	كُبِتَ	bn	লাঞ্ছিত করা হয়েছিল	1	2	bare
wv_1f072412	كُبِتَ	hi	ज़लील किए गए थे	1	2	bare
wv_1f072412	كُبِتَ	tr	tepelendikleri	1	2	bare
wv_1f072412	كُبِتَ	fa	نگونسار شوند	1	2	bare
wv_1f072412	كُبِتَ	fr	seront abaissés	1	2	bare
wn_a8d083fe	بَيان	en	speech	1	2	bare
wn_a8d083fe	بَيان	bn	সুস্পষ্ট বাণী	1	2	bare
wn_a8d083fe	بَيان	ur	بیان	1	2	bare
wn_a8d083fe	بَيان	hi	बोलना	1	2	bare
wn_a8d083fe	بَيان	in	penerangan	1	2	bare
wn_a8d083fe	بَيان	tr	beyanı	1	2	bare
wn_a8d083fe	بَيان	fa	بیانی	1	2	bare
wv_a0258bd1	انفَضُّ	en	rushed	1	2	bare
wv_a0258bd1	انفَضُّ	bn	ছুটে গেল	1	2	bare
wv_a0258bd1	انفَضُّ	ur	بھاگ جائیں	1	2	bare
wv_a0258bd1	انفَضُّ	hi	वो दौड़ पड़े	1	2	bare
wv_a0258bd1	انفَضُّ	in	menuju	1	2	bare
wv_a0258bd1	انفَضُّ	fa	پراکنده شوند	1	2	bare
wv_a0258bd1	انفَضُّ	fr	se dispersent	1	2	bare
wn_8501c374	قُرْبان	bn	কুরবানি	1	2	bare
wn_8501c374	قُرْبان	ur	ایک قربانی	1	2	bare
wn_8501c374	قُرْبان	hi	क़ुर्बानी करना	1	2	bare
wn_8501c374	قُرْبان	in	korban	1	2	bare
wn_8501c374	قُرْبان	tr	birer kurban	1	2	bare
wn_8501c374	قُرْبان	fa	قربانی ای را	1	2	bare
wn_8501c374	قُرْبان	fr	sacrifice	1	2	bare
wv_307ded76	فَازَ	en	has attained	1	2	bare-3ms
wv_307ded76	فَازَ	bn	সফল হবে	1	2	bare-3ms
wv_307ded76	فَازَ	ur	کامیاب ہوا	1	2	bare-3ms
wv_307ded76	فَازَ	in	ia beruntung	1	2	bare-3ms
wv_307ded76	فَازَ	tr	ermiş olur	1	2	bare-3ms
wv_307ded76	فَازَ	fa	کامیاب شود	1	2	bare-3ms
wv_6e7fe6c4	تُقْسِطُ	en	act justly	1	2	bare
wv_6e7fe6c4	تُقْسِطُ	bn	সুবিচার করো	1	3	bare
wv_6e7fe6c4	تُقْسِطُ	tr	adaletli davranmaktan	1	2	bare
wv_992cfc71	طَابَ	en	remit	1	3	bare
wv_992cfc71	طَابَ	bn	পছন্দনীয়	1	3	bare
wv_992cfc71	طَابَ	ur	پسند آئیں	1	2	bare
wv_992cfc71	طَابَ	hi	पसंद आऐं	1	3	bare
wv_992cfc71	طَابَ	in	baik/senangi	1	3	bare
wv_992cfc71	طَابَ	tr	helal	1	3	bare
wv_992cfc71	طَابَ	fa	بخشیدند	1	3	bare
wv_992cfc71	طَابَ	fr	donnent	1	3	bare
wn_ca81fa46	مَثْنَى	ur	دو دو / دو ، دو	1	3	bare
wn_1433f903	قِسْمَة	ur	ایک تقسیم	1	3	bare
wn_1433f903	قِسْمَة	hi	एक तक़सीम	1	3	bare
wn_1433f903	قِسْمَة	tr	taksimdir	1	3	bare
wn_1433f903	قِسْمَة	fa	تقسیمی	1	3	bare
wn_0402e6b1	سُدُس	tr	altıda birdir	1	3	bare
wn_4da5c16b	عَمَّة	en	paternal aunts	2	2	pronoun
wn_4da5c16b	عَمَّة	bn	ফুফুর	1	2	pronoun
wn_4da5c16b	عَمَّة	ur	پھوپھیوں	2	2	pronoun
wn_4da5c16b	عَمَّة	hi	फुफियों	1	2	pronoun
wn_4da5c16b	عَمَّة	in	saudara perempuan bapak	1	2	pronoun
wn_4da5c16b	عَمَّة	tr	halalarının	1	2	pronoun
wn_4da5c16b	عَمَّة	fa	عمه های	1	1	pronoun
wn_4da5c16b	عَمَّة	fr	tantes paternelles	2	2	pronoun
wn_002d8cc3	خالَة	en	maternal aunts	2	2	pronoun
wn_002d8cc3	خالَة	bn	খালার	1	2	pronoun
wn_002d8cc3	خالَة	ur	خالاؤں	2	2	pronoun
wn_002d8cc3	خالَة	hi	ख़ालाओं	2	2	pronoun
wn_002d8cc3	خالَة	in	saudara perempuan ibu	2	2	pronoun
wn_002d8cc3	خالَة	tr	teyzelerinin	1	2	pronoun
wn_002d8cc3	خالَة	fa	خاله های	1	1	pronoun
wn_002d8cc3	خالَة	fr	tantes maternelles	2	2	pronoun
wn_d5f72bd2	طَوْل	en	afford	1	3	bare
wn_d5f72bd2	طَوْل	bn	উপকরণের	1	3	bare
wn_d5f72bd2	طَوْل	ur	فضل	1	3	bare
wn_d5f72bd2	طَوْل	hi	वुसअत वाले	1	3	bare
wn_d5f72bd2	طَوْل	in	karunia	1	3	bare
wn_d5f72bd2	طَوْل	tr	lutuf	1	3	bare
wn_1f327bcd	مُتَّخِذ	en	ones taking	1	3	bare
wn_1f327bcd	مُتَّخِذ	ur	بنانے والے	1	3	bare
wn_1f327bcd	مُتَّخِذ	hi	बनाने वाले	1	3	bare
wn_1f327bcd	مُتَّخِذ	in	mengambil	1	3	bare
wn_1f327bcd	مُتَّخِذ	fr	preneur	1	3	bare
wv_cf784ef0	يَمِيلُ	en	deviate	1	3	bare
wv_cf784ef0	يَمِيلُ	ur	مائل ہوجاؤ	1	3	bare
wv_cf784ef0	يَمِيلُ	hi	झुक जाओ	1	3	bare
wv_cf784ef0	يَمِيلُ	in	berpaling	1	3	bare
wv_cf784ef0	يَمِيلُ	fr	égariez	1	3	bare
wn_e35247d3	مُدْخَل	bn	প্রবেশস্থানে	1	3	bare
wn_e35247d3	مُدْخَل	ur	داخل کرنا	1	3	bare
wn_e35247d3	مُدْخَل	fa	در آوردنی	1	3	bare
wn_e35247d3	مُدْخَل	fr	endroit où on fait entrer	1	2	bare
wn_e0283e92	مَوالِي	en	heirs	1	2	bare
wn_e0283e92	مَوالِي	bn	উত্তরাধিকারী	1	2	bare
wn_e0283e92	مَوالِي	hi	वारिस	1	2	bare
wn_e0283e92	مَوالِي	in	pewaris-pewaris	1	2	bare
wn_e0283e92	مَوالِي	tr	varisler	1	2	bare
wn_e0283e92	مَوالِي	fa	وارثانی را	1	2	bare
wn_55a5d92d	قَوّام	en	steadfast	1	3	bare
wn_55a5d92d	قَوّام	bn	অবিচল	1	3	bare
wn_55a5d92d	قَوّام	ur	قوام	1	2	bare
wn_55a5d92d	قَوّام	hi	ज़िम्मेदार / क़ायम रहने वाले	1	3	bare
wn_55a5d92d	قَوّام	in	pemimpin/lebih kuat / orang-orang yang menegakkan	1	3	bare
wn_55a5d92d	قَوّام	tr	yöneticidirler	1	3	bare
wn_55a5d92d	قَوّام	fa	سرپرستان اند	1	3	bare
wn_892c69f5	قانِتَة	bn	আনুগত্যশীলা	1	2	bare
wn_892c69f5	قانِتَة	ur	اطاعت گزار	1	2	bare
wn_892c69f5	قانِتَة	hi	फ़रमाबरदार	1	2	bare
wn_892c69f5	قانِتَة	tr	ita'atkar olup	1	2	bare
wn_892c69f5	قانِتَة	fa	فرمانبردارند	1	2	bare
wn_b675f717	حَكَم	en	judge	1	2	bare
wn_b675f717	حَكَم	bn	বিচারক	1	2	bare
wn_b675f717	حَكَم	ur	ایک منصف	1	2	bare
wn_b675f717	حَكَم	hi	एक मुन्सिफ़	1	2	bare
wn_b675f717	حَكَم	in	hakim	1	2	bare
wn_b675f717	حَكَم	fa	داوری	1	2	bare
wn_60924cb3	مُخْتال	en	proud	1	3	bare
wn_60924cb3	مُخْتال	hi	ख़ुदपसंद / ख़ुद पसंद	1	3	bare
wn_60924cb3	مُخْتال	fa	خود پسند / به خود بالندۂ	1	3	bare
wn_a969ac38	سُكارَى	bn	নেশাগ্রস্ত	1	2	bare
wn_a969ac38	سُكارَى	ur	کہ وہ نشے میں	1	2	bare
wn_cedd8197	مَواضِع	en	places	2	3	pronoun
wn_cedd8197	مَواضِع	bn	স্থান	1	3	pronoun
wn_cedd8197	مَواضِع	ur	جگہوں	2	3	pronoun
wn_cedd8197	مَواضِع	hi	जगहों	2	3	pronoun
wn_cedd8197	مَواضِع	in	tempat-tempat	3	3	pronoun
wn_cedd8197	مَواضِع	tr	yerlerinden	1	1	pronoun
wn_cedd8197	مَواضِع	fa	جایگاه ها	3	3	pronoun
wn_cedd8197	مَواضِع	fr	sens	3	3	pronoun
wn_e5278229	فَتِيل	bn	একবিন্দুও	1	3	bare
wv_dbbfe7d4	حَسَدَ	en	envies	1	2	bare
wv_dbbfe7d4	حَسَدَ	ur	حسد کرے	1	2	bare
wv_dbbfe7d4	حَسَدَ	hi	वो हसद रे	1	2	bare
wv_dbbfe7d4	حَسَدَ	tr	hased ettiği	1	2	bare
wv_dbbfe7d4	حَسَدَ	fa	حسد ورزد	1	2	bare
wn_fb552da7	تَسْلِيم	en	greetings	1	2	bare
wn_fb552da7	تَسْلِيم	bn	সালাম	1	2	bare
wn_fb552da7	تَسْلِيم	ur	سلام بھیجنا	1	2	bare
wn_fb552da7	تَسْلِيم	hi	ख़ूब सलाम भेजना	1	2	bare
wn_fb552da7	تَسْلِيم	in	kesejahteraan/penghormatan	1	2	bare
wn_fb552da7	تَسْلِيم	tr	içtenlikle	1	2	bare
wn_fb552da7	تَسْلِيم	fa	سلام گفتنی	1	2	bare
wn_fb552da7	تَسْلِيم	fr	soumission	1	2	bare
wv_478d7d99	حَسُنَ	bn	কতই উত্তম	1	3	bare
wv_478d7d99	حَسُنَ	hi	कितना अच्छा है	1	3	bare
wn_7abd902f	حِذْر	en	precautions	3	3	pronoun
wn_7abd902f	حِذْر	bn	সতর্কতা	3	3	pronoun
wn_7abd902f	حِذْر	ur	بچاؤ	3	3	pronoun
wn_7abd902f	حِذْر	hi	बचाव	3	3	pronoun
wn_7abd902f	حِذْر	in	kewaspadaan	3	3	pronoun
wn_7abd902f	حِذْر	tr	korunma nizi	1	3	pronoun
wn_7abd902f	حِذْر	fa	آمادگی	2	2	pronoun
wn_7abd902f	حِذْر	fr	précautions	3	3	pronoun
wn_c0343f81	طاعَة	tr	peki	1	3	bare
wv_a9a72db3	يَأْلَمُ	tr	acı çekiyorsanuz	1	3	bare
wn_d7931c20	خائِن	en	traitors	1	2	bare
wn_d7931c20	خائِن	bn	বিশ্বাসঘাতকদের	1	2	bare
wn_d7931c20	خائِن	ur	خیانت کاروں کی	1	2	bare
wn_d7931c20	خائِن	hi	ख़यानत करने वालों को	1	2	bare
wv_f601f4fc	يَسْتَخْفُ	bn	লুকাতে চায়	1	2	bare
wv_f601f4fc	يَسْتَخْفُ	ur	چھپتے ہیں	1	2	bare
wv_b3270182	ٱحْتَمَلَ	en	carries	1	2	bare-3ms
wv_b3270182	ٱحْتَمَلَ	bn	বহন করল	1	2	bare-3ms
wv_b3270182	ٱحْتَمَلَ	ur	اٹھا لیا	1	2	bare-3ms
wv_b3270182	ٱحْتَمَلَ	hi	उठा लिया	1	2	bare-3ms
wv_b3270182	ٱحْتَمَلَ	in	membawa	1	2	bare-3ms
wv_b3270182	ٱحْتَمَلَ	tr	taşıdı	1	2	bare-3ms
wv_b3270182	ٱحْتَمَلَ	fr	porte ensuite	1	2	bare-3ms
wn_95d5e692	خُسْران	ur	خسارا	1	3	bare
wv_b1fada70	أَحْضَرَتْ	en	are swayed	1	2	bare
wv_b1fada70	أَحْضَرَتْ	bn	বিদ্যমান আছে	1	2	bare
wv_b1fada70	أَحْضَرَتْ	hi	रख दी गई	1	2	bare
wv_b1fada70	أَحْضَرَتْ	in	kebiasaan	1	2	bare
wv_b1fada70	أَحْضَرَتْ	tr	hazırdır	1	2	bare
wv_b1fada70	أَحْضَرَتْ	fa	فراآمده است	1	2	bare
wv_b1fada70	أَحْضَرَتْ	fr	a présentée	1	2	bare
wv_2441f578	حَرَصْ	hi	हिर्स करो	1	3	bare
wv_2441f578	حَرَصْ	in	ingin sekali	1	3	bare
wv_2441f578	حَرَصْ	tr	isteseniz de / ne kadar istesen de	1	3	bare
wv_2441f578	حَرَصْ	fa	حرص ورزی	1	3	bare
wv_87f192d1	يَعْدُ	en	transgress	1	3	bare
wv_87f192d1	يَعْدُ	bn	ফিরিয়ে নিও	1	3	bare
wv_87f192d1	يَعْدُ	ur	پھیریئے	1	3	bare
wv_87f192d1	يَعْدُ	hi	आप फेरिए	1	3	bare
wv_87f192d1	يَعْدُ	tr	sapmasın	1	2	bare
wv_87f192d1	يَعْدُ	fr	détache	1	3	bare
wv_57dc0c79	اسْتَنكَفُ	en	disdains	1	3	bare
wv_57dc0c79	اسْتَنكَفُ	tr	çekinen	1	2	bare
wv_57dc0c79	اسْتَنكَفُ	fa	ابادارد	1	3	bare
wv_57dc0c79	اسْتَنكَفُ	fr	a du mépris	1	3	bare
wn_ddc3af2d	بَهِيمَة	hi	चौपाए / चौपायों में से	1	3	bare
wn_ddc3af2d	بَهِيمَة	tr	yürüyen	1	2	bare
wn_a8b2c840	نُصُب	en	goal	1	2	bare
wn_a8b2c840	نُصُب	bn	লক্ষ্যের	1	2	bare
wn_a8b2c840	نُصُب	hi	आस्तानों पर	1	2	bare
wn_a8b2c840	نُصُب	tr	dikilenlere	1	2	bare
wn_a8b2c840	نُصُب	fa	بتان	1	2	bare
wn_a8b2c840	نُصُب	fr	signe installé	1	2	bare
wn_cba795d1	فِسْق	bn	অবৈধ	1	2	bare
wn_cba795d1	فِسْق	ur	ہو وہ نافرمانی	1	2	bare
wn_cba795d1	فِسْق	hi	गुनाह	1	2	bare
wn_cba795d1	فِسْق	in	fasik	1	2	bare
wn_cba795d1	فِسْق	fa	به نافرمانی	1	2	bare
wn_cba795d1	فِسْق	fr	immoralité	1	2	bare
wn_9e126f46	مُقْسِط	bn	সুবিচারকারীদেরকে	1	3	bare
wn_aa82a7bb	دائِرَة	bn	আবর্তন / ভাগ্য বিপর্যয়	1	3	bare
wn_aa82a7bb	دائِرَة	tr	felaket	1	3	bare
wn_aa82a7bb	دائِرَة	fa	گردش	1	3	bare
wv_935e99b1	أَطْفَأَ	tr	onu söndürmüştür	1	1	pronoun
wv_935e99b1	أَطْفَأَ	fa	فرومی نشاند	1	1	pronoun
wv_d1458668	يَعْصِمُ	en	protect	2	3	pronoun
wv_d1458668	يَعْصِمُ	bn	রক্ষা করবেন	1	3	pronoun
wv_d1458668	يَعْصِمُ	ur	بچائے تم کو	1	3	pronoun
wv_d1458668	يَعْصِمُ	hi	बचाएगा	1	3	pronoun
wv_d1458668	يَعْصِمُ	in	memelihara	1	3	pronoun
wv_d1458668	يَعْصِمُ	tr	seni korur	1	3	pronoun
wv_d1458668	يَعْصِمُ	fa	نگهدارد	1	3	pronoun
wv_d1458668	يَعْصِمُ	fr	protégera	2	3	pronoun
wn_250d3d82	رُهْبان	bn	সংসার-বিরাগীদের	1	2	conj
wn_250d3d82	رُهْبان	ur	درویشوں میں سے	1	2	conj
wn_250d3d82	رُهْبان	hi	राहिब	1	2	conj
wn_250d3d82	رُهْبان	fa	راهبانی	1	2	conj
wn_535d0adc	إِطْعام	bn	খানা খাওয়ানো	1	2	bare
wn_535d0adc	إِطْعام	tr	yedirmektir	1	2	bare
wn_535d0adc	إِطْعام	fa	طعام دادن	1	2	bare
wn_da246094	سَيّارَة	bn	পথযাত্রীদলের	1	2	bare
wn_da246094	سَيّارَة	in	sekelompok musafir	1	2	bare
wn_da246094	سَيّارَة	fa	کاروانی	1	2	bare
wn_0e63685e	مِدْرار	tr	bol bol	1	3	bare
wn_0e63685e	مِدْرار	fa	ریزان	1	3	bare
wn_addd4ea6	كاشِف	bn	মোচনকারী	1	3	bare
wn_addd4ea6	كاشِف	ur	ہٹانے والے	1	3	bare
wn_addd4ea6	كاشِف	hi	हटाने वाले	1	3	bare
wn_addd4ea6	كاشِف	tr	açacak	1	3	bare
wn_addd4ea6	كاشِف	fa	برمی داریم	1	2	bare
wn_addd4ea6	كاشِف	fr	enleveurs	1	3	bare
wn_4043eec8	قاهِر	hi	ग़ालिब	1	3	bare
wn_4043eec8	قاهِر	tr	tam hakimdir	1	3	bare
wv_9ad04a74	نََٔا	en	becomes remote	1	2	bare-3ms
wv_9ad04a74	نََٔا	bn	দূরে সরে	1	2	bare-3ms
wv_9ad04a74	نََٔا	ur	دور ہوتا ہے	1	2	bare-3ms
wv_9ad04a74	نََٔا	hi	वो फेर लेता है	1	2	bare-3ms
wv_9ad04a74	نََٔا	tr	döner	1	2	bare-3ms
wv_9ad04a74	نََٔا	fa	دور کند	1	2	bare-3ms
wv_9ad04a74	نََٔا	fr	éloigne	1	2	bare-3ms
wv_b40f2927	وُقِفُ	en	are made to stand	1	2	bare
wv_b40f2927	وُقِفُ	bn	তাদের দাঁড় করান হবে	1	2	bare
wn_1b8a1bc3	مُبَدِّل	in	merubah-rubah / dapat merubah	1	3	bare
wv_1daa9fbe	يَتَضَرَّعُ	bn	বিনীত হয়	1	3	bare
wv_1daa9fbe	يَتَضَرَّعُ	hi	वो गिड़गिड़ाए	1	3	bare
wv_1daa9fbe	يَتَضَرَّعُ	in	tunduk / merendahkan diri	1	3	bare
wv_1daa9fbe	يَتَضَرَّعُ	tr	yalvarırlar diye	1	3	bare
wv_0ca57769	سُقِطَ	en	fall	1	3	bare
wv_0ca57769	سُقِطَ	ur	گرتا	1	3	bare
wv_0ca57769	سُقِطَ	hi	गिरता	1	3	bare
wv_0ca57769	سُقِطَ	in	jatuh	1	3	bare
wv_0ca57769	سُقِطَ	tr	düşürüldü	1	2	bare
wv_0ca57769	سُقِطَ	fa	افتاده شد	1	2	bare
wv_0ca57769	سُقِطَ	fr	tombe	1	3	bare
wn_8500c002	تَضَرُّع	bn	সবিনয়ে	1	3	bare
wn_8500c002	تَضَرُّع	ur	عاجزی سے	1	3	bare
wv_27c06fa4	أَفَلَ	fr	est disparu	1	2	bare-3ms
wn_0c6b7f79	إِلْياس	bn	ইলয়াস	1	2	bare
wn_0c6b7f79	إِلْياس	ur	الیاس	1	2	bare
wn_0c6b7f79	إِلْياس	hi	इल्यास	1	2	bare
wv_16ba9e5d	خَوَّلَ	hi	अता करते	1	2	pronoun
wn_68caa483	سَكَن	en	rest	1	3	bare
wn_68caa483	سَكَن	bn	আবাসস্থল	1	3	bare
wn_68caa483	سَكَن	ur	باعث سکون	1	3	bare
wn_68caa483	سَكَن	hi	बाइसे सुकून	1	3	bare
wn_68caa483	سَكَن	in	ketentraman	1	3	bare
wn_68caa483	سَكَن	tr	huzur verir	1	3	bare
wn_0a155c91	حُسْبان	en	calamity	1	2	bare
wn_0a155c91	حُسْبان	bn	বিপর্যয়	1	2	bare
wn_0a155c91	حُسْبان	ur	حساب کا ذریعہ	1	2	bare
wn_0a155c91	حُسْبان	hi	कोई अज़ाब	1	2	bare
wn_0a155c91	حُسْبان	tr	yıldırımlar	1	2	bare
wn_0a155c91	حُسْبان	fa	آفتی	1	2	bare
wn_0a155c91	حُسْبان	fr	catastrophe	1	2	bare
wn_d92b1b34	دانِيَة	en	hanging low	1	2	bare
wn_d92b1b34	دانِيَة	bn	নিকটে	1	2	bare
wn_d92b1b34	دانِيَة	hi	झुके हुए	1	2	bare
wn_d92b1b34	دانِيَة	in	dekat	1	2	bare
wn_d92b1b34	دانِيَة	tr	salkımlar	1	2	bare
wn_d92b1b34	دانِيَة	fa	در دسترس	1	2	bare
wn_d92b1b34	دانِيَة	fr	proches	1	2	bare
wn_e00c271a	قُبُل	en	front	1	3	bare
wn_e00c271a	قُبُل	in	depan	1	3	bare
wn_e00c271a	قُبُل	tr	açıkça	1	2	bare
wn_e00c271a	قُبُل	fa	پیش	1	3	bare
wv_4bb9b135	اسْتَكْثَرْ	en	have many	1	2	bare
wv_4bb9b135	اسْتَكْثَرْ	bn	বেশী পাওয়ার আশায়	1	2	bare
wv_4bb9b135	اسْتَكْثَرْ	ur	زیادہ حاصل کرسکو	1	2	bare
wv_4bb9b135	اسْتَكْثَرْ	in	telah banyak	1	2	bare
wv_4bb9b135	اسْتَكْثَرْ	tr	siz çok uğraştınız	1	2	bare
wv_4bb9b135	اسْتَكْثَرْ	fr	avez trop abusé	1	2	bare
wv_4ce8987e	ٱخْتَلَطَ	en	joined	1	3	bare-3ms
wv_4ce8987e	ٱخْتَلَطَ	bn	সংমিশ্রিত হয়ে	1	3	bare-3ms
wv_4ce8987e	ٱخْتَلَطَ	ur	مل جائے	1	3	bare-3ms
wv_4ce8987e	ٱخْتَلَطَ	hi	मिल जाए / मिल जुल गई	1	3	bare-3ms
wv_4ce8987e	ٱخْتَلَطَ	tr	karıştı	1	2	bare-3ms
wv_4ce8987e	ٱخْتَلَطَ	fa	بیامیخت	1	3	bare-3ms
wv_4ce8987e	ٱخْتَلَطَ	fr	est mélangé	1	3	bare-3ms
wn_1427ce8e	بالِغَة	en	perfect	1	3	bare
wn_1427ce8e	بالِغَة	ur	باقی رہنے والی	1	3	bare
wn_1427ce8e	بالِغَة	hi	कामिल / पहुँचने वाली	1	3	bare
wn_1427ce8e	بالِغَة	in	teguh	1	3	bare
wn_bded0d5c	بَيات	bn	রাতে	1	3	bare
wn_bded0d5c	بَيات	tr	geceleyin	1	3	bare
wn_ffd26120	غائِب	in	gaib	1	2	bare
wn_ffd26120	غائِب	fa	غایبان	1	2	bare
wn_d7530917	وَزْن	ur	وزن کو	1	2	bare
wn_d7530917	وَزْن	hi	कोई वज़न	1	2	bare
wn_d7530917	وَزْن	in	timbangan	1	2	bare
wn_d7530917	وَزْن	tr	terazi	1	2	bare
wn_d7530917	وَزْن	fa	وزن را	1	2	bare
wn_c1c4f54e	مَدْحُور	en	expelled	1	3	bare
wn_c1c4f54e	مَدْحُور	hi	धुतकारे हुए / रहमत से दूर किया हुआ	1	3	bare
wv_0daa2225	طَفِقَ	bn	উভয়ে শুরু করলো	1	3	bare
wv_0daa2225	طَفِقَ	ur	دونوں لگے	1	3	bare
wv_0daa2225	طَفِقَ	hi	लगा	1	3	bare
wv_0daa2225	طَفِقَ	fa	شروع کرد	1	3	bare
wv_d263d79e	ٱدَّٰرَكَ	en	is arrested	1	2	bare-3ms
wv_d263d79e	ٱدَّٰرَكَ	bn	পেতো	1	2	bare-3ms
wv_d263d79e	ٱدَّٰرَكَ	ur	پالیا اس کو	1	2	bare-3ms
wv_d263d79e	ٱدَّٰرَكَ	hi	गुम हो गया	1	2	bare-3ms
wv_d263d79e	ٱدَّٰرَكَ	in	mendapatkannya/ia	1	2	bare-3ms
wv_d263d79e	ٱدَّٰرَكَ	fr	a englobé	1	2	bare-3ms
wv_bc25e394	يَلِجَ	bn	ঢোকে	1	3	bare
wv_bc25e394	يَلِجَ	ur	داخل ہوجائے / داخل ہوتا ہے	1	3	bare
wv_bc25e394	يَلِجَ	tr	giren	1	3	bare
wn_4c17444f	غاشِيَة	ur	اوڑھنا	1	2	bare
wn_4c17444f	غاشِيَة	hi	ओढ़ना	1	3	bare
wn_4c17444f	غاشِيَة	in	meliputi	1	3	bare
wn_4c17444f	غاشِيَة	tr	örtüler	1	3	bare
wn_4c17444f	غاشِيَة	fa	پو ششی	1	3	bare
wn_4c17444f	غاشِيَة	fr	revêtements	1	3	bare
wv_bb43690e	أَذَّنَ	en	called out	1	2	bare-3ms
wv_bb43690e	أَذَّنَ	bn	ঘোষণা দিলো	1	2	bare-3ms
wv_bb43690e	أَذَّنَ	ur	پکارا	1	2	bare-3ms
wv_bb43690e	أَذَّنَ	hi	पुकारा	1	2	bare-3ms
wv_bb43690e	أَذَّنَ	in	berseru	1	2	bare-3ms
wv_bb43690e	أَذَّنَ	fa	آواز داد	1	2	bare-3ms
wv_bb43690e	أَذَّنَ	fr	a annoncé	1	2	bare-3ms
wn_6db048bc	تِلْقاء	hi	तरफ़	1	3	bare
wn_6db048bc	تِلْقاء	in	pihakku	1	3	bare
wn_6db048bc	تِلْقاء	fa	جانب / به سوی	1	3	bare
wn_6db048bc	تِلْقاء	fr	vers	1	2	bare
wn_097a8c3c	مُسَخَّرَة	bn	অনুগত	1	3	bare
wn_097a8c3c	مُسَخَّرَة	tr	boyun eğdirilmiştir	1	3	bare
wn_4fbac88f	بُشْر	bn	সুসংবাদরূপে	1	3	bare
wn_4fbac88f	بُشْر	ur	خوش خبری بنا کر	1	3	bare
wn_4fbac88f	بُشْر	hi	ख़ुशख़बरी बनाकर	1	3	bare
wn_b97297b0	حاشِر	ur	اکٹھے کرنے والے	1	2	bare
wn_b97297b0	حاشِر	fa	گردآورانی را	1	3	bare
wn_42e2234d	مُلْقي	in	lemparkan	1	3	bare
wn_42e2234d	مُلْقي	fa	افکنندگانید / افکند گان	1	3	bare
wn_42e2234d	مُلْقي	fr	jeteurs / gens qui jettent	1	3	bare
wv_9d047930	سَحَرُ	en	bewitched	1	2	bare
wv_9d047930	سَحَرُ	bn	জাদু করলো	1	2	bare
wv_9d047930	سَحَرُ	hi	मसहूर किए जाते हो	1	2	bare
wv_9d047930	سَحَرُ	in	ditipu	1	2	bare
wv_9d047930	سَحَرُ	tr	büyülediler	1	2	bare
wv_9d047930	سَحَرُ	fa	جادو کردند	1	2	bare
wv_9d047930	سَحَرُ	fr	ont ensorcelé	1	2	bare
wv_309c4858	تَلْقَفُ	en	swallow	1	3	bare
wv_309c4858	تَلْقَفُ	bn	গ্রাস করবে / গিলে ফেলতে লাগলো	1	3	bare
wv_309c4858	تَلْقَفُ	tr	yutsun	1	3	bare
wv_309c4858	تَلْقَفُ	fa	فرومی برد	1	3	bare
wv_309c4858	تَلْقَفُ	fr	attrapera par la bouche	1	3	bare
wn_bfbfc7a0	مُنقَلِب	bn	প্রত্যাবর্তনকারী	1	2	bare
wn_bfbfc7a0	مُنقَلِب	ur	لوٹنے والے	1	2	bare
wn_bfbfc7a0	مُنقَلِب	in	dikembalikan	1	2	bare
wn_bfbfc7a0	مُنقَلِب	fa	بازگردندگانیم	1	2	bare
wv_a6df7b1a	اطَّيَّرْ	en	ascribe evil omens	1	3	bare
wv_a6df7b1a	اطَّيَّرْ	bn	অমঙ্গল ভাবছি	1	3	bare
wv_a6df7b1a	اطَّيَّرْ	hi	वो बदशगूनी लेते	1	3	bare
wv_a6df7b1a	اطَّيَّرْ	in	sial/celaka	1	3	bare
wn_a802d027	دَكّ	en	pounded	1	3	bare
wn_a802d027	دَكّ	ur	خوب ریزہ	1	3	bare
wn_a802d027	دَكّ	hi	रेज़ा-रेज़ा	1	3	bare
wn_a802d027	دَكّ	fa	خرد	1	3	bare
wv_6f83de13	يُلْحِدُ	en	refer	1	3	bare
wv_6f83de13	يُلْحِدُ	bn	বিকৃত করে	1	3	bare
wv_6f83de13	يُلْحِدُ	hi	इल्हाद करते हैं	1	3	bare
wv_6f83de13	يُلْحِدُ	in	ingkar	1	3	bare
wv_6f83de13	يُلْحِدُ	tr	eğriliğe sapan	1	2	bare
wn_198324eb	مَتِين	ur	زبردست	1	3	bare
wn_a0eef103	هادِي	bn	পথপ্রদর্শক	1	2	bare
wn_a0eef103	هادِي	in	petunjuk/pemimpin	1	2	bare
wn_a0eef103	هادِي	tr	yol gösteren	1	2	bare
wn_a0eef103	هادِي	fa	که رهمنا	1	2	bare
wn_25c216a8	مُرْسَى	en	arrival	1	2	pronoun
wn_25c216a8	مُرْسَى	bn	তা ঘটবে	2	2	pronoun
wn_25c216a8	مُرْسَى	ur	ٹھہرنا	2	2	pronoun
wn_25c216a8	مُرْسَى	hi	ठहरना	1	2	pronoun
wn_25c216a8	مُرْسَى	in	terjadi	1	2	pronoun
wn_25c216a8	مُرْسَى	tr	demir atacak	1	2	pronoun
wn_25c216a8	مُرْسَى	fa	وقوع	1	2	pronoun
wn_25c216a8	مُرْسَى	fr	temps d’établissement	2	2	pronoun
wv_576063fe	وَجِلَتْ	ur	ڈرو / ڈر جاتے ہیں	1	3	bare
wv_576063fe	وَجِلَتْ	in	bergetar	1	3	bare
wv_576063fe	وَجِلَتْ	tr	titrer	1	2	bare
wv_576063fe	وَجِلَتْ	fa	بترسد	1	2	bare
wv_8f9cba89	غَشَّىٰ	tr	sizi bürüyordu	1	1	pronoun
wv_22d53a88	رَبَطْ	en	strengthened	1	2	bare
wv_22d53a88	رَبَطْ	bn	দৃঢ় করতাম	1	2	bare
wv_22d53a88	رَبَطْ	ur	باندھ دیتے	1	2	bare
wv_22d53a88	رَبَطْ	in	teguhkan	1	2	bare
wv_22d53a88	رَبَطْ	fa	نمی ساختیم	1	2	bare
wv_1855cec7	حَالَ	en	came	1	2	bare-3ms
wv_1855cec7	حَالَ	bn	অন্তরাল করা হবে	1	2	bare-3ms
wv_1855cec7	حَالَ	ur	حائل ہوگئی	1	2	bare-3ms
wv_1855cec7	حَالَ	hi	हाइल हो गई	1	2	bare-3ms
wv_1855cec7	حَالَ	in	dihalangi	1	2	bare-3ms
wv_1855cec7	حَالَ	tr	perde çekildi	1	2	bare-3ms
wv_1855cec7	حَالَ	fa	حائل شد	1	2	bare-3ms
wv_1855cec7	حَالَ	fr	ont séparé	1	2	bare-3ms
wv_26281ebf	يَتَخَطَّفَ	en	would be swept	1	2	bare
wv_26281ebf	يَتَخَطَّفَ	bn	অথচ হামলা করা হয়	1	2	bare
wv_26281ebf	يَتَخَطَّفَ	ur	اچک لیے جائیں گے	1	2	bare
wv_26281ebf	يَتَخَطَّفَ	hi	उचक लिए जाऐंगे	1	2	bare
wv_26281ebf	يَتَخَطَّفَ	in	rampok-merampok	1	2	bare
wv_26281ebf	يَتَخَطَّفَ	tr	atılırız	1	2	bare
wv_26281ebf	يَتَخَطَّفَ	fa	ربوده می شویم	1	2	bare
wv_26281ebf	يَتَخَطَّفَ	fr	serions saisis avec force	1	2	bare
wv_23ff893c	يُرْضُ	en	satisfy	1	2	pronoun
wv_23ff893c	يُرْضُ	bn	খুশী করে	1	2	pronoun
wv_23ff893c	يُرْضُ	ur	راضی کریں اس کو	1	2	pronoun
wv_23ff893c	يُرْضُ	hi	वो राज़ी करते	1	2	pronoun
wv_23ff893c	يُرْضُ	in	menyenangkan	1	2	pronoun
wv_23ff893c	يُرْضُ	tr	sizi razı ederler	1	1	pronoun
wv_23ff893c	يُرْضُ	fa	خشنود می سازند	1	1	pronoun
wv_23ff893c	يُرْضُ	fr	satisfont	1	2	pronoun
wn_f2ff89fa	أَعْظَم	bn	শ্রেস্ততর	1	2	bare
wn_f2ff89fa	أَعْظَم	in	lebih tinggi	1	2	bare
wn_f2ff89fa	أَعْظَم	fa	بلند	1	2	bare
wn_20c9797c	عَشِيرَت	en	kindred	2	2	pronoun
wn_20c9797c	عَشِيرَت	bn	জাতি-গোত্র	1	2	pronoun
wn_20c9797c	عَشِيرَت	ur	خاندان کو،	1	2	pronoun
wn_20c9797c	عَشِيرَت	hi	क़बीला	1	2	pronoun
wn_20c9797c	عَشِيرَت	in	keluarga	1	2	pronoun
wn_20c9797c	عَشِيرَت	tr	akrabanı	1	2	pronoun
wn_20c9797c	عَشِيرَت	fa	قبیلۂ	1	2	pronoun
wn_20c9797c	عَشِيرَت	fr	apparentés eux	1	2	pronoun
wn_9820c151	أَحَبّ	en	dearer / more beloved	1	3	bare
wn_9820c151	أَحَبّ	in	lebih dicintai	1	3	bare
wv_d112c0a3	كَنَزْ	bn	জমা করতে	1	3	bare
wv_d112c0a3	كَنَزْ	ur	سمیٹتے۔ جمع کرتے	1	3	bare
wv_d112c0a3	كَنَزْ	tr	yığan	1	3	bare
wv_d112c0a3	كَنَزْ	fr	amassent	1	3	bare
wn_6b513043	عُلْيا	fa	بلندرا	1	3	bare
wn_f42a8588	مُتَرَبِّص	tr	gözetenleriz	1	2	bare
wn_f42a8588	مُتَرَبِّص	fr	gens qui attendent	1	3	bare
wv_ef8abcb4	زَهَقَ	en	perished	1	3	bare
wv_ef8abcb4	زَهَقَ	bn	চলে যায়	1	3	bare
wv_ef8abcb4	زَهَقَ	in	melayanglah	1	3	bare
wv_ef8abcb4	زَهَقَ	fa	برآید	1	3	bare
wn_713ea37b	مَلْجَإ	in	tempat lari	1	3	bare
wn_713ea37b	مَلْجَإ	tr	çare	1	3	bare
wv_1ecc0d34	يَلْمِزُ	en	insult	1	2	bare
wv_1ecc0d34	يَلْمِزُ	bn	দোষারোপ করে	1	2	bare
wv_1ecc0d34	يَلْمِزُ	ur	عیب لگاؤ	1	2	bare
wv_1ecc0d34	يَلْمِزُ	hi	ऐब लगाओ	1	2	bare
wv_1ecc0d34	يَلْمِزُ	tr	çekiştiren	1	2	bare
wv_1ecc0d34	يَلْمِزُ	fr	critiquez	1	2	bare
wn_069b0d94	راغِب	en	turn devoutly	1	2	bare
wn_069b0d94	راغِب	bn	অনুরক্ত	1	2	bare
wn_069b0d94	راغِب	in	orang-orang yang berharap	1	2	bare
wn_069b0d94	راغِب	tr	arzulayanlarız	1	2	bare
wn_069b0d94	راغِب	fa	راغبیم	1	2	bare
wn_2e79a3af	مُؤْتَفِكَة	bn	বিধ্বস্ত নগরের	1	3	conj
wn_2e79a3af	مُؤْتَفِكَة	ur	وہ بستیاں	1	3	conj
wn_2e79a3af	مُؤْتَفِكَة	hi	उलट जानो वाली बस्तियाँ	1	3	conj
wn_2e79a3af	مُؤْتَفِكَة	in	Mu'tafikah	1	3	conj
wn_2e79a3af	مُؤْتَفِكَة	tr	yerlebir olanların	1	3	conj
wn_2e79a3af	مُؤْتَفِكَة	fa	شهر های واژگون شدۂ	1	2	conj
wn_2cb28b37	نِفاق	bn	কপটতার	1	2	bare
wn_2cb28b37	نِفاق	ur	نفاق کی	1	2	bare
wn_2cb28b37	نِفاق	hi	निफ़ाक़	1	2	bare
wn_b6f250f2	حَرّ	hi	गर्मी से	1	3	bare
wn_b6f250f2	حَرّ	tr	sıcaktır	1	2	bare
wn_be0e4ea2	حَزَن	bn	দুঃখে	1	2	bare
wn_be0e4ea2	حَزَن	ur	غم سے	1	2	bare
wn_be0e4ea2	حَزَن	in	sedih	1	2	bare
wn_be0e4ea2	حَزَن	tr	tasayı	1	2	bare
wn_be0e4ea2	حَزَن	fa	غم را	1	2	bare
wn_e481b098	أَخْبار	en	news	2	3	pronoun
wn_e481b098	أَخْبار	bn	সংবাদ	1	3	pronoun
wn_e481b098	أَخْبار	ur	خبروں	2	3	pronoun
wn_e481b098	أَخْبار	hi	ख़बरें	2	3	pronoun
wn_e481b098	أَخْبار	in	berita	1	3	pronoun
wn_e481b098	أَخْبار	tr	haberlerini	1	2	pronoun
wn_e481b098	أَخْبار	fa	خبرهای	1	3	pronoun
wn_e481b098	أَخْبار	fr	informations	3	3	pronoun
wv_a8cf696e	اعْتَرَفُ	bn	স্বীকার করেছে	1	3	bare
wv_a8cf696e	اعْتَرَفُ	ur	اعتراف کرلیں گے	1	3	bare
wv_a8cf696e	اعْتَرَفُ	hi	वो ऐतराफ़ करेंगे	1	3	bare
wv_a8cf696e	اعْتَرَفُ	fa	اقرار کنند	1	3	bare
wv_a8cf696e	اعْتَرَفُ	fr	ont reconnu	1	3	bare
wv_3a5b29c6	أَسَّسَ	fr	fondée / a fondé	1	3	bare-3ms
wv_10cffc10	يَغِيظُ	en	enrages	1	2	bare
wv_10cffc10	يَغِيظُ	ur	غصہ دلاتا	1	2	bare
wv_10cffc10	يَغِيظُ	hi	जो ग़ुस्सा दिलाए	1	2	bare
wv_10cffc10	يَغِيظُ	in	menerbitkan marah	1	2	bare
wv_10cffc10	يَغِيظُ	tr	öfkelendiği	1	2	bare
wn_eaeb9fad	عاصِم	tr	kurtulacak	1	2	bare
wn_eaeb9fad	عاصِم	fa	نگهدارنده ای	1	2	bare
wn_b678de45	رادّ	fa	باز گردانندۂ اوییم	1	1	pronoun
wv_1076f117	خَاطَبَ	en	address	3	3	pronoun
wv_1076f117	خَاطَبَ	bn	কিছু বলো	1	3	pronoun
wv_1076f117	خَاطَبَ	ur	مخاطب ہونا مجھ	1	1	pronoun
wv_1076f117	خَاطَبَ	hi	बात करना मुझसे	1	3	pronoun
wv_1076f117	خَاطَبَ	in	mengajak omong-omong / bicarakan dengan A	1	3	pronoun
wv_1076f117	خَاطَبَ	tr	bana yalvarma	1	2	pronoun
wv_1076f117	خَاطَبَ	fa	خطاب کنند	1	1	pronoun
wv_1076f117	خَاطَبَ	fr	discute Moi	2	3	pronoun
wv_d1f7877d	فَارَ	en	overflowed	1	2	bare-3ms
wv_d1f7877d	فَارَ	bn	উথলে উঠলো	1	2	bare-3ms
wv_d1f7877d	فَارَ	ur	ابل پڑے	1	2	bare-3ms
wv_d1f7877d	فَارَ	hi	जोश मारा	1	2	bare-3ms
wv_d1f7877d	فَارَ	in	memancar air	1	2	bare-3ms
wv_d1f7877d	فَارَ	tr	kaynayınca	1	2	bare-3ms
wv_d1f7877d	فَارَ	fa	جوشید	1	2	bare-3ms
wv_d1f7877d	فَارَ	fr	a débordé	1	2	bare-3ms
wv_de4ee332	أَوْجَسَ	bn	অনুভব করলো	1	3	bare-3ms
wv_de4ee332	أَوْجَسَ	tr	içine düştü	1	3	bare-3ms
wv_de4ee332	أَوْجَسَ	fa	دریافت / احساس کرد	1	3	bare-3ms
wv_de4ee332	أَوْجَسَ	fr	a ressenti	1	3	bare-3ms
wn_988846f7	ذَرْع	bn	শক্তিতে	1	2	bare
wn_988846f7	ذَرْع	in	dada	1	2	bare
wn_988846f7	ذَرْع	tr	sıkıntı	1	2	bare
wn_d5c80df3	رَشِيد	bn	সবোধ	1	2	bare
wn_d5c80df3	رَشِيد	ur	سمجھ دار	1	2	bare
wn_d5c80df3	رَشِيد	tr	akıllı	1	2	bare
wn_d5c80df3	رَشِيد	fr	bon	1	2	bare
wn_e3dd9442	سافِل	ur	نچلا حصہ	2	2	pronoun
wn_355f1af6	أَعَزّ	en	mightier	1	2	bare
wn_355f1af6	أَعَزّ	bn	অধিক সম্মানিত	1	2	bare
wn_355f1af6	أَعَزّ	hi	ज़्यादा ज़ोर वाला	1	2	bare
wn_355f1af6	أَعَزّ	in	lebih terhormat	1	2	bare
wn_355f1af6	أَعَزّ	tr	üstün olan	1	2	bare
wn_355f1af6	أَعَزّ	fa	توانمند ترند	1	2	bare
wn_355f1af6	أَعَزّ	fr	plus honorable	1	2	bare
wn_9e503dc2	مَشْهُود	bn	সবার উপস্হিতির	1	2	bare
wn_9e503dc2	مَشْهُود	hi	हाज़िरी का	1	2	bare
wn_9e503dc2	مَشْهُود	fa	مورد مشاهدۂ	1	2	bare
wn_9e503dc2	مَشْهُود	fr	témoigné	1	2	bare
wn_c49ea951	زَفِير	hi	चिल्लाना होगा	1	2	bare
wn_c49ea951	زَفِير	in	menarik nafas	1	2	bare
wn_c49ea951	زَفِير	tr	inleme	1	2	bare
wn_c49ea951	زَفِير	fa	فریاد سخت	1	2	bare
wv_b033c68c	أُتْرِفُ	en	were given luxury	1	2	bare
wv_b033c68c	أُتْرِفُ	bn	তোমাদের সম্ভোগ দেয়া হয়েছিলো	1	2	bare
wv_b033c68c	أُتْرِفُ	ur	دولت دیے گئے	1	2	bare
wv_b033c68c	أُتْرِفُ	in	bersenang-senang	1	2	bare
wv_b033c68c	أُتْرِفُ	fa	کامرانی یافتند	1	2	bare
wv_b033c68c	أُتْرِفُ	fr	ont reçu du confort	1	2	bare
wn_02883b7d	فَتَى	en	slave boy	1	1	pronoun
wn_02883b7d	فَتَى	bn	যুবক -কে	1	1	pronoun
wn_02883b7d	فَتَى	ur	اس کو	1	1	pronoun
wn_02883b7d	فَتَى	hi	ग़ुलाम को	1	1	pronoun
wn_02883b7d	فَتَى	in	bujang	1	1	pronoun
wn_02883b7d	فَتَى	tr	uşağının	1	1	pronoun
wn_02883b7d	فَتَى	fa	از وجود غلام	1	1	pronoun
wn_02883b7d	فَتَى	fr	esclave	1	1	pronoun
wn_ab374664	ضِغْث	en	bunch	1	3	bare
wn_ab374664	ضِغْث	bn	অলীক	1	3	bare
wn_ab374664	ضِغْث	ur	پریشان	1	3	bare
wn_ab374664	ضِغْث	in	kacau balau	1	3	bare
wn_ab374664	ضِغْث	fa	پریشان	1	3	bare
wn_6401de83	مُنكِر	en	rejecters	1	3	bare
wn_6401de83	مُنكِر	bn	অপরিচিত-অজ্ঞাত	1	3	bare
wn_6401de83	مُنكِر	hi	इन्कारी	1	3	bare
wn_6401de83	مُنكِر	in	tidak mengenal	1	3	bare
wn_6401de83	مُنكِر	fa	منکرید	1	3	bare
wn_6401de83	مُنكِر	fr	ignorants / gens qui rejettent	1	3	bare
wn_e07fc790	فِتْيَة	ur	چند نوجوان تھے	1	2	bare
wn_e07fc790	فِتْيَة	hi	चंद नौजवान थे	1	2	bare
wn_e07fc790	فِتْيَة	tr	gençlerdi	1	2	bare
wn_e07fc790	فِتْيَة	fa	جوانان	1	2	bare
wn_7ccb2c9d	مَوْثِق	ur	پکا وعدہ	1	2	bare
wn_7ccb2c9d	مَوْثِق	tr	kesin söz	1	2	bare
wn_60e22919	حاجَة	ur	حاجت کو	1	3	bare
wn_60e22919	حاجَة	hi	हाजत को	1	3	bare
wn_60e22919	حاجَة	tr	dileği	1	3	bare
wn_60e22919	حاجَة	fa	احساس نیازی	1	3	bare
wn_82c63fd1	عِير	ur	قافلہ	1	2	bare
wn_82c63fd1	عِير	hi	क़फ़िला	1	2	bare
wn_0840c460	حِمْل	tr	yüktür	1	2	bare
wv_eacfe7d9	أَبْرَحَ	bn	থামবো	1	3	bare
wv_eacfe7d9	أَبْرَحَ	hi	टलूँगा	1	3	bare
wv_eacfe7d9	أَبْرَحَ	in	berhenti	1	3	bare
wv_eacfe7d9	أَبْرَحَ	tr	ayrılmayacağım	1	2	bare
wn_1f293aca	كَظِيم	en	suppressor	1	3	bare
wn_1f293aca	كَظِيم	bn	বিষাদপূর্ণ	1	3	bare
wn_1f293aca	كَظِيم	ur	سخت غمگین تھے	1	2	bare
wn_1f293aca	كَظِيم	hi	सख़्त ग़मगीन होता	1	3	bare
wn_1f293aca	كَظِيم	tr	yutkunuyordu	1	3	bare
wn_1f293aca	كَظِيم	fa	فرو خورندۂ خشم	1	3	bare
wn_6b1b8900	قَدِيم	bn	পুরনো	1	3	bare
wn_6b1b8900	قَدِيم	ur	پرانے	1	3	bare
wn_6b1b8900	قَدِيم	hi	पुरानी	1	3	bare
wn_6b1b8900	قَدِيم	in	tua	1	3	bare
wn_6b1b8900	قَدِيم	fa	کهن	1	3	bare
wn_6b1b8900	قَدِيم	fr	vieux	1	3	bare
wn_244aca4b	عَمَد	bn	স্তম্ভসমূহের / কোন খুঁটি	1	3	bare
wn_911e86bc	مِقْدار	en	measure	2	2	pronoun
wn_911e86bc	مِقْدار	bn	পরিমাপ	1	2	pronoun
wn_911e86bc	مِقْدار	ur	مقدار	2	2	pronoun
wn_911e86bc	مِقْدار	hi	हिसाब/अंदाज़ा	1	2	pronoun
wn_911e86bc	مِقْدار	in	ukuran	2	2	pronoun
wn_911e86bc	مِقْدار	tr	miktarı	1	1	pronoun
wn_911e86bc	مِقْدار	fa	مقدار	1	1	pronoun
wn_911e86bc	مِقْدار	fr	mesure	2	2	pronoun
wn_bd1d368a	واق	tr	koruyan	1	3	bare
wn_bd1d368a	واق	fa	نگهدارنده ای	1	3	bare
wv_dec83ad9	يُنكِرُ	bn	অস্বীকার করে	1	2	bare
wv_dec83ad9	يُنكِرُ	ur	انکار کرو گے	1	2	bare
wv_dec83ad9	يُنكِرُ	hi	इन्कार करोगे	1	2	bare
wv_dec83ad9	يُنكِرُ	in	ingkari	1	2	bare
wv_dec83ad9	يُنكِرُ	tr	inkar eden	1	2	bare
wv_dec83ad9	يُنكِرُ	fa	انکار می کند	1	2	bare
wv_dec83ad9	يُنكِرُ	fr	rejette	1	2	bare
wv_8b4f9369	مَحَوْ	en	erased	1	3	bare
wv_8b4f9369	مَحَوْ	bn	মুছে দেন	1	3	bare
wv_8b4f9369	مَحَوْ	ur	مٹاتا ہے	1	3	bare
wv_8b4f9369	مَحَوْ	hi	मिटाता है	1	3	bare
wv_8b4f9369	مَحَوْ	tr	siler	1	3	bare
wv_8b4f9369	مَحَوْ	fa	محوکردیم / نابود می سازد	1	3	bare
wn_6cf5e388	أَصْل	tr	kökü	1	2	pronoun
wn_b556ee23	مُهْطِع	en	hasten / racing ahead	1	3	bare
wn_b556ee23	مُهْطِع	bn	দৌড়ে আসছে	1	3	bare
wn_b556ee23	مُهْطِع	ur	دوڑنے والے	1	2	bare
wn_b556ee23	مُهْطِع	hi	दौड़ते होंगे	1	3	bare
wn_b556ee23	مُهْطِع	in	bersegera	1	3	bare
wn_b556ee23	مُهْطِع	fa	شتابان اند	1	3	bare
wv_6b4f6a7c	زالَ	ur	ٹل جائیں گے	1	2	bare
wv_6b4f6a7c	زالَ	in	tidak lenyap	1	2	bare
wv_6b4f6a7c	زالَ	fr	cessent	1	2	bare
wn_b576fbd3	مُقَرَّن	bn	আবদ্ধ	1	3	bare
wn_b576fbd3	مُقَرَّن	in	terikat	1	3	bare
wn_b576fbd3	مُقَرَّن	tr	bağlı olarak	1	3	bare
wn_f5d4408b	سَمُوم	bn	উষ্ণবাতাস	1	3	bare
wn_f5d4408b	سَمُوم	ur	لُو کے	1	3	bare
wn_f5d4408b	سَمُوم	hi	आग की लपट से	1	3	bare
wn_f5d4408b	سَمُوم	tr	nüfuz eden	1	3	bare
wv_683160d0	اخْفِضْ	bn	নত করবে	1	3	bare
wv_683160d0	اخْفِضْ	ur	جھکا لے	1	3	bare
wv_683160d0	اخْفِضْ	hi	झुका लीजिए	1	3	bare
wv_daf511b4	تَمِيدَ	bn	ঢলে যায়	1	3	bare
wv_daf511b4	تَمِيدَ	ur	ہل جائے گی	1	2	bare
wv_9c8115e9	يَجْأَرُ	bn	চিৎকার করো	1	3	bare
wv_9c8115e9	يَجْأَرُ	ur	ڈکارو۔ چلاؤ	1	2	bare
wv_9c8115e9	يَجْأَرُ	hi	फ़रयाद करते हो	1	3	bare
wv_9c8115e9	يَجْأَرُ	tr	yalvarırsınız	1	2	bare
wv_9c8115e9	يَجْأَرُ	fa	می نالید	1	2	bare
wv_a766fb0e	ٱسْتَخَفَّ	fr	trouvez légères	1	1	pronoun
wn_e8f2ef73	إِيتاء	bn	দান করার	1	3	conj
wn_e8f2ef73	إِيتاء	ur	دینے کا	1	3	conj
wn_e8f2ef73	إِيتاء	hi	देने का	1	3	conj
wn_e8f2ef73	إِيتاء	in	menunaikan	1	3	conj
wn_3759d40f	أَعْجَمِيّ	bn	অ-আরবি	1	2	bare
wn_3759d40f	أَعْجَمِيّ	in	bahasa ajam	1	2	bare
wn_3759d40f	أَعْجَمِيّ	tr	a'cemi	1	2	bare
wn_3759d40f	أَعْجَمِيّ	fa	عجمی	1	2	bare
wn_0a9e7203	أَقْصا	bn	আকসা	1	3	bare
wn_0a9e7203	أَقْصا	ur	اقصی کی	1	3	bare
wn_0a9e7203	أَقْصا	hi	परले किनारे से	1	3	bare
wn_0a9e7203	أَقْصا	fr	Al-Aqṣâ / plus loin	1	3	bare
wn_d09b6caf	عاجِلَة	ur	جلد ملنے والی سے	1	3	bare
wn_d09b6caf	عاجِلَة	hi	जल्द मिलने वाली को	1	3	bare
wn_d09b6caf	عاجِلَة	tr	acele olanı	1	3	bare
wn_d09b6caf	عاجِلَة	fa	دنیای زودگذر را	1	3	bare
wn_1892b637	مَذْمُوم	tr	kınananrak / kınanmış olarak	1	3	bare
wn_1892b637	مَذْمُوم	fa	نکوهیدۂ	1	2	bare
wn_7a4fd590	ذُلّ	en	humility	1	3	bare
wn_7a4fd590	ذُلّ	bn	বিনয়ের	1	3	bare
wn_7a4fd590	ذُلّ	ur	کمزوری	1	3	bare
wn_7a4fd590	ذُلّ	hi	आजिज़ी के	1	3	bare
wn_7a4fd590	ذُلّ	in	kehinaan	1	3	bare
wn_7a4fd590	ذُلّ	fa	ذلّت	1	3	bare
wv_2aedc811	وَزَنُ	hi	तोलो	1	2	bare
wn_d4ead2e3	تَحْوِيل	en	transfer / any alteration	1	3	bare
wn_d4ead2e3	تَحْوِيل	ur	بدلنے کے	1	3	bare
wn_d4ead2e3	تَحْوِيل	hi	बदलने के	1	3	bare
wn_d4ead2e3	تَحْوِيل	in	perobahan	1	3	bare
wn_d4ead2e3	تَحْوِيل	tr	sapma	1	3	bare
wn_d4ead2e3	تَحْوِيل	fa	هیچ تغییری را	1	2	bare
wn_4cd0c2a9	خَسار	ur	خسارہ / خسارے میں	1	3	bare
wn_6b0fffbf	كُفُور	ur	انکار کرنا	1	3	bare
wv_95d3af4c	تُسْقِطَ	bn	ফেলে দাও	1	3	bare
wv_95d3af4c	تُسْقِطَ	ur	گرائے	1	3	bare
wv_95d3af4c	تُسْقِطَ	hi	गिराओ	1	3	bare
wv_95d3af4c	تُسْقِطَ	tr	düşürürüz	1	3	bare
wv_95d3af4c	تُسْقِطَ	fr	fasses tomber	1	3	bare
wn_f093e49d	مُهْتَد	ur	ہدایت یافتہ / ہدایت پانے والا	1	3	bare
wn_f093e49d	مُهْتَد	tr	yolu bulmuştur	1	3	bare
wv_4bb1584a	نُشِرَتْ	en	spreads	1	3	bare
wv_4bb1584a	نُشِرَتْ	bn	উন্মোচিত হবে	1	3	bare
wv_4bb1584a	نُشِرَتْ	ur	پھیلا دیتا ہے	1	3	bare
wv_4bb1584a	نُشِرَتْ	hi	वो फैला देगा	1	3	bare
wv_4bb1584a	نُشِرَتْ	in	menyebarkan	1	3	bare
wv_4bb1584a	نُشِرَتْ	tr	yayan	1	3	bare
wv_4bb1584a	نُشِرَتْ	fa	گشوده شوند	1	3	bare
wv_4bb1584a	نُشِرَتْ	fr	répand	1	3	bare
wn_c5fed315	نَفَر	en	men	1	3	bare
wn_c5fed315	نَفَر	bn	জনশক্তিতে	1	3	bare
wn_c5fed315	نَفَر	in	sekumpulan	1	3	bare
wn_b161beb0	مُضِلّ	en	misleader	1	3	bare
wn_b161beb0	مُضِلّ	ur	بھٹکانے والا	1	3	bare
wn_b161beb0	مُضِلّ	hi	कोई भटकाने वाला	1	3	bare
wn_b161beb0	مُضِلّ	tr	şaşırtan	1	3	bare
wn_b161beb0	مُضِلّ	fa	گمراه کنندۂ	1	3	bare
wv_0cf44154	يُحْدِثُ	en	present	1	3	bare
wv_0cf44154	يُحْدِثُ	bn	বলি / সৃষ্টি করবে	1	3	bare
wv_0cf44154	يُحْدِثُ	hi	बयान करूँ / वो पैदा कर दे	1	3	bare
wv_0cf44154	يُحْدِثُ	in	ceritakan	1	3	bare
wv_0cf44154	يُحْدِثُ	tr	yaptırır	1	3	bare
wv_0cf44154	يُحْدِثُ	fa	پدید آورد	1	3	bare
wv_6b8fdb20	يُرْهِقَ	en	be hard	1	2	pronoun
wv_6b8fdb20	يُرْهِقَ	bn	উপর আরোপ করবেন	1	2	pronoun
wv_6b8fdb20	يُرْهِقَ	ur	آپ مجھ پر چھا جائیے	1	2	pronoun
wv_6b8fdb20	يُرْهِقَ	hi	छा जा मुझपर	1	2	pronoun
wv_6b8fdb20	يُرْهِقَ	in	membebani a	1	2	pronoun
wv_6b8fdb20	يُرْهِقَ	tr	bana çıkarma	1	1	pronoun
wv_6b8fdb20	يُرْهِقَ	fa	وا دارد	1	2	pronoun
wv_6b8fdb20	يُرْهِقَ	fr	place moi	1	2	pronoun
wn_00f092d4	نُكْر	bn	কঠিন	1	3	bare
wn_00f092d4	نُكْر	hi	सख़्त	1	3	bare
wn_00f092d4	نُكْر	in	mungkar	1	3	bare
wn_00f092d4	نُكْر	tr	çirkin	1	3	bare
wn_f99a2e57	هَيِّن	hi	मामूली / बहुत आसान	1	3	bare
wn_189a6812	أَيْمَن	hi	दाऐं	1	3	bare
wv_299345ec	اصْطَبِرْ	en	be patient	1	3	bare
wv_299345ec	اصْطَبِرْ	bn	দৃঢ় থাকো	1	3	bare
wv_299345ec	اصْطَبِرْ	hi	सब्र करो	1	3	bare
wv_299345ec	اصْطَبِرْ	in	bersabarlah	1	3	bare
wn_f12acd32	فَرْد	in	sendirian / seorang diri	1	3	bare
wn_004fd8df	شَتَّى	en	diverse	1	2	bare
wn_004fd8df	شَتَّى	bn	বিভিন্ন	1	2	bare
wn_004fd8df	شَتَّى	hi	मुख़्तलिफ़	1	2	bare
wn_004fd8df	شَتَّى	in	pecah-belah	1	2	bare
wn_004fd8df	شَتَّى	tr	dağınıktır	1	2	bare
wn_004fd8df	شَتَّى	fa	گوناگون	1	2	bare
wv_b71fa998	طَالَ	en	grew long	1	2	bare-3ms
wv_b71fa998	طَالَ	bn	অতিবাহিত হল	1	2	bare-3ms
wv_b71fa998	طَالَ	hi	लम्बी होगई	1	2	bare-3ms
wv_b71fa998	طَالَ	tr	geçen	1	2	bare-3ms
wv_b71fa998	طَالَ	fa	دراز شد	1	2	bare-3ms
wv_b71fa998	طَالَ	fr	soient devenues longues	1	2	bare-3ms
wv_deb41341	بَصُرَتْ	en	watched	1	3	bare
wv_deb41341	بَصُرَتْ	hi	देखा मैंने	1	3	bare
wv_deb41341	بَصُرَتْ	tr	ben gördüm	1	2	bare
wv_deb41341	بَصُرَتْ	fr	voyaient	1	3	bare
wv_9bbf533c	حَرِّقُ	en	burn	2	2	pronoun
wv_9bbf533c	حَرِّقُ	bn	পুড়িয়ে ফেলো	1	2	pronoun
wv_9bbf533c	حَرِّقُ	ur	جلا ڈالو اس کو	2	2	pronoun
wv_9bbf533c	حَرِّقُ	hi	जला डालो	2	2	pronoun
wv_9bbf533c	حَرِّقُ	in	bakarlah	2	2	pronoun
wv_9bbf533c	حَرِّقُ	tr	onu yakın	2	2	pronoun
wv_9bbf533c	حَرِّقُ	fa	بسوزانید	2	2	pronoun
wv_9bbf533c	حَرِّقُ	fr	brûlez-le	2	2	pronoun
wv_dc4f21d4	غَوَىٰ	bn	বিভ্রান্ত হলো	1	2	bare-3ms
wv_dc4f21d4	غَوَىٰ	ur	بہکا	1	2	bare-3ms
wv_dc4f21d4	غَوَىٰ	hi	वो बहका	1	2	bare-3ms
wv_dc4f21d4	غَوَىٰ	in	keliru/sesat	1	2	bare-3ms
wv_dc4f21d4	غَوَىٰ	tr	azmadı	1	2	bare-3ms
wv_9ecdb5cb	يَرْكُضُ	en	Strike	1	3	bare
wv_9ecdb5cb	يَرْكُضُ	bn	পালাবে	1	3	bare
wv_9ecdb5cb	يَرْكُضُ	ur	دوڑو	1	3	bare
wv_9ecdb5cb	يَرْكُضُ	hi	मार	1	3	bare
wv_9ecdb5cb	يَرْكُضُ	in	hentakkanlah / lari tergesa-gesa	1	3	bare
wv_9ecdb5cb	يَرْكُضُ	tr	vur	1	2	bare
wv_9ecdb5cb	يَرْكُضُ	fa	بکوب	1	2	bare
wv_9ecdb5cb	يَرْكُضُ	fr	Frappe	1	3	bare
wn_a46ff1ba	لاعِب	bn	খেলাচ্ছলে	1	3	bare
wn_a46ff1ba	لاعِب	ur	کھیلنے والے	1	2	bare
wn_a46ff1ba	لاعِب	tr	eğlence için	1	2	bare
wv_7959973a	أَنشَرَ	en	raise	1	3	bare
wv_7959973a	أَنشَرَ	bn	অতঃপর জীবিত করি	1	3	bare
wv_7959973a	أَنشَرَ	ur	زندہ کیا ہم نے	1	2	bare
wv_7959973a	أَنشَرَ	hi	वो ज़िन्दा करेंगे	1	3	bare
wv_7959973a	أَنشَرَ	in	hidupkan	1	3	bare
wv_7959973a	أَنشَرَ	tr	diriltecek	1	3	bare
wv_7959973a	أَنشَرَ	fa	برانگیزدش	1	3	bare
wv_7959973a	أَنشَرَ	fr	ressuscitent	1	3	bare
wv_2f28f132	ٱرْتَضَىٰ	en	approves / has approved	1	3	bare-3ms
wv_2f28f132	ٱرْتَضَىٰ	bn	রাজী হন	1	3	bare-3ms
wv_2f28f132	ٱرْتَضَىٰ	ur	پسند کرے	1	3	bare-3ms
wv_2f28f132	ٱرْتَضَىٰ	hi	वो पसंद करे	1	3	bare-3ms
wv_2f28f132	ٱرْتَضَىٰ	in	rida	1	3	bare-3ms
wv_2f28f132	ٱرْتَضَىٰ	fa	پسندیده است	1	3	bare-3ms
wn_e93e7faf	فَجّ	en	wide	1	3	bare
wn_e93e7faf	فَجّ	in	luas	1	3	bare
wn_6a9f3121	مُضْغَة	ur	بوٹی کو	1	3	bare
wn_6a9f3121	مُضْغَة	hi	बोटी को	1	3	bare
wn_6a9f3121	مُضْغَة	tr	çiğnemlik ete	1	2	bare
wn_6a9f3121	مُضْغَة	fa	پارۂ گوشتی	1	3	bare
wn_a79965c9	خَصْم	bn	বিবদমান লোকদের	1	3	bare
wn_a79965c9	خَصْم	ur	وہ گروہ	1	3	bare
wn_a79965c9	خَصْم	in	dua orang bermusuhan	1	3	bare
wn_a79965c9	خَصْم	tr	davacıların	1	3	bare
wn_a79965c9	خَصْم	fa	دشمنان یکدیگرند	1	3	bare
wn_a79965c9	خَصْم	fr	adversaires en dispute / deux adversaires de dispute	1	3	bare
wn_7927e34f	أَوْثان	tr	takım putlara	1	2	bare
wn_6ababd90	مُعاجِز	bn	ব্যর্থকারী হিসেবে	1	3	bare
wn_6ababd90	مُعاجِز	ur	عاجز کرنے والے بن کر	1	3	bare
wn_6ababd90	مُعاجِز	tr	aciz bırakmağa	1	3	bare
wv_51e19274	تَمَنَّىٰٓ	en	wishes	1	2	bare-3ms
wv_51e19274	تَمَنَّىٰٓ	bn	কামনা করে	1	2	bare-3ms
wv_51e19274	تَمَنَّىٰٓ	ur	تمنا کرے	1	2	bare-3ms
wv_51e19274	تَمَنَّىٰٓ	hi	उसने पढ़ा	1	2	bare-3ms
wv_51e19274	تَمَنَّىٰٓ	in	berangan-angan/membaca	1	2	bare-3ms
wv_51e19274	تَمَنَّىٰٓ	tr	arzu ettiği	1	2	bare-3ms
wv_51e19274	تَمَنَّىٰٓ	fa	آرزو کرد	1	2	bare-3ms
wv_51e19274	تَمَنَّىٰٓ	fr	souhaite	1	2	bare-3ms
wn_b1e62b03	غَمْرَة	en	flood	1	2	bare
wn_b1e62b03	غَمْرَة	bn	মূর্খতার	1	2	bare
wn_b1e62b03	غَمْرَة	ur	جو غفلت	1	2	bare
wn_b1e62b03	غَمْرَة	in	kesesatan	1	2	bare
wn_b1e62b03	غَمْرَة	tr	gaflet	1	2	bare
wn_b1e62b03	غَمْرَة	fa	غفلتی	1	2	bare
wn_53f424ff	بَرْزَخ	ur	برزخ / ایک پردہ	1	3	bare
wn_53f424ff	بَرْزَخ	hi	बरज़ख़	1	3	bare
wn_0d1fe205	نَسَب	bn	বংশগত সম্পর্ক	1	3	bare
wn_0d1fe205	نَسَب	ur	نسب والا	1	3	bare
wn_0d1fe205	نَسَب	hi	नसब	1	3	bare
wn_0d1fe205	نَسَب	in	keturunan	1	3	bare
wn_0d1fe205	نَسَب	fa	نسبی را	1	3	bare
wn_c4513408	زانِيَة	ur	زانیہ سے	1	2	bare
wn_c4513408	زانِيَة	hi	ज़ानिया औरत	1	2	bare
wn_c4513408	زانِيَة	tr	zina eden kadına	1	2	bare
wn_ce93103c	زان	ur	زانی	1	2	bare
wn_f3a0743a	جَيْب	en	bosom	2	3	pronoun
wn_f3a0743a	جَيْب	bn	বগলের	1	3	pronoun
wn_f3a0743a	جَيْب	ur	گریبان	3	3	pronoun
wn_f3a0743a	جَيْب	hi	गिरेबान में	2	3	pronoun
wn_f3a0743a	جَيْب	in	saku	2	3	pronoun
wn_f3a0743a	جَيْب	tr	yırtmaçlarının	1	1	pronoun
wn_f3a0743a	جَيْب	fa	گریبانت	2	3	pronoun
wn_f3a0743a	جَيْب	fr	décolletés	1	1	pronoun
wn_40ea0ae3	صافَّة	en	spreading	1	2	bare
wn_40ea0ae3	صافَّة	bn	ডানা মেলে চলছে	1	2	bare
wn_40ea0ae3	صافَّة	ur	صف بستہ	1	2	bare
wn_40ea0ae3	صافَّة	tr	sıra sıra	1	2	bare
wn_40ea0ae3	صافَّة	fa	بال گشوده	1	2	bare
wn_90cab594	فُرات	ur	شیریں / پیاس بجھانے والا	1	3	bare
wn_90cab594	فُرات	hi	मीठा	1	3	bare
wn_90cab594	فُرات	tr	tatlı	1	3	bare
wn_1d01250b	أُجاج	ur	کڑوا زہر	1	3	bare
wn_1d01250b	أُجاج	hi	कड़वा	1	3	bare
wn_1d01250b	أُجاج	in	asin	1	3	bare
wn_41c46567	قُرَّة	bn	শীতলতা	1	3	bare
wn_41c46567	قُرَّة	tr	sevinci	1	2	bare
wn_603d60cb	مَشْحُون	ur	بھری ہوئی	1	3	bare
wn_0a653b86	شِرْب	bn	পান করতে / পানি পান করার পালা	1	3	bare
wn_0a653b86	شِرْب	hi	पानी की बारी / पानी पीने की बारी	1	3	bare
wn_0a653b86	شِرْب	tr	içme	1	3	bare
wv_a12b068e	يُوزَعُ	ur	جمع کیے جائیں گے	1	2	bare
wv_a12b068e	يُوزَعُ	tr	sevk edilirler	1	3	bare
wv_a12b068e	يُوزَعُ	fa	بازداشته می شدند	1	3	bare
wn_2cb54625	مُسْتَقِرّ	en	placed	1	3	bare
wn_2cb54625	مُسْتَقِرّ	bn	বিরামহীন	1	3	bare
wn_2cb54625	مُسْتَقِرّ	ur	لکھا ہوا	1	3	bare
wn_2cb54625	مُسْتَقِرّ	hi	रखा हुआ	1	3	bare
wn_2cb54625	مُسْتَقِرّ	in	tetap	1	3	bare
wn_2cb54625	مُسْتَقِرّ	tr	kararlı	1	3	bare
wn_2cb54625	مُسْتَقِرّ	fa	پای برجا	1	3	bare
wn_2cb54625	مُسْتَقِرّ	fr	installé	1	3	bare
wn_223e94c9	قَوارِيرا	en	glass	1	3	bare
wn_223e94c9	قَوارِيرا	bn	কাঁঁচ	1	3	bare
wn_223e94c9	قَوارِيرا	tr	billur	1	2	bare
wn_790f602c	حَدائِق	bn	বাগানসমূহ	1	2	bare
wv_f16e65b3	فَزِعَ	en	was afraid	1	2	bare-3ms
wv_f16e65b3	فَزِعَ	bn	হবে ভীত-কম্পিত	1	2	bare-3ms
wv_f16e65b3	فَزِعَ	ur	گھبرا گیا	1	2	bare-3ms
wv_f16e65b3	فَزِعَ	hi	घबरा जाऐगा	1	2	bare-3ms
wv_f16e65b3	فَزِعَ	tr	korkmuştu	1	2	bare-3ms
wv_f16e65b3	فَزِعَ	fa	هر اسید	1	2	bare-3ms
wv_f16e65b3	فَزِعَ	fr	a alors été terrifié	1	2	bare-3ms
wv_b1b68e73	يُبْدِئُ	bn	অস্তিত্ব দেন	1	3	bare
wv_b1b68e73	يُبْدِئُ	tr	başlatıyor	1	3	bare
wn_19c69578	نَشْأَة	ur	اٹھانا	1	3	bare
wv_295ed7ee	تَنتَشِرُ	bn	চলে যাও	1	3	bare
wv_295ed7ee	تَنتَشِرُ	ur	پھیل جاؤ	1	3	bare
wv_295ed7ee	تَنتَشِرُ	hi	फैल जाओ	1	3	bare
wv_295ed7ee	تَنتَشِرُ	in	bertebaranlah/keluarlah	1	3	bare
wn_fbebe508	غَرُور	bn	প্রতারক	1	3	bare
wn_fbebe508	غَرُور	hi	बड़ा धोकेबाज़	1	3	bare
wn_fbebe508	غَرُور	fa	فریب دهنده	1	3	bare
wn_a92c223a	مُنتَقِم	in	menyiksa	1	3	bare
wn_a92c223a	مُنتَقِم	tr	öc alırız	1	3	bare
wv_7a3e99f1	أَفَآءَ	ur	لوٹایا	1	3	bare-3ms
wn_710cf89a	فاكِه	en	Enjoying	1	3	bare
wn_710cf89a	فاكِه	bn	আনন্দে	1	3	bare
wn_710cf89a	فاكِه	ur	خوش ہوں گے	1	3	bare
wn_710cf89a	فاكِه	hi	ऐश करने वाले	1	3	bare
wn_710cf89a	فاكِه	tr	eğlenirler	1	3	bare
wn_710cf89a	فاكِه	fa	سرخوشان	1	3	bare
wv_e97a0c27	يَدَّعُ	bn	চাইবে	1	3	bare
wv_e97a0c27	يَدَّعُ	ur	مانگو گے	1	3	bare
wv_e97a0c27	يَدَّعُ	hi	तलब करोगे	1	3	bare
wv_e97a0c27	يَدَّعُ	tr	çağırıyor	1	3	bare
wv_e97a0c27	يَدَّعُ	fa	می خواهند	1	3	bare
wv_e97a0c27	يَدَّعُ	fr	réclamez	1	3	bare
wn_a22f53cc	قاصِرَة	bn	আনত	1	3	bare
wn_a22f53cc	قاصِرَة	hi	झुकाने वालियाँ / नीची रखने वालियाँ	1	3	bare
wn_a22f53cc	قاصِرَة	in	pendek/menundukkan / tidak liar	1	3	bare
wn_bef1ebf4	زَقُّوم	hi	थूहर का	1	3	bare
wv_99e32227	رَاغَ	bn	চলে গেল	1	3	bare-3ms
wv_99e32227	رَاغَ	hi	वो गया	1	3	bare-3ms
wv_99e32227	رَاغَ	tr	gizlice gitti	1	3	bare-3ms
wv_99e32227	رَاغَ	fa	رفت	1	3	bare-3ms
wv_99e32227	رَاغَ	fr	s’est ensuite secrètement tourné	1	3	bare-3ms
wn_6bdc6fe8	أَوْتاد	bn	কীলকসমূহের	1	3	bare
wn_6bdc6fe8	أَوْتاد	ur	میخوں	1	3	bare
wn_6bdc6fe8	أَوْتاد	hi	मेख़ें	1	3	bare
wn_6bdc6fe8	أَوْتاد	in	pasak-pasak	1	3	bare
wn_06f9d9ff	خِطاب	bn	বাগ্মিতা	1	3	bare
wn_06f9d9ff	خِطاب	ur	بات/ خطاب	1	3	bare
wn_06f9d9ff	خِطاب	fa	گفتگو	1	2	bare
wn_8d72f300	أَتْراب	tr	hep yaşıt	1	3	bare
wn_e795c611	حُطام	fa	ریز ریز	1	2	bare
wn_3368a99e	سِلْسِلَة	en	chain	1	2	bare
wn_3368a99e	سِلْسِلَة	ur	ایک زنجیر	1	2	bare
wn_3368a99e	سِلْسِلَة	hi	ज़नजीरों को	1	2	bare
wn_3368a99e	سِلْسِلَة	fa	زنجیرها	1	2	bare
wn_3368a99e	سِلْسِلَة	fr	chaîne de métal	1	2	bare
wn_a186350f	صَرْصَر	bn	ঝড়ো	1	3	bare
wn_a186350f	صَرْصَر	hi	ठंडी यख़ / तुंद व तेज़	1	3	bare
wn_a186350f	صَرْصَر	in	sangat dingin	1	3	bare
wn_62d2ad95	جَوار	bn	চলমান	1	3	bare
wn_62d2ad95	جَوار	ur	جہاز	1	3	bare
wn_62d2ad95	جَوار	hi	जहाज़	1	3	bare
wn_62d2ad95	جَوار	tr	gemiler	1	3	bare
wn_ed36ef3b	بَطْش	fa	گیروگرفت	1	2	bare
wv_56df9987	يُلاقُ	bn	দেখা পায়	1	3	bare
wv_56df9987	يُلاقُ	ur	جاملیں	1	3	bare
wv_56df9987	يُلاقُ	fa	دیدارکنند	1	3	bare
wn_ae8fa543	رَجْع	en	return	1	2	bare
wn_ae8fa543	رَجْع	bn	বৃষ্টির	1	2	bare
wn_ae8fa543	رَجْع	ur	پلٹنے	1	2	bare
wn_ae8fa543	رَجْع	hi	पलटना	1	2	bare
wn_ae8fa543	رَجْع	in	air/hujan	1	2	bare
wn_c4a1e1c1	مُعْتَد	bn	সীমালংঘণকারী	1	3	bare
wn_c4a1e1c1	مُعْتَد	fa	متجاوز	1	3	bare
wn_42a6b2d1	جارِيَة	en	sailing	1	2	bare
wn_42a6b2d1	جارِيَة	bn	নৌযানের	1	2	bare
wn_42a6b2d1	جارِيَة	ur	کشتی	1	2	bare
wn_42a6b2d1	جارِيَة	hi	कश्ती में	1	2	bare
wn_42a6b2d1	جارِيَة	in	kapal	1	2	bare
wn_42a6b2d1	جارِيَة	fa	جاری	1	2	bare
wn_42a6b2d1	جارِيَة	fr	arche	1	2	bare
wn_55f9b7ca	مُنتَهَى	en	final goal	1	2	bare
wn_55f9b7ca	مُنتَهَى	bn	সমাপ্তি	1	2	bare
wn_55f9b7ca	مُنتَهَى	ur	المنتہی کے	1	2	bare
wn_55f9b7ca	مُنتَهَى	hi	इन्तिहा	1	2	bare
wn_55f9b7ca	مُنتَهَى	in	Muntaha	1	2	bare
wn_55f9b7ca	مُنتَهَى	tr	Müntehâ'nın	1	2	bare
wv_a3706687	يُمْنَى	bn	নির্গত	1	3	bare
wv_a3706687	يُمْنَى	ur	ٹپکایا جاتا ہے	1	3	bare
wv_a3706687	يُمْنَى	hi	वो टपकाया जाता है	1	3	bare
wv_a3706687	يُمْنَى	in	dipancarkan	1	3	bare
wv_a3706687	يُمْنَى	tr	dökülen	1	2	bare
wv_a3706687	يُمْنَى	fa	فرومی ریزید	1	3	bare
wv_a3706687	يُمْنَى	fr	éjaculez	1	3	bare
wn_43a6a8ef	عَصْف	en	husk	1	2	bare
wn_43a6a8ef	عَصْف	bn	প্রলংকরী	1	2	bare
wn_43a6a8ef	عَصْف	ur	بھس	1	2	bare
wn_43a6a8ef	عَصْف	hi	भुस वाले	1	2	bare
wn_43a6a8ef	عَصْف	in	kulit	1	2	bare
wn_43a6a8ef	عَصْف	fr	foin	1	2	bare
wv_b3a87cc6	تَنفُذُ	bn	অতিক্রম করে পালাও	1	3	bare
wv_b3a87cc6	تَنفُذُ	ur	نکل بھاگو	1	3	bare
wv_b3a87cc6	تَنفُذُ	in	menembusnya	1	3	bare
wv_b3a87cc6	تَنفُذُ	fr	passer à travers	1	3	bare
wn_9a42aa3a	مَيْمَنَة	bn	ডানহাতের	1	3	bare
wn_fc0ff5d2	ثُلَّة	bn	বহুসংখ্যক	1	2	bare
wn_fc0ff5d2	ثُلَّة	tr	bölümü	1	2	bare
wn_a804df36	مَرْفُوعَة	in	tinggi	1	3	bare
wn_a804df36	مَرْفُوعَة	fa	بلندمرتبه	1	3	bare
wn_8dc357c7	مُصَلّي	en	those who pray	1	2	bare
wn_8dc357c7	مُصَلّي	bn	নামাযিরা	1	2	bare
wn_8dc357c7	مُصَلّي	ur	نمازیوں کے	1	2	bare
wn_8dc357c7	مُصَلّي	hi	नमाज़ियों के	1	2	bare
wn_8dc357c7	مُصَلّي	in	orang-orang yang menegakkan sholat	1	2	bare
wn_8dc357c7	مُصَلّي	fa	نمازگزاران	1	2	bare
wn_6e013547	مِزاج	en	mixture	2	2	pronoun
wn_6e013547	مِزاج	bn	সংমিশ্রণ	2	2	pronoun
wn_6e013547	مِزاج	ur	آمیزش	1	2	pronoun
wn_6e013547	مِزاج	hi	आमेज़िश	2	2	pronoun
wn_6e013547	مِزاج	in	campuran	2	2	pronoun
wn_6e013547	مِزاج	tr	karışımı	2	2	pronoun
wn_6e013547	مِزاج	fa	آمیزه اش	1	1	pronoun
wn_6e013547	مِزاج	fr	mélange	2	2	pronoun
wn_7cb7e3df	لَهَب	en	flame	1	3	bare
wn_7cb7e3df	لَهَب	hi	शोले से	1	3	bare
wn_7cb7e3df	لَهَب	in	Lahab	1	3	bare
wn_793fd2b7	أَشْقَى	en	wretched one	1	2	bare
wn_793fd2b7	أَشْقَى	bn	নিতান্তই হতভাগা	1	2	bare
wn_793fd2b7	أَشْقَى	hi	निहायत बदबख़्त	1	2	bare
wn_793fd2b7	أَشْقَى	in	paling celaka	1	2	bare
wn_793fd2b7	أَشْقَى	tr	bahtsız olan	1	2	bare
wn_793fd2b7	أَشْقَى	fa	بد بخت ترین	1	2	bare
wn_14f1da96	غِشاوَة	in	tutupan	1	2	bare
wv_0a088eb3	يُخادِعُ	bn	ধোঁকাবাজী করে	1	2	bare
wv_0a088eb3	يُخادِعُ	in	akan menipu	1	2	bare
wv_0a088eb3	يُخادِعُ	fa	فریب دهند	1	2	bare
wn_f2b3263f	مُسْتَهْزِء	bn	উপহাসকারী	1	2	bare
wn_f2b3263f	مُسْتَهْزِء	ur	مذاق کرنے والے	1	2	bare
wn_f2b3263f	مُسْتَهْزِء	hi	मज़ाक़ उड़ाने वाले	1	2	bare
wn_f2b3263f	مُسْتَهْزِء	in	orang-orang yang berolok-olok	1	2	bare
wn_f2b3263f	مُسْتَهْزِء	tr	alay edenler	1	2	bare
wn_f2b3263f	مُسْتَهْزِء	fa	ریشخند کنندگانیم	1	2	bare
wn_10bf8144	أَصابِع	en	fingers	2	2	pronoun
wn_10bf8144	أَصابِع	bn	আংগুলগুলোকে	1	2	pronoun
wn_10bf8144	أَصابِع	ur	انگلیاں	2	2	pronoun
wn_10bf8144	أَصابِع	hi	उँगलियाँ	1	2	pronoun
wn_10bf8144	أَصابِع	in	jari-jari	2	2	pronoun
wn_10bf8144	أَصابِع	tr	parmaklarını	2	2	pronoun
wn_10bf8144	أَصابِع	fa	انگش	2	2	pronoun
wn_10bf8144	أَصابِع	fr	doigts	2	2	pronoun
wn_cc8bfa9d	بِناء	in	atap	1	2	bare
wn_cc8bfa9d	بِناء	fa	بنایی	1	2	bare
wv_55fe0225	يَسْفِكُ	en	will shed	1	2	bare
wv_55fe0225	يَسْفِكُ	ur	بہاؤ گے	1	2	bare
wv_55fe0225	يَسْفِكُ	hi	वो बहाएगा	1	2	bare
wv_55fe0225	يَسْفِكُ	fr	verserez	1	2	bare
wv_59597bce	ظَلَّلْ	bn	ছায়া করলাম	1	2	bare
wv_59597bce	ظَلَّلْ	in	naungi	1	2	bare
wv_59597bce	ظَلَّلْ	tr	gölgelendirdik	1	2	bare
wv_59597bce	ظَلَّلْ	fa	سایبان ساختیم	1	2	bare
wv_59597bce	ظَلَّلْ	fr	avons placé pour ombre	1	2	bare
wn_913e4a73	حِطَّة	bn	হিত্তাতুন	1	2	bare
wn_913e4a73	حِطَّة	ur	حطہ	1	2	bare
wn_913e4a73	حِطَّة	hi	हित्तातुन	1	2	bare
wn_913e4a73	حِطَّة	in	bebaskan dosa	1	2	bare
wn_913e4a73	حِطَّة	tr	hitta	1	2	bare
wn_913e4a73	حِطَّة	fa	آمرزشی	1	2	bare
wv_e2724c87	ٱسْتَسْقَىٰ	en	asked water	1	2	bare-3ms
wv_e2724c87	ٱسْتَسْقَىٰ	bn	পানি চাইল	1	2	bare-3ms
wv_e2724c87	ٱسْتَسْقَىٰ	in	memohon air	1	2	bare-3ms
wv_e2724c87	ٱسْتَسْقَىٰ	tr	su istediği	1	2	bare-3ms
wv_e2724c87	ٱسْتَسْقَىٰ	fa	آب خواست	1	2	bare-3ms
wn_16bb0854	حَجَر	bn	পাথরে	1	2	bare
wn_16bb0854	حَجَر	ur	پتھر پر	1	2	bare
wn_57bc32ae	ذَلُول	en	trained	1	2	bare
wn_57bc32ae	ذَلُول	bn	অধীন	1	2	bare
wn_57bc32ae	ذَلُول	ur	مطیع	1	2	bare
wn_57bc32ae	ذَلُول	hi	ताबेअ	1	2	bare
wn_57bc32ae	ذَلُول	in	pernah dipakai	1	2	bare
wn_57bc32ae	ذَلُول	tr	boynu eğik	1	2	bare
wn_57bc32ae	ذَلُول	fr	simple	1	2	bare
wn_2ae73e2b	غُلْف	tr	perdelidir	1	2	bare
wv_28f1bad3	يَتَعَلَّمُ	in	belajar	1	2	bare
wv_28f1bad3	يَتَعَلَّمُ	tr	fakat öğreniyorlardı	1	2	bare
wv_28f1bad3	يَتَعَلَّمُ	fr	apprennent	1	2	bare
wv_5ec40ac7	راعِ	en	Raina	1	1	pronoun
wv_5ec40ac7	راعِ	bn	রায়িনা	1	1	pronoun
wv_5ec40ac7	راعِ	ur	راعنا / ہماری رعایت کیجئے	1	1	pronoun
wv_5ec40ac7	راعِ	hi	राइना/रिआयत कीजिए	1	1	pronoun
wv_5ec40ac7	راعِ	in	peliharalah	1	1	pronoun
wv_5ec40ac7	راعِ	tr	Ra'ina	1	1	pronoun
wv_5ec40ac7	راعِ	fa	راعنا	1	1	pronoun
wv_5ec40ac7	راعِ	fr	Porte attention nous	1	1	pronoun
wv_08f43dc8	يَخْتَصُّ	bn	বাছাই করেন	1	2	bare
wv_08f43dc8	يَخْتَصُّ	tr	has kılar	1	2	bare
wv_082c0e7d	يَنسَخُ	en	abrogate	1	2	bare
wv_082c0e7d	يَنسَخُ	bn	রহিত করি	1	2	bare
wv_082c0e7d	يَنسَخُ	ur	مٹا دیتا ہے	1	2	bare
wv_082c0e7d	يَنسَخُ	hi	मनसूख़ करते हैं	1	2	bare
wv_082c0e7d	يَنسَخُ	in	hapuskan	1	2	bare
wv_082c0e7d	يَنسَخُ	tr	fakat siler	1	2	bare
wv_082c0e7d	يَنسَخُ	fr	annulons	1	2	bare
wn_b9f2b643	صِبْغَة	en	color	1	2	bare
wn_b9f2b643	صِبْغَة	bn	রং	1	2	bare
wn_b9f2b643	صِبْغَة	in	agama	1	2	bare
wn_b9f2b643	صِبْغَة	fa	نگار گری	1	2	bare
wn_8e2256b4	نَقْص	en	loss	1	2	conj
wn_8e2256b4	نَقْص	bn	ক্ষতির	1	2	conj
wn_8e2256b4	نَقْص	ur	کمی	1	2	conj
wn_8e2256b4	نَقْص	tr	noksanlığı	1	2	conj
wn_8e2256b4	نَقْص	fa	کاستی	1	2	conj
wv_e96bfeff	تَطَوَّعَ	en	volunteers	1	2	bare-3ms
wv_e96bfeff	تَطَوَّعَ	in	ia mengerjakan	1	2	bare-3ms
wv_e96bfeff	تَطَوَّعَ	tr	gönülden	1	2	bare-3ms
wn_dea04693	تَصْرِيف	bn	প্রবাহে	1	2	conj
wn_dea04693	تَصْرِيف	hi	फेरने में	1	2	conj
wn_dea04693	تَصْرِيف	in	pergerakan	1	2	conj
wn_dea04693	تَصْرِيف	tr	estirmesinde	1	2	conj
wn_520a8ac2	رَفَث	en	approach	1	2	bare
wn_520a8ac2	رَفَث	bn	স্ত্রী সহবাস	1	2	bare
wn_520a8ac2	رَفَث	hi	रग़बत करना	1	2	bare
wn_520a8ac2	رَفَث	fa	آمیزش	1	2	bare
wv_50048cda	يَخْتانُ	bn	খিয়ানত করে	1	2	bare
wv_50048cda	يَخْتانُ	in	khianat	1	2	bare
wv_50048cda	يَخْتانُ	tr	hainlik eden	1	2	bare
wv_50048cda	يَخْتانُ	fr	trompiez	1	2	bare
wv_8c493f24	باشِرُ	en	have relations with	2	2	pronoun
wv_8c493f24	باشِرُ	bn	সাথে তোমরা সহবাস কর	2	2	pronoun
wv_8c493f24	باشِرُ	ur	مباشرت کرو ان	2	2	pronoun
wv_8c493f24	باشِرُ	hi	मुबाशरत करो उनसे	2	2	pronoun
wv_8c493f24	باشِرُ	in	campurilah	1	2	pronoun
wv_8c493f24	باشِرُ	tr	onlara yaklaşın	1	1	pronoun
wv_8c493f24	باشِرُ	fa	آمیزش کنید با	1	1	pronoun
wv_8c493f24	باشِرُ	fr	ayez de relations intimes elles	1	2	pronoun
wn_ff28eb52	خَيْط	ur	دھاگہ	1	2	bare
wn_ff28eb52	خَيْط	hi	धागा	1	2	bare
wv_4fda7d15	أَدْلَىٰ	en	present	1	2	bare
wv_4fda7d15	أَدْلَىٰ	bn	পেশ কর	1	2	bare
wv_4fda7d15	أَدْلَىٰ	ur	پہنچاتے ہو	1	2	bare
wv_4fda7d15	أَدْلَىٰ	hi	पहुँचाओ	1	2	bare
wv_4fda7d15	أَدْلَىٰ	in	membawa	1	2	bare
wv_4fda7d15	أَدْلَىٰ	tr	atmayın	1	2	bare
wv_4fda7d15	أَدْلَىٰ	fa	انداخت	1	2	bare
wv_4fda7d15	أَدْلَىٰ	fr	présentez	1	2	bare
wv_f3ac8dd4	أُحْصِرُ	en	are held back	1	2	bare
wv_f3ac8dd4	أُحْصِرُ	bn	আটকে পড়েছে	1	2	bare
wv_f3ac8dd4	أُحْصِرُ	ur	گھیر لیے جاؤ	1	2	bare
wv_f3ac8dd4	أُحْصِرُ	hi	घेर लिए गए	1	2	bare
wv_f3ac8dd4	أُحْصِرُ	tr	kapanıp kalan	1	2	bare
wv_f3ac8dd4	أُحْصِرُ	fa	بازداشته شده اند	1	2	bare
wv_f3ac8dd4	أُحْصِرُ	fr	êtes restreints	1	2	bare
wv_b74709d4	ٱسْتَيْسَرَ	bn	সহজলভ্য হয়	1	2	bare-3ms
wv_b74709d4	ٱسْتَيْسَرَ	ur	میسر آئے	1	2	bare-3ms
wv_b74709d4	ٱسْتَيْسَرَ	hi	मयस्सर आए	1	2	bare-3ms
wv_b74709d4	ٱسْتَيْسَرَ	tr	kolayına geleni	1	2	bare-3ms
wn_3fc9400c	عَشَرَة	bn	দশ	1	2	bare
wn_78cd16d7	كامِلَة	en	full	1	2	bare
wn_78cd16d7	كامِلَة	bn	পূর্ণ	1	2	bare
wn_78cd16d7	كامِلَة	tr	tamamı	1	2	bare
wn_78cd16d7	كامِلَة	fa	کامل	1	2	bare
wn_78cd16d7	كامِلَة	fr	complets	1	2	bare
wn_08d7bf10	مَعْلُومَة	bn	সুবিদিত	1	2	bare
wn_08d7bf10	مَعْلُومَة	ur	معلوم	1	2	bare
wn_08d7bf10	مَعْلُومَة	in	dimaklumi	1	2	bare
wn_08d7bf10	مَعْلُومَة	tr	bilinen	1	2	bare
wv_d5238b44	زَلَلْ	bn	পদস্খলন কর	1	2	bare
wv_d5238b44	زَلَلْ	hi	फिसल जाओ तुम	1	2	bare
wv_d5238b44	زَلَلْ	fa	بلغزد	1	2	bare
wv_d5238b44	زَلَلْ	fr	glissez	1	2	bare
wn_c83833a0	عَفْو	en	surplus	1	2	bare
wn_c83833a0	عَفْو	bn	উদ্বৃত্ত	1	2	bare
wn_c83833a0	عَفْو	ur	درگزر کو	1	2	bare
wn_c83833a0	عَفْو	hi	दरगुज़र को	1	2	bare
wn_c83833a0	عَفْو	in	maaf	1	2	bare
wn_c83833a0	عَفْو	tr	Af	1	2	bare
wn_c83833a0	عَفْو	fa	گذشت را	1	2	bare
wn_f9b3be05	طَلاق	in	talak	1	2	bare
wn_06fb3054	ضِرار	en	hurt	1	2	bare
wn_06fb3054	ضِرار	bn	ক্ষতির	1	2	bare
wn_06fb3054	ضِرار	hi	तकलीफ़ देने के लिए	1	2	bare
wn_06fb3054	ضِرار	fr	dommage	1	2	bare
wv_1833d1cf	تَراضَ	bn	পরস্পর রাজী হও	1	2	bare
wv_1833d1cf	تَراضَ	ur	رضا مند ہوئے	1	2	bare
wv_1833d1cf	تَراضَ	hi	बाहम राज़ी हो जाओ	1	2	bare
wv_1833d1cf	تَراضَ	in	saling rela	1	2	bare
wv_1833d1cf	تَراضَ	tr	anlaştıkları	1	2	bare
wv_1833d1cf	تَراضَ	fa	توافق کردید	1	2	bare
wv_1833d1cf	تَراضَ	fr	sont en accord mutuel	1	2	bare
wn_2d29e195	رَضاعَة	en	nursing	1	2	bare
wn_2d29e195	رَضاعَة	bn	দুধ পান করান	1	2	bare
wn_2d29e195	رَضاعَة	ur	رضاعت	1	2	bare
wn_2d29e195	رَضاعَة	hi	रज़ाअत से	1	2	bare
wn_2d29e195	رَضاعَة	in	penyusuan	1	2	bare
wn_2d29e195	رَضاعَة	fa	مدت شیردادن را	1	2	bare
wn_04109c39	كِسْوَت	en	clothing	1	1	pronoun
wn_04109c39	كِسْوَت	bn	কাপড় দান করা	1	1	pronoun
wn_04109c39	كِسْوَت	ur	کپڑ پہنانا ان کو	1	1	pronoun
wn_04109c39	كِسْوَت	hi	कपड़े पहनाना	1	1	pronoun
wn_04109c39	كِسْوَت	in	memberi mereka pakaian	1	1	pronoun
wn_04109c39	كِسْوَت	tr	onları giydirmektir	1	1	pronoun
wn_04109c39	كِسْوَت	fa	پوشاک	1	1	pronoun
wn_04109c39	كِسْوَت	fr	fait de les habiller	1	1	pronoun
wn_5989a121	بَصطَة	en	abundantly	1	2	bare
wn_5989a121	بَصطَة	bn	প্রসারতা	1	2	bare
wn_5989a121	بَصطَة	hi	वुसअत	1	2	bare
wn_5989a121	بَصطَة	in	tegap/kuat	1	2	bare
wn_5989a121	بَصطَة	tr	gücünü	1	2	bare
wn_5989a121	بَصطَة	fa	فراخی	1	2	bare
wn_5989a121	بَصطَة	fr	abondance	1	2	bare
wn_a4819163	تابُوت	en	ark	1	2	bare
wn_a4819163	تابُوت	bn	সিন্দুকের	1	2	bare
wn_a4819163	تابُوت	hi	ताबूत में	1	2	bare
wn_a4819163	تابُوت	in	peti	1	2	bare
wn_08225370	دَفْع	en	repelling	1	2	bare
wn_08225370	دَفْع	ur	ہٹانا	1	2	bare
wn_08225370	دَفْع	hi	हटा देना	1	2	bare
wn_08225370	دَفْع	tr	savunması	1	2	bare
wn_08225370	دَفْع	fa	دفع کردن	1	2	bare
wn_f668b4e7	كُرْسِيّ	en	throne	2	2	pronoun
wn_f668b4e7	كُرْسِيّ	bn	আসন	2	2	pronoun
wn_f668b4e7	كُرْسِيّ	ur	کرسی	2	2	pronoun
wn_f668b4e7	كُرْسِيّ	hi	कुर्सी ने	1	2	pronoun
wn_f668b4e7	كُرْسِيّ	in	kursi	1	2	pronoun
wn_f668b4e7	كُرْسِيّ	tr	tahtının	1	2	pronoun
wn_f668b4e7	كُرْسِيّ	fa	تخت	1	2	pronoun
wn_f668b4e7	كُرْسِيّ	fr	chaise	1	2	pronoun
wn_9c371530	وُثْقَى	en	firm	1	2	bare
wn_9c371530	وُثْقَى	ur	کڑا	1	2	bare
wn_6302e305	مَسّ	ur	چھو کر	1	2	bare
wn_6302e305	مَسّ	hi	छूना	1	2	bare
wn_6302e305	مَسّ	fa	تماس	1	2	bare
wv_dc6c4c13	يَمْحَقُ	en	destroy	1	2	bare
wv_dc6c4c13	يَمْحَقُ	bn	চূর্ণ করেন	1	2	bare
wv_dc6c4c13	يَمْحَقُ	ur	مٹا دے	1	2	bare
wv_dc6c4c13	يَمْحَقُ	hi	मिटा दे	1	2	bare
wv_dc6c4c13	يَمْحَقُ	in	membinasakan	1	2	bare
wv_dc6c4c13	يَمْحَقُ	tr	mahveder	1	2	bare
wv_dc6c4c13	يَمْحَقُ	fa	ونابود سازد	1	2	bare
wv_dc6c4c13	يَمْحَقُ	fr	Détruit	1	2	bare
wv_5604b1c9	أَرْبَىٰ	en	increase	1	2	bare
wv_5604b1c9	أَرْبَىٰ	bn	বেশী লাভবান	1	2	bare
wv_5604b1c9	أَرْبَىٰ	hi	वो बढ़ाता है	1	2	bare
wv_5604b1c9	أَرْبَىٰ	in	menyuburkan	1	2	bare
wv_5604b1c9	أَرْبَىٰ	fa	افزون تر	1	2	bare
wv_5604b1c9	أَرْبَىٰ	fr	plus nombreuse	1	2	bare
wn_8bddf0ef	عُسْرَة	bn	কঠিন	1	2	bare
wn_8bddf0ef	عُسْرَة	ur	تکلیف کی	1	2	bare
wn_8bddf0ef	عُسْرَة	hi	तंगदस्त	1	2	bare
wn_8bddf0ef	عُسْرَة	in	kesukaran	1	2	bare
wn_8bddf0ef	عُسْرَة	tr	darlık	1	2	bare
wv_cffe1b7f	اسْتَشْهِدُ	en	call to witness	1	2	bare
wv_cffe1b7f	اسْتَشْهِدُ	bn	সাক্ষী রাখো	1	2	bare
wv_cffe1b7f	اسْتَشْهِدُ	ur	گواہ بنا لو	1	2	bare
wv_cffe1b7f	اسْتَشْهِدُ	in	persaksikanlah	1	2	bare
wv_cffe1b7f	اسْتَشْهِدُ	tr	şahid tutun	1	2	bare
wv_cffe1b7f	اسْتَشْهِدُ	fa	گواه گیرید	1	2	bare
wv_cffe1b7f	اسْتَشْهِدُ	fr	faites témoigner	1	2	bare
wn_e4bb2caa	أَقْسَط	bn	অধিক ন্যায়সঙ্গত	1	2	bare
wn_e4bb2caa	أَقْسَط	ur	زیادہ انصاف والی	1	2	bare
wn_d15a84f1	حاضِرَة	en	present	1	2	bare
wn_d15a84f1	حاضِرَة	bn	নগদ	1	2	bare
wn_d15a84f1	حاضِرَة	ur	حاضر	1	2	bare
wn_d15a84f1	حاضِرَة	hi	हाज़िर	1	2	bare
wn_d15a84f1	حاضِرَة	in	tunai	1	2	bare
wn_d15a84f1	حاضِرَة	tr	peşin	1	2	bare
wn_d15a84f1	حاضِرَة	fa	کنار	1	2	bare
wv_61af9a4c	أَخْطَأْ	en	err	1	2	bare
wv_61af9a4c	أَخْطَأْ	bn	ভুল করি	1	2	bare
wv_61af9a4c	أَخْطَأْ	ur	خطا کریں ہم	1	2	bare
wv_61af9a4c	أَخْطَأْ	hi	ख़ता करें हम	1	2	bare
wv_61af9a4c	أَخْطَأْ	in	bersalah	1	2	bare
wv_61af9a4c	أَخْطَأْ	tr	yanılarak	1	2	bare
wv_61af9a4c	أَخْطَأْ	fa	لغزیدیم	1	2	bare
wv_61af9a4c	أَخْطَأْ	fr	faisons une erreur	1	2	bare
wn_ec76a80e	مُحْكَمَة	en	precise	1	2	bare
wn_ec76a80e	مُحْكَمَة	bn	মুহকাম	1	2	bare
wn_ec76a80e	مُحْكَمَة	ur	محکم	1	2	bare
wn_ec76a80e	مُحْكَمَة	in	muhkamat	1	2	bare
wn_ec76a80e	مُحْكَمَة	tr	muhkemdir	1	2	bare
wn_ec76a80e	مُحْكَمَة	fr	absolument clairs	1	2	bare
wv_795b54a6	أَزَاغَ	bn	বাঁকা করো	1	2	bare
wv_795b54a6	أَزَاغَ	hi	टेढ़ा कर दिया	1	2	bare
wv_795b54a6	أَزَاغَ	in	memalingkan	1	2	bare
wv_795b54a6	أَزَاغَ	fr	fais dévier	1	2	bare
wn_cd0feb9b	رَأْى	en	with the sight	1	2	bare
wn_cd0feb9b	رَأْى	ur	دیکھنا	1	2	bare
wn_cd0feb9b	رَأْى	hi	देखना	1	2	bare
wn_cd0feb9b	رَأْى	in	pandangan	1	2	bare
wn_cd0feb9b	رَأْى	tr	görüşlü	1	2	bare
wn_cd0feb9b	رَأْى	fa	به دیدن	1	2	bare
wn_cd0feb9b	رَأْى	fr	vue	1	2	bare
wn_c32a40ca	إِبْكار	bn	প্রভাতে	1	2	conj
wn_c32a40ca	إِبْكار	ur	صبح کے وقت	1	2	conj
wn_c32a40ca	إِبْكار	hi	सुबह के वक़्त	1	2	conj
wn_c32a40ca	إِبْكار	in	petang	1	2	conj
wn_c32a40ca	إِبْكار	fa	بامداد	1	2	conj
wv_849c09fd	يَقْنُتْ	en	Be obedient	1	2	bare
wv_849c09fd	يَقْنُتْ	bn	অনুগত হও	1	2	bare
wv_849c09fd	يَقْنُتْ	ur	تابعداری کر	1	2	bare
wv_849c09fd	يَقْنُتْ	hi	इताअत करेगी	1	2	bare
wv_849c09fd	يَقْنُتْ	in	taatlah	1	2	bare
wv_849c09fd	يَقْنُتْ	tr	divan dur	1	2	bare
wv_849c09fd	يَقْنُتْ	fa	فرمانبردار باش	1	2	bare
wv_849c09fd	يَقْنُتْ	fr	Obéis	1	2	bare
wn_806c48ae	وَجِيه	en	honored	1	2	bare
wn_806c48ae	وَجِيه	bn	মর্যাদাবান	1	2	bare
wn_806c48ae	وَجِيه	hi	बहुत बाइज़्ज़त	1	2	bare
wn_806c48ae	وَجِيه	in	terkemuka	1	2	bare
wn_806c48ae	وَجِيه	tr	yüzdedir	1	2	bare
wn_87f0334e	كَهْل	ur	اڈھیر عمر میں	1	2	conj
wn_87f0334e	كَهْل	hi	अधेड़ उम्र में	1	2	conj
wn_87f0334e	كَهْل	tr	yetişkinlikte	1	2	conj
wn_87f0334e	كَهْل	fa	میانسالی	1	2	conj
wv_bb4b7daa	تُبْرِئُ	en	cure	1	2	bare
wv_bb4b7daa	تُبْرِئُ	bn	সুস্থ করি	1	2	bare
wv_bb4b7daa	تُبْرِئُ	ur	اچھا کردیتا ہوں	1	2	bare
wv_bb4b7daa	تُبْرِئُ	hi	अच्छा कर देता था	1	2	bare
wv_bb4b7daa	تُبْرِئُ	tr	iyileştiririm	1	2	bare
wv_bb4b7daa	تُبْرِئُ	fa	بهبودی می دهم	1	2	bare
wv_bb4b7daa	تُبْرِئُ	fr	guéris	1	2	bare
wn_d70c16b3	أَكْمَه	ur	پیدائشی اندھے کو	1	2	bare
wn_d70c16b3	أَكْمَه	hi	पैदाइशी अँधे को	1	2	bare
wn_d70c16b3	أَكْمَه	fa	کور مادرزاد	1	2	bare
wn_0163bdd2	أَبْرَص	bn	কুষ্ঠ রোগীকে	1	2	conj
wn_0163bdd2	أَبْرَص	ur	برص والے کو	1	2	conj
wn_0163bdd2	أَبْرَص	hi	बरस वाले को	1	2	conj
wn_0163bdd2	أَبْرَص	in	orang sakit lepra	1	2	conj
wn_1f35bf9d	ماكِر	bn	পরিকল্পনাকারীদের	1	2	bare
wn_1f35bf9d	ماكِر	ur	تدبیر کرنے والا	1	2	bare
wn_1f35bf9d	ماكِر	hi	सब तदबीर करने वालों से	1	2	bare
wn_1f35bf9d	ماكِر	in	pembuat tipu daya	1	2	bare
wn_1f35bf9d	ماكِر	tr	tuzak kurandır	1	2	bare
wn_1f35bf9d	ماكِر	fa	نیرنگ ورزان	1	2	bare
wv_6e87dd95	اسْوَدَّتْ	en	turn black	1	2	bare
wv_6e87dd95	اسْوَدَّتْ	tr	kararan	1	2	bare
wv_6e87dd95	اسْوَدَّتْ	fa	سیاه شده	1	2	bare
wv_6e87dd95	اسْوَدَّتْ	fr	deviendront noirs	1	2	bare
wn_454af817	خَبال	en	ruin	1	2	bare
wn_454af817	خَبال	bn	বিভ্রান্তি	1	2	bare
wn_454af817	خَبال	hi	ख़राबी में	1	2	bare
wn_454af817	خَبال	in	kerusakan	1	2	bare
wn_454af817	خَبال	tr	bozmaktan	1	2	bare
wn_454af817	خَبال	fa	تباهی	1	2	bare
wv_75fde8f6	عَضُّ	bn	কামড়ায়	1	2	bare
wv_75fde8f6	عَضُّ	ur	کاٹتے ہیں وہ	1	2	bare
wv_75fde8f6	عَضُّ	hi	वो काटते हैं	1	2	bare
wv_75fde8f6	عَضُّ	fa	می گزد	1	2	bare
wv_75fde8f6	عَضُّ	fr	mordra	1	2	bare
wn_91d2c56f	مُنزَل	en	sent down	1	2	bare
wn_91d2c56f	مُنزَل	bn	অবতরণস্থানে	1	2	bare
wn_91d2c56f	مُنزَل	ur	اتارے ہوئے	1	2	bare
wn_91d2c56f	مُنزَل	hi	उतारे हुए	1	2	bare
wn_91d2c56f	مُنزَل	in	diturunkan	1	2	bare
wn_91d2c56f	مُنزَل	tr	inişle	1	2	bare
wn_91d2c56f	مُنزَل	fa	در جایی	1	2	bare
wn_91d2c56f	مُنزَل	fr	mis à descendre	1	2	bare
wn_e5cadf83	أَعْلَوْن	bn	বিজয়ী	1	2	bare
wn_e5cadf83	أَعْلَوْن	ur	بلند ہو	1	2	bare
wn_e5cadf83	أَعْلَوْن	hi	बुलन्द हो	1	2	bare
wn_e5cadf83	أَعْلَوْن	in	diatas	1	2	bare
wn_e5cadf83	أَعْلَوْن	tr	galip durumda	1	2	bare
wv_19b5b759	ضَعُفَ	en	weak	1	2	bare
wv_19b5b759	ضَعُفَ	bn	দুর্বল	1	2	bare
wv_19b5b759	ضَعُفَ	ur	کتنا کمزور ہے	1	2	bare
wv_19b5b759	ضَعُفَ	hi	वो कमज़ोर पड़े	1	2	bare
wv_19b5b759	ضَعُفَ	fa	ناتوان نشدند	1	2	bare
wv_19b5b759	ضَعُفَ	fr	Sont faibles	1	2	bare
wn_5743dd44	أَمَنَة	bn	প্রশান্তি	1	2	bare
wn_5743dd44	أَمَنَة	ur	امن والی	1	2	bare
wn_5743dd44	أَمَنَة	in	ketentraman	1	2	bare
wn_5743dd44	أَمَنَة	fa	آرا مشی را	1	2	bare
wn_9714b31c	نُعاس	ur	اونگھ	1	2	bare
wn_9714b31c	نُعاس	in	kantuk	1	2	bare
wv_20e11e04	لِن	en	relax	1	2	bare
wv_20e11e04	لِن	hi	नर्म हो गए आप	1	2	bare
wv_20e11e04	لِن	in	menjadi lembut/tenang	1	2	bare
wv_20e11e04	لِن	tr	yumuşar	1	2	bare
wv_20e11e04	لِن	fa	نر مخوشدی	1	2	bare
wv_20e11e04	لِن	fr	se calment	1	2	bare
wv_6aaf0c36	نافَقُ	bn	মুনাফিকি করেছে	1	2	bare
wv_6aaf0c36	نافَقُ	fr	ont été hypocrites	1	2	bare
wv_9a661303	يَلْحَقُ	bn	মিলে	1	2	bare
wv_9a661303	يَلْحَقُ	in	bertemu/menyusul	1	2	bare
wv_9a661303	يَلْحَقُ	fa	نپیوسته اند	1	2	bare
wv_9a661303	يَلْحَقُ	fr	rejoignent	1	2	bare
wn_eb9a4380	مِيراث	bn	সত্ত্বাধিকার	1	2	bare
wn_eb9a4380	مِيراث	in	mewarisi	1	2	bare
wn_14046bfb	ثُلاث	bn	তিনটি	1	2	conj
wn_14046bfb	ثُلاث	ur	تین تین	1	2	conj
wn_14046bfb	ثُلاث	hi	तीन-तीन	1	2	conj
wn_14046bfb	ثُلاث	in	tiga	1	2	conj
wn_14046bfb	ثُلاث	fa	سه سه	1	2	conj
wn_f2e1864d	رُباع	bn	চারটি	1	2	conj
wn_f2e1864d	رُباع	ur	چار چار	1	2	conj
wn_f2e1864d	رُباع	hi	चार- चार	1	2	conj
wn_f2e1864d	رُباع	in	empat	1	2	conj
wn_f2e1864d	رُباع	fa	چهار چهار	1	2	conj
wv_97b99ce6	كَثُرَ	en	much	1	2	bare
wv_97b99ce6	كَثُرَ	bn	বেশী হক	1	2	bare
wv_97b99ce6	كَثُرَ	ur	بکثرت ہو	1	2	bare
wv_97b99ce6	كَثُرَ	hi	कसीर/ज़्यादा हो	1	2	bare
wv_97b99ce6	كَثُرَ	tr	çoğundan	1	2	bare
wv_97b99ce6	كَثُرَ	fa	بسیار باشد	1	2	bare
wv_97b99ce6	كَثُرَ	fr	est beaucoup	1	2	bare
wn_b7b2ea25	مَفْرُوض	en	appointed	1	2	bare
wn_b7b2ea25	مَفْرُوض	bn	নির্ধারিত	1	2	bare
wn_b7b2ea25	مَفْرُوض	ur	مقرر کیا ہوا	1	2	bare
wn_b7b2ea25	مَفْرُوض	hi	मुक़र्रर	1	2	bare
wn_b7b2ea25	مَفْرُوض	in	ditentukan	1	2	bare
wn_b7b2ea25	مَفْرُوض	tr	belirli	1	2	bare
wn_b7b2ea25	مَفْرُوض	fa	معین را	1	2	bare
wn_b7b2ea25	مَفْرُوض	fr	connue	1	2	bare
wn_2db81a47	سَدِيد	en	right	1	2	bare
wn_2db81a47	سَدِيد	ur	درست	1	2	bare
wn_2db81a47	سَدِيد	hi	सीधी	1	2	bare
wn_7b5188c0	كَلالَة	en	Kalala	1	2	bare
wn_7b5188c0	كَلالَة	bn	পিতামাতা ও সন্তানহীন	1	2	bare
wn_7b5188c0	كَلالَة	in	kalalah	1	2	bare
wn_7b5188c0	كَلالَة	tr	kelale	1	2	bare
wn_fbacbd49	مُحْصِن	en	being chaste	1	2	bare
wn_fbacbd49	مُحْصِن	bn	বিবাহকারী হিসেবে	1	2	bare
wn_fbacbd49	مُحْصِن	in	mengawininya	1	2	bare
wn_fbacbd49	مُحْصِن	tr	iffetli yaşamak	1	2	bare
wn_fbacbd49	مُحْصِن	fa	از روی پاکدامنی	1	2	bare
wn_466d5a73	فَتاة	en	girls	2	2	pronoun
wn_466d5a73	فَتاة	bn	ক্রীতদাসীদের	1	2	pronoun
wn_466d5a73	فَتاة	ur	لونڈیاں	1	2	pronoun
wn_466d5a73	فَتاة	hi	बाँदियों को	1	2	pronoun
wn_466d5a73	فَتاة	in	pemudi-pemudimu/wanita	1	2	pronoun
wn_466d5a73	فَتاة	tr	cariyelerinizi	1	1	pronoun
wn_466d5a73	فَتاة	fa	کنیزان	2	2	pronoun
wn_466d5a73	فَتاة	fr	esclaves	2	2	pronoun
wn_7a4388f1	أَخْدان	bn	উপ-পতি	1	2	bare
wn_7a4388f1	أَخْدان	in	gendak	1	2	bare
wn_7a4388f1	أَخْدان	fr	amantes	1	2	bare
wn_c31bce34	مَيْل	en	deviation	1	2	bare
wn_c31bce34	مَيْل	ur	جھک جانا	1	2	bare
wn_c31bce34	مَيْل	hi	झुक जाना	1	2	bare
wn_c31bce34	مَيْل	in	berpaling	1	2	bare
wn_c31bce34	مَيْل	tr	sapıklığa	1	2	bare
wn_c31bce34	مَيْل	fa	کامل	1	2	bare
wn_c31bce34	مَيْل	fr	égarement	1	2	bare
wn_7a4626cc	ظَلِيل	en	thick	1	2	bare
wn_7a4626cc	ظَلِيل	bn	ঘন	1	2	bare
wn_7a4626cc	ظَلِيل	ur	گھنے	1	2	bare
wn_7a4626cc	ظَلِيل	hi	घने	1	2	bare
wn_7a4626cc	ظَلِيل	in	nyaman	1	2	bare
wn_7a4626cc	ظَلِيل	fa	پایدار	1	2	bare
wn_7a4626cc	ظَلِيل	fr	couverte d’ombre	1	2	bare
wv_9031d869	يُحَكِّمُ	en	make you judge	1	2	pronoun
wv_9031d869	يُحَكِّمُ	bn	বিচারক মানবে	2	2	pronoun
wv_9031d869	يُحَكِّمُ	ur	منصف بنائیں تجھ کو	1	2	pronoun
wv_9031d869	يُحَكِّمُ	hi	वो मुन्सिफ़ बनाऐं आपको	1	2	pronoun
wv_9031d869	يُحَكِّمُ	in	menjadikan kamu hakim	1	2	pronoun
wv_9031d869	يُحَكِّمُ	tr	seni hakem yapıyorlar	1	1	pronoun
wv_9031d869	يُحَكِّمُ	fa	را داور کنند	1	2	pronoun
wv_9031d869	يُحَكِّمُ	fr	te rendent le juge	1	2	pronoun
wv_312ac080	حَرِّضِ	en	Urge	1	2	bare
wv_312ac080	حَرِّضِ	ur	ابھارئیے	1	2	bare
wv_312ac080	حَرِّضِ	hi	उभारिए	1	2	bare
wv_312ac080	حَرِّضِ	fa	برانگیز	1	2	bare
wn_85f42e04	أَصْدَق	en	truer	1	2	bare
wn_57768436	دِيَة	bn	রক্ত মূল্য	1	2	conj
wn_57768436	دِيَة	fr	prix du sang	1	2	conj
wn_09a2cc0f	مُتَتابِعَيْن	bn	একটানা	1	2	bare
wn_09a2cc0f	مُتَتابِعَيْن	ur	مسلسل	1	2	bare
wn_09a2cc0f	مُتَتابِعَيْن	hi	मुसलसल	1	2	bare
wn_09a2cc0f	مُتَتابِعَيْن	tr	ardı ardına	1	2	bare
wn_09a2cc0f	مُتَتابِعَيْن	fa	پیاپی	1	2	bare
wn_d6e62be7	مُتَعَمِّد	hi	जान बूझकर	1	2	bare
wn_d6e62be7	مُتَعَمِّد	fa	بد عمد	1	2	bare
wn_3f8d391c	خَوّان	bn	খিয়ানতকারী	1	2	bare
wn_3f8d391c	خَوّان	hi	बहुत ख़ाइन	1	2	bare
wn_3f8d391c	خَوّان	fr	très trompeur	1	2	bare
wn_f568ab13	مَرِيد	bn	উদ্ধত	1	2	bare
wn_f568ab13	مَرِيد	hi	सरकश को	1	2	bare
wn_f568ab13	مَرِيد	in	durhaka	1	2	bare
wn_f568ab13	مَرِيد	tr	asi	1	2	bare
wn_f568ab13	مَرِيد	fa	سرکش را	1	2	bare
wv_736400ee	ٱسْتَحْوَذَ	en	Has overcome	1	2	bare
wv_736400ee	ٱسْتَحْوَذَ	bn	প্রবল ছিলাম	1	2	bare
wv_736400ee	ٱسْتَحْوَذَ	hi	ग़लबा पा लिया	1	2	bare
wv_736400ee	ٱسْتَحْوَذَ	in	menguasai	1	2	bare
wv_736400ee	ٱسْتَحْوَذَ	fa	چیرگی نداشتیم	1	2	bare
wv_736400ee	ٱسْتَحْوَذَ	fr	A dirigé avec contrôle complet	1	2	bare
wn_7da18d9c	كُسالَى	en	lazy	1	2	bare
wn_7da18d9c	كُسالَى	bn	অলস	1	2	bare
wn_7da18d9c	كُسالَى	ur	سست ہوتے	1	2	bare
wn_7da18d9c	كُسالَى	hi	सुस्त होते	1	2	bare
wn_7da18d9c	كُسالَى	fa	با کسالت	1	2	bare
wv_e6841d1c	يُراءُ	en	make show	1	2	bare
wv_e6841d1c	يُراءُ	bn	দেখানোর	1	2	bare
wv_e6841d1c	يُراءُ	hi	वो दिखावा करते हैं	1	2	bare
wv_e6841d1c	يُراءُ	in	berbuat ria	1	2	bare
wv_e6841d1c	يُراءُ	fa	می نما یانند	1	2	bare
wn_504d358e	نَقْض	en	breaking	2	2	pronoun
wn_504d358e	نَقْض	bn	ভঙ্গের	2	2	pronoun
wn_504d358e	نَقْض	ur	توڑنے	2	2	pronoun
wn_504d358e	نَقْض	hi	तोड़ने	2	2	pronoun
wn_504d358e	نَقْض	in	pelanggaran	1	2	pronoun
wn_504d358e	نَقْض	tr	bozmaları	2	2	pronoun
wn_504d358e	نَقْض	fa	شکستن	2	2	pronoun
wn_504d358e	نَقْض	fr	rompre	2	2	pronoun
wn_2bb30a82	شَنَآن	tr	duyduğunuz kin	1	2	bare
wv_7f02366e	تَعاوَنُ	in	tolong menolong	1	2	bare
wv_7f02366e	تَعاوَنُ	fr	entraidez	1	2	bare
wn_567c0aff	مَخْمَصَة	hi	भूख में	1	2	bare
wn_8983783c	خائِنَة	en	treachery	1	2	bare
wn_8983783c	خائِنَة	bn	প্রতারণা	1	2	bare
wn_8983783c	خائِنَة	ur	خیانت	1	2	bare
wn_8983783c	خائِنَة	hi	ख़यानत	1	2	bare
wn_8983783c	خائِنَة	tr	hainlik	1	2	bare
wn_44cd0f9d	داخِل	bn	প্রবেশকারীদের	1	2	bare
wn_44cd0f9d	داخِل	ur	داخل ہونے والے	1	2	bare
wn_44cd0f9d	داخِل	hi	दाख़िल होने वाले	1	2	bare
wn_44cd0f9d	داخِل	tr	gireriz	1	2	bare
wn_44cd0f9d	داخِل	fa	درآیندگانیم	1	2	bare
wn_44cd0f9d	داخِل	fr	gens qui entrent	1	2	bare
wn_1c130e93	غُراب	bn	কাকের	1	2	bare
wn_1c130e93	غُراب	ur	کوے کے	1	2	bare
wn_1c130e93	غُراب	hi	एक कौआ	1	2	bare
wn_1c130e93	غُراب	fa	زاغ	1	2	bare
wv_3ac45a8f	حَارَبَ	en	warred	1	2	bare
wv_3ac45a8f	حَارَبَ	ur	جنگ کی	1	2	bare
wv_3ac45a8f	حَارَبَ	hi	जंग की	1	2	bare
wv_3ac45a8f	حَارَبَ	fa	می جنگند	1	2	bare
wv_3ac45a8f	حَارَبَ	fr	font la guerre	1	2	bare
wn_a4811db9	وَسِيلَة	ur	وسیلہ	1	2	bare
wn_a4811db9	وَسِيلَة	tr	yol	1	2	bare
wn_a4811db9	وَسِيلَة	fa	وسیله را	1	2	bare
wn_96c07d6e	مَغْلُولَة	bn	আবদ্ধ	1	2	bare
wn_96c07d6e	مَغْلُولَة	ur	بندھا ہوا	1	2	bare
wn_96c07d6e	مَغْلُولَة	tr	bağlıdır	1	2	bare
wv_52a0bb3a	صَمُّ	bn	বধির হলো	1	2	bare
wv_853802b5	سَخِطَ	en	enraged	1	2	bare
wv_853802b5	سَخِطَ	bn	অসন্তুষ্ট হয়েছেন	1	2	bare
wv_853802b5	سَخِطَ	ur	ناراض ہوا	1	2	bare
wv_853802b5	سَخِطَ	hi	नाराज़ हुआ	1	2	bare
wv_853802b5	سَخِطَ	in	kemurkaan	1	2	bare
wv_853802b5	سَخِطَ	fa	خشم گرفت	1	2	bare
wv_853802b5	سَخِطَ	fr	s’est énervé	1	2	bare
wv_33ac6244	تَفِيضُ	en	flowing	1	2	bare
wv_33ac6244	تَفِيضُ	bn	ঝরাচ্ছিলো	1	2	bare
wv_33ac6244	تَفِيضُ	hi	बह रही थीं	1	2	bare
wv_33ac6244	تَفِيضُ	tr	akarak	1	2	bare
wv_33ac6244	تَفِيضُ	fa	جاری باشد	1	2	bare
wv_33ac6244	تَفِيضُ	fr	débordent	1	2	bare
wn_f502be7b	أَوْسَط	tr	orta yol üzere olanları	1	1	pronoun
wn_2d51c483	كَعْبَة	hi	काबा तक	1	2	bare
wn_2d51c483	كَعْبَة	tr	Ka'be'ye	1	2	bare
wn_2d51c483	كَعْبَة	fa	به کعبه	1	2	bare
wv_026506db	ٱسْتَحَقَّ	en	guilty	1	2	bare
wv_026506db	ٱسْتَحَقَّ	bn	উপযুক্ত হয়েছে	1	2	bare
wv_026506db	ٱسْتَحَقَّ	ur	حق ثابت ہوا	1	2	bare
wv_026506db	ٱسْتَحَقَّ	hi	हक़ साबित हो गया	1	2	bare
wv_026506db	ٱسْتَحَقَّ	in	berhak	1	2	bare
wv_026506db	ٱسْتَحَقَّ	tr	işledikleri	1	2	bare
wv_026506db	ٱسْتَحَقَّ	fa	ستم رفته است	1	2	bare
wv_026506db	ٱسْتَحَقَّ	fr	avaient un droit	1	2	bare
wn_02844318	مائِدَة	bn	খাদ্যপূর্ণ পাত্র	1	2	bare
wn_02844318	مائِدَة	ur	ایک خوان	1	2	bare
wn_02844318	مائِدَة	in	makanan	1	2	bare
wn_86a7dcd4	قِرْطاس	en	parchment	1	2	bare
wn_86a7dcd4	قِرْطاس	bn	কাগজের	1	2	bare
wn_86a7dcd4	قِرْطاس	ur	پارہ پارہ	1	2	bare
wn_86a7dcd4	قِرْطاس	hi	वर्क़-वर्क़	1	2	bare
wn_86a7dcd4	قِرْطاس	fa	کاغذی	1	2	bare
wn_86a7dcd4	قِرْطاس	fr	papier	1	2	bare
wn_9d919d31	سُلَّم	en	ladder	1	2	bare
wn_9d919d31	سُلَّم	ur	ایک سیڑھی	1	2	bare
wn_9d919d31	سُلَّم	hi	एक सीढ़ी	1	2	bare
wn_9d919d31	سُلَّم	fa	نردبانی را	1	2	bare
wn_e93f420f	أَسْرَع	en	swiftest	1	2	bare
wn_e93f420f	أَسْرَع	bn	দ্রুততর	1	2	bare
wn_e93f420f	أَسْرَع	ur	زیادہ تیز	1	2	bare
wn_e93f420f	أَسْرَع	hi	ज़्यादा जल्द	1	2	bare
wn_e93f420f	أَسْرَع	in	lebih cepat	1	2	bare
wn_e93f420f	أَسْرَع	tr	en çabuğudur	1	2	bare
wn_e93f420f	أَسْرَع	fa	تند ترین	1	2	bare
wn_210ef46d	حاسِب	en	account	1	2	bare
wn_210ef46d	حاسِب	bn	হিসাবগ্রহণকারীরূপে	1	2	bare
wn_210ef46d	حاسِب	ur	حساب لگانے والے	1	2	bare
wn_210ef46d	حاسِب	hi	हिसाब लेने वाले	1	2	bare
wn_210ef46d	حاسِب	in	pembuat perhitungan	1	2	bare
wn_210ef46d	حاسِب	tr	hesab gören	1	2	bare
wn_210ef46d	حاسِب	fa	شمارش گران	1	2	bare
wn_210ef46d	حاسِب	fr	ceux qui dénombrent	1	2	bare
wn_f846c55b	خُفْيَة	en	secretly	1	2	conj
wn_f846c55b	خُفْيَة	in	sembunyi/suara lembut	1	2	conj
wn_f846c55b	خُفْيَة	tr	gizlice	1	2	conj
wn_f846c55b	خُفْيَة	fa	نهانی	1	2	conj
wn_f846c55b	خُفْيَة	fr	secrètement	1	2	conj
wv_e81d2e4a	أُبْسِلُ	en	are given to destruction	1	2	bare
wv_e81d2e4a	أُبْسِلُ	bn	ধ্বংসে নিক্ষিপ্ত হয়	1	2	bare
wv_e81d2e4a	أُبْسِلُ	hi	हलाक किया जाए	1	2	bare
wv_e81d2e4a	أُبْسِلُ	tr	helake gider	1	2	bare
wv_e81d2e4a	أُبْسِلُ	fa	محروم و هلاک شود	1	2	bare
wv_7392aab9	وَجَّهْ	en	have turned	1	2	bare
wv_7392aab9	وَجَّهْ	bn	তাকে পাঠায়	1	2	bare
wv_7392aab9	وَجَّهْ	ur	رخ کرلیا میں نے	1	2	bare
wv_7392aab9	وَجَّهْ	hi	वो भेजता है उसे	1	2	bare
wv_7392aab9	وَجَّهْ	in	menghadapkan	1	2	bare
wv_7392aab9	وَجَّهْ	tr	çevirdim	1	2	bare
wv_7392aab9	وَجَّهْ	fa	گردانیده ام	1	2	bare
wv_7392aab9	وَجَّهْ	fr	ai dirigé	1	2	bare
wn_e3290ad1	الْيَسَع	en	Al-Yasa	1	2	conj
wn_e3290ad1	الْيَسَع	bn	আলইয়াসা	1	2	conj
wn_e3290ad1	الْيَسَع	ur	یسیع	1	2	conj
wn_e3290ad1	الْيَسَع	hi	यसा	1	2	conj
wn_e3290ad1	الْيَسَع	in	Ilyas	1	2	conj
wn_e3290ad1	الْيَسَع	tr	Elyesa'ı	1	2	conj
wv_dc763cc0	وُكِّلَ	en	have entrusted	1	2	bare
wv_dc763cc0	وُكِّلَ	bn	নিয়োগ করা হয়েছে	1	2	bare
wv_dc763cc0	وُكِّلَ	ur	مقرر کیا گیا	1	2	bare
wv_dc763cc0	وُكِّلَ	hi	मुक़र्रर किया गया	1	2	bare
wv_dc763cc0	وُكِّلَ	in	diserahi	1	2	bare
wv_dc763cc0	وُكِّلَ	fa	گمارده ایم	1	2	bare
wv_dc763cc0	وُكِّلَ	fr	aurions confié	1	2	bare
wn_8b840d4f	فالِق	in	membelah/menumbuhkan	1	2	bare
wn_8b840d4f	فالِق	tr	yaran	1	2	bare
wv_87159069	أَثْمَرَ	tr	meyva verdiği	1	2	bare-3ms
wv_87159069	أَثْمَرَ	fa	بار دهد	1	2	bare-3ms
wv_f9c12285	يَسُبُّ	bn	গালি দিও	1	2	bare
wv_f9c12285	يَسُبُّ	ur	گالی دو	1	2	bare
wv_f9c12285	يَسُبُّ	hi	गाली दो	1	2	bare
wv_f9c12285	يَسُبُّ	in	memaki-maki	1	2	bare
wv_f9c12285	يَسُبُّ	fr	insultez	1	2	bare
wv_33d89747	يُشْعِرُ	en	let not be aware	1	2	pronoun
wv_33d89747	يُشْعِرُ	bn	বোধগম্য করাবে	1	2	pronoun
wv_33d89747	يُشْعِرُ	ur	جتائے/ خبر دے	1	1	pronoun
wv_33d89747	يُشْعِرُ	hi	आगाह करे	1	2	pronoun
wv_33d89747	يُشْعِرُ	in	sadar	1	2	pronoun
wv_33d89747	يُشْعِرُ	tr	şuurunda	1	2	pronoun
wv_33d89747	يُشْعِرُ	fa	می فهماند	1	1	pronoun
wv_33d89747	يُشْعِرُ	fr	fera remarquer	1	2	pronoun
wn_8f6060a0	ضَيِّق	en	tight	1	2	bare
wn_8f6060a0	ضَيِّق	bn	সংকীর্ণ	1	2	bare
wn_8f6060a0	ضَيِّق	fr	étroit	1	2	bare
wv_05dfa53b	أَجَّلَ	en	appointed	1	2	bare
wv_05dfa53b	أَجَّلَ	bn	নির্ধারিত করেছিলে	1	2	bare
wv_05dfa53b	أَجَّلَ	ur	نے مقرر کی	1	2	bare
wv_05dfa53b	أَجَّلَ	hi	मुअख़्खर किए गए	1	2	bare
wv_05dfa53b	أَجَّلَ	in	ditentukan/ditangguhkan	1	2	bare
wv_05dfa53b	أَجَّلَ	tr	ertelenmiştir	1	2	bare
wv_05dfa53b	أَجَّلَ	fa	معین کرده بودی	1	2	bare
wn_69c6e374	افْتِراء	en	invention	1	2	bare
wn_f11fc468	إِبِل	bn	উট	1	2	bare
wn_f11fc468	إِبِل	ur	اونٹ کی	1	2	bare
wn_f11fc468	إِبِل	hi	ऊँट में से	1	2	bare
wn_9a810c36	هَلُمّ	en	Come	1	2	bare
wn_9a810c36	هَلُمّ	bn	চলে এসো	1	2	bare
wn_9a810c36	هَلُمّ	ur	چلے آؤ	1	2	bare
wn_9a810c36	هَلُمّ	hi	आओ	1	2	bare
wn_9a810c36	هَلُمّ	in	marilah	1	2	bare
wn_9a810c36	هَلُمّ	tr	gelin	1	2	bare
wn_9a810c36	هَلُمّ	fa	بیاورید	1	2	bare
wn_9a810c36	هَلُمّ	fr	Venez	1	2	bare
wn_6ee2986a	إِمْلاق	bn	দারিদ্রের	1	2	bare
wn_6ee2986a	إِمْلاق	ur	مفلسی کے	1	2	bare
wn_6ee2986a	إِمْلاق	hi	तंगदस्ती से	1	2	bare
wn_6ee2986a	إِمْلاق	in	kemiskinan	1	2	bare
wv_6b2c3826	بَطَنَ	bn	অপ্রকাশ্য	1	2	bare-3ms
wv_6b2c3826	بَطَنَ	ur	چھپا ہوا ہو	1	2	bare-3ms
wv_6b2c3826	بَطَنَ	hi	छुपे हों	1	2	bare-3ms
wv_6b2c3826	بَطَنَ	tr	kapalısına	1	2	bare-3ms
wn_5f6632d3	مَحْيا	en	life	1	1	pronoun
wn_5f6632d3	مَحْيا	bn	জীবন	1	1	pronoun
wn_5f6632d3	مَحْيا	ur	جینا	1	1	pronoun
wn_5f6632d3	مَحْيا	hi	जीना	1	1	pronoun
wn_5f6632d3	مَحْيا	in	kehidupan	1	1	pronoun
wn_5f6632d3	مَحْيا	tr	yaşamaları	1	1	pronoun
wn_5f6632d3	مَحْيا	fa	زندگی	1	1	pronoun
wn_5f6632d3	مَحْيا	fr	vie	1	1	pronoun
wn_8e2c2e50	مَعايِش	en	livelihood	1	2	bare
wn_8e2c2e50	مَعايِش	ur	زندگی کے سامان	1	2	bare
wn_8e2c2e50	مَعايِش	hi	असबाबे मईशत	1	2	bare
wn_8e2c2e50	مَعايِش	in	penghidupan	1	2	bare
wn_8e2c2e50	مَعايِش	fa	اسباب زندگانی	1	2	bare
wv_6491f3b5	يَتَكَبَّرُ	en	be arrogant	1	2	bare
wv_6491f3b5	يَتَكَبَّرُ	bn	অহংকার করে	1	2	bare
wv_6491f3b5	يَتَكَبَّرُ	ur	تکبر کرے	1	2	bare
wv_6491f3b5	يَتَكَبَّرُ	hi	तकब्बुर करे	1	2	bare
wv_6491f3b5	يَتَكَبَّرُ	fr	sois orgueilleux	1	2	bare
wv_ea6bf200	يَخْصِفَ	en	fasten	2	2	pronoun
wv_ea6bf200	يَخْصِفَ	bn	উভয়ে ঢাকতে	1	2	pronoun
wv_ea6bf200	يَخْصِفَ	ur	چپکانے	1	2	pronoun
wv_ea6bf200	يَخْصِفَ	hi	वो दोनों चिपकाने लगे	2	2	pronoun
wv_ea6bf200	يَخْصِفَ	in	keduanya menutupi	2	2	pronoun
wv_ea6bf200	يَخْصِفَ	tr	örtmeğe	2	2	pronoun
wv_ea6bf200	يَخْصِفَ	fa	که بچسبانند	1	2	pronoun
wv_ea6bf200	يَخْصِفَ	fr	attacher	2	2	pronoun
wn_e1332954	مُؤَذِّن	bn	এক ঘোষক	1	2	bare
wn_e1332954	مُؤَذِّن	ur	ایک پکارنے والا	1	2	bare
wn_e1332954	مُؤَذِّن	hi	एक पुकारने वाला	1	2	bare
wn_e1332954	مُؤَذِّن	in	seorang penyeru	1	2	bare
wn_e1332954	مُؤَذِّن	tr	tellal	1	2	bare
wn_22f34740	أَعْراف	hi	आराफ़ पर	1	2	bare
wn_24bb0b0b	عَمي	fa	کوران	1	2	bare
wn_24bb0b0b	عَمي	fr	aveugle	1	2	bare
wn_b83628cc	سَفاهَة	bn	নির্বুদ্ধিতার	1	2	bare
wn_b83628cc	سَفاهَة	hi	बेवक़ूफी में	1	2	bare
wn_96152104	شَهْوَة	en	lust	1	2	bare
wn_96152104	شَهْوَة	bn	যৌন লালসার	1	2	bare
wn_96152104	شَهْوَة	in	nafsu	1	2	bare
wn_d85a061e	نائِم	bn	ঘুমন্ত থাকবে	1	2	bare
wn_d85a061e	نائِم	ur	سو رہے ہوں	1	2	bare
wn_d85a061e	نائِم	hi	सो रहे थे	1	2	bare
wn_d85a061e	نائِم	in	mereka tidur	1	2	bare
wn_d85a061e	نائِم	fa	خواب بودند	1	2	bare
wn_3451c6ab	طُوفان	bn	বন্যা	1	2	bare
wn_3451c6ab	طُوفان	fa	سیلاب	1	2	bare
wv_95be2d22	يَعْرِشُ	en	erect	1	2	bare
wv_95be2d22	يَعْرِشُ	bn	উঁচু করে	1	2	bare
wv_95be2d22	يَعْرِشُ	ur	چڑھاتے ہیں	1	2	bare
wv_95be2d22	يَعْرِشُ	hi	वो बुलन्द करते	1	2	bare
wv_95be2d22	يَعْرِشُ	in	bangun	1	2	bare
wv_95be2d22	يَعْرِشُ	tr	yükselttiyor	1	2	bare
wv_95be2d22	يَعْرِشُ	fr	construisent	1	2	bare
wv_05b32e7b	تَجَلَّىٰ	en	revealed Glory	1	2	bare-3ms
wv_05b32e7b	تَجَلَّىٰ	bn	আলোকিত হয়	1	2	bare-3ms
wv_05b32e7b	تَجَلَّىٰ	ur	تجلی کی	1	2	bare-3ms
wv_05b32e7b	تَجَلَّىٰ	hi	तजल्ली की	1	2	bare-3ms
wv_05b32e7b	تَجَلَّىٰ	in	menampakkan	1	2	bare-3ms
wv_05b32e7b	تَجَلَّىٰ	tr	görününce	1	2	bare-3ms
wv_05b32e7b	تَجَلَّىٰ	fa	تجلی کرد	1	2	bare-3ms
wv_05b32e7b	تَجَلَّىٰ	fr	se manifeste avec sa beauté	1	2	bare-3ms
wn_ec82a7b3	خُوار	bn	হাম্বারব	1	2	bare
wn_ec82a7b3	خُوار	in	suara	1	2	bare
wn_ec82a7b3	خُوار	fa	بانگ بود	1	2	bare
wn_be659bf9	غَضْبان	hi	सख़्त ग़ज़बनाक	1	2	bare
wn_be659bf9	غَضْبان	tr	kızgın	1	2	bare
wn_be659bf9	غَضْبان	fa	خشمگین	1	2	bare
wn_740cea9c	أَسِف	en	grieved	1	2	bare
wn_740cea9c	أَسِف	bn	দুঃখিত অবস্হায়	1	2	bare
wn_740cea9c	أَسِف	ur	غم لیے ہوئے	1	2	bare
wn_740cea9c	أَسِف	hi	ग़मगीन होकर	1	2	bare
wn_740cea9c	أَسِف	in	duka-cita	1	2	bare
wn_740cea9c	أَسِف	tr	üzüntülü	1	2	bare
wn_740cea9c	أَسِف	fa	اندوهگین	1	2	bare
wn_ce5aac8f	مُفْتَري	en	inventors	1	2	bare
wn_ce5aac8f	مُفْتَري	bn	মিথ্যারচনাকারী	1	2	bare
wn_ce5aac8f	مُفْتَري	ur	جھوٹ گھڑنے والے	1	2	bare
wn_ce5aac8f	مُفْتَري	hi	झूठ गढ़ने वाले	1	2	bare
wn_ce5aac8f	مُفْتَري	in	mengada-adakan	1	2	bare
wn_ce5aac8f	مُفْتَري	tr	iftiracıları	1	2	bare
wn_ce5aac8f	مُفْتَري	fa	دروغ بافان	1	2	bare
wn_ce0127bc	غافِر	en	Forgiver	1	2	bare
wn_ce0127bc	غافِر	hi	बख़्शने वाला	1	2	bare
wn_ce0127bc	غافِر	in	mengampuni	1	2	bare
wn_ce0127bc	غافِر	tr	bağışlayandır	1	2	bare
wn_ce0127bc	غافِر	fa	آمرزندۂ	1	2	bare
wn_ce0127bc	غافِر	fr	Pardonneur	1	2	bare
wv_0ccdd60e	تَأَذَّنَ	en	declared	1	2	bare-3ms
wv_0ccdd60e	تَأَذَّنَ	bn	ঘোষণা দেন	1	2	bare-3ms
wv_0ccdd60e	تَأَذَّنَ	ur	خبر دی	1	2	bare-3ms
wv_0ccdd60e	تَأَذَّنَ	hi	ख़बर दी	1	2	bare-3ms
wv_0ccdd60e	تَأَذَّنَ	in	memaklumkan	1	2	bare-3ms
wv_0ccdd60e	تَأَذَّنَ	tr	ilan etmişti	1	2	bare-3ms
wv_0ccdd60e	تَأَذَّنَ	fa	آگاه کرد	1	2	bare-3ms
wv_cf007315	ٱنسَلَخَ	en	detached	1	2	bare-3ms
wv_cf007315	ٱنسَلَخَ	bn	অতিবাহিত হয়	1	2	bare-3ms
wv_cf007315	ٱنسَلَخَ	ur	گزر جائیں	1	2	bare-3ms
wv_cf007315	ٱنسَلَخَ	hi	गुज़र जाऐं	1	2	bare-3ms
wv_cf007315	ٱنسَلَخَ	in	telah habis	1	2	bare-3ms
wv_cf007315	ٱنسَلَخَ	tr	geçtiği	1	2	bare-3ms
wv_cf007315	ٱنسَلَخَ	fa	بگذرد	1	2	bare-3ms
wv_cf007315	ٱنسَلَخَ	fr	sont passés	1	2	bare-3ms
wv_f84666c3	أَخْلَدَ	en	adhered	1	2	bare-3ms
wv_f84666c3	أَخْلَدَ	bn	ঝুঁকে পড়লো	1	2	bare-3ms
wv_f84666c3	أَخْلَدَ	hi	वो झुक गया	1	2	bare-3ms
wv_f84666c3	أَخْلَدَ	in	cenderung	1	2	bare-3ms
wv_f84666c3	أَخْلَدَ	tr	saplandı	1	2	bare-3ms
wv_f84666c3	أَخْلَدَ	fa	گرایید	1	2	bare-3ms
wv_f84666c3	أَخْلَدَ	fr	rend éternel	1	2	bare-3ms
wn_ab346f12	حَفِيّ	en	well informed	1	2	bare
wn_ab346f12	حَفِيّ	bn	অনুগ্রহশীল	1	2	bare
wn_ab346f12	حَفِيّ	ur	باخبر	1	2	bare
wn_ab346f12	حَفِيّ	hi	पूरे बाख़बर	1	2	bare
wn_ab346f12	حَفِيّ	in	sangat baik	1	2	bare
wn_ab346f12	حَفِيّ	tr	biliyormuşsun	1	2	bare
wn_ab346f12	حَفِيّ	fa	نیک آگاهی	1	2	bare
wn_ab346f12	حَفِيّ	fr	extrêmement affectueux	1	2	bare
wn_708fa82a	خَفِيف	bn	লঘু	1	2	bare
wn_708fa82a	خَفِيف	ur	ہلکا	1	2	bare
wn_708fa82a	خَفِيف	hi	हल्का	1	2	bare
wn_708fa82a	خَفِيف	fr	léger	1	2	bare
wn_11e10ff4	نَزْغ	in	gangguan	1	2	bare
wn_11e10ff4	نَزْغ	tr	kötü düşünce	1	2	bare
wn_11e10ff4	نَزْغ	fa	انگیزشی	1	2	bare
wv_2e3a228a	أَنصِتُ	en	pay attention	1	2	bare
wv_2e3a228a	أَنصِتُ	bn	চুপ থাকো	1	2	bare
wv_2e3a228a	أَنصِتُ	ur	چپ ہوجاؤ	1	2	bare
wv_2e3a228a	أَنصِتُ	hi	ख़ामोश रहो	1	2	bare
wv_2e3a228a	أَنصِتُ	in	perhatikanlah	1	2	bare
wv_2e3a228a	أَنصِتُ	fa	خاموش باشید	1	2	bare
wn_c8454f60	أَنفال	ur	غنیمتیں	1	2	bare
wn_c8454f60	أَنفال	hi	ग़नीमतें	1	2	bare
wv_2817f942	تَراءَتِ	en	came in sight	1	2	bare
wv_2817f942	تَراءَتِ	bn	পরস্পরকে দেখলো	1	2	bare
wv_2817f942	تَراءَتِ	ur	آمنے سامنے ہوئے	1	2	bare
wv_2817f942	تَراءَتِ	hi	आमने सामने हुईं	1	2	bare
wv_2817f942	تَراءَتِ	fa	دیدند	1	2	bare
wv_52e5fc1f	نَكَصَ	en	turn back	1	2	bare
wv_52e5fc1f	نَكَصَ	bn	সড়ে পড়লো	1	2	bare
wv_52e5fc1f	نَكَصَ	ur	پھرجاتے	1	2	bare
wv_52e5fc1f	نَكَصَ	hi	फिर जाते	1	2	bare
wv_52e5fc1f	نَكَصَ	in	surut/berpaling	1	2	bare
wv_52e5fc1f	نَكَصَ	tr	dönüp	1	2	bare
wv_52e5fc1f	نَكَصَ	fa	باز گشت	1	2	bare
wv_52e5fc1f	نَكَصَ	fr	retourniez pour vous retirer	1	2	bare
wv_0049e184	جَنَحُ	bn	ঝুঁকে পড়ে	1	2	bare
wv_0049e184	جَنَحُ	ur	مائل ہوں	1	2	bare
wv_0049e184	جَنَحُ	hi	वो माइल हों	1	2	bare
wv_0049e184	جَنَحُ	tr	onlar yanaşırlarsa	1	2	bare
wv_0049e184	جَنَحُ	fa	گراییدند	1	2	bare
wv_0049e184	جَنَحُ	fr	inclinent	1	2	bare
wn_9b75e9a8	بَراءَة	en	exemption	1	2	bare
wn_9b75e9a8	بَراءَة	bn	সম্পর্কচ্ছেদ	1	2	bare
wn_9b75e9a8	بَراءَة	ur	برات	1	2	bare
wn_9b75e9a8	بَراءَة	hi	بَرَآءَةٌ	1	2	bare
wn_9b75e9a8	بَراءَة	in	berlepas diri	1	2	bare
wn_9b75e9a8	بَراءَة	tr	beraet	1	2	bare
wn_9b75e9a8	بَراءَة	fa	بیزاری	1	2	bare
wn_9b75e9a8	بَراءَة	fr	désaveu	1	2	bare
wn_373b9a8a	إِلّ	ur	قرات کا	1	2	bare
wn_373b9a8a	إِلّ	fa	حق خویشاوندی	1	2	bare
wv_27b1f680	يَشْفِ	ur	شفا دیتا ہے مجھ کو	1	1	pronoun
wn_dbede30c	سِقايَة	en	drinking cup	1	2	bare
wn_dbede30c	سِقايَة	bn	পানপাত্র	1	2	bare
wn_dbede30c	سِقايَة	hi	प्याला	1	2	bare
wn_dbede30c	سِقايَة	in	pemberi minum	1	2	bare
wn_dbede30c	سِقايَة	tr	su tasını	1	2	bare
wn_dbede30c	سِقايَة	fa	جام را	1	2	bare
wn_dbede30c	سِقايَة	fr	récipient à boire	1	2	bare
wn_dddf4d23	ثانِي	en	second	1	2	bare
wn_dddf4d23	ثانِي	bn	দ্বিতীয়	1	2	bare
wn_dddf4d23	ثانِي	ur	دو	1	2	bare
wn_dddf4d23	ثانِي	hi	वो दूसरा	1	2	bare
wn_dddf4d23	ثانِي	in	bengkok/palingkan	1	2	bare
wn_dddf4d23	ثانِي	tr	ikincisiydi	1	2	bare
wn_dddf4d23	ثانِي	fa	پیچانده	1	2	bare
wn_dddf4d23	ثانِي	fr	deuxième	1	2	bare
wv_233d7028	بَعُدَتْ	en	was long	1	2	bare
wv_233d7028	بَعُدَتْ	bn	দীর্ঘ লাগলো	1	2	bare
wv_233d7028	بَعُدَتْ	ur	دور ہوئے	1	2	bare
wv_233d7028	بَعُدَتْ	hi	दूर हुए	1	2	bare
wv_233d7028	بَعُدَتْ	tr	uzaklaştırıldığı	1	2	bare
wv_233d7028	بَعُدَتْ	fa	دور شد	1	2	bare
wv_233d7028	بَعُدَتْ	fr	s’est éloignée	1	2	bare
wv_25a54a27	حَآدَّ	en	oppose	1	2	bare
wv_25a54a27	حَآدَّ	ur	مخالفت کی	1	2	bare
wv_25a54a27	حَآدَّ	hi	मुख़ालिफ़त की	1	2	bare
wv_25a54a27	حَآدَّ	tr	düşman	1	2	bare
wv_25a54a27	حَآدَّ	fa	مخالف می کند	1	2	bare
wv_25a54a27	حَآدَّ	fr	s’oppose	1	2	bare
wv_696661ba	اغْلُظْ	tr	sert davran	1	2	bare
wn_54efea02	خَوالِف	ur	پیچھے رہنے والیوں کے	1	2	bare
wn_54efea02	خَوالِف	in	orang yang tinggal	1	2	bare
wn_54efea02	خَوالِف	tr	geri kalan kadınlarla	1	2	bare
wn_ddea10d8	أَوْفَى	en	fullest	1	2	bare
wn_ddea10d8	أَوْفَى	bn	পূর্ণ	1	2	bare
wn_ddea10d8	أَوْفَى	ur	پورا پورا	1	2	bare
wn_ddea10d8	أَوْفَى	hi	पूरा-पूरा	1	2	bare
wn_ddea10d8	أَوْفَى	in	cukup/sempurna	1	2	bare
wn_ddea10d8	أَوْفَى	tr	tastamam	1	2	bare
wn_ddea10d8	أَوْفَى	fa	کامل تر	1	2	bare
wn_ddea10d8	أَوْفَى	fr	plus complète	1	2	bare
wn_41664807	صَغِيرَة	ur	چھوٹا	1	2	bare
wn_41664807	صَغِيرَة	hi	छोटा	1	2	bare
wn_41664807	صَغِيرَة	fa	خرد	1	2	bare
wn_75424270	مَنازِل	hi	मंज़िलें	1	2	bare
wn_75424270	مَنازِل	tr	konaklar	1	2	bare
wn_75424270	مَنازِل	fa	منزل ها را	1	2	bare
wn_03d7ef4b	عاصِف	bn	ঝড়ো	1	2	bare
wn_03d7ef4b	عاصِف	ur	شدید	1	2	bare
wn_03d7ef4b	عاصِف	hi	शदीद	1	2	bare
wn_03d7ef4b	عاصِف	in	badai	1	2	bare
wn_03d7ef4b	عاصِف	tr	sert	1	2	bare
wn_03d7ef4b	عاصِف	fa	سخت	1	2	bare
wn_02b78b00	قِطَع	en	pieces	1	2	bare
wn_02b78b00	قِطَع	bn	টুকরা	1	2	bare
wn_02b78b00	قِطَع	ur	ٹکڑوں سے	1	2	bare
wn_02b78b00	قِطَع	hi	टुकड़े	1	2	bare
wn_02b78b00	قِطَع	in	bagian-bagian	1	2	bare
wn_02b78b00	قِطَع	tr	kıt'alar	1	2	bare
wn_02b78b00	قِطَع	fa	قطعه هایی	1	2	bare
wn_02b78b00	قِطَع	fr	lambeaux	1	2	bare
wn_eb5d6b6f	مُظْلِم	en	darkness night	1	2	bare
wn_eb5d6b6f	مُظْلِم	ur	تاریک	1	2	bare
wn_eb5d6b6f	مُظْلِم	hi	तारीक	1	2	bare
wn_eb5d6b6f	مُظْلِم	in	gelap gulita	1	2	bare
wn_eb5d6b6f	مُظْلِم	tr	kapkaranlık	1	2	bare
wn_eb5d6b6f	مُظْلِم	fa	تاریک	1	2	bare
wn_eb5d6b6f	مُظْلِم	fr	assombrissante	1	2	bare
wv_c19e25d4	أَسْلَفَتْ	en	did previously	1	2	bare
wv_c19e25d4	أَسْلَفَتْ	bn	অতীতে করেছে	1	2	bare
wv_c19e25d4	أَسْلَفَتْ	ur	جو کرچکے تم	1	2	bare
wv_c19e25d4	أَسْلَفَتْ	hi	कर चुके तुम	1	2	bare
wv_c19e25d4	أَسْلَفَتْ	in	lalui/sediakan	1	2	bare
wv_c19e25d4	أَسْلَفَتْ	fr	a mis en avant	1	2	bare
wn_026b9f12	تَصْدِيق	hi	तसदीक़	1	2	bare
wn_026b9f12	تَصْدِيق	tr	doğrulayıcıdır	1	2	bare
wn_026b9f12	تَصْدِيق	fa	تصدیق کنندۂ	1	2	bare
wn_908b48d1	نَدامَة	hi	निदामत	1	2	bare
wn_441ad1bb	أَصْغَر	tr	küçük	1	2	bare
wn_441ad1bb	أَصْغَر	fa	خر دتر	1	2	bare
wn_14520994	كِبْرِياء	bn	প্রতিপত্তি	1	2	bare
wn_14520994	كِبْرِياء	in	penguasa	1	2	bare
wn_14520994	كِبْرِياء	tr	ululuk	1	2	bare
wv_0d134108	أُحْكِمَتْ	en	are perfected	1	2	bare
wv_0d134108	أُحْكِمَتْ	bn	সুদৃঢ় করেন	1	2	bare
wv_0d134108	أُحْكِمَتْ	ur	پختہ کی گئیں	1	2	bare
wv_0d134108	أُحْكِمَتْ	hi	मज़बूत करता है	1	2	bare
wv_0d134108	أُحْكِمَتْ	in	menghukumkan/menguatkan	1	2	bare
wv_0d134108	أُحْكِمَتْ	tr	sağlamlaştırır	1	2	bare
wv_0d134108	أُحْكِمَتْ	fa	استواری یافته	1	2	bare
wv_0d134108	أُحْكِمَتْ	fr	perfectionne	1	2	bare
wv_fad9784c	اسْتَغْشَ	en	cover	1	2	bare
wv_fad9784c	اسْتَغْشَ	bn	ঢেকেছে	1	2	bare
wv_fad9784c	اسْتَغْشَ	ur	ڈھانپتے ہیں	1	2	bare
wv_fad9784c	اسْتَغْشَ	hi	वो ढाँपते हैं	1	2	bare
wv_fad9784c	اسْتَغْشَ	in	menutup	1	2	bare
wv_fad9784c	اسْتَغْشَ	tr	bürünseler	1	2	bare
wv_fad9784c	اسْتَغْشَ	fa	برسر کشند	1	2	bare
wv_fad9784c	اسْتَغْشَ	fr	se couvrent	1	2	bare
wv_26b17311	أَخْبَتُ	en	humble themselves	1	2	bare
wv_26b17311	أَخْبَتُ	bn	অবনমিত হয়	1	2	bare
wv_26b17311	أَخْبَتُ	ur	عاجزی کی	1	2	bare
wv_26b17311	أَخْبَتُ	hi	वो आजिज़ी करें	1	2	bare
wv_26b17311	أَخْبَتُ	in	tunduk	1	2	bare
wv_26b17311	أَخْبَتُ	tr	saygı duysun	1	2	bare
wv_26b17311	أَخْبَتُ	fa	فروتن کند	1	2	bare
wv_26b17311	أَخْبَتُ	fr	s’humilieront donc	1	2	bare
wn_9196a17a	بادِي	en	living in desert	1	2	bare
wn_9196a17a	بادِي	bn	অপরিপক্ক	1	2	bare
wn_9196a17a	بادِي	ur	بظاہر	1	2	bare
wn_9196a17a	بادِي	hi	बज़ाहिर	1	2	bare
wn_9196a17a	بادِي	in	tanpa	1	2	bare
wn_9196a17a	بادِي	tr	sığ	1	2	bare
wn_9196a17a	بادِي	fr	nomades du désert	1	2	bare
wv_7ebd5dce	أَكْثَرُ	en	frequent	1	2	bare
wv_7ebd5dce	أَكْثَرُ	bn	বৃদ্ধি করেছিল	1	2	bare
wv_7ebd5dce	أَكْثَرُ	hi	कसरत से किया तूने	1	2	bare
wv_7ebd5dce	أَكْثَرُ	in	banyak berbuat	1	2	bare
wv_7ebd5dce	أَكْثَرُ	tr	çokları	1	2	bare
wv_7ebd5dce	أَكْثَرُ	fr	as rendu abondante	1	2	bare
wn_33def4e9	تَنُّور	in	dapur	1	2	bare
wv_8b53bafb	غِيضَ	en	subsided	1	2	bare
wv_8b53bafb	غِيضَ	bn	কমায়	1	2	bare
wv_8b53bafb	غِيضَ	ur	کمی کرتے ہیں	1	2	bare
wv_8b53bafb	غِيضَ	hi	कमी करते हैं	1	2	bare
wv_8b53bafb	غِيضَ	in	disurutkan	1	2	bare
wv_8b53bafb	غِيضَ	tr	çekildi	1	2	bare
wv_8b53bafb	غِيضَ	fa	می کاهند	1	2	bare
wv_8b53bafb	غِيضَ	fr	diminuent	1	2	bare
wn_3ead898c	مُجِيب	en	Responders	1	2	bare
wn_3ead898c	مُجِيب	bn	সাড়াদানকারী	1	2	bare
wn_3ead898c	مُجِيب	ur	جواب دینے والا	1	2	bare
wn_3ead898c	مُجِيب	hi	जवाब देने बाला	1	2	bare
wn_3ead898c	مُجِيب	tr	kabul edendir	1	2	bare
wn_3ead898c	مُجِيب	fa	اجابت کننده	1	2	bare
wn_3ead898c	مُجِيب	fr	Celui qui répond	1	2	bare
wn_2c80491f	عَجِيب	bn	আজব	1	2	bare
wn_2c80491f	عَجِيب	in	sangat aneh	1	2	bare
wn_2c80491f	عَجِيب	tr	tuhaf	1	2	bare
wv_bc09f987	يُهْرَعُ	en	rushing	1	2	bare
wv_bc09f987	يُهْرَعُ	bn	ছুটে চলছে	1	2	bare
wv_bc09f987	يُهْرَعُ	ur	دوڑتی ہوئی	1	2	bare
wv_bc09f987	يُهْرَعُ	hi	तेज़ दौड़ते हुए	1	2	bare
wv_bc09f987	يُهْرَعُ	in	bergegas-gegas	1	2	bare
wv_bc09f987	يُهْرَعُ	tr	koşarak	1	2	bare
wv_bc09f987	يُهْرَعُ	fa	می شتافتند	1	2	bare
wn_654e80d1	مَنضُود	en	layers	1	2	bare
wn_654e80d1	مَنضُود	bn	একটানা	1	2	bare
wn_654e80d1	مَنضُود	hi	तह -ब-तह	1	2	bare
wn_654e80d1	مَنضُود	in	bertubi-tubi	1	2	bare
wn_654e80d1	مَنضُود	tr	meyvaları dizili	1	2	bare
wn_654e80d1	مَنضُود	fa	برهم چیده	1	2	bare
wn_654e80d1	مَنضُود	fr	aux couches superposées	1	2	bare
wn_3ec857af	وَدُود	hi	बहुत मोहब्बत करने वाला	1	2	bare
wv_ea4d02ec	قَدِمْ	en	will precede	1	2	bare
wv_ea4d02ec	قَدِمْ	bn	অগ্রসর হবো	1	2	bare
wv_ea4d02ec	قَدِمْ	ur	قیادت کرے گا	1	2	bare
wv_ea4d02ec	قَدِمْ	hi	आऐंगे हम	1	2	bare
wv_ea4d02ec	قَدِمْ	in	hadapi	1	2	bare
wv_ea4d02ec	قَدِمْ	tr	öncülük ederek	1	2	bare
wv_ea4d02ec	قَدِمْ	fa	می پرادزیم	1	2	bare
wv_ea4d02ec	قَدِمْ	fr	mènera	1	2	bare
wn_2fe31b06	وِرْد	en	place	1	2	bare
wn_2fe31b06	وِرْد	bn	উপস্থিত স্থান	1	2	bare
wn_2fe31b06	وِرْد	hi	घाट	1	2	bare
wn_2fe31b06	وِرْد	in	kedatangan	1	2	bare
wn_2fe31b06	وِرْد	tr	yerdir	1	2	bare
wn_2fe31b06	وِرْد	fa	در آیندی	1	2	bare
wn_2fe31b06	وِرْد	fr	destination d’arrivée	1	2	bare
wv_b486861b	تَرْكَنُ	en	incline	1	2	bare
wv_b486861b	تَرْكَنُ	bn	ঝুঁকো	1	2	bare
wv_b486861b	تَرْكَنُ	ur	جھکو۔ مائل ہو	1	2	bare
wv_b486861b	تَرْكَنُ	hi	झुको/माइल हो	1	2	bare
wv_b486861b	تَرْكَنُ	in	condong	1	2	bare
wv_b486861b	تَرْكَنُ	tr	meyletmeyin	1	2	bare
wv_b486861b	تَرْكَنُ	fr	inclinez	1	2	bare
wv_b5e138f6	ٱلْتَقَطَ	en	will pick him	1	2	bare
wv_b5e138f6	ٱلْتَقَطَ	bn	তাকে তুলে নিবে	1	2	bare
wv_b5e138f6	ٱلْتَقَطَ	ur	اٹھالیا اس کو	1	2	bare
wv_b5e138f6	ٱلْتَقَطَ	hi	उठा लेगा उसे	1	2	bare
wv_b5e138f6	ٱلْتَقَطَ	in	memungutnya	1	2	bare
wv_b5e138f6	ٱلْتَقَطَ	tr	onu alsın	1	2	bare
wv_b5e138f6	ٱلْتَقَطَ	fa	بر گرفتند او را	1	2	bare
wn_78bdc6c3	مُسْتَعان	en	One sought for help	1	2	bare
wn_78bdc6c3	مُسْتَعان	bn	সহায়স্থল	1	2	bare
wn_78bdc6c3	مُسْتَعان	in	tempat mohon pertolongan	1	2	bare
wn_78bdc6c3	مُسْتَعان	tr	yardım istenir	1	2	bare
wn_7099993a	بَخْس	en	very low	1	2	bare
wn_7099993a	بَخْس	bn	সামান্য	1	2	bare
wn_7099993a	بَخْس	ur	کم	1	2	bare
wn_7099993a	بَخْس	hi	कम	1	2	bare
wn_7099993a	بَخْس	in	murah	1	2	bare
wn_7099993a	بَخْس	tr	düşük	1	2	bare
wn_7099993a	بَخْس	fa	نا چیز	1	2	bare
wn_7099993a	بَخْس	fr	réduit	1	2	bare
wn_a6f37718	مَعاذ	en	Allah forbid	1	2	bare
wn_a6f37718	مَعاذ	in	berlindung	1	2	bare
wn_a6f37718	مَعاذ	tr	sığınırım	1	2	bare
wn_a6f37718	مَعاذ	fa	پناه بر	1	2	bare
wn_6a11eb7f	حاش	bn	মহিমা	1	2	bare
wv_aa4044e1	يَعْصِرُ	en	pressing	1	2	bare
wv_aa4044e1	يَعْصِرُ	bn	নিংড়ে বের করছি	1	2	bare
wv_aa4044e1	يَعْصِرُ	ur	نچوڑ رہا ہوں	1	2	bare
wv_aa4044e1	يَعْصِرُ	hi	निचोड़ रहा हूँ	1	2	bare
wv_aa4044e1	يَعْصِرُ	tr	sıkarlar	1	2	bare
wv_aa4044e1	يَعْصِرُ	fa	بیفشرند	1	2	bare
wv_aa4044e1	يَعْصِرُ	fr	pressais	1	2	bare
wn_bc052ba6	بِضْع	en	few	1	2	bare
wn_bc052ba6	بِضْع	hi	चन्द	1	2	bare
wn_bc052ba6	بِضْع	in	beberapa	1	2	bare
wn_9b4a8bd2	عِجاف	ur	پتلی	1	2	bare
wv_427d3ea9	نَجَا	en	was saved	1	2	bare
wv_427d3ea9	نَجَا	bn	বেঁচে গিয়েছো	1	2	bare
wv_427d3ea9	نَجَا	ur	نجات پاگئے ہو	1	2	bare
wv_427d3ea9	نَجَا	hi	निजात पा गया था	1	2	bare
wv_427d3ea9	نَجَا	fa	نجات یافتی	1	2	bare
wv_427d3ea9	نَجَا	fr	as échappé	1	2	bare
wv_bd92e0c6	تَزْرَعُ	ur	اگاتے ہو اس کو	1	1	pronoun
wv_3cccf582	يُغاثُ	en	will be relieved	1	2	bare
wv_3cccf582	يُغاثُ	bn	প্রচুর বৃষ্টি হবে	1	2	bare
wv_3cccf582	يُغاثُ	ur	فریاد رسی کی جائے گی	1	2	bare
wv_3cccf582	يُغاثُ	hi	बारिश दिए जाऐंगे	1	2	bare
wv_3cccf582	يُغاثُ	in	diberi hujan	1	2	bare
wv_3cccf582	يُغاثُ	tr	bol yağmur verilir	1	2	bare
wv_3cccf582	يُغاثُ	fa	باران شود	1	2	bare
wv_3cccf582	يُغاثُ	fr	seront secourus du malheur	1	2	bare
wv_6a12225d	بَرَّأَ	en	absolve	1	2	bare
wv_6a12225d	بَرَّأَ	bn	নির্দোষ মনে করি	1	2	bare
wv_6a12225d	بَرَّأَ	ur	بری الذمہ کرتا	1	2	bare
wv_6a12225d	بَرَّأَ	hi	बरी करता/करती	1	2	bare
wv_6a12225d	بَرَّأَ	fr	rend désavouée	1	2	bare
wv_3c21a8d5	اكْتالُ	en	take a measure	1	2	bare
wv_3c21a8d5	اكْتالُ	bn	মেপে নেয়	1	2	bare
wv_3c21a8d5	اكْتالُ	ur	غلہ لائیں	1	2	bare
wv_3c21a8d5	اكْتالُ	hi	नाप भर ग़ल्ला लाऐं	1	2	bare
wv_3c21a8d5	اكْتالُ	in	menerima takaran	1	2	bare
wv_3c21a8d5	اكْتالُ	tr	ölç alım	1	2	bare
wv_3c21a8d5	اكْتالُ	fa	تا پیمانه گیریم	1	2	bare
wn_e6bd035f	بَعِير	en	camel	1	2	bare
wn_e6bd035f	بَعِير	bn	এক উটের	1	2	bare
wn_e6bd035f	بَعِير	ur	اونٹ	1	2	bare
wn_e6bd035f	بَعِير	fa	شتر	1	2	bare
wv_cb1e04b8	تَفْقِدُ	en	miss	1	2	bare
wv_cb1e04b8	تَفْقِدُ	bn	হারিয়েছো	1	2	bare
wv_cb1e04b8	تَفْقِدُ	ur	گم پاتے ہو	1	2	bare
wv_cb1e04b8	تَفْقِدُ	hi	गुम पाते हो	1	2	bare
wv_cb1e04b8	تَفْقِدُ	tr	kaybettik	1	2	bare
wv_cb1e04b8	تَفْقِدُ	fa	گم کرده ایم	1	2	bare
wv_cb1e04b8	تَفْقِدُ	fr	avez qui vous manque	1	2	bare
wn_8b497e45	زَعِيم	bn	মুখপাত্র	1	2	bare
wn_8b497e45	زَعِيم	ur	ضامن	1	2	bare
wn_8b497e45	زَعِيم	in	menjamin	1	2	bare
wn_8b497e45	زَعِيم	tr	kefilim	1	2	bare
wv_ff3f4833	ٱسْتَئَْسَ	en	despaired	1	2	bare
wv_ff3f4833	ٱسْتَئَْسَ	hi	वो मायूस हो गए	1	2	bare
wv_ff3f4833	ٱسْتَئَْسَ	in	berputus asa	1	2	bare
wv_ff3f4833	ٱسْتَئَْسَ	tr	umudu kesince	1	2	bare
wv_ff3f4833	ٱسْتَئَْسَ	fa	نومید شدند	1	2	bare
wv_ff3f4833	ٱسْتَئَْسَ	fr	ont désespéré	1	2	bare
wn_172b7e6f	نَجِيّ	en	conversation	1	2	bare
wn_172b7e6f	نَجِيّ	bn	পরামর্শে	1	2	bare
wn_172b7e6f	نَجِيّ	in	berbisik	1	2	bare
wn_172b7e6f	نَجِيّ	tr	fısıldaşarak	1	2	bare
wn_172b7e6f	نَجِيّ	fa	راز گویان	1	2	bare
wn_07a42c6c	هالِك	en	destroyed	1	2	bare
wn_07a42c6c	هالِك	bn	ধ্বংসশীল	1	2	bare
wn_07a42c6c	هالِك	ur	ہلاک ہونے والی	1	2	bare
wn_07a42c6c	هالِك	hi	हलाक होने वाली	1	2	bare
wn_07a42c6c	هالِك	fa	هلاک شونده	1	2	bare
wn_07a42c6c	هالِك	fr	détruits	1	2	bare
wn_1330c614	صِنْوان	ur	دوہرے	1	2	bare
wn_1330c614	صِنْوان	tr	çatalı	1	2	bare
wn_96401939	كَفَّي	en	hands	2	2	pronoun
wn_96401939	كَفَّي	bn	দু'হাত	2	2	pronoun
wn_96401939	كَفَّي	ur	دونوں ہتھیلیاں	2	2	pronoun
wn_96401939	كَفَّي	hi	दोनों हथेलियाँ	2	2	pronoun
wn_96401939	كَفَّي	in	kedua tapak tangan	1	2	pronoun
wn_96401939	كَفَّي	tr	ellerini	1	2	pronoun
wn_96401939	كَفَّي	fa	دو دوست	1	2	pronoun
wn_96401939	كَفَّي	fr	mains	2	2	pronoun
wn_31ac2808	سَيْل	en	flood	1	2	bare
wn_31ac2808	سَيْل	bn	বন্যা	1	2	bare
wn_31ac2808	سَيْل	in	arus	1	2	bare
wn_31ac2808	سَيْل	fr	flot	1	2	bare
wv_4239749f	صَلَحَ	bn	সৎকাজ করেছে	1	2	bare-3ms
wv_4239749f	صَلَحَ	ur	صالح ہوا	1	2	bare-3ms
wv_4239749f	صَلَحَ	hi	नेक हुआ	1	2	bare-3ms
wv_4239749f	صَلَحَ	fa	شایسته باشد	1	2	bare-3ms
wn_d78cabc6	دائِم	en	constant	1	2	bare
wn_d78cabc6	دائِم	bn	নিয়মিত	1	2	bare
wn_d78cabc6	دائِم	ur	دائمی	1	2	bare
wn_d78cabc6	دائِم	hi	दाइमी	1	2	bare
wn_d78cabc6	دائِم	in	kekal	1	2	bare
wn_d78cabc6	دائِم	tr	süreklidir	1	2	bare
wn_d78cabc6	دائِم	fa	همیشگی	1	2	bare
wn_d78cabc6	دائِم	fr	éternelle	1	2	bare
wn_96980614	تَبَع	bn	অধীন	1	2	bare
wn_96980614	تَبَع	hi	ताबेअ	1	2	bare
wn_96980614	تَبَع	tr	tabi	1	2	bare
wn_70abb874	مُغْني	en	avert	1	2	bare
wn_70abb874	مُغْني	bn	কাজে আসবে	1	2	bare
wn_70abb874	مُغْني	hi	बचाने वाले हो	1	2	bare
wn_70abb874	مُغْني	in	melepaskan	1	2	bare
wn_70abb874	مُغْني	fa	دفع کننده اید	1	2	bare
wn_1bf7e314	ثابِت	en	firm	1	2	bare
wn_1bf7e314	ثابِت	ur	ثابت	1	2	bare
wn_1bf7e314	ثابِت	in	kokoh	1	2	bare
wn_1bf7e314	ثابِت	tr	sabit	1	2	bare
wn_1bf7e314	ثابِت	fa	ثابت	1	2	bare
wn_1bf7e314	ثابِت	fr	ferme	1	2	bare
wn_b971eb6f	أَمَل	bn	আশা আকাঙ্ক্ষা	1	2	bare
wn_b971eb6f	أَمَل	in	harapan	1	2	bare
wn_b971eb6f	أَمَل	tr	arzu	1	2	bare
wn_b971eb6f	أَمَل	fa	آرزو	1	2	bare
wn_b971eb6f	أَمَل	fr	grand espoir	1	2	bare
wn_14e87305	صَفْح	en	forgiveness	1	2	bare
wn_14e87305	صَفْح	bn	সৌজন্যে	1	2	bare
wn_14e87305	صَفْح	hi	दरगुज़र करना	1	2	bare
wn_14e87305	صَفْح	in	maaf	1	2	bare
wn_14e87305	صَفْح	tr	vazgeçip	1	2	bare
wn_14e87305	صَفْح	fa	با گذشتی	1	2	bare
wn_14e87305	صَفْح	fr	détournement	1	2	bare
wn_baaf2889	خَلّاق	ur	خلاق	1	2	bare
wn_baaf2889	خَلّاق	hi	ख़ूब पैदा करने वाला	1	2	bare
wn_baaf2889	خَلّاق	tr	yaratandır	1	2	bare
wn_baaf2889	خَلّاق	fa	آن آفرینندۂ	1	2	bare
wn_5d11ee98	مَثانِي	bn	পুনরাবৃত্ত	1	2	bare
wn_5d11ee98	مَثانِي	in	berulang-ulang	1	2	bare
wn_5d11ee98	مَثانِي	fa	دوتایی ها	1	2	bare
wn_5d11ee98	مَثانِي	fr	Souvent Répétés	1	2	bare
wn_0395a97c	طَرِيّ	ur	تازہ	1	2	bare
wn_0395a97c	طَرِيّ	in	lembut/segar	1	2	bare
wn_0395a97c	طَرِيّ	tr	taze	1	2	bare
wn_1e403233	مَواخِر	en	cleaving	1	2	bare
wn_1e403233	مَواخِر	bn	পানি বিদীর্ণকারী	1	2	bare
wn_1e403233	مَواخِر	in	berlayar	1	2	bare
wn_1e403233	مَواخِر	tr	yarıp gittiğini	1	2	bare
wn_6ae7b241	واصِب	en	perpetual	1	2	bare
wn_6ae7b241	واصِب	bn	অবিরাম	1	2	bare
wn_6ae7b241	واصِب	ur	دائمی	1	2	bare
wn_6ae7b241	واصِب	hi	दायमी	1	2	bare
wn_6ae7b241	واصِب	in	tetap/kekal	1	2	bare
wn_6ae7b241	واصِب	tr	daima	1	2	bare
wn_6ae7b241	واصِب	fa	دائم	1	2	bare
wn_6ae7b241	واصِب	fr	perpétuel	1	2	bare
wn_4d15cc73	مُسْوَدّ	hi	स्याह	1	2	bare
wn_4d15cc73	مُسْوَدّ	in	menghitam/suram	1	2	bare
wv_9ad6310c	تَوارَتْ	en	were hidden	1	2	bare
wv_9ad6310c	تَوارَتْ	bn	আত্ন গোপন করে	1	2	bare
wv_9ad6310c	تَوارَتْ	ur	چھپتا ہے	1	2	bare
wv_9ad6310c	تَوارَتْ	hi	वो छुप गए	1	2	bare
wv_9ad6310c	تَوارَتْ	in	tersembunyi/tertutup	1	2	bare
wv_9ad6310c	تَوارَتْ	tr	gizlenir	1	2	bare
wv_9ad6310c	تَوارَتْ	fa	نهان شد	1	2	bare
wv_9ad6310c	تَوارَتْ	fr	se cache	1	2	bare
wn_da510670	خالِص	bn	বিশুদ্ধ	1	2	bare
wn_da510670	خالِص	in	bersih/suci	1	2	bare
wn_da510670	خالِص	fr	pur	1	2	bare
wn_123105a1	سائِغ	en	pleasant	1	2	bare
wn_123105a1	سائِغ	bn	উপাদেয়	1	2	bare
wn_123105a1	سائِغ	ur	خوش گوار	1	2	bare
wn_123105a1	سائِغ	in	mudah	1	2	bare
wn_123105a1	سائِغ	tr	kayar	1	2	bare
wn_123105a1	سائِغ	fa	گواراست	1	2	bare
wn_cf5af4da	أَثاث	en	furnishing	1	2	bare
wn_cf5af4da	أَثاث	bn	সম্পদে	1	2	bare
wn_cf5af4da	أَثاث	hi	सामान	1	2	bare
wn_cf5af4da	أَثاث	in	perkakas rumah tangga	1	2	bare
wn_cf5af4da	أَثاث	tr	eşyaca	1	2	bare
wn_cf5af4da	أَثاث	fa	اسباب خانه	1	2	bare
wn_addf0864	دَخَل	ur	بہانہ	1	2	bare
wn_addf0864	دَخَل	hi	बहाना	1	2	bare
wn_addf0864	دَخَل	tr	bozucu	1	2	bare
wn_56c2a0de	مُطْمَئِنّ	en	content	1	2	bare
wn_56c2a0de	مُطْمَئِنّ	bn	অটল	1	2	bare
wn_56c2a0de	مُطْمَئِنّ	ur	مطمئن ہو	1	2	bare
wn_56c2a0de	مُطْمَئِنّ	hi	मुत्मइन	1	2	bare
wn_56c2a0de	مُطْمَئِنّ	tr	uslu uslu	1	2	bare
wn_56c2a0de	مُطْمَئِنّ	fa	به آرامش	1	2	bare
wn_56c2a0de	مُطْمَئِنّ	fr	tranquilles	1	2	bare
wn_19747b88	مُطْمَئِنَّة	en	content	1	2	bare
wn_19747b88	مُطْمَئِنَّة	bn	প্রশান্ত	1	2	bare
wn_19747b88	مُطْمَئِنَّة	ur	مطمئن	1	2	bare
wn_19747b88	مُطْمَئِنَّة	in	tenang	1	2	bare
wn_19747b88	مُطْمَئِنَّة	tr	huzura eren	1	2	bare
wn_b28c1f6a	تَتْبِير	ur	تباہ کرنا	1	2	bare
wn_b28c1f6a	تَتْبِير	hi	हलाक करना	1	2	bare
wn_b28c1f6a	تَتْبِير	in	sebenar-benar binasa	1	2	bare
wn_b28c1f6a	تَتْبِير	tr	helakla	1	2	bare
wn_b28c1f6a	تَتْبِير	fa	درهم سکتستنی	1	2	bare
wn_89912f57	مَنشُور	en	unrolled	1	2	bare
wn_89912f57	مَنشُور	bn	খোলা	1	2	bare
wn_89912f57	مَنشُور	ur	پھیلی ہوئی	1	2	bare
wn_89912f57	مَنشُور	hi	खुले हुए	1	2	bare
wn_89912f57	مَنشُور	in	terbuka	1	2	bare
wn_89912f57	مَنشُور	tr	yayılmış	1	2	bare
wn_89912f57	مَنشُور	fa	گشاده	1	2	bare
wn_89912f57	مَنشُور	fr	ouvert	1	2	bare
wn_5953eab4	تَدْمِير	ur	ہلاک کرنا	1	2	bare
wn_5953eab4	تَدْمِير	hi	हलाक करना	1	2	bare
wn_5953eab4	تَدْمِير	in	sehancur-hancurnya	1	2	bare
wn_5953eab4	تَدْمِير	tr	yıkılışla	1	2	bare
wn_5953eab4	تَدْمِير	fa	به سختی	1	2	bare
wn_e90d59ef	مَشْكُور	bn	স্বীকৃত	1	2	bare
wn_e90d59ef	مَشْكُور	hi	क़ाबिले क़दर	1	2	bare
wn_e90d59ef	مَشْكُور	tr	teşekküre layık	1	2	bare
wn_56ce420c	تَفْضِيل	en	excellence	1	2	bare
wn_56ce420c	تَفْضِيل	bn	শ্রেষ্ঠত্বেও	1	2	bare
wn_56ce420c	تَفْضِيل	ur	فضیلت میں	1	2	bare
wn_56ce420c	تَفْضِيل	hi	फ़जीलत में	1	2	bare
wn_56ce420c	تَفْضِيل	in	kelebihan	1	2	bare
wn_56ce420c	تَفْضِيل	tr	üstünlük bakımından	1	2	bare
wn_56ce420c	تَفْضِيل	fa	در برتری	1	2	bare
wn_d8c25090	مَنصُور	en	helped	1	2	bare
wn_d8c25090	مَنصُور	ur	مدد کیا ہوا	1	2	bare
wn_d8c25090	مَنصُور	hi	मदद किया हुआ	1	2	bare
wn_d8c25090	مَنصُور	in	orang yang mendapat pertolongan	1	2	bare
wn_cf12336a	مَرَح	en	insolence	1	2	bare
wn_cf12336a	مَرَح	bn	দম্ভভরে	1	2	bare
wn_cf12336a	مَرَح	ur	اکڑ کر	1	2	bare
wn_cf12336a	مَرَح	hi	इतराते हुए	1	2	bare
wn_cf12336a	مَرَح	in	angkuh	1	2	bare
wn_cf12336a	مَرَح	tr	böbürlenerek	1	2	bare
wn_cf12336a	مَرَح	fa	خرامان	1	2	bare
wn_1583c489	تَسْبِيح	en	glorification	1	1	pronoun
wn_1583c489	تَسْبِيح	bn	পবিত্রতা ঘোষণা করা	1	1	pronoun
wn_1583c489	تَسْبِيح	ur	تسبیح کو	1	1	pronoun
wn_1583c489	تَسْبِيح	hi	तस्बीह	1	1	pronoun
wn_1583c489	تَسْبِيح	in	tasbih	1	1	pronoun
wn_1583c489	تَسْبِيح	tr	onların tesbihlerini	1	1	pronoun
wn_1583c489	تَسْبِيح	fa	تسبیح	1	1	pronoun
wn_1583c489	تَسْبِيح	fr	déclaration de Sa Perfection	1	1	pronoun
wn_d849ab32	رُفات	ur	چورا چورا	1	2	conj
wn_d849ab32	رُفات	fa	اعضای ازهم پاشیده	1	2	conj
wv_fb0a81fd	كَرَّمْ	bn	মর্যাদা দিয়েছি	1	2	bare
wv_fb0a81fd	كَرَّمْ	ur	نے عزت بخشی	1	2	bare
wv_fb0a81fd	كَرَّمْ	hi	इज़्ज़त दी तूने	1	2	bare
wv_fb0a81fd	كَرَّمْ	in	muliakan	1	2	bare
wv_fb0a81fd	كَرَّمْ	fa	برتری دادی	1	2	bare
wv_fb0a81fd	كَرَّمْ	fr	as honoré	1	2	bare
wv_751d0620	يُزْجِي	bn	চালনা করেন	1	2	bare
wv_751d0620	يُزْجِي	in	menjalankan	1	2	bare
wv_751d0620	يُزْجِي	tr	sürer	1	2	bare
wv_751d0620	يُزْجِي	fa	می راند	1	2	bare
wn_4a9afdd1	نافِلَة	en	addition	1	2	bare
wn_4a9afdd1	نافِلَة	hi	मज़ीद	1	2	bare
wn_4a9afdd1	نافِلَة	in	sholat sunnat	1	2	bare
wn_4a9afdd1	نافِلَة	fa	که افزودنی	1	2	bare
wn_d96338fb	يَنبُوع	en	spring	1	2	bare
wn_d96338fb	يَنبُوع	bn	স্রোতধারা	1	2	bare
wn_d96338fb	يَنبُوع	ur	ایک چشمہ	1	2	bare
wn_d96338fb	يَنبُوع	hi	चश्मे	1	2	bare
wn_d96338fb	يَنبُوع	tr	göze	1	2	bare
wn_d96338fb	يَنبُوع	fa	چشمه ای را	1	2	bare
wn_d96338fb	يَنبُوع	fr	source d’eau	1	2	bare
wn_70dc4d2b	تَفْجِير	bn	প্রবাহিত	1	2	bare
wn_70dc4d2b	تَفْجِير	ur	پھاڑ لے جانا	1	2	bare
wn_70dc4d2b	تَفْجِير	hi	फाड़ ले जाना	1	2	bare
wn_70dc4d2b	تَفْجِير	in	terpancar	1	2	bare
wn_70dc4d2b	تَفْجِير	tr	fışkırtarak	1	2	bare
wn_e1e9e84e	ماكِث	en	abide	1	2	bare
wn_e1e9e84e	ماكِث	bn	অবস্থানকারী	1	2	bare
wn_e1e9e84e	ماكِث	ur	رہنے والے	1	2	bare
wn_e1e9e84e	ماكِث	in	mereka kekal	1	2	bare
wn_e1e9e84e	ماكِث	tr	kalacaksınız	1	2	bare
wn_e1e9e84e	ماكِث	fa	پایدارند	1	2	bare
wn_332c8977	باخِع	en	kill	1	2	bare
wn_332c8977	باخِع	bn	ধ্বংসকারী	1	2	bare
wn_332c8977	باخِع	in	membinasakan	1	2	bare
wn_332c8977	باخِع	fa	هلاک سازی	1	2	bare
wn_332c8977	باخِع	fr	quelqu’un qui égorge	1	2	bare
wn_33e19e8d	جُرُز	bn	ঊষর	1	2	bare
wn_33e19e8d	جُرُز	ur	بنجر	1	2	bare
wn_33e19e8d	جُرُز	hi	चटियल	1	2	bare
wn_33e19e8d	جُرُز	tr	kupkuru	1	2	bare
wv_f4141ff2	يُهَيِّئْ	bn	তৈরি করে দিবেন	1	2	bare
wv_f4141ff2	يُهَيِّئْ	ur	مہیا کر	1	2	bare
wv_f4141ff2	يُهَيِّئْ	hi	मुहैय्या कर	1	2	bare
wv_f4141ff2	يُهَيِّئْ	in	sediakanlah	1	2	bare
wv_f4141ff2	يُهَيِّئْ	fa	آماده ساز	1	2	bare
wv_f4141ff2	يُهَيِّئْ	fr	facilite	1	2	bare
wn_27f706a6	شَطَط	en	enormity	1	2	bare
wn_27f706a6	شَطَط	bn	গর্হিত	1	2	bare
wn_27f706a6	شَطَط	ur	زیادتی کی باتیں	1	2	bare
wn_27f706a6	شَطَط	hi	बात नाइन्साफ़ी की	1	2	bare
wn_27f706a6	شَطَط	in	melampaui batas	1	2	bare
wn_27f706a6	شَطَط	tr	saçma sapan	1	2	bare
wv_ec3ff971	طَلَعَت	en	rose	1	2	bare
wv_ec3ff971	طَلَعَت	bn	উদয় হয়	1	2	bare
wv_ec3ff971	طَلَعَت	ur	طلوع ہوتا کہ	1	2	bare
wv_ec3ff971	طَلَعَت	tr	doğduğu	1	2	bare
wv_ec3ff971	طَلَعَت	fa	برآید	1	2	bare
wv_ec3ff971	طَلَعَت	fr	se levait	1	2	bare
wv_dd4ec4d5	غَرَبَت	en	set	1	2	bare
wv_dd4ec4d5	غَرَبَت	bn	অস্ত যায়	1	2	bare
wv_dd4ec4d5	غَرَبَت	ur	غروب ہوتا ہے	1	2	bare
wv_dd4ec4d5	غَرَبَت	hi	वो ग़ुरूब होता	1	2	bare
wv_dd4ec4d5	غَرَبَت	tr	battığı	1	2	bare
wv_dd4ec4d5	غَرَبَت	fa	غروب کند	1	2	bare
wv_dd4ec4d5	غَرَبَت	fr	se couchait	1	2	bare
wn_ee88a7ce	رابِع	en	forth of	1	2	pronoun
wn_ee88a7ce	رابِع	bn	চতুর্থটি	1	2	pronoun
wn_ee88a7ce	رابِع	ur	چوتھا	2	2	pronoun
wn_ee88a7ce	رابِع	hi	चौथा	2	2	pronoun
wn_ee88a7ce	رابِع	in	keempat	2	2	pronoun
wn_ee88a7ce	رابِع	tr	dördüncüleri	2	2	pronoun
wn_ee88a7ce	رابِع	fa	چهارم	2	2	pronoun
wn_ee88a7ce	رابِع	fr	quatrième eux	2	2	pronoun
wn_803719a1	سادِس	en	sixth of	2	2	pronoun
wn_803719a1	سادِس	bn	ষষ্ঠটি	1	2	pronoun
wn_803719a1	سادِس	ur	چھٹا	2	2	pronoun
wn_803719a1	سادِس	hi	छटा	1	2	pronoun
wn_803719a1	سادِس	in	keenam	2	2	pronoun
wn_803719a1	سادِس	tr	altıncıları	2	2	pronoun
wn_803719a1	سادِس	fa	ششمی	1	2	pronoun
wn_803719a1	سادِس	fr	sixième eux	2	2	pronoun
wn_4403c176	مُلْتَحَد	bn	আশ্রয়স্থল	1	2	bare
wn_4403c176	مُلْتَحَد	ur	جائے پناہ	1	2	bare
wn_4403c176	مُلْتَحَد	hi	कोई पनाहगाह	1	2	bare
wn_4403c176	مُلْتَحَد	in	tempat berlindung	1	2	bare
wn_4403c176	مُلْتَحَد	tr	sığınacak kimse	1	2	bare
wn_4a1a62c0	مُرْتَفَق	ur	مقام/دوستی	1	2	bare
wn_4a1a62c0	مُرْتَفَق	hi	आरामगाह	1	2	bare
wn_4a1a62c0	مُرْتَفَق	fa	منزلگاهی	1	2	bare
wn_5937c87b	مُنقَلَب	bn	প্রত্যাবর্তনস্থান	1	2	bare
wn_5937c87b	مُنقَلَب	ur	انجام کو	1	2	bare
wn_5937c87b	مُنقَلَب	tr	akıbet	1	2	bare
wn_3f23deb1	غَوْر	bn	শুষ্ক	1	2	bare
wn_3f23deb1	غَوْر	in	surut	1	2	bare
wn_3f23deb1	غَوْر	tr	dibe	1	2	bare
wn_49b01f4b	جَدَل	en	argument	1	2	bare
wn_49b01f4b	جَدَل	bn	ঝগড়াটে	1	2	bare
wn_49b01f4b	جَدَل	ur	جھگڑنے والا	1	2	bare
wn_49b01f4b	جَدَل	hi	झगड़ने को	1	2	bare
wn_49b01f4b	جَدَل	tr	tartışmak	1	2	bare
wn_49b01f4b	جَدَل	fa	در چون و چرا	1	2	bare
wn_8e708823	مَجْمَع	fa	به جایگاه پیوستن	1	2	bare
wn_415ab9c9	خُبْر	en	information	1	2	bare
wn_415ab9c9	خُبْر	bn	বিবরণ	1	2	bare
wn_415ab9c9	خُبْر	hi	इल्म से	1	2	bare
wn_415ab9c9	خُبْر	tr	ilmimizle	1	2	bare
wn_415ab9c9	خُبْر	fa	آگاهی	1	2	bare
wn_4bb8dd5d	عُذْر	en	excuse	1	2	bare
wn_4bb8dd5d	عُذْر	bn	অনুশোচনা করা	1	2	bare
wn_4bb8dd5d	عُذْر	hi	उज़र को	1	2	bare
wn_4bb8dd5d	عُذْر	in	beralasan	1	2	bare
wn_4bb8dd5d	عُذْر	fa	به عذری	1	2	bare
wn_13899762	جِدار	bn	দেয়ালটির	1	2	bare
wn_13899762	جِدار	ur	ایک دیوار	1	2	bare
wn_13899762	جِدار	fa	آن دیوار	1	2	bare
wn_89eaf3fb	فِراق	bn	বিচ্ছেদ	1	2	bare
wn_89eaf3fb	فِراق	in	berpisah	1	2	bare
wn_89eaf3fb	فِراق	tr	ayrılmasıdır	1	2	bare
wn_abf5706c	مَأْجُوج	fa	ماجوج	1	2	conj
wn_0165851d	خَرْج	en	payment	1	2	bare
wn_0165851d	خَرْج	bn	কর	1	2	bare
wn_0165851d	خَرْج	ur	خراج۔ ٹیکس	1	2	bare
wn_0165851d	خَرْج	hi	कुछ ख़राज	1	2	bare
wn_0165851d	خَرْج	in	upeti/pembayaran	1	2	bare
wn_0165851d	خَرْج	fa	مزدی را؟	1	2	bare
wn_ef4adaa1	قِطْر	bn	গলানো তামা	1	2	bare
wn_ef4adaa1	قِطْر	ur	پگھلا ہوا تانبا	1	2	bare
wn_ef4adaa1	قِطْر	hi	पिघला हुआ ताँबा	1	2	bare
wn_ef4adaa1	قِطْر	in	leburan tembaga	1	2	bare
wn_ef4adaa1	قِطْر	fa	مس گداخته را	1	2	bare
wn_7902cf5f	صُنْع	bn	কর্ম	1	2	bare
wn_7902cf5f	صُنْع	ur	کام	1	2	bare
wn_7902cf5f	صُنْع	hi	काम	1	2	bare
wn_7902cf5f	صُنْع	tr	işlerini	1	2	bare
wn_7902cf5f	صُنْع	fa	ساختۂ	1	2	bare
wn_bae6f52e	فِرْدَوْس	bn	ফিরদৌসের	1	2	bare
wn_bae6f52e	فِرْدَوْس	ur	فردوس کے	1	2	bare
wn_bae6f52e	فِرْدَوْس	fa	فردوس	1	2	bare
wn_67e50610	خَفِيّ	en	secret	1	2	bare
wn_67e50610	خَفِيّ	bn	গোপন	1	2	bare
wn_67e50610	خَفِيّ	ur	چھپی ہوئی	1	2	bare
wn_67e50610	خَفِيّ	hi	छुपी से	1	2	bare
wn_67e50610	خَفِيّ	in	lembut	1	2	bare
wn_436dbd1a	سَمِيّ	en	name	1	2	bare
wn_436dbd1a	سَمِيّ	bn	সমমান	1	2	bare
wn_436dbd1a	سَمِيّ	hi	कोई हमनाम	1	2	bare
wn_436dbd1a	سَمِيّ	in	nama	1	2	bare
wn_436dbd1a	سَمِيّ	fr	nommé	1	2	bare
wn_30fc0d0a	عِتِيّ	en	extreme	1	2	bare
wn_30fc0d0a	عِتِيّ	bn	অবাধ্য	1	2	bare
wn_30fc0d0a	عِتِيّ	ur	سرکشی میں	1	2	bare
wn_30fc0d0a	عِتِيّ	hi	सरकशी में	1	2	bare
wn_30fc0d0a	عِتِيّ	in	durhaka	1	2	bare
wn_30fc0d0a	عِتِيّ	tr	isyan edeni	1	2	bare
wn_30fc0d0a	عِتِيّ	fa	در سرکشی	1	2	bare
wn_30fc0d0a	عِتِيّ	fr	insolence	1	2	bare
wn_c1e1c480	صَبِيّ	bn	ছোট্ট শিশু	1	2	bare
wn_c1e1c480	صَبِيّ	ur	ایک بچہ سا	1	2	bare
wn_c1e1c480	صَبِيّ	hi	एक बच्चा	1	2	bare
wn_c1e1c480	صَبِيّ	in	kanak-kanak	1	2	bare
wn_c1e1c480	صَبِيّ	tr	çocukla	1	2	bare
wn_c1e1c480	صَبِيّ	fa	کودکی	1	2	bare
wn_1935aef8	عَصِيّ	tr	zorba	1	2	bare
wn_1935aef8	عَصِيّ	fa	سرکش	1	2	bare
wv_ba39d4a1	انتَبَذَتْ	ur	الگ ہوئی	1	2	bare
wv_ba39d4a1	انتَبَذَتْ	tr	çekildi	1	2	bare
wv_ba39d4a1	انتَبَذَتْ	fa	کناره گزید	1	2	bare
wn_d2c4df47	بَغِيّ	bn	ব্যভিচারিণী	1	2	bare
wn_d2c4df47	بَغِيّ	fa	زناکار	1	2	bare
wn_89f90989	مَقْضِيّ	bn	অনিবার্য	1	2	bare
wn_89f90989	مَقْضِيّ	ur	ایک فیصلہ	1	2	bare
wn_89f90989	مَقْضِيّ	tr	kesin	1	2	bare
wn_89f90989	مَقْضِيّ	fa	انجام پذیر	1	2	bare
wn_89f90989	مَقْضِيّ	fr	décidé	1	2	bare
wn_466288f1	نَخْلَة	ur	درخت کے	1	2	bare
wn_466288f1	نَخْلَة	fa	خرما را	1	2	bare
wn_8a334c2c	جِثِيّ	hi	घुटनों के बल गिरे हुए	1	2	bare
wn_8a334c2c	جِثِيّ	tr	diz çökmüş vaziyette	1	2	bare
wn_8a334c2c	جِثِيّ	fa	به زانو درافتاده	1	2	bare
wn_8804b443	مَدّ	en	extension	1	2	bare
wn_8804b443	مَدّ	bn	অবকাশ	1	2	bare
wn_8804b443	مَدّ	ur	خوب ڈھیل	1	2	bare
wn_8804b443	مَدّ	hi	बढ़ाना	1	2	bare
wn_8804b443	مَدّ	in	panjang	1	2	bare
wn_8804b443	مَدّ	tr	uzattıkça	1	2	bare
wn_8804b443	مَدّ	fa	مهلتی	1	2	bare
wn_60f3e034	عَدّ	en	number	1	2	bare
wn_60f3e034	عَدّ	tr	bir	1	2	bare
wn_60f3e034	عَدّ	fa	شمردنی	1	2	bare
wn_dd10ce4c	طُوًى	bn	তুওয়া	1	2	bare
wn_dd10ce4c	طُوًى	ur	طوی کی	1	2	bare
wn_dd10ce4c	طُوًى	fa	طوی	1	2	bare
wv_875be607	اضْمُمْ	ur	ملالو	1	2	bare
wv_875be607	اضْمُمْ	hi	मिला लो	1	2	bare
wv_875be607	اضْمُمْ	in	kepitkanlah	1	2	bare
wv_875be607	اضْمُمْ	tr	sok	1	2	bare
wn_cea937a2	وَزِير	en	minister	1	2	bare
wn_cea937a2	وَزِير	hi	मददगार	1	2	bare
wn_cea937a2	وَزِير	fa	وزیری را	1	2	bare
wn_8c6acaa7	نُهَى	bn	বিবেক	1	2	bare
wn_0bb474c2	نَسْف	bn	বিক্ষিপ্ত করে	1	2	bare
wn_0bb474c2	نَسْف	ur	گرا دینا	1	2	bare
wn_0bb474c2	نَسْف	in	berhamburan	1	2	bare
wn_0bb474c2	نَسْف	fa	پاشیدنی	1	2	bare
wv_e707090e	يَتَخافَتُ	en	are murmuring	1	2	bare
wv_e707090e	يَتَخافَتُ	bn	নিচু স্বরে বলছিল	1	2	bare
wv_e707090e	يَتَخافَتُ	ur	سرگوشیاں کریں گے	1	2	bare
wv_e707090e	يَتَخافَتُ	in	berbisik-bisik	1	2	bare
wv_e707090e	يَتَخافَتُ	tr	fısıldaşıyorlardı	1	2	bare
wv_e707090e	يَتَخافَتُ	fa	آهسته می گویند	1	2	bare
wv_e707090e	يَتَخافَتُ	fr	discuteront à voix basse	1	2	bare
wv_5744a9c7	خَشَعَتِ	en	humbled	1	2	bare
wv_5744a9c7	خَشَعَتِ	bn	ক্ষীণ হবে	1	2	bare
wv_5744a9c7	خَشَعَتِ	ur	جھک جائیں	1	2	bare
wv_5744a9c7	خَشَعَتِ	hi	झुक जाऐं	1	2	bare
wv_5744a9c7	خَشَعَتِ	in	tunduk	1	2	bare
wv_5744a9c7	خَشَعَتِ	fr	seront humbles	1	2	bare
wn_637a06e1	لِزام	en	obligation	1	2	bare
wn_637a06e1	لِزام	bn	অবশ্যম্ভাবী	1	2	bare
wn_637a06e1	لِزام	ur	چمٹ جانے والا	1	2	bare
wn_637a06e1	لِزام	hi	लाज़िम	1	2	bare
wn_637a06e1	لِزام	in	pasti	1	2	bare
wn_637a06e1	لِزام	tr	gerekli	1	2	bare
wn_637a06e1	لِزام	fa	گریبانگیر	1	2	bare
wn_637a06e1	لِزام	fr	attachement	1	2	bare
wn_6bce4ae0	طُلُوع	tr	doğmadan	1	2	bare
wn_6bce4ae0	طُلُوع	fa	طلوع	1	2	bare
wn_d9aa26bc	مُحْدَث	en	new	1	2	bare
wn_d9aa26bc	مُحْدَث	hi	नई	1	2	bare
wn_d9aa26bc	مُحْدَث	fa	نو	1	2	bare
wn_ca8f4094	خامِد	en	extinct	1	2	bare
wn_ca8f4094	خامِد	bn	নেভানো আগুনের মতো	1	2	bare
wn_ca8f4094	خامِد	ur	بجھی ہوئی آگ	1	2	bare
wn_ca8f4094	خامِد	hi	बुझी हुई	1	2	bare
wn_ca8f4094	خامِد	in	mereka padam/mati	1	2	bare
wn_ca8f4094	خامِد	tr	sönüverdiler	1	2	bare
wn_ca8f4094	خامِد	fa	خاموش شدند	1	2	bare
wn_66dc9a75	مَحْفُوظ	en	Guarded	1	2	bare
wn_66dc9a75	مَحْفُوظ	hi	महफ़ूज़	1	2	bare
wn_66dc9a75	مَحْفُوظ	in	terpelihara	1	2	bare
wn_66dc9a75	مَحْفُوظ	tr	korunan	1	2	bare
wn_66dc9a75	مَحْفُوظ	fa	محفوظ	1	2	bare
wn_66dc9a75	مَحْفُوظ	fr	gardé	1	2	bare
wv_5f341b76	يَسْبَحُ	bn	বিচরণ করছে	1	2	bare
wv_5f341b76	يَسْبَحُ	ur	تیر رہے ہیں	1	2	bare
wv_5f341b76	يَسْبَحُ	hi	वो तैरते हैं	1	2	bare
wv_5f341b76	يَسْبَحُ	fr	flotte	1	2	bare
wn_e6a2a860	بَرْد	en	cool	1	2	bare
wn_e6a2a860	بَرْد	bn	শীতল	1	2	bare
wn_e6a2a860	بَرْد	ur	ٹھنڈی	1	2	bare
wn_e6a2a860	بَرْد	hi	ठंडी	1	2	bare
wn_e6a2a860	بَرْد	in	dingin	1	2	bare
wn_92dcaa2c	إِقام	en	establishing	1	2	conj
wn_92dcaa2c	إِقام	ur	قائم کرنے کی	1	2	conj
wn_92dcaa2c	إِقام	hi	क़ायम करना	1	2	conj
wn_92dcaa2c	إِقام	tr	kılmayı	1	2	conj
wn_92dcaa2c	إِقام	fa	برپاداشتن	1	2	conj
wn_39111bfa	فَزَع	bn	ভয়	1	2	bare
wv_df81ba62	آذَن	en	announce	1	2	pronoun
wv_df81ba62	آذَن	bn	সতর্ক করে দিয়েছি	1	2	pronoun
wv_df81ba62	آذَن	ur	عرض کرچکے ہیں آپ کو	1	2	pronoun
wv_df81ba62	آذَن	hi	ख़बरदार कर दिया मैं ने	1	2	pronoun
wv_df81ba62	آذَن	in	nyatakan kepada Enga	1	2	pronoun
wv_df81ba62	آذَن	tr	ben size açıkladım	1	2	pronoun
wv_df81ba62	آذَن	fa	آگاه کردم	1	2	pronoun
wv_df81ba62	آذَن	fr	T’annonçons	1	2	pronoun
wn_ed9a52fd	مُخَلَّقَة	en	formed	1	2	bare
wn_ed9a52fd	مُخَلَّقَة	ur	صورت دیا گیا	1	2	bare
wn_ed9a52fd	مُخَلَّقَة	tr	biçimlenmiş	1	2	bare
wn_bf657fc6	بَهِيج	bn	সুদৃশ্য	1	2	bare
wn_bf657fc6	بَهِيج	ur	بارونق	1	2	bare
wn_bf657fc6	بَهِيج	hi	बारौनक़	1	2	bare
wn_bf657fc6	بَهِيج	fa	دل انگیزی را	1	2	bare
wn_8f8a3bcc	عَتِيق	ur	قدیم	1	2	bare
wn_0ddf743c	ذُباب	bn	মাছি	1	2	bare
wn_0ddf743c	ذُباب	in	lalat itu	1	2	bare
wn_0ddf743c	ذُباب	fa	مگس	1	2	bare
wn_ce66f41d	راعي	bn	পালনকারী	1	2	bare
wn_ce66f41d	راعي	ur	نگران	1	2	bare
wn_ce66f41d	راعي	in	mereka memelihara	1	2	bare
wn_ce66f41d	راعي	tr	gözetirler	1	2	bare
wn_ce66f41d	راعي	fr	observateurs	1	2	bare
wn_78af5808	هَيْهات	bn	দূরে	1	2	bare
wn_7dafc70c	سِخْرِيّ	en	mockery	1	2	bare
wn_7dafc70c	سِخْرِيّ	bn	বিদ্রুপের	1	2	bare
wn_7dafc70c	سِخْرِيّ	in	ejekan/olok-olokan	1	2	bare
wn_7dafc70c	سِخْرِيّ	tr	alaya	1	2	bare
wn_72304efb	جَلْدَة	en	lash	1	2	bare
wn_3edb67b8	رَأْفَة	en	compassion	1	2	bare
wn_3edb67b8	رَأْفَة	bn	করুণা	1	2	bare
wn_3edb67b8	رَأْفَة	ur	شفقت کو	1	2	bare
wn_3edb67b8	رَأْفَة	hi	शफ़्क़त	1	2	bare
wn_3edb67b8	رَأْفَة	in	rasa satun	1	2	bare
wn_3edb67b8	رَأْفَة	tr	şefkat	1	2	bare
wn_3edb67b8	رَأْفَة	fa	نرمی	1	2	bare
wn_3edb67b8	رَأْفَة	fr	compassion	1	2	bare
wn_b1105323	خامِسَة	ur	پانچویں دفعہ	1	2	conj
wn_b1105323	خامِسَة	tr	beşinci defasında	1	2	conj
wn_b1105323	خامِسَة	fa	پنجم بار	1	2	conj
wn_0ff6b56e	زُجاجَة	bn	কাঁচপাত্র	1	2	bare
wn_0ff6b56e	زُجاجَة	hi	वो शीशा	1	2	bare
wn_0ff6b56e	زُجاجَة	in	kaca itu	1	2	bare
wn_0ff6b56e	زُجاجَة	fa	شیشه ای	1	2	bare
wn_6cb71cfe	وَدْق	bn	বৃষ্টি	1	2	bare
wn_6cb71cfe	وَدْق	ur	بارش کو	1	2	bare
wn_6cb71cfe	وَدْق	fa	که قطرات باران	1	2	bare
wn_256328ac	أَعْرَج	hi	लँगड़े पर	1	2	bare
wn_256328ac	أَعْرَج	in	orang pincang	1	2	bare
wn_702302c8	عَمّ	en	paternal uncles	2	2	pronoun
wn_702302c8	عَمّ	bn	চাচার	1	2	pronoun
wn_702302c8	عَمّ	ur	چچاؤں	1	2	pronoun
wn_702302c8	عَمّ	hi	चचाओं	1	2	pronoun
wn_702302c8	عَمّ	in	saudara perempuan bapak	1	2	pronoun
wn_702302c8	عَمّ	tr	amcanın	1	2	pronoun
wn_702302c8	عَمّ	fa	عموهای	1	1	pronoun
wn_702302c8	عَمّ	fr	oncles paternels	2	2	pronoun
wn_d0f9ed5f	خال	en	maternal uncles	2	2	pronoun
wn_d0f9ed5f	خال	bn	মামার	1	2	pronoun
wn_d0f9ed5f	خال	ur	ماموؤں	1	2	pronoun
wn_d0f9ed5f	خال	hi	मामूओं	1	2	pronoun
wn_d0f9ed5f	خال	in	saudara laki-laki ibu	1	2	pronoun
wn_d0f9ed5f	خال	tr	dayının	1	2	pronoun
wn_d0f9ed5f	خال	fa	دایی های	1	1	pronoun
wn_d0f9ed5f	خال	fr	oncles maternels	2	2	pronoun
wn_bfee7331	أَشْتات	en	separately	1	2	bare
wn_bfee7331	أَشْتات	bn	আলাদা আলাদা ভাবে	1	2	bare
wn_bfee7331	أَشْتات	ur	الگ الگ	1	2	bare
wn_bfee7331	أَشْتات	in	sendirian	1	2	bare
wn_bfee7331	أَشْتات	fa	پراکنده	1	2	bare
wn_b3a2340f	بُور	bn	বড়	1	2	bare
wn_b3a2340f	بُور	tr	helaki hak eden	1	2	bare
wn_b3a2340f	بُور	fa	هلاک شده	1	2	bare
wn_113a60c5	عُتُوّ	en	pride	1	2	bare
wn_113a60c5	عُتُوّ	bn	অবাধ্য	1	2	bare
wn_113a60c5	عُتُوّ	in	kesombongan	1	2	bare
wn_6202b54d	مَحْجُور	ur	بندھا ہوا	1	2	bare
wn_6202b54d	مَحْجُور	in	terhalang	1	2	bare
wn_6202b54d	مَحْجُور	tr	yasaklanmıştır	1	2	bare
wn_6202b54d	مَحْجُور	fa	محروم اید	1	2	bare
wn_6202b54d	مَحْجُور	fr	interdit	1	2	bare
wn_361a7ea2	هَباء	bn	ধূলিকণা	1	2	bare
wn_361a7ea2	هَباء	ur	غبار۔ ریت	1	2	bare
wn_361a7ea2	هَباء	hi	ग़ुबार	1	2	bare
wn_361a7ea2	هَباء	tr	toz duman	1	2	bare
wn_aa06341f	مَنثُور	en	dispersed	1	2	bare
wn_aa06341f	مَنثُور	ur	بکھرے ہوئے	1	2	bare
wn_aa06341f	مَنثُور	hi	परागन्दा	1	2	bare
wn_aa06341f	مَنثُور	in	bertaburan	1	2	bare
wn_aa06341f	مَنثُور	fa	پرا کنده	1	2	bare
wn_aa06341f	مَنثُور	fr	dispersée	1	2	bare
wn_1b3fdb41	عَسِير	hi	बहुत सख़्त	1	2	bare
wn_1b3fdb41	عَسِير	in	sulit	1	2	bare
wn_537a0e1b	رَسّ	en	Ar-rass	1	2	bare
wn_537a0e1b	رَسّ	bn	কূপ	1	2	bare
wn_537a0e1b	رَسّ	ur	کنوئیں	1	2	bare
wn_537a0e1b	رَسّ	hi	असहाबे-रस	1	2	bare
wn_563e53ae	سُبات	ur	باعث آرام	1	2	bare
wn_563e53ae	سُبات	hi	बाइसे आराम	1	2	bare
wn_563e53ae	سُبات	fa	راحتی	1	2	bare
wn_56c9efbd	طَهُور	bn	পবিত্র	1	2	bare
wn_56c9efbd	طَهُور	ur	پانی	1	2	bare
wn_56c9efbd	طَهُور	in	bersih/suci	1	2	bare
wn_56c9efbd	طَهُور	fa	پاک را	1	2	bare
wn_56c9efbd	طَهُور	fr	purifiante	1	2	bare
wv_a666799d	مَرَجَ	ur	جس نے ملائے	1	2	bare-3ms
wv_a666799d	مَرَجَ	hi	मिला दिया	1	2	bare-3ms
wv_a666799d	مَرَجَ	in	alirkan	1	2	bare-3ms
wv_a666799d	مَرَجَ	fa	روان ساخت	1	2	bare-3ms
wn_de37ceeb	عَذْب	en	fresh	1	2	bare
wn_93db77fe	مِلْح	ur	نمکین	1	2	bare
wn_93db77fe	مِلْح	hi	खारी	1	2	bare
wn_2000df45	شُكُور	en	thanks	1	2	bare
wn_2000df45	شُكُور	ur	شکریہ	1	2	bare
wn_2000df45	شُكُور	hi	कोई शुक्रिया	1	2	bare
wn_2000df45	شُكُور	in	bersyukur	1	2	bare
wn_2000df45	شُكُور	tr	teşekkür	1	2	bare
wn_2000df45	شُكُور	fa	سپاسی را	1	2	bare
wv_2d8c503e	يَخْلُدْ	en	live forever	1	2	bare
wv_2d8c503e	يَخْلُدْ	bn	স্থায়ী হবে	1	2	bare
wv_2d8c503e	يَخْلُدْ	ur	ہمیشہ رہو گے	1	2	bare
wv_2d8c503e	يَخْلُدْ	hi	हमेशा रहोगे	1	2	bare
wv_2d8c503e	يَخْلُدْ	tr	kalır	1	2	bare
wv_2d8c503e	يَخْلُدْ	fa	جاوید ماند	1	2	bare
wv_2d8c503e	يَخْلُدْ	fr	soyez éternels	1	2	bare
wn_690dae0b	مُتَّبَع	bn	পিছনে করা হবে	1	2	bare
wn_690dae0b	مُتَّبَع	in	orang-orang yang diikuti	1	2	bare
wn_690dae0b	مُتَّبَع	fa	تعقیب می شوید	1	2	bare
wn_e3a7c117	سَلِيم	bn	বিশুদ্ধ	1	2	bare
wn_e3a7c117	سَلِيم	in	selamat/suci	1	2	bare
wn_e3a7c117	سَلِيم	tr	tertemiz	1	2	bare
wv_53a26298	بُرِّزَتِ	bn	খোলা হবে	1	2	bare
wv_53a26298	بُرِّزَتِ	tr	karşısına çıkarılır	1	2	bare
wv_53a26298	بُرِّزَتِ	fa	آشکار شود	1	2	bare
wn_c71af079	شافِع	hi	सिफ़ारिशियों की	1	2	bare
wn_c71af079	شافِع	in	pemberi syafa'at	1	2	bare
wn_7ce2a3ec	باقي	en	survivors	1	2	bare
wn_7ce2a3ec	باقي	ur	باقی رہنے والی	1	2	bare
wn_7ce2a3ec	باقي	hi	बाक़ी रहने वाले	1	2	bare
wn_7ce2a3ec	باقي	in	orang-orang yang tetap	1	2	bare
wn_7ce2a3ec	باقي	tr	kalıcı	1	2	bare
wn_7ce2a3ec	باقي	fr	ceux qui restent	1	2	bare
wn_ac14f9e7	خُلُق	en	custom	1	2	bare
wn_ac14f9e7	خُلُق	bn	স্বভাব	1	2	bare
wn_ac14f9e7	خُلُق	ur	عادت	1	2	bare
wn_ac14f9e7	خُلُق	hi	आदत	1	2	bare
wn_ac14f9e7	خُلُق	in	budi pekerti	1	2	bare
wn_ac14f9e7	خُلُق	fa	خویی	1	2	bare
wn_ac14f9e7	خُلُق	fr	coutume	1	2	bare
wn_d6ec594d	أَفّاك	in	pendusta	1	2	bare
wv_4aa3d37c	تَصْطَلُ	in	memanaskan badan	1	2	bare
wv_4aa3d37c	تَصْطَلُ	fa	گرم شوید	1	2	bare
wv_4aa3d37c	تَصْطَلُ	fr	réchauffer	1	2	bare
wn_c6994669	نَمْل	bn	পিঁপড়েরা	1	2	bare
wn_c6994669	نَمْل	ur	چیونٹیو	1	2	bare
wn_c6994669	نَمْل	hi	चींटियों	1	2	bare
wv_918beef9	أَوْزِعْ	en	grant me power	2	2	pronoun
wv_918beef9	أَوْزِعْ	bn	সামর্থ্য দাও	2	2	pronoun
wv_918beef9	أَوْزِعْ	ur	توفیق دے	2	2	pronoun
wv_918beef9	أَوْزِعْ	hi	तौफ़ीक़ दे	2	2	pronoun
wv_918beef9	أَوْزِعْ	in	Tunjukilah a	1	2	pronoun
wv_918beef9	أَوْزِعْ	tr	beni sevk eyle	1	2	pronoun
wv_918beef9	أَوْزِعْ	fa	در دلم افکن	1	2	pronoun
wv_918beef9	أَوْزِعْ	fr	Inspire moi le désir	2	2	pronoun
wn_129b1cee	تِسْعَة	bn	নয়	1	2	bare
wn_129b1cee	تِسْعَة	hi	नौ	1	2	bare
wn_129b1cee	تِسْعَة	fa	نه	1	2	bare
wn_129b1cee	تِسْعَة	fr	neuf	1	2	bare
wn_8966d77d	حاجِز	en	barrier	1	2	bare
wn_8966d77d	حاجِز	bn	আড়াল	1	2	bare
wn_8966d77d	حاجِز	hi	एक परदा	1	2	bare
wn_8966d77d	حاجِز	in	suatu pemisah/batas	1	2	bare
wn_8966d77d	حاجِز	tr	engel	1	2	bare
wn_8966d77d	حاجِز	fa	حایلی را	1	2	bare
wn_8966d77d	حاجِز	fr	barrière qui empêche	1	2	bare
wv_70423ee5	يَتَرَقَّبُ	ur	خبر لیتے ہوئے	1	2	bare
wv_70423ee5	يَتَرَقَّبُ	tr	kollayarak	1	2	bare
wv_0527d14f	يَأْتَمِرُ	en	consult	1	2	bare
wv_0527d14f	يَأْتَمِرُ	ur	معاملہ کرو	1	2	bare
wv_0527d14f	يَأْتَمِرُ	hi	मशवरा करो	1	2	bare
wv_0527d14f	يَأْتَمِرُ	in	berunding	1	2	bare
wv_0527d14f	يَأْتَمِرُ	tr	konuşup anlaşın	1	2	bare
wv_0527d14f	يَأْتَمِرُ	fa	رایزنی کنید	1	2	bare
wv_0527d14f	يَأْتَمِرُ	fr	consultez-vous	1	2	bare
wv_d5f13063	شَقَقْ	en	cleaved	1	2	bare
wv_d5f13063	شَقَقْ	bn	কষ্ট দিবো	1	2	bare
wv_d5f13063	شَقَقْ	ur	سختی کروں	1	2	bare
wv_d5f13063	شَقَقْ	hi	फाड़ी हमने	1	2	bare
wv_d5f13063	شَقَقْ	in	belah	1	2	bare
wv_d5f13063	شَقَقْ	fa	شکافتیم	1	2	bare
wv_d5f13063	شَقَقْ	fr	avons fendu	1	2	bare
wn_9c0e62e1	مُفْتَرًى	bn	অলীক	1	2	bare
wn_9c0e62e1	مُفْتَرًى	ur	گھڑا ہوا	1	2	bare
wn_9c0e62e1	مُفْتَرًى	hi	गढ़ा हुआ	1	2	bare
wn_9c0e62e1	مُفْتَرًى	in	dibuat-buat	1	2	bare
wn_9c0e62e1	مُفْتَرًى	fa	ساختگی	1	2	bare
wn_9c0e62e1	مُفْتَرًى	fr	inventé	1	2	bare
wn_a36ad6b2	خِيَرَة	bn	স্বাধীন ইচ্ছা	1	2	bare
wn_a36ad6b2	خِيَرَة	tr	seçim	1	2	bare
wn_a36ad6b2	خِيَرَة	fa	گزینشی	1	2	bare
wn_e6987a54	سَرْمَد	in	terus-menerus	1	2	bare
wn_e6987a54	سَرْمَد	fr	continu	1	2	bare
wn_7efd1d7b	نادِي	en	meetings	1	2	pronoun
wn_7efd1d7b	نادِي	bn	দোসরদেরকে	1	2	pronoun
wn_7efd1d7b	نادِي	ur	مجلسوں میں	1	1	pronoun
wn_7efd1d7b	نادِي	hi	मजलिस को	1	2	pronoun
wn_7efd1d7b	نادِي	in	kaum/golongan	1	2	pronoun
wn_7efd1d7b	نادِي	tr	meclisini	1	1	pronoun
wn_7efd1d7b	نادِي	fa	مجلس	1	2	pronoun
wn_7efd1d7b	نادِي	fr	assemblée	1	2	pronoun
wn_f8409de7	عَنكَبُوت	ur	مکڑی کا	1	2	bare
wn_f8409de7	عَنكَبُوت	hi	मकड़ी का	1	2	bare
wn_2bc68424	رَوْضَة	en	Garden	1	2	bare
wn_2bc68424	رَوْضَة	bn	বাগানের	1	2	bare
wn_2bc68424	رَوْضَة	ur	ایک باغ	1	2	bare
wn_2bc68424	رَوْضَة	hi	एक बाग़ में	1	2	bare
wn_2bc68424	رَوْضَة	fa	بوستانی	1	2	bare
wn_2bc68424	رَوْضَة	fr	prairie	1	2	bare
wn_2975f923	لُقْمان	ur	لقمان کو	1	2	bare
wn_2975f923	لُقْمان	hi	लुक़्मान को	1	2	bare
wn_bc679769	ظاهِرَة	en	visible	1	2	bare
wn_bc679769	ظاهِرَة	bn	প্রকাশ্য	1	2	bare
wn_bc679769	ظاهِرَة	hi	ज़ाहिरी	1	2	bare
wn_bc679769	ظاهِرَة	in	lahir	1	2	bare
wn_bc679769	ظاهِرَة	tr	görünür	1	2	bare
wn_bc679769	ظاهِرَة	fa	آشکارا	1	2	bare
wn_bc679769	ظاهِرَة	fr	manifestes	1	2	bare
wn_c253d6a1	مُقْتَصِد	bn	মধ্যপন্থী	1	2	bare
wn_c253d6a1	مُقْتَصِد	in	pertengahan	1	2	bare
wn_c253d6a1	مُقْتَصِد	tr	orta gidendir	1	2	bare
wn_c253d6a1	مُقْتَصِد	fa	میانه رواند	1	2	bare
wn_c253d6a1	مُقْتَصِد	fr	quiconque est modéré	1	2	bare
wn_bc8aebb1	حَناجِر	bn	কণ্ঠসমূহে	1	2	bare
wn_bc8aebb1	حَناجِر	ur	حلق کو	1	2	bare
wn_bc8aebb1	حَناجِر	hi	गलों तक	1	2	bare
wn_bc8aebb1	حَناجِر	in	tenggorokkan	1	2	bare
wn_bc8aebb1	حَناجِر	tr	hançerelere	1	2	bare
wn_bc8aebb1	حَناجِر	fa	به گلوها	1	2	bare
wn_ac6b22b4	سَراح	tr	salışla	1	2	bare
wn_ac6b22b4	سَراح	fa	رها کردنی	1	2	bare
wn_0016be40	وَطَر	tr	ilişiğini	1	2	bare
wv_3d02e7db	دَنَا	en	approached	1	2	bare
wv_3d02e7db	دَنَا	bn	কাছে এল	1	2	bare
wv_3d02e7db	دَنَا	ur	لٹکا لیں	1	2	bare
wv_3d02e7db	دَنَا	hi	वो क़रीब हुआ	1	2	bare
wv_3d02e7db	دَنَا	in	menutupi	1	2	bare
wv_3d02e7db	دَنَا	tr	yaklaştı	1	2	bare
wv_3d02e7db	دَنَا	fa	نزدیک شد	1	2	bare
wv_3d02e7db	دَنَا	fr	s’est approché	1	2	bare
wn_8d67c044	مُمَزَّق	en	dispersion	1	2	bare
wn_8d67c044	مُمَزَّق	bn	খুব ছিন্ন-ভিন্ন	1	2	bare
wn_8d67c044	مُمَزَّق	ur	منتشر کرنا	1	2	bare
wn_8d67c044	مُمَزَّق	hi	रेज़ा-रेज़ा करना	1	2	bare
wn_8d67c044	مُمَزَّق	tr	dağılıp	1	2	bare
wn_8d67c044	مُمَزَّق	fr	dispersion	1	2	bare
wn_3e1b54c3	سِدْر	bn	কুলগাছ	1	2	bare
wn_3e1b54c3	سِدْر	hi	बेरियों में	1	2	bare
wn_3e1b54c3	سِدْر	fa	درخت کنار	1	2	bare
wn_3e1b54c3	سِدْر	fr	jujubier de Palestine	1	2	bare
wn_dfde8d6a	سَيْر	en	journey	1	2	bare
wn_dfde8d6a	سَيْر	bn	সফরের	1	2	bare
wn_dfde8d6a	سَيْر	ur	چلنا	1	2	bare
wn_dfde8d6a	سَيْر	hi	मसाफ़त	1	2	bare
wn_dfde8d6a	سَيْر	in	perjalanan	1	2	bare
wn_dfde8d6a	سَيْر	tr	yürüyüş	1	2	bare
wn_dfde8d6a	سَيْر	fa	روان شدنی	1	2	bare
wn_dfde8d6a	سَيْر	fr	voyage	1	2	bare
wv_5a457c80	يَبُورُ	hi	वो तबाह होगी	1	2	bare
wv_5a457c80	يَبُورُ	in	merugi	1	2	bare
wv_5a457c80	يَبُورُ	tr	batmayacak	1	2	bare
wn_1202a52f	لُغُوب	en	fatigue	1	2	bare
wn_1202a52f	لُغُوب	ur	تھکاوٹ نے	1	2	bare
wn_1202a52f	لُغُوب	hi	कोई थकावट	1	2	bare
wn_1202a52f	لُغُوب	in	kelelahan	1	2	bare
wn_1202a52f	لُغُوب	tr	usanç	1	2	bare
wn_1202a52f	لُغُوب	fa	هیچ خستگی	1	2	bare
wn_0628576c	اسْتِكْبار	en	pride	1	2	bare
wn_0628576c	اسْتِكْبار	bn	বড়ই অহংকার	1	2	bare
wn_0628576c	اسْتِكْبار	ur	تکبر کرنا	1	2	bare
wn_0628576c	اسْتِكْبار	hi	तकब्बुर करना	1	2	bare
wn_0628576c	اسْتِكْبار	in	sangat sombong	1	2	bare
wn_0628576c	اسْتِكْبار	tr	kibirle	1	2	bare
wn_0628576c	اسْتِكْبار	fa	تکبّر ورزیدنی	1	2	bare
wn_95ed9618	ثاقِب	bn	জ্বলন্ত	1	2	bare
wn_95ed9618	ثاقِب	ur	چمکتا	1	2	bare
wn_95ed9618	ثاقِب	tr	delici	1	2	bare
wn_95ed9618	ثاقِب	fr	perçant	1	2	bare
wn_ac53d6ac	زَجْرَة	en	cry	1	2	bare
wn_ac53d6ac	زَجْرَة	bn	বিকট আওয়াজ	1	2	bare
wn_ac53d6ac	زَجْرَة	ur	ایک ڈانٹ	1	2	bare
wn_ac53d6ac	زَجْرَة	in	teriakan	1	2	bare
wn_ac53d6ac	زَجْرَة	tr	haykırıştır	1	2	bare
wn_ac53d6ac	زَجْرَة	fa	نهیبی	1	2	bare
wn_fd52d1b2	مُشْتَرِك	en	sharers	1	2	bare
wn_fd52d1b2	مُشْتَرِك	bn	সমঅংশ গ্রহণকারী	1	2	bare
wn_fd52d1b2	مُشْتَرِك	ur	مشترک ہو	1	2	bare
wn_fd52d1b2	مُشْتَرِك	hi	मुश्तरिक हो	1	2	bare
wn_fd52d1b2	مُشْتَرِك	tr	ortaksınız	1	2	bare
wn_fd52d1b2	مُشْتَرِك	fa	شریک اند	1	2	bare
wn_5f0b92c6	لَذَّة	ur	لذت کا	1	2	bare
wn_5f0b92c6	لَذَّة	hi	बाइसे लज़्ज़त	1	2	bare
wn_5f0b92c6	لَذَّة	in	sedap rasanya	1	2	bare
wn_5f0b92c6	لَذَّة	tr	lezzetli	1	2	bare
wn_5f0b92c6	لَذَّة	fa	خوشگوار	1	2	bare
wn_5f0b92c6	لَذَّة	fr	délicieux	1	2	bare
wv_94dc77fa	يُنزَفُ	en	will be intoxicated	1	2	bare
wv_94dc77fa	يُنزَفُ	bn	মাতাল হবে	1	2	bare
wv_94dc77fa	يُنزَفُ	ur	بےجا بولیں گے	1	2	bare
wv_94dc77fa	يُنزَفُ	hi	वो बहकेंगे	1	2	bare
wv_94dc77fa	يُنزَفُ	in	mabuk	1	2	bare
wv_94dc77fa	يُنزَفُ	tr	sarhoş	1	2	bare
wv_94dc77fa	يُنزَفُ	fa	مست شوند	1	2	bare
wn_c1238cd8	مالِئ	bn	পূর্ণ করবে	1	2	conj
wn_c1238cd8	مالِئ	in	menjadi penuh	1	2	conj
wn_c1238cd8	مالِئ	fa	پر خواهید کرد	1	2	conj
wn_244f9139	سَقِيم	en	ill	1	2	bare
wn_244f9139	سَقِيم	hi	बीमार था	1	2	bare
wn_244f9139	سَقِيم	tr	hastayım	1	2	bare
wn_244f9139	سَقِيم	fa	بیمارم	1	2	bare
wn_9dd7e3b1	مُلِيم	bn	নিন্দিত	1	2	bare
wn_9dd7e3b1	مُلِيم	ur	ملامت زدہ تھا	1	2	bare
wn_9dd7e3b1	مُلِيم	tr	kendi kendini kınıyordu	1	2	bare
wn_9dd7e3b1	مُلِيم	fa	در خور ملامت بود	1	2	bare
wn_868defcb	بارِد	bn	ঠান্ডা	1	2	bare
wn_868defcb	بارِد	ur	ٹھنڈا	1	2	bare
wn_d9f7755a	غَسّاق	bn	পুঁজ	1	2	conj
wn_d9f7755a	غَسّاق	ur	پیپ لہو	1	2	conj
wn_d9f7755a	غَسّاق	in	air sangat dingin	1	2	conj
wn_d9f7755a	غَسّاق	tr	irin	1	2	conj
wn_d9f7755a	غَسّاق	fa	خونابه ای بدبو	1	2	conj
wv_d26f131f	يَهِيجُ	en	dries	1	2	bare
wv_d26f131f	يَهِيجُ	ur	پھبک اٹھتی ہے	1	2	bare
wv_d26f131f	يَهِيجُ	fa	پژ مرده شود	1	2	bare
wn_32d456af	أَسْوَأ	bn	মন্দকাজ	1	2	bare
wn_32d456af	أَسْوَأ	ur	بد ترین	1	2	bare
wn_32d456af	أَسْوَأ	in	paling buruk	1	2	bare
wn_32d456af	أَسْوَأ	tr	en kötüsüyle	1	2	bare
wn_048f3e11	كاشِفَة	en	removers	1	2	bare
wn_048f3e11	كاشِفَة	bn	রক্ষাকারী	1	2	bare
wn_048f3e11	كاشِفَة	ur	دور کرنے والیاں	1	2	bare
wn_048f3e11	كاشِفَة	hi	दूर करने वाली	1	2	bare
wn_048f3e11	كاشِفَة	in	menyatakan	1	2	bare
wn_048f3e11	كاشِفَة	tr	kaldıracaklar	1	2	bare
wn_048f3e11	كاشِفَة	fa	بر طرف کنندۂ	1	2	bare
wn_048f3e11	كاشِفَة	fr	être qui peut enlever	1	2	bare
wn_6855ba99	مَقالِيد	in	kunci-kunci	1	2	bare
wn_6855ba99	مَقالِيد	fa	کلیدهای	1	2	bare
wv_12d7a0c3	صَعِقَ	en	fall dead	1	2	bare
wv_12d7a0c3	صَعِقَ	ur	بےہوش ہوجائیں گے	1	2	bare
wv_12d7a0c3	صَعِقَ	hi	बेहोश हो जाएगा	1	2	bare
wv_12d7a0c3	صَعِقَ	in	dibinasakan	1	2	bare
wv_12d7a0c3	صَعِقَ	tr	ölür	1	2	bare
wv_12d7a0c3	صَعِقَ	fa	می میرد	1	2	bare
wn_4350724b	آزِفَة	bn	আসন্ন	1	2	bare
wn_4350724b	آزِفَة	ur	جو قریب آلگا	1	2	bare
wn_4350724b	آزِفَة	hi	नज़दीक आने वाली	1	2	bare
wn_4350724b	آزِفَة	in	dekat	1	2	bare
wn_4350724b	آزِفَة	tr	yaklaşan	1	2	bare
wn_4350724b	آزِفَة	fa	نزدیک	1	2	bare
wn_7ddb3398	رَشاد	ur	درست	1	2	bare
wv_5c440ed7	يُسْحَبُ	bn	টেনে নেওয়া হবে	1	2	bare
wv_5c440ed7	يُسْحَبُ	in	diseret	1	2	bare
wv_5c440ed7	يُسْحَبُ	tr	sürüklenecekler	1	2	bare
wv_5c440ed7	يُسْحَبُ	fa	کشیده شوند	1	2	bare
wn_86fa889d	عَمًى	bn	অন্ধতা	1	2	bare
wn_86fa889d	عَمًى	ur	اندھا پن	1	2	bare
wn_86fa889d	عَمًى	hi	अंधापन	1	2	bare
wn_86fa889d	عَمًى	tr	körlüğü	1	2	bare
wn_86fa889d	عَمًى	fa	مایۂ کوری	1	2	bare
wv_5438d6f7	أَنطَقَ	tr	bizi konuşturdu	1	1	pronoun
wv_7cd6536c	قَيَّضْ	en	appoint	1	2	bare
wv_7cd6536c	قَيَّضْ	bn	নিয়োজিত করি	1	2	bare
wv_7cd6536c	قَيَّضْ	ur	مقرر کردیتے ہیں	1	2	bare
wv_7cd6536c	قَيَّضْ	hi	मुक़र्रर किए हमने	1	2	bare
wv_7cd6536c	قَيَّضْ	in	tentukan	1	2	bare
wv_7cd6536c	قَيَّضْ	tr	sardırırız	1	2	bare
wv_7cd6536c	قَيَّضْ	fa	گماردیم	1	2	bare
wv_7cd6536c	قَيَّضْ	fr	désignons	1	2	bare
wv_bcc6be0c	شَرَعَ	en	has ordained	1	2	bare
wv_bcc6be0c	شَرَعَ	hi	उसने मुक़र्रर किया	1	2	bare
wv_bcc6be0c	شَرَعَ	tr	şeriat kılan	1	2	bare
wv_bcc6be0c	شَرَعَ	fa	مقرّر داشت	1	2	bare
wv_bcc6be0c	شَرَعَ	fr	dictent comme loi	1	2	bare
wv_5b5b2bf1	قَسَمْ	bn	বণ্টন করে	1	2	bare
wv_5b5b2bf1	قَسَمْ	ur	تقسیم کی	1	2	bare
wv_5b5b2bf1	قَسَمْ	hi	वो तक़सीम करते है	1	2	bare
wv_5b5b2bf1	قَسَمْ	tr	bölüştürüyorlar	1	2	bare
wv_5b5b2bf1	قَسَمْ	fa	قسمت می کنند	1	2	bare
wv_5b5b2bf1	قَسَمْ	fr	distribuent	1	2	bare
wn_33ab8b82	تُبَّع	ur	تبع کی	1	2	bare
wn_33ab8b82	تُبَّع	hi	तुब्बअ की	1	2	bare
wn_33ab8b82	تُبَّع	fa	تبع	1	2	bare
wn_d6f54b6d	دَهْر	ur	زمانہ	1	2	bare
wn_d6f54b6d	دَهْر	hi	ज़माना	1	2	bare
wn_d6f54b6d	دَهْر	fa	زمان	1	2	bare
wn_f92acda4	عارِض	ur	بادل	1	2	bare
wn_f92acda4	عارِض	tr	buluttur	1	2	bare
wn_7c9b3edb	أَضْغان	en	hatred	2	2	pronoun
wn_7c9b3edb	أَضْغان	bn	বিদ্বেষগুলোকে	1	2	pronoun
wn_7c9b3edb	أَضْغان	ur	بغض۔ عداوتیں	1	2	pronoun
wn_7c9b3edb	أَضْغان	hi	कीने	2	2	pronoun
wn_7c9b3edb	أَضْغان	in	kedengkian	2	2	pronoun
wn_7c9b3edb	أَضْغان	tr	kinlerini	2	2	pronoun
wn_7c9b3edb	أَضْغان	fa	کینه ها	2	2	pronoun
wn_7c9b3edb	أَضْغان	fr	haines	2	2	pronoun
wv_df8c0987	تَقَدَّمَ	en	proceed	1	2	bare
wv_df8c0987	تَقَدَّمَ	bn	অগ্রসর হবে	1	2	bare
wv_df8c0987	تَقَدَّمَ	ur	پہلے ہوچکا	1	2	bare
wv_df8c0987	تَقَدَّمَ	hi	पहले हुआ	1	2	bare
wv_df8c0987	تَقَدَّمَ	in	akan maju	1	2	bare
wv_df8c0987	تَقَدَّمَ	fr	vienne en avant	1	2	bare
wn_2f31343e	حَمِيَّة	ur	حمیت کو	1	2	bare
wn_6efc28e3	عَتِيد	bn	তৎপর	1	2	bare
wn_6efc28e3	عَتِيد	ur	حاضر	1	2	bare
wn_6efc28e3	عَتِيد	in	tersedia	1	2	bare
wn_6efc28e3	عَتِيد	fa	حاضر	1	2	bare
wn_d0215c76	مَنّاع	en	forbidder	1	2	bare
wn_d0215c76	مَنّاع	bn	প্রতিবন্ধক	1	2	bare
wn_d0215c76	مَنّاع	ur	بہت روکنے والا	1	2	bare
wn_d0215c76	مَنّاع	hi	बहुत रोकने वाला	1	2	bare
wn_2721a9df	سِراع	en	rapidly	1	2	bare
wn_2721a9df	سِراع	bn	দ্রুতভাবে	1	2	bare
wn_2721a9df	سِراع	ur	دوڑتے ہوئے	1	2	bare
wn_2721a9df	سِراع	hi	दौड़ते हुए	1	2	bare
wn_2721a9df	سِراع	tr	hızlı hızlı	1	2	bare
wn_2721a9df	سِراع	fa	شتابان	1	2	bare
wn_6f37bf33	حَشْر	bn	সমাবেশেই	1	2	bare
wn_6f37bf33	حَشْر	ur	حشر۔ اکٹھا کرنا	1	2	bare
wn_6f37bf33	حَشْر	hi	इकट्ठा करना / हशर	1	2	bare
wn_6f37bf33	حَشْر	in	pengusiran	1	2	bare
wn_6f37bf33	حَشْر	tr	haşirde	1	2	bare
wn_6f37bf33	حَشْر	fa	حشری	1	2	bare
wn_159a3c90	ساهي	en	neglectful	1	2	bare
wn_159a3c90	ساهي	ur	بےخبر	1	2	bare
wn_159a3c90	ساهي	hi	गाफ़िल	1	2	bare
wn_159a3c90	ساهي	tr	gaflet ederler	1	2	bare
wn_159a3c90	ساهي	fa	غافل اند	1	2	bare
wn_17dde3f7	ذَنُوب	ur	حصے کے	1	2	bare
wn_17dde3f7	ذَنُوب	hi	हिस्सा	1	2	bare
wn_f7d3ee8b	دافِع	ur	دور کرنے والا	1	2	bare
wn_f7d3ee8b	دافِع	hi	कोई दूर करने वाला	1	2	bare
wn_f7d3ee8b	دافِع	tr	def edecek	1	2	bare
wv_f2ab8c2c	تَمُورُ	en	sways	1	2	bare
wv_f2ab8c2c	تَمُورُ	ur	لرزنے لگے۔ پھٹ جائے	1	2	bare
wv_f2ab8c2c	تَمُورُ	hi	लरज़ेगा	1	2	bare
wv_f2ab8c2c	تَمُورُ	tr	çalkanır	1	2	bare
wv_f2ab8c2c	تَمُورُ	fa	بلرزد	1	2	bare
wv_bead0be4	يَدُعُّ	en	repulses	1	2	bare
wv_bead0be4	يَدُعُّ	bn	ধাক্কা দেয়	1	2	bare
wv_bead0be4	يَدُعُّ	hi	धक्के देता है	1	2	bare
wv_bead0be4	يَدُعُّ	in	menghardik	1	2	bare
wv_bead0be4	يَدُعُّ	fa	رانده می شوند	1	2	bare
wv_bead0be4	يَدُعُّ	fr	rejette violemment	1	2	bare
wn_1552aba4	مَصْفُوفَة	bn	সারিবদ্ধভাবে	1	2	bare
wn_1552aba4	مَصْفُوفَة	ur	صف در صف	1	2	bare
wn_1552aba4	مَصْفُوفَة	hi	सफ़ दर सफ़	1	2	bare
wn_1552aba4	مَصْفُوفَة	in	berbaris/teratur	1	2	bare
wn_48a3661c	تَأْثِيم	en	sin	1	2	bare
wn_48a3661c	تَأْثِيم	bn	পাপের	1	2	bare
wn_48a3661c	تَأْثِيم	in	perbuatan dosa	1	2	bare
wn_48a3661c	تَأْثِيم	tr	günaha sokma	1	2	bare
wn_48a3661c	تَأْثِيم	fa	گناهی	1	2	bare
wn_0c93a540	مُثْقَل	en	burdened	1	2	bare
wn_0c93a540	مُثْقَل	bn	বোঝাগ্রস্থ	1	2	bare
wn_0c93a540	مُثْقَل	ur	بوجھل ہورہے	1	2	bare
wn_0c93a540	مُثْقَل	hi	बोझल	1	2	bare
wn_0c93a540	مُثْقَل	tr	yükü altında	1	2	bare
wn_e707a6ff	سِدْرَة	bn	কুলগাছের	1	2	bare
wn_e707a6ff	سِدْرَة	ur	سدرۃ	1	2	bare
wn_e707a6ff	سِدْرَة	hi	सिदरतुल मुन्तहा के	1	2	bare
wn_e707a6ff	سِدْرَة	tr	Sidre'yi	1	2	bare
wn_e707a6ff	سِدْرَة	fa	سدره را	1	2	bare
wn_51d498e7	مُسْتَمِرّ	en	continuing	1	2	bare
wn_51d498e7	مُسْتَمِرّ	bn	ক্রমাগত	1	2	bare
wn_51d498e7	مُسْتَمِرّ	hi	जारी	1	2	bare
wn_51d498e7	مُسْتَمِرّ	in	terus menerus	1	2	bare
wn_51d498e7	مُسْتَمِرّ	tr	süregelen	1	2	bare
wn_51d498e7	مُسْتَمِرّ	fa	دائمی	1	2	bare
wn_51d498e7	مُسْتَمِرّ	fr	passante	1	2	bare
wn_8c0b95f1	أَعْجاز	bn	কাণ্ডসমূহ	1	2	bare
wn_7cb5ea84	سُعُر	fa	دیوانگی اند	1	2	conj
wn_47b66c29	أَشِر	tr	küstahın	1	2	bare
wn_47b66c29	أَشِر	fa	خودپسند	1	2	bare
wn_5b89c1e8	رَيْحان	en	bounty	1	2	conj
wn_5b89c1e8	رَيْحان	bn	সুগন্ধ	1	2	conj
wn_5b89c1e8	رَيْحان	ur	رزق	1	2	conj
wn_5b89c1e8	رَيْحان	hi	उम्दा रिज़्क़	1	2	conj
wn_5b89c1e8	رَيْحان	in	kepuasan	1	2	conj
wn_5b89c1e8	رَيْحان	tr	güzel rızık	1	2	conj
wn_5b89c1e8	رَيْحان	fa	بویی خوش	1	2	conj
wn_68ae0fa0	مَرْجان	bn	প্রবাল	1	2	conj
wn_68ae0fa0	مَرْجان	ur	موتی	1	2	conj
wn_68ae0fa0	مَرْجان	hi	मूँगे	1	2	conj
wn_2098dd8d	إِكْرام	bn	মর্যাদা	1	2	conj
wn_2098dd8d	إِكْرام	ur	کرم والی	1	2	conj
wn_22771cc6	واقِعَة	en	Event	1	2	bare
wn_22771cc6	واقِعَة	bn	ঘটনাটি	1	2	bare
wn_22771cc6	واقِعَة	in	kejadian	1	2	bare
wn_22771cc6	واقِعَة	tr	olacak olan	1	2	bare
wn_22771cc6	واقِعَة	fa	آن رخ دهنده	1	2	bare
wn_06ad5d76	مُخَلَّد	en	immortal	1	2	bare
wn_06ad5d76	مُخَلَّد	ur	ہمیشہ رہنے والے	1	2	bare
wn_06ad5d76	مُخَلَّد	tr	ölümsüz	1	2	bare
wn_06ad5d76	مُخَلَّد	fa	جاودانه	1	2	bare
wv_23bd50dc	يَتَخَيَّرُ	en	select	1	2	bare
wv_23bd50dc	يَتَخَيَّرُ	bn	পছন্দ কর	1	2	bare
wv_23bd50dc	يَتَخَيَّرُ	ur	پسند کرو۔ اختیار کرو	1	2	bare
wv_23bd50dc	يَتَخَيَّرُ	hi	पसंद करते हो	1	2	bare
wv_23bd50dc	يَتَخَيَّرُ	in	pilih	1	2	bare
wv_23bd50dc	يَتَخَيَّرُ	tr	istediğiniz	1	2	bare
wv_23bd50dc	يَتَخَيَّرُ	fa	که برگزینند	1	2	bare
wv_23bd50dc	يَتَخَيَّرُ	fr	choisissez	1	2	bare
wn_2ac2e774	مَمْدُود	en	extended	1	2	bare
wn_2ac2e774	مَمْدُود	bn	বিপুল	1	2	bare
wn_2ac2e774	مَمْدُود	ur	بہت	1	2	bare
wn_2ac2e774	مَمْدُود	hi	लम्बे	1	2	bare
wn_2ac2e774	مَمْدُود	in	panjang/banyak	1	2	bare
wn_2ac2e774	مَمْدُود	tr	uzamış	1	2	bare
wn_2ac2e774	مَمْدُود	fa	کشیده	1	2	bare
wn_2ac2e774	مَمْدُود	fr	étendue	1	2	bare
wv_2596a830	يُحادُّ	ur	جو مخالفت کرتے ہیں	1	2	bare
wv_2596a830	يُحادُّ	tr	karşı gelen	1	2	bare
wn_6e377513	مَعْصِيَت	tr	isyan	1	2	conj
wv_68f5bc2e	يَفْسَحِ	bn	প্রশস্থতা দেবেন	1	2	bare
wv_68f5bc2e	يَفْسَحِ	ur	کشادگی پیدا کرو	1	2	bare
wv_68f5bc2e	يَفْسَحِ	hi	कुशादगी कर देगा	1	2	bare
wv_68f5bc2e	يَفْسَحِ	in	melapangkan	1	2	bare
wv_68f5bc2e	يَفْسَحِ	tr	genişlik versin	1	2	bare
wv_68f5bc2e	يَفْسَحِ	fa	جا باز کنید	1	2	bare
wv_68f5bc2e	يَفْسَحِ	fr	fera de la place	1	2	bare
wv_58b21a9e	انشُزُ	bn	উঠে যাও	1	2	bare
wv_58b21a9e	انشُزُ	ur	اٹھ جاؤ	1	2	bare
wv_58b21a9e	انشُزُ	hi	उठ जाओ	1	2	bare
wv_58b21a9e	انشُزُ	fr	Levez-vous	1	2	bare
wn_b484caf4	جُنَّة	in	perisai	1	2	bare
wn_fbd721bb	أَذَلّ	en	more humble	1	2	bare
wn_fbd721bb	أَذَلّ	bn	হীনতরকে	1	2	bare
wn_fbd721bb	أَذَلّ	hi	ज़लील तरीन में	1	2	bare
wn_fbd721bb	أَذَلّ	in	orang-orang hina/lemah	1	2	bare
wn_fbd721bb	أَذَلّ	tr	en alçaklar	1	2	bare
wn_fbd721bb	أَذَلّ	fa	خوارترین اند	1	2	bare
wn_fbd721bb	أَذَلّ	fr	plus vils gens	1	2	bare
wn_6b728589	قُدُّوس	bn	মহান পবিত্র	1	2	bare
wn_6b728589	قُدُّوس	ur	بہت مقدس	1	2	bare
wn_6b728589	قُدُّوس	tr	mukaddes	1	2	bare
wn_6b728589	قُدُّوس	fa	بس پاکِ	1	2	bare
wn_80e4992b	مُلاقِي	en	meet	1	1	pronoun
wn_80e4992b	مُلاقِي	bn	মিলবে	1	1	pronoun
wn_80e4992b	مُلاقِي	ur	ملنے والی ہے تم	1	1	pronoun
wn_80e4992b	مُلاقِي	hi	मिलने वाली है तुमसे	1	1	pronoun
wn_80e4992b	مُلاقِي	in	menemui	1	1	pronoun
wn_80e4992b	مُلاقِي	tr	sizi bulacaktır	1	1	pronoun
wn_80e4992b	مُلاقِي	fa	به شما خواهد رسید	1	1	pronoun
wn_80e4992b	مُلاقِي	fr	quelque chose qui vous rencontre	1	1	pronoun
wn_582ab0ba	خُسْر	ur	ناکامی	1	2	bare
wn_582ab0ba	خُسْر	hi	ख़सारा	1	2	bare
wv_c026ebee	يُدْهِنُ	en	would compromise	1	2	bare
wv_c026ebee	يُدْهِنُ	bn	নমনীয় হও	1	2	bare
wv_c026ebee	يُدْهِنُ	ur	سستی کرو	1	2	bare
wv_c026ebee	يُدْهِنُ	hi	आप ढीले पड़ें	1	2	bare
wv_c026ebee	يُدْهِنُ	tr	sen yağcılık yapasın	1	2	bare
wv_c026ebee	يُدْهِنُ	fa	نرمی کنی	1	2	bare
wv_c026ebee	يُدْهِنُ	fr	prennes à la légère	1	2	bare
wv_5942a671	دُكَّتِ	en	crushed	1	2	bare
wv_5942a671	دُكَّتِ	bn	বিচূর্ণ করা হবে	1	2	bare
wv_5942a671	دُكَّتِ	hi	रेज़ा-रेज़ा कर दी जाएगी	1	2	bare
wv_5942a671	دُكَّتِ	in	digoncangkan/dihancurkan	1	2	bare
wv_5942a671	دُكَّتِ	tr	çarpıştırıldığı	1	2	bare
wv_5942a671	دُكَّتِ	fa	درهم کوبیده شد	1	2	bare
wv_5942a671	دُكَّتِ	fr	est pulvérisée	1	2	bare
wn_bfaf5829	عِيشَة	ur	عیش	1	2	bare
wn_bfaf5829	عِيشَة	tr	yaşam	1	2	bare
wn_45d1b683	عالِيَة	bn	সুউচ্চ	1	2	bare
wn_45d1b683	عالِيَة	ur	بلند	1	2	bare
wn_57973e02	قُطُوف	en	cluster of fruits	1	2	pronoun
wn_57973e02	قُطُوف	bn	ফলরাশি	1	2	pronoun
wn_57973e02	قُطُوف	ur	پھل	1	2	pronoun
wn_57973e02	قُطُوف	hi	फल	1	2	pronoun
wn_57973e02	قُطُوف	in	buah-buah	2	2	pronoun
wn_57973e02	قُطُوف	tr	meyveleri	1	2	pronoun
wn_57973e02	قُطُوف	fa	میوه های	2	2	pronoun
wn_57973e02	قُطُوف	fr	fruits	2	2	pronoun
wv_b5cb81bd	أَوْعَىٰٓ	en	hoarded	1	2	bare
wv_b5cb81bd	أَوْعَىٰٓ	bn	পোষণ করছে	1	2	bare
wv_b5cb81bd	أَوْعَىٰٓ	ur	سمیٹ رہے ہیں	1	2	bare
wv_b5cb81bd	أَوْعَىٰٓ	hi	वो समेट रहे हैं	1	2	bare
wv_b5cb81bd	أَوْعَىٰٓ	in	menyimpannya	1	2	bare
wv_b5cb81bd	أَوْعَىٰٓ	tr	biriktireni	1	2	bare
wn_ca5f6ffa	رَهَق	bn	অহংকার	1	2	bare
wn_ca5f6ffa	رَهَق	hi	सरकशी में	1	2	bare
wn_ca5f6ffa	رَهَق	in	durhaka/sombong	1	2	bare
wn_ca5f6ffa	رَهَق	tr	şımarıklığını	1	2	bare
wn_ca5f6ffa	رَهَق	fa	سرکشی	1	2	bare
wn_7aebd28d	رَصَد	en	guard	1	2	bare
wn_7aebd28d	رَصَد	bn	প্রহরা	1	2	bare
wn_7aebd28d	رَصَد	ur	محافظ	1	2	bare
wn_7aebd28d	رَصَد	hi	मुहाफ़िज़	1	2	bare
wn_7aebd28d	رَصَد	in	mengintai	1	2	bare
wn_7aebd28d	رَصَد	tr	gözetleyen	1	2	bare
wn_7aebd28d	رَصَد	fa	در کمین	1	2	bare
wn_7aebd28d	رَصَد	fr	qui attend	1	2	bare
wn_8496e98e	قاسِط	bn	সত্যবিমুখও	1	2	bare
wn_8496e98e	قاسِط	ur	نافرمان	1	2	bare
wn_8496e98e	قاسِط	in	orang-orang yang sesat/menyimpang dari kebenaran	1	2	bare
wn_8496e98e	قاسِط	tr	hak yoldan sapanlar	1	2	bare
wn_8496e98e	قاسِط	fa	ستمکارند	1	2	bare
wn_fb476aaa	حَطَب	bn	ইন্ধন	1	2	bare
wn_fb476aaa	حَطَب	ur	ایندھن	1	2	bare
wn_fb476aaa	حَطَب	hi	ईंधन	1	2	bare
wn_45f53731	سَبْح	en	swimming	1	2	bare
wn_45f53731	سَبْح	bn	ব্যস্ততা	1	2	bare
wn_45f53731	سَبْح	ur	تیرنا	1	2	bare
wn_45f53731	سَبْح	hi	मसरूफ़ियत	1	2	bare
wn_45f53731	سَبْح	in	cepat	1	2	bare
wn_45f53731	سَبْح	tr	yüzerek	1	2	bare
wn_45f53731	سَبْح	fa	تلاشی	1	2	bare
wn_45f53731	سَبْح	fr	flottement	1	2	bare
wn_3a11e92d	طَوِيل	en	long	1	2	bare
wn_3a11e92d	طَوِيل	ur	طویل	1	2	bare
wn_3a11e92d	طَوِيل	hi	तवील	1	2	bare
wn_3a11e92d	طَوِيل	tr	uzun süre	1	2	bare
wn_3a11e92d	طَوِيل	fa	دراز	1	2	bare
wn_3a11e92d	طَوِيل	fr	long	1	2	bare
wv_6b9817e4	تَرْجُفُ	bn	কাঁপবে	1	2	bare
wv_6b9817e4	تَرْجُفُ	tr	sarsar	1	2	bare
wv_6b9817e4	تَرْجُفُ	fa	بجنبد	1	2	bare
wv_6b9817e4	تَرْجُفُ	fr	tremblera	1	2	bare
wv_ddfd3875	تَيَسَّرَ	bn	সহজ হয়	1	2	bare-3ms
wv_ddfd3875	تَيَسَّرَ	ur	آسانی	1	2	bare-3ms
wv_ddfd3875	تَيَسَّرَ	fa	میسّر شود	1	2	bare-3ms
wv_7a9aa9dc	عَبَسَ	bn	কপাল কুচড়াল	1	2	bare-3ms
wv_7a9aa9dc	عَبَسَ	ur	ترش رو ہوا	1	2	bare-3ms
wv_7a9aa9dc	عَبَسَ	in	bermasam muka	1	2	bare-3ms
wn_ae5b2964	نَضْرَة	bn	দীপ্তি	1	2	bare
wn_ae5b2964	نَضْرَة	ur	رونق	1	2	bare
wn_ae5b2964	نَضْرَة	hi	रौनक़	1	2	bare
wn_ae5b2964	نَضْرَة	in	bersinar/bercahaya	1	2	bare
wn_ae5b2964	نَضْرَة	tr	parlaklık	1	2	bare
wn_ae5b2964	نَضْرَة	fa	خرمّی	1	2	bare
wn_1c7bf79b	كِذّاب	en	denial	1	2	bare
wn_1c7bf79b	كِذّاب	ur	جھٹلانا	1	2	bare
wn_1c7bf79b	كِذّاب	hi	कोई झूठ	1	2	bare
wn_1c7bf79b	كِذّاب	tr	yalan	1	2	bare
wn_1c7bf79b	كِذّاب	fa	سخت	1	2	bare
wv_2b13cd01	بُعْثِرَ	en	are overturned	1	2	bare
wv_2b13cd01	بُعْثِرَ	bn	উঠানো হবে	1	2	bare
wv_2b13cd01	بُعْثِرَ	ur	نکالا جائے گا	1	2	bare
wv_2b13cd01	بُعْثِرَ	hi	खोल दी जाऐंगी	1	2	bare
wv_2b13cd01	بُعْثِرَ	in	dibangkitkan	1	2	bare
wv_2b13cd01	بُعْثِرَ	tr	dışarı atıldığı	1	2	bare
wv_2b13cd01	بُعْثِرَ	fa	زیرورو گردند	1	2	bare
wv_2b13cd01	بُعْثِرَ	fr	sera retourné	1	2	bare
wn_fe9eada4	سِجِّين	ur	سجین میں	1	2	bare
wn_fe9eada4	سِجِّين	hi	सिज्जीन	1	2	bare
wn_7ac6af3c	عِلِّيّ	en	Illiyin	1	2	bare
wn_7ac6af3c	عِلِّيّ	ur	علیین	1	2	bare
wn_7ac6af3c	عِلِّيّ	hi	इल्लीयीन	1	2	bare
wn_7ac6af3c	عِلِّيّ	fa	علیین	1	2	bare
wn_1f75b4a6	مَسْرُور	en	happy	1	2	bare
wn_1f75b4a6	مَسْرُور	bn	আনন্দে	1	2	bare
wn_1f75b4a6	مَسْرُور	hi	मसरूर/ ख़ुश	1	2	bare
wn_1f75b4a6	مَسْرُور	in	bergembira	1	2	bare
wn_aee028d4	حامِيَة	bn	গণগণে	1	2	bare
wn_aee028d4	حامِيَة	ur	بھڑکتی ہوئی/دہکتی ہوئی	1	2	bare
wv_3a6af666	نُصِبَتْ	en	stand up	1	2	bare
wv_3a6af666	نُصِبَتْ	bn	তখন ইবাদাত করো	1	2	bare
wv_3a6af666	نُصِبَتْ	ur	نصب کردیئے گئے ہیں	1	2	bare
wv_3a6af666	نُصِبَتْ	hi	मेहनत कीजिए	1	2	bare
wv_3a6af666	نُصِبَتْ	in	ia ditegakkan	1	2	bare
wv_3a6af666	نُصِبَتْ	tr	başla	1	2	bare
wv_3a6af666	نُصِبَتْ	fa	بکوش	1	2	bare
wv_3a6af666	نُصِبَتْ	fr	met en place	1	2	bare
wn_772e6337	عَقَبَة	ur	پہاڑ کی گھاٹی میں	1	2	bare
wn_772e6337	عَقَبَة	hi	वो घाटी	1	2	bare
wn_772e6337	عَقَبَة	in	pendakian/mendaki	1	2	bare
wn_772e6337	عَقَبَة	tr	sarp yokuşa	1	2	bare
wn_772e6337	عَقَبَة	fa	از گردنه	1	2	bare
wn_69547199	مُؤْصَدَة	en	closed in	1	2	bare
wn_69547199	مُؤْصَدَة	bn	পরিবেষ্টনকারী	1	2	bare
wn_69547199	مُؤْصَدَة	in	tertutup rapat	1	2	bare
wn_69547199	مُؤْصَدَة	tr	üzerlerine kilitlenmiş	1	2	bare
wn_69547199	مُؤْصَدَة	fr	renfermé	1	2	bare
wn_b10201e0	قَيِّمَة	in	lurus	1	2	bare
wn_b10201e0	قَيِّمَة	fr	Corrects	1	2	bare
wn_8d5ba386	إِلاف	en	familiarity	1	1	pronoun
wn_8d5ba386	إِلاف	bn	আসক্তি আছে	1	1	pronoun
wn_8d5ba386	إِلاف	ur	مانوس کرنا ان کو	1	1	pronoun
wn_8d5ba386	إِلاف	hi	मानूस करना	1	1	pronoun
wn_8d5ba386	إِلاف	in	kebiasaan	1	1	pronoun
wn_8d5ba386	إِلاف	tr	onları alıştırdığı için	1	1	pronoun
wn_8d5ba386	إِلاف	fa	همان الفت	1	1	pronoun
wn_8d5ba386	إِلاف	fr	habitude	1	1	pronoun
wv_14a7dad1	تَبَّ	ur	ٹوٹ گئے	1	2	bare
wv_14a7dad1	تَبَّ	hi	टूट गए	1	2	bare
wv_14a7dad1	تَبَّ	in	binasalah	1	2	bare
wv_14a7dad1	تَبَّ	tr	kurusun	1	2	bare
wv_14a7dad1	تَبَّ	fr	soit détruit	1	2	bare
wv_6cd98f48	تُفادُ	en	ransom	1	1	pronoun
wv_6cd98f48	تُفادُ	bn	ছাড়াও মুক্তিপণ দিয়ে	1	1	pronoun
wv_6cd98f48	تُفادُ	ur	فدیہ لیتے ہو ان	1	1	pronoun
wv_6cd98f48	تُفادُ	hi	फ़िदया दे कर छुड़ाते हो	1	1	pronoun
wv_6cd98f48	تُفادُ	in	tebus	1	1	pronoun
wv_6cd98f48	تُفادُ	tr	fidyelerini veriyorsunuz	1	1	pronoun
wv_6cd98f48	تُفادُ	fa	فدیه می دهید برای	1	1	pronoun
wv_6cd98f48	تُفادُ	fr	rançonnez	1	1	pronoun
wn_96b90127	تِلاوَت	en	recitation	1	1	pronoun
wn_96b90127	تِلاوَت	bn	তিলাওয়াত	1	1	pronoun
wn_96b90127	تِلاوَت	ur	تلاوت	1	1	pronoun
wn_96b90127	تِلاوَت	hi	तिलावत	1	1	pronoun
wn_96b90127	تِلاوَت	in	bacaan	1	1	pronoun
wn_96b90127	تِلاوَت	tr	okuyuşla	1	1	pronoun
wn_96b90127	تِلاوَت	fa	خواند نش	1	1	pronoun
wn_96b90127	تِلاوَت	fr	Récitation	1	1	pronoun
wv_f65247c2	يُطِيقُ	en	can afford	1	1	pronoun
wv_f65247c2	يُطِيقُ	bn	সামর্থ্য রাখে	1	1	pronoun
wv_f65247c2	يُطِيقُ	ur	جو طاقت رکھتے ہوں	1	1	pronoun
wv_f65247c2	يُطِيقُ	hi	ताक़त रखते हों	1	1	pronoun
wv_f65247c2	يُطِيقُ	in	berat menjalankan	1	1	pronoun
wv_f65247c2	يُطِيقُ	tr	ona dayanan	1	1	pronoun
wv_f65247c2	يُطِيقُ	fa	به دشواری تاب می آورند	1	1	pronoun
wv_f65247c2	يُطِيقُ	fr	peuvent	1	1	pronoun
wv_c7ca71df	تُخالِطُ	en	associate with	1	1	pronoun
wv_c7ca71df	تُخالِطُ	bn	সাথে সংমিশ্রণ কর	1	1	pronoun
wv_c7ca71df	تُخالِطُ	ur	ملا لو ان کو	1	1	pronoun
wv_c7ca71df	تُخالِطُ	hi	मिला लो	1	1	pronoun
wv_c7ca71df	تُخالِطُ	in	menggauli	1	1	pronoun
wv_c7ca71df	تُخالِطُ	tr	onlara karışırsanız	1	1	pronoun
wv_c7ca71df	تُخالِطُ	fa	با آنان آمیزش داشته باشید	1	1	pronoun
wv_c7ca71df	تُخالِطُ	fr	mélangez eux	1	1	pronoun
wv_5cdd8a0d	تُدِيرُ	en	carry out	1	1	pronoun
wv_5cdd8a0d	تُدِيرُ	bn	তা তোমরা পরস্পর পরিচালনা কর	1	1	pronoun
wv_5cdd8a0d	تُدِيرُ	ur	لین دین کرتے ہو	1	1	pronoun
wv_5cdd8a0d	تُدِيرُ	hi	लेन-देन करते हो जिसका	1	1	pronoun
wv_5cdd8a0d	تُدِيرُ	in	jalankan	1	1	pronoun
wv_5cdd8a0d	تُدِيرُ	tr	hemen alıp vereceğiniz	1	1	pronoun
wv_5cdd8a0d	تُدِيرُ	fa	که می گردانید	1	1	pronoun
wv_5cdd8a0d	تُدِيرُ	fr	la menez	1	1	pronoun
wn_e164c2f9	غُفْران	en	us Your forgiveness	1	1	pronoun
wn_e164c2f9	غُفْران	bn	আমরা তোমার ক্ষমা	1	1	pronoun
wn_e164c2f9	غُفْران	ur	چاہتے ہیں ہم تیری بخشش	1	1	pronoun
wn_e164c2f9	غُفْران	hi	तेरी मग़फ़िरत	1	1	pronoun
wn_e164c2f9	غُفْران	in	ampunan-Mu	1	1	pronoun
wn_e164c2f9	غُفْران	tr	bağışlamanı dileriz	1	1	pronoun
wn_e164c2f9	غُفْران	fa	آمرزش تورا	1	1	pronoun
wn_e164c2f9	غُفْران	fr	pardon	1	1	pronoun
wv_b09a8c48	نُداوِلُ	en	alternate	1	1	pronoun
wv_b09a8c48	نُداوِلُ	bn	তা আবর্তিত করি আমরা	1	1	pronoun
wv_b09a8c48	نُداوِلُ	ur	پھیرتے رہتے ہیں ان کو	1	1	pronoun
wv_b09a8c48	نُداوِلُ	hi	फेरते रहते	1	1	pronoun
wv_b09a8c48	نُداوِلُ	in	pergilirkan	1	1	pronoun
wv_b09a8c48	نُداوِلُ	tr	biz onları çeviririz	1	1	pronoun
wv_b09a8c48	نُداوِلُ	fa	به نوبت می گردانیم	1	1	pronoun
wv_b09a8c48	نُداوِلُ	fr	faisons alterner	1	1	pronoun
wv_4ca09bb6	أَهَمَّتْ	en	worried	1	1	pronoun
wv_4ca09bb6	أَهَمَّتْ	bn	গুরুত্ব দিল	1	1	pronoun
wv_4ca09bb6	أَهَمَّتْ	ur	فکر میں ڈالا ان کو	1	1	pronoun
wv_4ca09bb6	أَهَمَّتْ	hi	फ़िक्र में डाला	1	1	pronoun
wv_4ca09bb6	أَهَمَّتْ	in	mencemaskan	1	1	pronoun
wv_4ca09bb6	أَهَمَّتْ	tr	kaygısına düşmüştü	1	1	pronoun
wv_4ca09bb6	أَهَمَّتْ	fa	در اندیشه افکنده بود	1	1	pronoun
wv_4ca09bb6	أَهَمَّتْ	fr	ont inquiétés	1	1	pronoun
wv_9192579d	ٱسْتَزَلَّ	en	made them slip	1	1	pronoun
wv_9192579d	ٱسْتَزَلَّ	bn	পদস্খলন ঘটিয়েছিল	1	1	pronoun
wv_9192579d	ٱسْتَزَلَّ	ur	پھسلا دیا تھا ان کو	1	1	pronoun
wv_9192579d	ٱسْتَزَلَّ	hi	फुसलाया था	1	1	pronoun
wv_9192579d	ٱسْتَزَلَّ	in	menggelincirkan	1	1	pronoun
wv_9192579d	ٱسْتَزَلَّ	tr	kaydırmak istemişti	1	1	pronoun
wv_9192579d	ٱسْتَزَلَّ	fa	لغزانید	1	1	pronoun
wv_9192579d	ٱسْتَزَلَّ	fr	a fait glisser	1	1	pronoun
wv_dc2aa37b	يَخْذُلْ	en	forsakes	1	1	pronoun
wv_dc2aa37b	يَخْذُلْ	bn	ত্যাগ করেন	1	1	pronoun
wv_dc2aa37b	يَخْذُلْ	ur	چھوڑ دے تم کو	1	1	pronoun
wv_dc2aa37b	يَخْذُلْ	hi	वो छोड़ दे	1	1	pronoun
wv_dc2aa37b	يَخْذُلْ	in	membiarkan	1	1	pronoun
wv_dc2aa37b	يَخْذُلْ	tr	sizi yüz üstü bırakırsa	1	1	pronoun
wv_dc2aa37b	يَخْذُلْ	fa	خوار سازد	1	1	pronoun
wv_dc2aa37b	يَخْذُلْ	fr	abandonnait	1	1	pronoun
wn_195fc030	صَدُقَة	en	dower	1	1	pronoun
wn_195fc030	صَدُقَة	bn	মোহরগুলো	1	1	pronoun
wn_195fc030	صَدُقَة	ur	مہر	1	1	pronoun
wn_195fc030	صَدُقَة	hi	महर	1	1	pronoun
wn_195fc030	صَدُقَة	in	maskawin	1	1	pronoun
wn_195fc030	صَدُقَة	tr	mehirlerini	1	1	pronoun
wn_195fc030	صَدُقَة	fa	مهرها	1	1	pronoun
wn_195fc030	صَدُقَة	fr	mahr	1	1	pronoun
wv_b4042e51	يَسْتَنۢبِطُ	en	draw correct conclusion	1	1	pronoun
wv_b4042e51	يَسْتَنۢبِطُ	bn	তথ্যানুসন্ধান করে	1	1	pronoun
wv_b4042e51	يَسْتَنۢبِطُ	ur	جو استنباط کرسکتے	1	1	pronoun
wv_b4042e51	يَسْتَنۢبِطُ	hi	निकाल लाते हैं नतीजा	1	1	pronoun
wv_b4042e51	يَسْتَنۢبِطُ	in	menyelidiki	1	1	pronoun
wv_b4042e51	يَسْتَنۢبِطُ	tr	işin içyüzünü araştıran	1	1	pronoun
wv_b4042e51	يَسْتَنۢبِطُ	fa	درمی یابند	1	1	pronoun
wv_b4042e51	يَسْتَنۢبِطُ	fr	auraient réfléchi lui en détail	1	1	pronoun
wn_3cba6ec1	عَلَى	en	Upon	1	1	pronoun
wn_3cba6ec1	عَلَى	bn	উপর	1	1	pronoun
wn_3cba6ec1	عَلَى	ur	تم پر	1	1	pronoun
wn_3cba6ec1	عَلَى	hi	लाज़िम है तुम पर	1	1	pronoun
wn_3cba6ec1	عَلَى	in	atas	1	1	pronoun
wn_3cba6ec1	عَلَى	tr	siz	1	1	pronoun
wn_3cba6ec1	عَلَى	fa	بر شما باد	1	1	pronoun
wn_3cba6ec1	عَلَى	fr	sur vous	1	1	pronoun
wv_f3955d7b	اسْتَهْوَتْ	en	whom enticed	1	1	pronoun
wv_f3955d7b	اسْتَهْوَتْ	bn	বিভ্রান্ত করেছে তাকে	1	1	pronoun
wv_f3955d7b	اسْتَهْوَتْ	ur	راستہ بھلا دیا اس کو	1	1	pronoun
wv_f3955d7b	اسْتَهْوَتْ	hi	बहका दिया	1	1	pronoun
wv_f3955d7b	اسْتَهْوَتْ	in	telah menyesatkan	1	1	pronoun
wv_f3955d7b	اسْتَهْوَتْ	tr	ayartarak	1	1	pronoun
wv_f3955d7b	اسْتَهْوَتْ	fa	از راه به در برده	1	1	pronoun
wv_f3955d7b	اسْتَهْوَتْ	fr	ont séduit	1	1	pronoun
wn_c1885b2b	حَصاد	en	harvest	1	1	pronoun
wn_c1885b2b	حَصاد	bn	কাটার	1	1	pronoun
wn_c1885b2b	حَصاد	ur	کٹائی	1	1	pronoun
wn_c1885b2b	حَصاد	hi	कटाई	1	1	pronoun
wn_c1885b2b	حَصاد	in	mengetam	1	1	pronoun
wn_c1885b2b	حَصاد	tr	hasat	1	1	pronoun
wn_c1885b2b	حَصاد	fa	درو کردنش	1	1	pronoun
wn_c1885b2b	حَصاد	fr	récolte fauchée	1	1	pronoun
wn_181cf4b3	شُحُوم	en	fat	1	1	pronoun
wn_181cf4b3	شُحُوم	bn	চর্বিগুলো উভয়ের	1	1	pronoun
wn_181cf4b3	شُحُوم	ur	ان دونوں کی چربیاں	1	1	pronoun
wn_181cf4b3	شُحُوم	hi	चरबियाँ इन दोनों	1	1	pronoun
wn_181cf4b3	شُحُوم	in	lemak dari kedua-dua	1	1	pronoun
wn_181cf4b3	شُحُوم	tr	yağlarını	1	1	pronoun
wn_181cf4b3	شُحُوم	fa	پیه های آن دو	1	1	pronoun
wn_181cf4b3	شُحُوم	fr	graisses	1	1	pronoun
wn_031bc534	نُسْخَت	en	inscription	1	1	pronoun
wn_031bc534	نُسْخَت	bn	লিপির	1	1	pronoun
wn_031bc534	نُسْخَت	ur	تحریر میں۔ اس کے مضامین	1	1	pronoun
wn_031bc534	نُسْخَت	hi	तहरीर में	1	1	pronoun
wn_031bc534	نُسْخَت	in	batu tulis	1	1	pronoun
wn_031bc534	نُسْخَت	tr	onlardaki yazıda	1	1	pronoun
wn_031bc534	نُسْخَت	fa	نوشته ی	1	1	pronoun
wn_031bc534	نُسْخَت	fr	écriture	1	1	pronoun
wn_d93e08a4	فِئَت	en	forces	1	1	pronoun
wn_d93e08a4	فِئَت	bn	দলবল	1	1	pronoun
wn_d93e08a4	فِئَت	ur	گروہ	1	1	pronoun
wn_d93e08a4	فِئَت	hi	गिरोह	1	1	pronoun
wn_d93e08a4	فِئَت	in	golonganmu/pasukan	1	1	pronoun
wn_d93e08a4	فِئَت	tr	topluluğunuz	1	1	pronoun
wn_d93e08a4	فِئَت	fa	گروه	1	1	pronoun
wn_d93e08a4	فِئَت	fr	groupe	1	1	pronoun
wn_88812164	خُمُس	en	one fifth of	1	1	pronoun
wn_88812164	خُمُس	bn	এক পঞ্চমাংশ	1	1	pronoun
wn_88812164	خُمُس	ur	پانچواں حصہ	1	1	pronoun
wn_88812164	خُمُس	hi	पाँचवां हिस्सा	1	1	pronoun
wn_88812164	خُمُس	in	seperlima	1	1	pronoun
wn_88812164	خُمُس	tr	beşte biri	1	1	pronoun
wn_88812164	خُمُس	fa	یک پنجم	1	1	pronoun
wn_88812164	خُمُس	fr	cinquième lui	1	1	pronoun
wn_a45bc2eb	مُدَّت	en	term	1	1	pronoun
wn_a45bc2eb	مُدَّت	bn	মেয়াদ	1	1	pronoun
wn_a45bc2eb	مُدَّت	ur	مدت تک	1	1	pronoun
wn_a45bc2eb	مُدَّت	hi	मुद्दत तक	1	1	pronoun
wn_a45bc2eb	مُدَّت	in	batas waktu	1	1	pronoun
wn_a45bc2eb	مُدَّت	tr	tanıdığınız süreye	1	1	pronoun
wn_a45bc2eb	مُدَّت	fa	مدت مقرر	1	1	pronoun
wn_a45bc2eb	مُدَّت	fr	terme	1	1	pronoun
wv_787ba4fa	ٱسْتَجَارَ	en	seek your protection	1	1	pronoun
wv_787ba4fa	ٱسْتَجَارَ	bn	আশ্রয় চায়	1	1	pronoun
wv_787ba4fa	ٱسْتَجَارَ	ur	پناہ مانگے تم	1	1	pronoun
wv_787ba4fa	ٱسْتَجَارَ	hi	पनाह माँगे आपसे	1	1	pronoun
wv_787ba4fa	ٱسْتَجَارَ	in	minta perlindungan	1	1	pronoun
wv_787ba4fa	ٱسْتَجَارَ	tr	aman dilerse	1	1	pronoun
wv_787ba4fa	ٱسْتَجَارَ	fa	پناه خواهد از تو	1	1	pronoun
wv_787ba4fa	ٱسْتَجَارَ	fr	demande de la protection	1	1	pronoun
wn_2939ac4c	مَأْمَن	en	place of safety	1	1	pronoun
wn_2939ac4c	مَأْمَن	bn	নিরাপদ স্থানে	1	1	pronoun
wn_2939ac4c	مَأْمَن	ur	جائے امن میں	1	1	pronoun
wn_2939ac4c	مَأْمَن	hi	अमन की जगह	1	1	pronoun
wn_2939ac4c	مَأْمَن	in	tempat yang aman bagi	1	1	pronoun
wn_2939ac4c	مَأْمَن	tr	güvenli bir yere	1	1	pronoun
wn_2939ac4c	مَأْمَن	fa	به جای امنش	1	1	pronoun
wn_2939ac4c	مَأْمَن	fr	lieu de sécurité	1	1	pronoun
wn_c3f1ae8f	كَساد	en	decline	1	1	pronoun
wn_c3f1ae8f	كَساد	bn	যার মন্দা পড়ার	1	1	pronoun
wn_c3f1ae8f	كَساد	ur	گھاٹے	1	1	pronoun
wn_c3f1ae8f	كَساد	hi	मन्दा होने	1	1	pronoun
wn_c3f1ae8f	كَساد	in	kerugian	1	1	pronoun
wn_c3f1ae8f	كَساد	tr	düşmesinden	1	1	pronoun
wn_c3f1ae8f	كَساد	fa	از بی رونقی	1	1	pronoun
wn_c3f1ae8f	كَساد	fr	déclin	1	1	pronoun
wn_793585ca	جِباه	en	foreheads	1	1	pronoun
wn_793585ca	جِباه	bn	কপালে	1	1	pronoun
wn_793585ca	جِباه	ur	پیشانیوں کو	1	1	pronoun
wn_793585ca	جِباه	hi	पेशानियाँ	1	1	pronoun
wn_793585ca	جِباه	in	dahi	1	1	pronoun
wn_793585ca	جِباه	tr	onların alınları	1	1	pronoun
wn_793585ca	جِباه	fa	پیشانی ها	1	1	pronoun
wn_793585ca	جِباه	fr	fronts	1	1	pronoun
wn_4924ad50	انبِعاث	en	being sent	1	1	pronoun
wn_4924ad50	انبِعاث	bn	অভিযাত্রা	1	1	pronoun
wn_4924ad50	انبِعاث	ur	اٹھنا	1	1	pronoun
wn_4924ad50	انبِعاث	hi	उठना	1	1	pronoun
wn_4924ad50	انبِعاث	in	keberangkatan	1	1	pronoun
wn_4924ad50	انبِعاث	tr	davranışlarından	1	1	pronoun
wn_4924ad50	انبِعاث	fa	بیرون شدن و حرکت	1	1	pronoun
wn_4924ad50	انبِعاث	fr	fait de les envoyer	1	1	pronoun
wn_58ef7d23	جُهْد	en	effort	1	1	pronoun
wn_58ef7d23	جُهْد	bn	শ্রম	1	1	pronoun
wn_58ef7d23	جُهْد	ur	سخت مشقت	1	1	pronoun
wn_58ef7d23	جُهْد	hi	मेहनत	1	1	pronoun
wn_58ef7d23	جُهْد	in	kesanggupan	1	1	pronoun
wn_58ef7d23	جُهْد	tr	güçlerinin	1	1	pronoun
wn_58ef7d23	جُهْد	fa	به اندازه توان	1	1	pronoun
wn_58ef7d23	جُهْد	fr	lutte	1	1	pronoun
wv_a9419a2f	يَلُ	en	close to	1	1	pronoun
wv_a9419a2f	يَلُ	bn	কাছাকাছি আছে	1	1	pronoun
wv_a9419a2f	يَلُ	ur	جو قریب	1	1	pronoun
wv_a9419a2f	يَلُ	hi	आस पास	1	1	pronoun
wv_a9419a2f	يَلُ	in	mengelilingimu/sekitar	1	1	pronoun
wv_a9419a2f	يَلُ	tr	yakınınızda bulunan	1	1	pronoun
wv_a9419a2f	يَلُ	fa	نزدیک اند به	1	1	pronoun
wv_a9419a2f	يَلُ	fr	atteignent	1	1	pronoun
wn_2a290172	نُصْح	en	advice	1	1	pronoun
wn_2a290172	نُصْح	bn	সদুপদেশ	1	1	pronoun
wn_2a290172	نُصْح	ur	خیر خواہی	1	1	pronoun
wn_2a290172	نُصْح	hi	ख़ैरख़्वाही	1	1	pronoun
wn_2a290172	نُصْح	in	nasehat	1	1	pronoun
wn_2a290172	نُصْح	tr	öğüdüm	1	1	pronoun
wn_2a290172	نُصْح	fa	نصیحت	1	1	pronoun
wn_2a290172	نُصْح	fr	conseil sincère	1	1	pronoun
wn_9b131f3e	إِجْرام	en	crime	1	1	pronoun
wn_9b131f3e	إِجْرام	bn	অপরাধ	1	1	pronoun
wn_9b131f3e	إِجْرام	ur	گناہ۔ میرے جرم	1	1	pronoun
wn_9b131f3e	إِجْرام	hi	जुर्म करना	1	1	pronoun
wn_9b131f3e	إِجْرام	in	dosa	1	1	pronoun
wn_9b131f3e	إِجْرام	tr	suçum	1	1	pronoun
wn_9b131f3e	إِجْرام	fa	گناه	1	1	pronoun
wn_9b131f3e	إِجْرام	fr	crime	1	1	pronoun
wn_03cc6732	مَجْرى	en	course	1	1	pronoun
wn_03cc6732	مَجْرى	bn	গতি	1	1	pronoun
wn_03cc6732	مَجْرى	ur	چلنا	1	1	pronoun
wn_03cc6732	مَجْرى	hi	चलना	1	1	pronoun
wn_03cc6732	مَجْرى	in	diwaktu berlayar	1	1	pronoun
wn_03cc6732	مَجْرى	tr	yüzmesi de	1	1	pronoun
wn_03cc6732	مَجْرى	fa	روان شدن	1	1	pronoun
wn_03cc6732	مَجْرى	fr	parcours	1	1	pronoun
wv_a027344c	نَكِرَ	en	felt unfamiliar of	1	1	pronoun
wv_a027344c	نَكِرَ	bn	সন্দেহ করলো	1	1	pronoun
wv_a027344c	نَكِرَ	ur	انجان ہوا ان	1	1	pronoun
wv_a027344c	نَكِرَ	hi	उसने अजनबी समझा	1	1	pronoun
wv_a027344c	نَكِرَ	in	memandang aneh kepada	1	1	pronoun
wv_a027344c	نَكِرَ	tr	onlardan hoşlanmadı	1	1	pronoun
wv_a027344c	نَكِرَ	fa	را نا پسند دانست	1	1	pronoun
wv_a027344c	نَكِرَ	fr	a été ignorant eux	1	1	pronoun
wn_dada2b4c	مُصِيب	en	will strike	1	1	pronoun
wn_dada2b4c	مُصِيب	bn	পৌঁছবে	1	1	pronoun
wn_dada2b4c	مُصِيب	ur	پہنچنے والا ہے اس کو	1	1	pronoun
wn_dada2b4c	مُصِيب	hi	पहुँचने वाला	1	1	pronoun
wn_dada2b4c	مُصِيب	in	menimpa	1	1	pronoun
wn_dada2b4c	مُصِيب	tr	onun başına gelecektir	1	1	pronoun
wn_dada2b4c	مُصِيب	fa	رسنده است به	1	1	pronoun
wn_dada2b4c	مُصِيب	fr	ce qui la frappe	1	1	pronoun
wv_b5397c4f	اطْرَحُ	en	cast	1	1	pronoun
wv_b5397c4f	اطْرَحُ	bn	ফেলে আসো	1	1	pronoun
wv_b5397c4f	اطْرَحُ	ur	پھینک دو اس کو	1	1	pronoun
wv_b5397c4f	اطْرَحُ	hi	फेंक दो इसे	1	1	pronoun
wv_b5397c4f	اطْرَحُ	in	buanglah	1	1	pronoun
wv_b5397c4f	اطْرَحُ	tr	onu bırakın	1	1	pronoun
wv_b5397c4f	اطْرَحُ	fa	بیفکنیدش	1	1	pronoun
wv_b5397c4f	اطْرَحُ	fr	éloignez-le	1	1	pronoun
wn_7413c400	دَلْو	en	bucket	1	1	pronoun
wn_7413c400	دَلْو	bn	বালতি	1	1	pronoun
wn_7413c400	دَلْو	ur	ڈول	1	1	pronoun
wn_7413c400	دَلْو	hi	डोल	1	1	pronoun
wn_7413c400	دَلْو	in	timba	1	1	pronoun
wn_7413c400	دَلْو	tr	kovasını	1	1	pronoun
wn_7413c400	دَلْو	fa	دلو	1	1	pronoun
wn_7413c400	دَلْو	fr	seau	1	1	pronoun
wv_75d6074b	أَسْتَخْلِصْ	en	will select	1	1	pronoun
wv_75d6074b	أَسْتَخْلِصْ	bn	বিশেষভাবে গ্রহণ করবো	1	1	pronoun
wv_75d6074b	أَسْتَخْلِصْ	ur	خالص کرلوں اس کو	1	1	pronoun
wv_75d6074b	أَسْتَخْلِصْ	hi	उसे ख़ास कर लूँ	1	1	pronoun
wv_75d6074b	أَسْتَخْلِصْ	in	memilih	1	1	pronoun
wv_75d6074b	أَسْتَخْلِصْ	tr	onu özel yapayım	1	1	pronoun
wv_75d6074b	أَسْتَخْلِصْ	fa	تا اورا ویژه گردانم	1	1	pronoun
wv_75d6074b	أَسْتَخْلِصْ	fr	le réserve	1	1	pronoun
wn_31e83d22	بَثّ	en	suffering	1	1	pronoun
wn_31e83d22	بَثّ	bn	বেদনা	1	1	pronoun
wn_31e83d22	بَثّ	ur	پریشانی	1	1	pronoun
wn_31e83d22	بَثّ	hi	बेक़रारी	1	1	pronoun
wn_31e83d22	بَثّ	in	kesusahan	1	1	pronoun
wn_31e83d22	بَثّ	tr	üzüntümü	1	1	pronoun
wn_31e83d22	بَثّ	fa	پریشانی	1	1	pronoun
wn_31e83d22	بَثّ	fr	chagrin intense	1	1	pronoun
wn_aa1528b3	فا	en	mouth	1	1	pronoun
wn_aa1528b3	فا	bn	মুখে	1	1	pronoun
wn_aa1528b3	فا	ur	منہ کو	1	1	pronoun
wn_aa1528b3	فا	hi	मुँह को	1	1	pronoun
wn_aa1528b3	فا	in	mulut	1	1	pronoun
wn_aa1528b3	فا	tr	ağzına	1	1	pronoun
wn_aa1528b3	فا	fa	به دها نش	1	1	pronoun
wn_aa1528b3	فا	fr	bouche	1	1	pronoun
wn_abb168cd	رُب	en	perhaps	1	1	pronoun
wn_abb168cd	رُب	bn	কখনও কখনও	1	1	pronoun
wn_abb168cd	رُب	ur	بعض اوقات۔ اکثر اوقات	1	1	pronoun
wn_abb168cd	رُب	hi	कभी	1	1	pronoun
wn_abb168cd	رُب	in	kadang-kadang	1	1	pronoun
wn_abb168cd	رُب	tr	zaman gelir ki	1	1	pronoun
wn_abb168cd	رُب	fa	بسا که	1	1	pronoun
wn_abb168cd	رُب	fr	peut-être	1	1	pronoun
wn_9f73a341	ظَعْن	en	travel	1	1	pronoun
wn_9f73a341	ظَعْن	bn	ভ্রমনের	1	1	pronoun
wn_9f73a341	ظَعْن	ur	سفر	1	1	pronoun
wn_9f73a341	ظَعْن	hi	सफ़र	1	1	pronoun
wn_9f73a341	ظَعْن	in	perjalanan	1	1	pronoun
wn_9f73a341	ظَعْن	tr	göç	1	1	pronoun
wn_9f73a341	ظَعْن	fa	سفر	1	1	pronoun
wn_9f73a341	ظَعْن	fr	voyage	1	1	pronoun
wn_7d7c013d	إِقامَت	en	encampment	1	1	pronoun
wn_7d7c013d	إِقامَت	bn	অবস্থানের	1	1	pronoun
wn_7d7c013d	إِقامَت	ur	اقامت	1	1	pronoun
wn_7d7c013d	إِقامَت	hi	इक़ामत	1	1	pronoun
wn_7d7c013d	إِقامَت	in	berhenti	1	1	pronoun
wn_7d7c013d	إِقامَت	tr	ikamet	1	1	pronoun
wn_7d7c013d	إِقامَت	fa	ماندن	1	1	pronoun
wn_7d7c013d	إِقامَت	fr	séjour	1	1	pronoun
wn_5073a8eb	أَصْواف	en	wool	1	1	pronoun
wn_5073a8eb	أَصْواف	bn	পশমগুলো	1	1	pronoun
wn_5073a8eb	أَصْواف	ur	اون میں	1	1	pronoun
wn_5073a8eb	أَصْواف	hi	ऊन	1	1	pronoun
wn_5073a8eb	أَصْواف	in	bulu-bulu	1	1	pronoun
wn_5073a8eb	أَصْواف	tr	yünlerinden	1	1	pronoun
wn_5073a8eb	أَصْواف	fa	پشم های گوسفند	1	1	pronoun
wn_5073a8eb	أَصْواف	fr	laines	1	1	pronoun
wn_3bba62d4	تَوْكِيد	en	confirmation	1	1	pronoun
wn_3bba62d4	تَوْكِيد	bn	দৃঢ় করার তা	1	1	pronoun
wn_3bba62d4	تَوْكِيد	ur	پکا کرنے	1	1	pronoun
wn_3bba62d4	تَوْكِيد	hi	पक्का करने	1	1	pronoun
wn_3bba62d4	تَوْكِيد	in	peneguhan	1	1	pronoun
wn_3bba62d4	تَوْكِيد	tr	pekiştirdikten	1	1	pronoun
wn_3bba62d4	تَوْكِيد	fa	استوار ساختن	1	1	pronoun
wn_3bba62d4	تَوْكِيد	fr	confirmation	1	1	pronoun
wn_9c1eea98	غَزْل	en	spun yarn	1	1	pronoun
wn_9c1eea98	غَزْل	bn	সূতা	1	1	pronoun
wn_9c1eea98	غَزْل	ur	سوت	1	1	pronoun
wn_9c1eea98	غَزْل	hi	सूत	1	1	pronoun
wn_9c1eea98	غَزْل	in	benang	1	1	pronoun
wn_9c1eea98	غَزْل	tr	ipliğini	1	1	pronoun
wn_9c1eea98	غَزْل	fa	رشته اش	1	1	pronoun
wn_9c1eea98	غَزْل	fr	fil	1	1	pronoun
wn_c1d2cf1e	ثُبُوت	en	it is firmly planted	1	1	pronoun
wn_c1d2cf1e	ثُبُوت	bn	তা স্থির হওয়ার	1	1	pronoun
wn_c1d2cf1e	ثُبُوت	ur	جم جانے	1	1	pronoun
wn_c1d2cf1e	ثُبُوت	hi	जम जाने	1	1	pronoun
wn_c1d2cf1e	ثُبُوت	in	tegak	1	1	pronoun
wn_c1d2cf1e	ثُبُوت	tr	sağlam bastıktan	1	1	pronoun
wn_c1d2cf1e	ثُبُوت	fa	استواری	1	1	pronoun
wn_c1d2cf1e	ثُبُوت	fr	affermissement	1	1	pronoun
wn_766f3c09	كِلا	en	both of	1	1	pronoun
wn_766f3c09	كِلا	bn	উভয়ে	1	1	pronoun
wn_766f3c09	كِلا	ur	وہ دونوں	1	1	pronoun
wn_766f3c09	كِلا	hi	वो दोनों	1	1	pronoun
wn_766f3c09	كِلا	in	kedua-dua	1	1	pronoun
wn_766f3c09	كِلا	tr	her ikisi	1	1	pronoun
wn_766f3c09	كِلا	fa	هردوی	1	1	pronoun
wn_766f3c09	كِلا	fr	tous les deux	1	1	pronoun
wn_d51020b9	شاكِلَت	en	manner	1	1	pronoun
wn_d51020b9	شاكِلَت	bn	স্বভাব অনুযায়ী	1	1	pronoun
wn_d51020b9	شاكِلَت	ur	طریقے	1	1	pronoun
wn_d51020b9	شاكِلَت	hi	तरीक़े पर	1	1	pronoun
wn_d51020b9	شاكِلَت	in	keadaan	1	1	pronoun
wn_d51020b9	شاكِلَت	tr	kendi karakteri	1	1	pronoun
wn_d51020b9	شاكِلَت	fa	ساختار	1	1	pronoun
wn_d51020b9	شاكِلَت	fr	méthode	1	1	pronoun
wv_969f900f	تَقْرِضُ	en	passing away from	1	1	pronoun
wv_969f900f	تَقْرِضُ	bn	তা তাদেরকে অতিক্রম করে	1	1	pronoun
wv_969f900f	تَقْرِضُ	ur	کترا جاتا ہے ان کو	1	1	pronoun
wv_969f900f	تَقْرِضُ	hi	वो कतरा जाता उनसे	1	1	pronoun
wv_969f900f	تَقْرِضُ	in	meninggalkan	1	1	pronoun
wv_969f900f	تَقْرِضُ	tr	onları makaslayıp geçiyor	1	1	pronoun
wv_969f900f	تَقْرِضُ	fa	در گذرد از	1	1	pronoun
wv_969f900f	تَقْرِضُ	fr	les quittait	1	1	pronoun
wn_55d4a11c	سُرادِق	en	walls	1	1	pronoun
wn_55d4a11c	سُرادِق	bn	শিখা	1	1	pronoun
wn_55d4a11c	سُرادِق	ur	طنابیں/لپٹیں	1	1	pronoun
wn_55d4a11c	سُرادِق	hi	क़नातें	1	1	pronoun
wn_55d4a11c	سُرادِق	in	asapnya/gejolak	1	1	pronoun
wn_55d4a11c	سُرادِق	tr	çadırı	1	1	pronoun
wn_55d4a11c	سُرادِق	fa	سراپرده های	1	1	pronoun
wn_55d4a11c	سُرادِق	fr	murs	1	1	pronoun
wv_04bc5d8f	تَذْرُو	en	scattered	1	1	pronoun
wv_04bc5d8f	تَذْرُو	bn	তা উড়িয়ে নিয়ে যায়	1	1	pronoun
wv_04bc5d8f	تَذْرُو	ur	اڑاتی ہیں اس کو	1	1	pronoun
wv_04bc5d8f	تَذْرُو	hi	बिखेरती	1	1	pronoun
wv_04bc5d8f	تَذْرُو	in	menerbangkan	1	1	pronoun
wv_04bc5d8f	تَذْرُو	tr	savurduğu	1	1	pronoun
wv_04bc5d8f	تَذْرُو	fa	که می پرانید ان	1	1	pronoun
wv_04bc5d8f	تَذْرُو	fr	dispersent	1	1	pronoun
wn_200a2ce1	مُواقِعُو	en	are to fall in	1	1	pronoun
wn_200a2ce1	مُواقِعُو	bn	তাতে ফেলা হবে	1	1	pronoun
wn_200a2ce1	مُواقِعُو	ur	گرنے والے ہیں اس میں	1	1	pronoun
wn_200a2ce1	مُواقِعُو	hi	गिरने वाले हैं उसमें	1	1	pronoun
wn_200a2ce1	مُواقِعُو	in	jatuh kedalam	1	1	pronoun
wn_200a2ce1	مُواقِعُو	tr	içine düşeceklerini	1	1	pronoun
wn_200a2ce1	مُواقِعُو	fa	درافتادنی اند در	1	1	pronoun
wn_200a2ce1	مُواقِعُو	fr	gens qui tombent lui	1	1	pronoun
wn_032b0944	غَداء	en	morning meal	1	1	pronoun
wn_032b0944	غَداء	bn	খাবার	1	1	pronoun
wn_032b0944	غَداء	ur	ناشتہ/ دوپہر کا کھانا	1	1	pronoun
wn_032b0944	غَداء	hi	खाना	1	1	pronoun
wn_032b0944	غَداء	in	makanan	1	1	pronoun
wn_032b0944	غَداء	tr	kahvaltımızı	1	1	pronoun
wn_032b0944	غَداء	fa	چاشت	1	1	pronoun
wn_032b0944	غَداء	fr	déjeuner	1	1	pronoun
wv_ee57ec71	تَؤُزُّ	en	inciting	1	1	pronoun
wv_ee57ec71	تَؤُزُّ	bn	উদ্বুদ্ধ করে	1	1	pronoun
wv_ee57ec71	تَؤُزُّ	ur	ابھارتے ہیں ان کو	1	1	pronoun
wv_ee57ec71	تَؤُزُّ	hi	वो उकसाते	1	1	pronoun
wv_ee57ec71	تَؤُزُّ	in	mengganggu	1	1	pronoun
wv_ee57ec71	تَؤُزُّ	tr	onları kışkırtıyorlar	1	1	pronoun
wv_ee57ec71	تَؤُزُّ	fa	که تحریکشان کنند	1	1	pronoun
wv_ee57ec71	تَؤُزُّ	fr	les incitent	1	1	pronoun
wn_e3749e08	نَعْلَي	en	shoes	1	1	pronoun
wn_e3749e08	نَعْلَي	bn	জুতা জোড়া	1	1	pronoun
wn_e3749e08	نَعْلَي	ur	جوتوں کو	1	1	pronoun
wn_e3749e08	نَعْلَي	hi	दोनों जूते	1	1	pronoun
wn_e3749e08	نَعْلَي	in	kedua terompah	1	1	pronoun
wn_e3749e08	نَعْلَي	tr	pabuçlarını	1	1	pronoun
wn_e3749e08	نَعْلَي	fa	کفشهایت	1	1	pronoun
wn_e3749e08	نَعْلَي	fr	sandales	1	1	pronoun
wn_23d89232	سِيرَت	en	state	1	1	pronoun
wn_23d89232	سِيرَت	bn	অবস্থায়	1	1	pronoun
wn_23d89232	سِيرَت	ur	حالت پر	1	1	pronoun
wn_23d89232	سِيرَت	hi	इसकी हालत पर	1	1	pronoun
wn_23d89232	سِيرَت	in	perjalanan	1	1	pronoun
wn_23d89232	سِيرَت	tr	durumuna	1	1	pronoun
wn_23d89232	سِيرَت	fa	به حالت	1	1	pronoun
wn_23d89232	سِيرَت	fr	état	1	1	pronoun
wn_771a3477	أَزْر	en	strength	1	1	pronoun
wn_771a3477	أَزْر	bn	শক্তি	1	1	pronoun
wn_771a3477	أَزْر	ur	قوت	1	1	pronoun
wn_771a3477	أَزْر	hi	क़ुव्वत/कमर	1	1	pronoun
wn_771a3477	أَزْر	in	kekuatan	1	1	pronoun
wn_771a3477	أَزْر	tr	arkamı	1	1	pronoun
wn_771a3477	أَزْر	fa	پشتم	1	1	pronoun
wn_771a3477	أَزْر	fr	dos	1	1	pronoun
wn_df93098d	سُؤْل	en	request	1	1	pronoun
wn_df93098d	سُؤْل	bn	চাওয়া	1	1	pronoun
wn_df93098d	سُؤْل	ur	سوال۔ اپنی تمنا	1	1	pronoun
wn_df93098d	سُؤْل	hi	सवाल	1	1	pronoun
wn_df93098d	سُؤْل	in	permintaan	1	1	pronoun
wn_df93098d	سُؤْل	tr	istediğin	1	1	pronoun
wn_df93098d	سُؤْل	fa	خواسته ات	1	1	pronoun
wn_df93098d	سُؤْل	fr	ce que tu demandais	1	1	pronoun
wv_d71a23d5	أَعْجَلَ	en	made you hasten	1	1	pronoun
wv_d71a23d5	أَعْجَلَ	bn	তাড়াহুড়া করালো	1	1	pronoun
wv_d71a23d5	أَعْجَلَ	ur	لائی تجھ کو	1	1	pronoun
wv_d71a23d5	أَعْجَلَ	hi	जल्दी ले आई तुझे	1	1	pronoun
wv_d71a23d5	أَعْجَلَ	in	lebih cepat	1	1	pronoun
wv_d71a23d5	أَعْجَلَ	tr	seni aceleyle sevk eden	1	1	pronoun
wv_d71a23d5	أَعْجَلَ	fa	به شتاب آورد تو	1	1	pronoun
wv_d71a23d5	أَعْجَلَ	fr	t’a fait hâter	1	1	pronoun
wn_42196e69	أَمْثَل	en	best of	1	1	pronoun
wn_42196e69	أَمْثَل	bn	মধ্যকার অপেক্ষাকৃত উত্তম ব্যক্তি	1	1	pronoun
wn_42196e69	أَمْثَل	ur	سب سے مثالی ان میں	1	1	pronoun
wn_42196e69	أَمْثَل	hi	सबसे मिसाली	1	1	pronoun
wn_42196e69	أَمْثَل	in	semisal mereka/seorang diantara	1	1	pronoun
wn_42196e69	أَمْثَل	tr	onların seçkinleri	1	1	pronoun
wn_42196e69	أَمْثَل	fa	راه یافته ترین	1	1	pronoun
wn_42196e69	أَمْثَل	fr	plus exemplaire eux	1	1	pronoun
wv_7a032cee	يَكْلَؤُ	en	protect	1	1	pronoun
wv_7a032cee	يَكْلَؤُ	bn	রক্ষা করতে পারে	1	1	pronoun
wv_7a032cee	يَكْلَؤُ	ur	نگہبانی کررہا	1	1	pronoun
wv_7a032cee	يَكْلَؤُ	hi	निग्हबानी कर रहा	1	1	pronoun
wv_7a032cee	يَكْلَؤُ	in	melindungi/memelihara	1	1	pronoun
wv_7a032cee	يَكْلَؤُ	tr	sizi koruyacak	1	1	pronoun
wv_7a032cee	يَكْلَؤُ	fa	نگه می دارد	1	1	pronoun
wv_7a032cee	يَكْلَؤُ	fr	peut vous garder en sécurité	1	1	pronoun
wn_ef2b9f03	حَسِيس	en	slightest sound of	1	1	pronoun
wn_ef2b9f03	حَسِيس	bn	ক্ষীণতম শব্দও	1	1	pronoun
wn_ef2b9f03	حَسِيس	ur	آواز کو	1	1	pronoun
wn_ef2b9f03	حَسِيس	hi	आहट को	1	1	pronoun
wn_ef2b9f03	حَسِيس	in	suara/desir	1	1	pronoun
wn_ef2b9f03	حَسِيس	tr	onun uğultusunu	1	1	pronoun
wn_ef2b9f03	حَسِيس	fa	آوای	1	1	pronoun
wn_ef2b9f03	حَسِيس	fr	bas	1	1	pronoun
wn_53d0602e	عِطْف	en	neck	1	1	pronoun
wn_53d0602e	عِطْف	bn	ঘাড়	1	1	pronoun
wn_53d0602e	عِطْف	ur	شانے اپنے۔ کندھے اپنے۔ پہلو	1	1	pronoun
wn_53d0602e	عِطْف	hi	शाना	1	1	pronoun
wn_53d0602e	عِطْف	in	lambung	1	1	pronoun
wn_53d0602e	عِطْف	tr	boynunu	1	1	pronoun
wn_53d0602e	عِطْف	fa	پهلوی	1	1	pronoun
wn_53d0602e	عِطْف	fr	côté de son cou	1	1	pronoun
wn_97a265e3	تَفَث	en	prescribed duties	1	1	pronoun
wn_97a265e3	تَفَث	bn	অপরিচ্ছন্নতা	1	1	pronoun
wn_97a265e3	تَفَث	ur	میل	1	1	pronoun
wn_97a265e3	تَفَث	hi	मैल	1	1	pronoun
wn_97a265e3	تَفَث	in	kotoran	1	1	pronoun
wn_97a265e3	تَفَث	tr	kirlerini	1	1	pronoun
wn_97a265e3	تَفَث	fa	آلودگی	1	1	pronoun
wn_97a265e3	تَفَث	fr	état d’abstention	1	1	pronoun
wn_5f5f91c0	نُذُور	en	vows	1	1	pronoun
wn_5f5f91c0	نُذُور	bn	মানতগুলোকে	1	1	pronoun
wn_5f5f91c0	نُذُور	ur	نذروں کو	1	1	pronoun
wn_5f5f91c0	نُذُور	hi	नज़रें	1	1	pronoun
wn_5f5f91c0	نُذُور	in	nadzar	1	1	pronoun
wn_5f5f91c0	نُذُور	tr	adaklarını	1	1	pronoun
wn_5f5f91c0	نُذُور	fa	به نذرهای	1	1	pronoun
wn_5f5f91c0	نُذُور	fr	ce qu’ils ont voué	1	1	pronoun
wn_ac4ece78	ناسِكُو	en	perform	1	1	pronoun
wn_ac4ece78	ناسِكُو	bn	সেই প্রথা অনুসরণকারী	1	1	pronoun
wn_ac4ece78	ناسِكُو	ur	عبادت کرنے والے ہوئے	1	1	pronoun
wn_ac4ece78	ناسِكُو	hi	चलने वाले हैं उस पर	1	1	pronoun
wn_ac4ece78	ناسِكُو	in	mensyareatkan/melakukan	1	1	pronoun
wn_ac4ece78	ناسِكُو	tr	uydukları	1	1	pronoun
wn_ac4ece78	ناسِكُو	fa	بدان می پردازند	1	1	pronoun
wn_ac4ece78	ناسِكُو	fr	ceux qui le font rituellement	1	1	pronoun
wn_ab517b26	شِقْوَت	en	wretchedness	1	1	pronoun
wn_ab517b26	شِقْوَت	bn	দুর্ভাগ্য	1	1	pronoun
wn_ab517b26	شِقْوَت	ur	بدبختی	1	1	pronoun
wn_ab517b26	شِقْوَت	hi	बदबख़्ती	1	1	pronoun
wn_ab517b26	شِقْوَت	in	kecelakaan/kejahatan	1	1	pronoun
wn_ab517b26	شِقْوَت	tr	bahtsızlığımız	1	1	pronoun
wn_ab517b26	شِقْوَت	fa	بد بختی	1	1	pronoun
wn_ab517b26	شِقْوَت	fr	malheur	1	1	pronoun
wn_75d1103b	زَيْت	en	oil	1	1	pronoun
wn_75d1103b	زَيْت	bn	তেল	1	1	pronoun
wn_75d1103b	زَيْت	ur	تیل	1	1	pronoun
wn_75d1103b	زَيْت	hi	तेल	1	1	pronoun
wn_75d1103b	زَيْت	in	minyak	1	1	pronoun
wn_75d1103b	زَيْت	tr	onun yağı	1	1	pronoun
wn_75d1103b	زَيْت	fa	روغن	1	1	pronoun
wn_75d1103b	زَيْت	fr	huile	1	1	pronoun
wn_fbe9de18	فَعْلَت	en	deed	1	1	pronoun
wn_fbe9de18	فَعْلَت	bn	কর্ম তোমার	1	1	pronoun
wn_fbe9de18	فَعْلَت	ur	کام	1	1	pronoun
wn_fbe9de18	فَعْلَت	hi	काम	1	1	pronoun
wn_fbe9de18	فَعْلَت	in	perbuatan	1	1	pronoun
wn_fbe9de18	فَعْلَت	tr	yaptığın	1	1	pronoun
wn_fbe9de18	فَعْلَت	fa	کارت	1	1	pronoun
wn_fbe9de18	فَعْلَت	fr	action	1	1	pronoun
wn_93518b2b	لاقِي	en	meet	1	1	pronoun
wn_93518b2b	لاقِي	bn	লাভ করবে তা	1	1	pronoun
wn_93518b2b	لاقِي	ur	پانے والا ہے اس کو	1	1	pronoun
wn_93518b2b	لاقِي	hi	पाने वाला	1	1	pronoun
wn_93518b2b	لاقِي	in	menemui	1	1	pronoun
wn_93518b2b	لاقِي	tr	muhakkak ona kavuşacak olan	1	1	pronoun
wn_93518b2b	لاقِي	fa	به آن می رسد	1	1	pronoun
wn_93518b2b	لاقِي	fr	quelqu’un qui la rencontre	1	1	pronoun
wn_be586dc6	غَلَب	en	defeat	1	1	pronoun
wn_be586dc6	غَلَب	bn	পরাজয়ের	1	1	pronoun
wn_be586dc6	غَلَب	ur	مغلوبیت	1	1	pronoun
wn_be586dc6	غَلَب	hi	मग़लूब होने	1	1	pronoun
wn_be586dc6	غَلَب	in	kekalahan	1	1	pronoun
wn_be586dc6	غَلَب	tr	yenilgilerinden	1	1	pronoun
wn_be586dc6	غَلَب	fa	مغلوب شدن	1	1	pronoun
wn_be586dc6	غَلَب	fr	défaite	1	1	pronoun
wn_57ea16c5	خَدّ	en	cheek	1	1	pronoun
wn_57ea16c5	خَدّ	bn	গাল	1	1	pronoun
wn_57ea16c5	خَدّ	ur	گال	1	1	pronoun
wn_57ea16c5	خَدّ	hi	गाल	1	1	pronoun
wn_57ea16c5	خَدّ	in	muka	1	1	pronoun
wn_57ea16c5	خَدّ	tr	yüzünü	1	1	pronoun
wn_57ea16c5	خَدّ	fa	رخسارت	1	1	pronoun
wn_57ea16c5	خَدّ	fr	joue	1	1	pronoun
wv_99a6c30a	سَلَقُ	en	smite	1	1	pronoun
wv_99a6c30a	سَلَقُ	bn	শীঘ্রই তোমাদের সাথে মিলবে	1	1	pronoun
wv_99a6c30a	سَلَقُ	ur	بد زبانی کرتے ہیں تم	1	1	pronoun
wv_99a6c30a	سَلَقُ	hi	बदज़बानी करते हैं आपसे	1	1	pronoun
wv_99a6c30a	سَلَقُ	in	mencaci maki	1	1	pronoun
wv_99a6c30a	سَلَقُ	tr	sizi incitirler	1	1	pronoun
wv_99a6c30a	سَلَقُ	fa	زبان درازی کنند بر	1	1	pronoun
wv_99a6c30a	سَلَقُ	fr	frappent	1	1	pronoun
wn_9c5a82db	إِنَى	en	preparation	1	1	pronoun
wn_9c5a82db	إِنَى	bn	তা প্রস্তুতির	1	1	pronoun
wn_9c5a82db	إِنَى	ur	پکنے کا۔ پکنا	1	1	pronoun
wn_9c5a82db	إِنَى	hi	तैयारी	1	1	pronoun
wn_9c5a82db	إِنَى	in	sesungguh	1	1	pronoun
wn_9c5a82db	إِنَى	tr	vaktini	1	1	pronoun
wn_9c5a82db	إِنَى	fa	برای پخته شدن	1	1	pronoun
wn_9c5a82db	إِنَى	fr	préparation	1	1	pronoun
wn_4701072a	مِنسَأَت	en	staff	1	1	pronoun
wn_4701072a	مِنسَأَت	bn	লাঠিকে	1	1	pronoun
wn_4701072a	مِنسَأَت	ur	عصا کو	1	1	pronoun
wn_4701072a	مِنسَأَت	hi	असा	1	1	pronoun
wn_4701072a	مِنسَأَت	in	tongkat	1	1	pronoun
wn_4701072a	مِنسَأَت	tr	değneğini	1	1	pronoun
wn_4701072a	مِنسَأَت	fa	عصای	1	1	pronoun
wn_4701072a	مِنسَأَت	fr	bâton de direction	1	1	pronoun
wv_e8e72fd3	نُنَكِّسْ	en	reverse	1	1	pronoun
wv_e8e72fd3	نُنَكِّسْ	bn	উল্টিয়ে দিই	1	1	pronoun
wv_e8e72fd3	نُنَكِّسْ	ur	الٹا کردیتے ہیں اس کو	1	1	pronoun
wv_e8e72fd3	نُنَكِّسْ	hi	उलटा देते	1	1	pronoun
wv_e8e72fd3	نُنَكِّسْ	in	kembalikan	1	1	pronoun
wv_e8e72fd3	نُنَكِّسْ	tr	onu baş aşağı çeviririz	1	1	pronoun
wv_e8e72fd3	نُنَكِّسْ	fa	نگون سارش می کنیم	1	1	pronoun
wv_e8e72fd3	نُنَكِّسْ	fr	le retournons	1	1	pronoun
wn_58bf0317	قِطّ	en	share	1	1	pronoun
wn_58bf0317	قِطّ	bn	পাওনা	1	1	pronoun
wn_58bf0317	قِطّ	ur	حصہ	1	1	pronoun
wn_58bf0317	قِطّ	hi	हिस्सा	1	1	pronoun
wn_58bf0317	قِطّ	in	bahagian	1	1	pronoun
wn_58bf0317	قِطّ	tr	bizim payımızı	1	1	pronoun
wn_58bf0317	قِطّ	fa	نصیب	1	1	pronoun
wn_58bf0317	قِطّ	fr	part	1	1	pronoun
wn_7bf81ccb	أَقْوات	en	sustenance	1	1	pronoun
wn_7bf81ccb	أَقْوات	bn	খাদ্য	1	1	pronoun
wn_7bf81ccb	أَقْوات	ur	پیداوار۔ اس کی خوراک	1	1	pronoun
wn_7bf81ccb	أَقْوات	hi	ग़िज़ाओं को	1	1	pronoun
wn_7bf81ccb	أَقْوات	in	makanan-makanan	1	1	pronoun
wn_7bf81ccb	أَقْوات	tr	gıdalarını	1	1	pronoun
wn_7bf81ccb	أَقْوات	fa	روزی های	1	1	pronoun
wn_7bf81ccb	أَقْوات	fr	subsistances	1	1	pronoun
wv_6fdb7627	يُوبِقْ	en	could destroy	1	1	pronoun
wv_6fdb7627	يُوبِقْ	bn	সেগুলো ধ্বংস করতে পারেন	1	1	pronoun
wv_6fdb7627	يُوبِقْ	ur	ہلاک کردے ان کو	1	1	pronoun
wv_6fdb7627	يُوبِقْ	hi	वो हलाक कर दे	1	1	pronoun
wv_6fdb7627	يُوبِقْ	in	membinasakan	1	1	pronoun
wv_6fdb7627	يُوبِقْ	tr	onları helak eder	1	1	pronoun
wv_6fdb7627	يُوبِقْ	fa	هلاک می کند کشتی ها	1	1	pronoun
wv_6fdb7627	يُوبِقْ	fr	pourrait les détruire	1	1	pronoun
wn_c433c8b6	طَعْم	en	taste	1	1	pronoun
wn_c433c8b6	طَعْم	bn	স্বাদ	1	1	pronoun
wn_c433c8b6	طَعْم	ur	مزا	1	1	pronoun
wn_c433c8b6	طَعْم	hi	मज़ा जिसका	1	1	pronoun
wn_c433c8b6	طَعْم	in	rasa	1	1	pronoun
wn_c433c8b6	طَعْم	tr	tadı	1	1	pronoun
wn_c433c8b6	طَعْم	fa	مزۂ	1	1	pronoun
wn_c433c8b6	طَعْم	fr	goût	1	1	pronoun
wn_273c3854	أَمْعاء	en	intestines	1	1	pronoun
wn_273c3854	أَمْعاء	bn	নাড়িভুঁড়ি	1	1	pronoun
wn_273c3854	أَمْعاء	ur	آنتوں کو	1	1	pronoun
wn_273c3854	أَمْعاء	hi	आँतें	1	1	pronoun
wn_273c3854	أَمْعاء	in	isi perut	1	1	pronoun
wn_273c3854	أَمْعاء	tr	barsaklarını	1	1	pronoun
wn_273c3854	أَمْعاء	fa	روده ها	1	1	pronoun
wn_273c3854	أَمْعاء	fr	intestins	1	1	pronoun
wn_49a27740	أَشْراط	en	indications	1	1	pronoun
wn_49a27740	أَشْراط	bn	লক্ষণসমূহ	1	1	pronoun
wn_49a27740	أَشْراط	ur	علامات	1	1	pronoun
wn_49a27740	أَشْراط	hi	अलामात	1	1	pronoun
wn_49a27740	أَشْراط	in	syarat-syarat	1	1	pronoun
wn_49a27740	أَشْراط	tr	onun belirtileri	1	1	pronoun
wn_49a27740	أَشْراط	fa	نشانه های	1	1	pronoun
wn_49a27740	أَشْراط	fr	indications	1	1	pronoun
wn_08a60f50	مُتَقَلَّب	en	movement	1	1	pronoun
wn_08a60f50	مُتَقَلَّب	bn	গতিবিধি	1	1	pronoun
wn_08a60f50	مُتَقَلَّب	ur	پھرنے کی جگہ کو	1	1	pronoun
wn_08a60f50	مُتَقَلَّب	hi	चलना-फिरना	1	1	pronoun
wn_08a60f50	مُتَقَلَّب	in	tempat berpindah	1	1	pronoun
wn_08a60f50	مُتَقَلَّب	tr	dönüp dolaşacağınız yeri	1	1	pronoun
wn_08a60f50	مُتَقَلَّب	fa	آمدوشد	1	1	pronoun
wn_08a60f50	مُتَقَلَّب	fr	mouvement	1	1	pronoun
wn_cfae920f	أَقْفال	en	locks	1	1	pronoun
wn_cfae920f	أَقْفال	bn	তালা	1	1	pronoun
wn_cfae920f	أَقْفال	ur	تالے	1	1	pronoun
wn_cfae920f	أَقْفال	hi	ताले	1	1	pronoun
wn_cfae920f	أَقْفال	in	kunci	1	1	pronoun
wn_cfae920f	أَقْفال	tr	kilitleri	1	1	pronoun
wn_cfae920f	أَقْفال	fa	قفل های	1	1	pronoun
wn_cfae920f	أَقْفال	fr	cadenas	1	1	pronoun
wv_3cd3bb6b	يَتِرَ	en	will deprive	1	1	pronoun
wv_3cd3bb6b	يَتِرَ	bn	কমাবেন	1	1	pronoun
wv_3cd3bb6b	يَتِرَ	ur	کمی کرے گا	1	1	pronoun
wv_3cd3bb6b	يَتِرَ	hi	वो कम करेगा तुमसे	1	1	pronoun
wv_3cd3bb6b	يَتِرَ	in	akan mengurangi	1	1	pronoun
wv_3cd3bb6b	يَتِرَ	tr	zayi etmeyecektir	1	1	pronoun
wv_3cd3bb6b	يَتِرَ	fa	نمی کاهد	1	1	pronoun
wv_3cd3bb6b	يَتِرَ	fr	fera perdre	1	1	pronoun
wv_8f85bfce	شَغَلَتْ	en	Kept us busy	1	1	pronoun
wv_8f85bfce	شَغَلَتْ	bn	ব্যস্ত রেখেছিল	1	1	pronoun
wv_8f85bfce	شَغَلَتْ	ur	مشغول کیا تھا ہم کو	1	1	pronoun
wv_8f85bfce	شَغَلَتْ	hi	कि मश्ग़ूल कर लिया	1	1	pronoun
wv_8f85bfce	شَغَلَتْ	in	telah menyibukkan	1	1	pronoun
wv_8f85bfce	شَغَلَتْ	tr	bizi alıkoydu	1	1	pronoun
wv_8f85bfce	شَغَلَتْ	fa	مشغول کرد	1	1	pronoun
wv_8f85bfce	شَغَلَتْ	fr	ont rendus occupés	1	1	pronoun
wn_abeec8e4	شَطْء	en	shoot	1	1	pronoun
wn_abeec8e4	شَطْء	bn	অংকুর	1	1	pronoun
wn_abeec8e4	شَطْء	ur	کونپل	1	1	pronoun
wn_abeec8e4	شَطْء	hi	कोंपल	1	1	pronoun
wn_abeec8e4	شَطْء	in	tumbuhnya/tunas	1	1	pronoun
wn_abeec8e4	شَطْء	tr	filizini	1	1	pronoun
wn_abeec8e4	شَطْء	fa	جوانه اش	1	1	pronoun
wn_abeec8e4	شَطْء	fr	pousse	1	1	pronoun
wv_313d1423	فَرَشْ	en	have spread	1	1	pronoun
wv_313d1423	فَرَشْ	bn	তা আমরা সমতল করে দিয়েছি	1	1	pronoun
wv_313d1423	فَرَشْ	ur	بچھایا ہم نے اس کو	1	1	pronoun
wv_313d1423	فَرَشْ	hi	बिछाया हमने	1	1	pronoun
wv_313d1423	فَرَشْ	in	hamparkan	1	1	pronoun
wv_313d1423	فَرَشْ	tr	biz döşedik	1	1	pronoun
wv_313d1423	فَرَشْ	fa	فرش کردیم	1	1	pronoun
wv_313d1423	فَرَشْ	fr	avons étalée	1	1	pronoun
wv_da00e043	أَلَتْ	en	will deprive	1	1	pronoun
wv_da00e043	أَلَتْ	bn	কম করব	1	1	pronoun
wv_da00e043	أَلَتْ	ur	کمی کریں گے ہم	1	1	pronoun
wv_da00e043	أَلَتْ	hi	कमी करेंगे हम उनसे	1	1	pronoun
wv_da00e043	أَلَتْ	in	mengurangi	1	1	pronoun
wv_da00e043	أَلَتْ	tr	eksiltmedik	1	1	pronoun
wv_da00e043	أَلَتْ	fa	نکاهیم از	1	1	pronoun
wv_da00e043	أَلَتْ	fr	réduirons leur compensation	1	1	pronoun
wn_426b2db0	مَبْلَغ	en	sum	1	1	pronoun
wn_426b2db0	مَبْلَغ	bn	সীমা	1	1	pronoun
wn_426b2db0	مَبْلَغ	ur	انتہا	1	1	pronoun
wn_426b2db0	مَبْلَغ	hi	इन्तिहा	1	1	pronoun
wn_426b2db0	مَبْلَغ	in	kesudahan	1	1	pronoun
wn_426b2db0	مَبْلَغ	tr	onların erişebilecekleri	1	1	pronoun
wn_426b2db0	مَبْلَغ	fa	نهایت	1	1	pronoun
wn_426b2db0	مَبْلَغ	fr	endroit d’atteinte	1	1	pronoun
wv_70d4272c	صَبَّحَ	en	seized them in the morning	1	1	pronoun
wv_70d4272c	صَبَّحَ	bn	উপর আপতিত হলো	1	1	pronoun
wv_70d4272c	صَبَّحَ	ur	صبح کی ان پر	1	1	pronoun
wv_70d4272c	صَبَّحَ	hi	सुबह की उन पर	1	1	pronoun
wv_70d4272c	صَبَّحَ	in	mengenai/menimpa	1	1	pronoun
wv_70d4272c	صَبَّحَ	tr	sabah onları yakaladı	1	1	pronoun
wv_70d4272c	صَبَّحَ	fa	فرو گرفت	1	1	pronoun
wv_70d4272c	صَبَّحَ	fr	les a châtiés	1	1	pronoun
wn_7e760ace	رِعايَت	en	observance	1	1	pronoun
wn_7e760ace	رِعايَت	bn	তা পালন করা	1	1	pronoun
wn_7e760ace	رِعايَت	ur	رعایت کا۔ نگہبانی کا۔ پابندی	1	1	pronoun
wn_7e760ace	رِعايَت	hi	ख़्याल रखने	1	1	pronoun
wn_7e760ace	رِعايَت	in	pemeliharaan	1	1	pronoun
wn_7e760ace	رِعايَت	tr	riayet ederek	1	1	pronoun
wn_7e760ace	رِعايَت	fa	رعایت آن بود	1	1	pronoun
wn_7e760ace	رِعايَت	fr	attention	1	1	pronoun
wn_1d5722d5	تَحاوُر	en	dialogue of both of	1	1	pronoun
wn_1d5722d5	تَحاوُر	bn	দুজনের কথাবার্তা	1	1	pronoun
wn_1d5722d5	تَحاوُر	ur	تم دونوں کی گفتگو کو	1	1	pronoun
wn_1d5722d5	تَحاوُر	hi	गुफ़्तगू तुम दोनों	1	1	pronoun
wn_1d5722d5	تَحاوُر	in	soal jawab kamu berdua	1	1	pronoun
wn_1d5722d5	تَحاوُر	tr	ikinizin konuşmanızı	1	1	pronoun
wn_1d5722d5	تَحاوُر	fa	گفتگوی هر دوی	1	1	pronoun
wn_1d5722d5	تَحاوُر	fr	discussion vous deux	1	1	pronoun
wn_1925806d	مانِعَت	en	would defend	1	1	pronoun
wn_1925806d	مانِعَت	bn	রক্ষাকারী	1	1	pronoun
wn_1925806d	مانِعَت	ur	بچانے والے ہیں ان کو	1	1	pronoun
wn_1925806d	مانِعَت	hi	बचाने वाले	1	1	pronoun
wn_1925806d	مانِعَت	in	mencegah/mempertahankan	1	1	pronoun
wn_1925806d	مانِعَت	tr	koruyacağını	1	1	pronoun
wn_1925806d	مانِعَت	fa	بازدارنده	1	1	pronoun
wn_1925806d	مانِعَت	fr	ceux qui les protègent	1	1	pronoun
wn_1ff33c50	حُصُون	en	fortresses	1	1	pronoun
wn_1ff33c50	حُصُون	bn	দুর্গগুলো	1	1	pronoun
wn_1ff33c50	حُصُون	ur	قلعے	1	1	pronoun
wn_1ff33c50	حُصُون	hi	क़िले	1	1	pronoun
wn_1ff33c50	حُصُون	in	benteng-benteng	1	1	pronoun
wn_1ff33c50	حُصُون	tr	kalelerinin	1	1	pronoun
wn_1ff33c50	حُصُون	fa	قلعه ها	1	1	pronoun
wn_1ff33c50	حُصُون	fr	forteresses	1	1	pronoun
wv_61b12528	يَفْتَرِي	en	invent	1	1	pronoun
wv_61b12528	يَفْتَرِي	bn	তা তারা রচনা করে	1	1	pronoun
wv_61b12528	يَفْتَرِي	ur	گھڑ لیں	1	1	pronoun
wv_61b12528	يَفْتَرِي	hi	वो गढ़ लें जिसे	1	1	pronoun
wv_61b12528	يَفْتَرِي	in	ada-adakan	1	1	pronoun
wv_61b12528	يَفْتَرِي	tr	iftira	1	1	pronoun
wv_61b12528	يَفْتَرِي	fa	که برمی بافندآن	1	1	pronoun
wv_61b12528	يَفْتَرِي	fr	inventent	1	1	pronoun
wv_074fb1c2	فارِقُ	en	part with	1	1	pronoun
wv_074fb1c2	فارِقُ	bn	পৃথক করবে	1	1	pronoun
wv_074fb1c2	فارِقُ	ur	جدا کردو ان کو	1	1	pronoun
wv_074fb1c2	فارِقُ	hi	जुदा कर दो	1	1	pronoun
wv_074fb1c2	فارِقُ	in	ceraikan	1	1	pronoun
wv_074fb1c2	فارِقُ	tr	onlardan ayrılın	1	1	pronoun
wv_074fb1c2	فارِقُ	fa	جدا شوید از	1	1	pronoun
wv_074fb1c2	فارِقُ	fr	séparez-vous elles	1	1	pronoun
wv_6c10da53	صَلُّ	en	burn	1	1	pronoun
wv_6c10da53	صَلُّ	bn	অগ্নিদগ্ধ কর	1	1	pronoun
wv_6c10da53	صَلُّ	ur	جھونکو اس کو	1	1	pronoun
wv_6c10da53	صَلُّ	hi	झोंको	1	1	pronoun
wv_6c10da53	صَلُّ	in	masukkanlah ia	1	1	pronoun
wv_6c10da53	صَلُّ	tr	sallayın onu	1	1	pronoun
wv_6c10da53	صَلُّ	fa	درافکنید	1	1	pronoun
wv_6c10da53	صَلُّ	fr	brûlez-le	1	1	pronoun
wn_99c87525	أَمام	en	what is before	1	1	pronoun
wn_99c87525	أَمام	bn	ভবিষ্যতেও	1	1	pronoun
wn_99c87525	أَمام	ur	آگے	1	1	pronoun
wn_99c87525	أَمام	hi	आगे भी	1	1	pronoun
wn_99c87525	أَمام	in	di hadapannya/di masa depan	1	1	pronoun
wn_99c87525	أَمام	tr	ilerisini	1	1	pronoun
wn_99c87525	أَمام	fa	پیش روی	1	1	pronoun
wn_99c87525	أَمام	fr	devant lui	1	1	pronoun
wn_7c6111f8	مَعاذِير	en	excuses	1	1	pronoun
wn_7c6111f8	مَعاذِير	bn	অজুহাত সমূহ	1	1	pronoun
wn_7c6111f8	مَعاذِير	ur	معذرتیں	1	1	pronoun
wn_7c6111f8	مَعاذِير	hi	मआज़रतें	1	1	pronoun
wn_7c6111f8	مَعاذِير	in	uzurnya/alasan-alasan	1	1	pronoun
wn_7c6111f8	مَعاذِير	tr	özürler	1	1	pronoun
wn_7c6111f8	مَعاذِير	fa	عذرهای	1	1	pronoun
wn_7c6111f8	مَعاذِير	fr	excuses	1	1	pronoun
wn_53099fc6	أَسْر	en	forms	1	1	pronoun
wn_53099fc6	أَسْر	bn	জোড়ন	1	1	pronoun
wn_53099fc6	أَسْر	ur	بندھن	1	1	pronoun
wn_53099fc6	أَسْر	hi	जोड़	1	1	pronoun
wn_53099fc6	أَسْر	in	tubuh	1	1	pronoun
wn_53099fc6	أَسْر	tr	yapılarını	1	1	pronoun
wn_53099fc6	أَسْر	fa	بندهای بدن	1	1	pronoun
wn_53099fc6	أَسْر	fr	formes	1	1	pronoun
wn_d83f2540	سَمْك	en	ceiling	1	1	pronoun
wn_d83f2540	سَمْك	bn	উচ্চতর স্তরকে	1	1	pronoun
wn_d83f2540	سَمْك	ur	بلندی کو	1	1	pronoun
wn_d83f2540	سَمْك	hi	इसकी छत को	1	1	pronoun
wn_d83f2540	سَمْك	in	bangunan	1	1	pronoun
wn_d83f2540	سَمْك	tr	kalınlığını	1	1	pronoun
wn_d83f2540	سَمْك	fa	سقفش	1	1	pronoun
wn_d83f2540	سَمْك	fr	toit	1	1	pronoun
wv_b30fb62b	دَحَىٰ	en	spread	1	1	pronoun
wv_b30fb62b	دَحَىٰ	bn	তা বিস্তৃত করেছেন	1	1	pronoun
wv_b30fb62b	دَحَىٰ	ur	اس نے بچھا دیا	1	1	pronoun
wv_b30fb62b	دَحَىٰ	hi	उसने फैला दिया	1	1	pronoun
wv_b30fb62b	دَحَىٰ	in	haparkan	1	1	pronoun
wv_b30fb62b	دَحَىٰ	tr	yayıp yuvarlattı	1	1	pronoun
wv_b30fb62b	دَحَىٰ	fa	صاف و هموار نمود	1	1	pronoun
wv_b30fb62b	دَحَىٰ	fr	l’a étendue	1	1	pronoun
wv_6347cbef	رَكَّبَ	en	assembled	1	1	pronoun
wv_6347cbef	رَكَّبَ	bn	গঠন করেছেন	1	1	pronoun
wv_6347cbef	رَكَّبَ	ur	جوڑ دیا تجھ کو	1	1	pronoun
wv_6347cbef	رَكَّبَ	hi	उसने जोड़ दिया तुझे	1	1	pronoun
wv_6347cbef	رَكَّبَ	in	menyusun	1	1	pronoun
wv_6347cbef	رَكَّبَ	tr	seni terkib etti	1	1	pronoun
wv_6347cbef	رَكَّبَ	fa	ترکیب داد تو	1	1	pronoun
wv_6347cbef	رَكَّبَ	fr	t’a assemblé	1	1	pronoun
wn_e3b381e8	خِتام	en	seal	1	1	pronoun
wn_e3b381e8	خِتام	bn	মোহর	1	1	pronoun
wn_e3b381e8	خِتام	ur	مہر	1	1	pronoun
wn_e3b381e8	خِتام	hi	मोहर	1	1	pronoun
wn_e3b381e8	خِتام	in	capnya/lak	1	1	pronoun
wn_e3b381e8	خِتام	tr	ki onun sonu	1	1	pronoun
wn_e3b381e8	خِتام	fa	که مُهر	1	1	pronoun
wn_e3b381e8	خِتام	fr	dernière partie	1	1	pronoun
wv_982fb8c3	أَمْهِلْ	en	Give respite to	1	1	pronoun
wv_982fb8c3	أَمْهِلْ	bn	অবকাশ দাও	1	1	pronoun
wv_982fb8c3	أَمْهِلْ	ur	ڈھیل دو ان کو	1	1	pronoun
wv_982fb8c3	أَمْهِلْ	hi	मोहलत देना	1	1	pronoun
wv_982fb8c3	أَمْهِلْ	in	beritangguhlah	1	1	pronoun
wv_982fb8c3	أَمْهِلْ	tr	kendi hallerine bırak	1	1	pronoun
wv_982fb8c3	أَمْهِلْ	fa	وفرو گذار	1	1	pronoun
wv_982fb8c3	أَمْهِلْ	fr	laisse-leur du répit	1	1	pronoun
wn_6fa002e4	إِياب	en	return	1	1	pronoun
wn_6fa002e4	إِياب	bn	প্রত্যাবর্তন হবে	1	1	pronoun
wn_6fa002e4	إِياب	ur	لوٹنا	1	1	pronoun
wn_6fa002e4	إِياب	hi	लौटना	1	1	pronoun
wn_6fa002e4	إِياب	in	kembali	1	1	pronoun
wn_6fa002e4	إِياب	tr	dönüşleri	1	1	pronoun
wn_6fa002e4	إِياب	fa	باز گشت	1	1	pronoun
wn_6fa002e4	إِياب	fr	retour	1	1	pronoun
wv_95451a80	طَحَىٰ	en	spread	1	1	pronoun
wv_95451a80	طَحَىٰ	bn	তা বিস্তৃত করেছেন	1	1	pronoun
wv_95451a80	طَحَىٰ	ur	جس نے بچھایا اس کو	1	1	pronoun
wv_95451a80	طَحَىٰ	hi	जिसने बिछाया	1	1	pronoun
wv_95451a80	طَحَىٰ	in	penghamparan	1	1	pronoun
wv_95451a80	طَحَىٰ	tr	onu yuvarlayıp döşeyene	1	1	pronoun
wv_95451a80	طَحَىٰ	fa	هموار کرد	1	1	pronoun
wv_95451a80	طَحَىٰ	fr	a étendue	1	1	pronoun
wn_31cc2207	فُجُور	en	what is wrong for	1	1	pronoun
wn_31cc2207	فُجُور	bn	মন্দকাজ	1	1	pronoun
wn_31cc2207	فُجُور	ur	بدی کو	1	1	pronoun
wn_31cc2207	فُجُور	hi	बदी	1	1	pronoun
wn_31cc2207	فُجُور	in	kedurhakaa	1	1	pronoun
wn_31cc2207	فُجُور	tr	bozukluğunu	1	1	pronoun
wn_31cc2207	فُجُور	fa	بدکاری	1	1	pronoun
wn_31cc2207	فُجُور	fr	immoralité	1	1	pronoun
wv_b29134ad	دَسَّىٰ	en	corrupts	1	1	pronoun
wv_b29134ad	دَسَّىٰ	bn	কলুষিত করলো	1	1	pronoun
wv_b29134ad	دَسَّىٰ	ur	دبا دیا اس کو	1	1	pronoun
wv_b29134ad	دَسَّىٰ	hi	दबा दिया	1	1	pronoun
wv_b29134ad	دَسَّىٰ	in	mengotori	1	1	pronoun
wv_b29134ad	دَسَّىٰ	tr	onu alçaltan	1	1	pronoun
wv_b29134ad	دَسَّىٰ	fa	نفس را به گناه آلود	1	1	pronoun
wv_b29134ad	دَسَّىٰ	fr	a dissimulée	1	1	pronoun
wn_37f43ddd	شانِئ	en	enemy	1	1	pronoun
wn_37f43ddd	شانِئ	bn	দুশমন	1	1	pronoun
wn_37f43ddd	شانِئ	ur	دشمن تیرا	1	1	pronoun
wn_37f43ddd	شانِئ	hi	दुश्मन आपका	1	1	pronoun
wn_37f43ddd	شانِئ	in	orang yang membenci	1	1	pronoun
wn_37f43ddd	شانِئ	tr	sana buğzeden	1	1	pronoun
wn_37f43ddd	شانِئ	fa	دشمن کینه توز تو	1	1	pronoun
wn_37f43ddd	شانِئ	fr	qui te déteste	1	1	pronoun
